0 2 0
1 2 0
2 2 0
3 2 0
4 2 0
5 2 0
6 2 0
7 2 0
8 3 0
9 3 0
10 3 0
11 3 0
12 3 0
13 3 0
14 3 0
15 3 0
16 0 0
17 0 0
18 0 0
19 1 0
20 1 0
21 1 0
22 2 0
23 2 0
24 1 0
25 1 0
26 1 0
27 1 0
28 1 0
29 1 0
30 1 0
31 1 0
32 2 0
33 2 0
34 2 0
35 2 0
36 2 0
37 2 0
38 2 0
39 2 0
40 2 0
41 2 0
42 2 0
43 2 0
44 2 0
45 2 0
46 2 0
47 2 0
48 3 0
49 3 0
50 3 0
51 3 0
52 3 0
53 3 0
54 3 0
55 3 0
56 5 0
57 4 0
58 4 0
59 4 0
60 3 0
61 3 0
62 2 0
63 2 0
64 3 0
65 0 0
66 0 0
67 2 0
68 7 0
69 9 0
70 5 0
71 0 0
72 4 0
73 3 0
74 2 0
75 1 0
76 0 0
77 1 0
78 3 0
79 4 0
80 2 0
81 1 0
82 1 0
83 1 0
84 1 0
85 1 0
86 1 0
87 1 0
88 2 0
89 2 0
90 2 0
91 2 0
92 2 0
93 2 0
94 2 0
95 2 0
96 2 0
97 2 0
98 2 0
99 2 0
100 1 0
101 1 0
102 1 0
103 1 0
104 1 0
105 1 0
106 0 0
107 0 0
108 0 0
109 1 0
110 2 0
111 3 0
112 6 0
113 6 0
114 5 0
115 5 0
116 4 0
117 4 0
118 3 0
119 3 0
120 3 0
121 2 0
122 1 0
123 0 0
124 0 0
125 1 0
126 2 0
127 3 0
128 5 0
129 4 0
130 4 0
131 3 0
132 3 0
133 4 0
134 4 0
135 5 0
136 1 0
137 2 0
138 2 0
139 2 0
140 0 0
141 0 0
142 0 0
143 0 0
144 1 0
145 1 0
146 1 0
147 2 0
148 2 0
149 3 0
150 3 0
151 3 0
152 0 0
153 0 0
154 0 0
155 1 0
156 1 0
157 1 0
158 2 0
159 2 0
160 0 0
161 0 0
162 2 0
163 3 0
164 3 0
165 3 0
166 2 0
167 1 0
168 2 0
169 3 0
170 4 0
171 5 0
172 5 0
173 4 0
174 2 0
175 1 0
176 0 0
177 1 0
178 3 0
179 3 0
180 1 0
181 0 0
182 0 0
183 0 0
184 0 0
185 0 0
186 0 0
187 0 0
188 1 0
189 2 0
190 3 0
191 3 0
192 2 0
193 2 0
194 2 0
195 2 0
196 2 0
197 2 0
198 2 0
199 2 0
200 2 0
201 2 0
202 2 0
203 2 0
204 2 0
205 2 0
206 2 0
207 2 0
208 2 0
209 2 0
210 2 0
211 2 0
212 2 0
213 2 0
214 2 0
215 2 0
216 0 0
217 0 0
218 1 0
219 1 0
220 2 0
221 3 0
222 3 0
223 3 0
224 2 0
225 2 0
226 1 0
227 1 0
228 1 0
229 0 0
230 0 0
231 0 0
232 3 0
233 3 0
234 3 0
235 2 0
236 1 0
237 1 0
238 0 0
239 0 0
240 2 0
241 2 0
242 2 0
243 2 0
244 2 0
245 2 0
246 2 0
247 2 0
248 1 0
249 0 0
250 0 0
251 0 0
252 0 0
253 0 0
254 0 0
255 0 0

0 2 0
1 2 0
2 2 0
3 2 0
4 2 0
5 2 0
6 2 0
7 2 0
8 3 0
9 3 0
10 3 0
11 3 0
12 3 0
13 3 0
14 3 0
15 3 0
16 1 0
17 1 0
18 1 0
19 2 0
20 2 0
21 2 0
22 3 0
23 3 0
24 1 0
25 1 0
26 1 0
27 1 0
28 1 0
29 1 0
30 1 0
31 1 0
32 2 0
33 2 0
34 2 0
35 2 0
36 2 0
37 2 0
38 2 0
39 2 0
40 2 0
41 2 0
42 2 0
43 2 0
44 2 0
45 2 0
46 2 0
47 2 0
48 3 0
49 3 0
50 3 0
51 3 0
52 3 0
53 3 0
54 3 0
55 3 0
56 4 0
57 4 0
58 4 0
59 4 0
60 3 0
61 3 0
62 3 0
63 2 0
64 7 0
65 12 0
66 16 0
67 15 0
68 10 0
69 7 0
70 8 0
71 11 0
72 11 0
73 11 0
74 12 0
75 12 0
76 12 0
77 11 0
78 11 0
79 11 0
80 15 0
81 15 0
82 14 0
83 14 0
84 14 0
85 14 0
86 15 0
87 15 0
88 12 0
89 12 0
90 12 0
91 12 0
92 12 0
93 12 0
94 12 0
95 12 0
96 9 0
97 9 0
98 9 0
99 8 0
100 8 0
101 8 0
102 7 0
103 7 0
104 9 0
105 9 0
106 10 0
107 11 0
108 12 0
109 14 0
110 16 0
111 17 0
112 18 0
113 18 0
114 18 0
115 17 0
116 17 0
117 17 0
118 17 0
119 17 0
120 13 0
121 15 0
122 18 0
123 20 0
124 20 0
125 18 0
126 15 0
127 13 0
128 10 0
129 10 0
130 9 0
131 9 0
132 9 0
133 9 0
134 10 0
135 10 0
136 6 0
137 8 0
138 8 0
139 7 0
140 6 0
141 5 0
142 5 0
143 6 0
144 10 0
145 11 0
146 11 0
147 11 0
148 12 0
149 12 0
150 12 0
151 13 0
152 10 0
153 10 0
154 11 0
155 11 0
156 11 0
157 12 0
158 12 0
159 12 0
160 14 0
161 15 0
162 16 0
163 17 0
164 18 0
165 17 0
166 16 0
167 16 0
168 13 0
169 13 0
170 13 0
171 12 0
172 12 0
173 12 0
174 13 0
175 13 0
176 0 0
177 2 0
178 3 0
179 3 0
180 1 0
181 0 0
182 0 0
183 0 0
184 0 0
185 0 0
186 0 0
187 1 0
188 1 0
189 2 0
190 3 0
191 3 0
192 2 0
193 2 0
194 2 0
195 2 0
196 2 0
197 2 0
198 2 0
199 2 0
200 2 0
201 2 0
202 2 0
203 2 0
204 2 0
205 2 0
206 2 0
207 2 0
208 2 0
209 2 0
210 2 0
211 2 0
212 2 0
213 2 0
214 2 0
215 2 0
216 0 0
217 1 0
218 1 0
219 2 0
220 3 0
221 3 0
222 4 0
223 4 0
224 2 0
225 2 0
226 1 0
227 1 0
228 1 0
229 0 0
230 0 0
231 0 0
232 3 0
233 3 0
234 3 0
235 2 0
236 1 0
237 1 0
238 0 0
239 0 0
240 2 0
241 2 0
242 2 0
243 2 0
244 2 0
245 2 0
246 2 0
247 2 0
248 1 0
249 1 0
250 1 0
251 0 0
252 0 0
253 0 0
254 0 0
255 0 0

0 2 0
1 2 0
2 2 0
3 2 0
4 2 0
5 2 0
6 2 0
7 2 0
8 3 0
9 3 0
10 3 0
11 3 0
12 3 0
13 3 0
14 3 0
15 3 0
16 2 0
17 2 0
18 2 0
19 3 0
20 3 0
21 3 0
22 3 0
23 4 0
24 1 0
25 1 0
26 1 0
27 1 0
28 1 0
29 1 0
30 1 0
31 1 0
32 2 0
33 2 0
34 2 0
35 2 0
36 2 0
37 2 0
38 2 0
39 2 0
40 2 0
41 2 0
42 2 0
43 2 0
44 2 0
45 2 0
46 2 0
47 2 0
48 3 0
49 3 0
50 3 0
51 3 0
52 3 0
53 3 0
54 3 0
55 3 0
56 4 0
57 4 0
58 4 0
59 4 0
60 3 0
61 3 0
62 3 0
63 3 0
64 6 0
65 10 0
66 15 0
67 13 0
68 8 0
69 5 0
70 6 0
71 9 0
72 8 0
73 9 0
74 11 0
75 12 0
76 12 0
77 11 0
78 10 0
79 8 0
80 6 0
81 5 0
82 5 0
83 4 0
84 4 0
85 5 0
86 6 0
87 6 0
88 4 0
89 4 0
90 4 0
91 4 0
92 4 0
93 4 0
94 4 0
95 4 0
96 8 0
97 8 0
98 8 0
99 8 0
100 7 0
101 7 0
102 7 0
103 7 0
104 3 0
105 3 0
106 3 0
107 3 0
108 5 0
109 6 0
110 8 0
111 9 0
112 13 0
113 13 0
114 12 0
115 11 0
116 10 0
117 10 0
118 9 0
119 9 0
120 5 0
121 7 0
122 10 0
123 12 0
124 12 0
125 10 0
126 7 0
127 5 0
128 9 0
129 8 0
130 8 0
131 7 0
132 7 0
133 8 0
134 8 0
135 9 0
136 5 0
137 6 0
138 7 0
139 6 0
140 4 0
141 4 0
142 4 0
143 6 0
144 2 0
145 2 0
146 2 0
147 2 0
148 3 0
149 3 0
150 3 0
151 3 0
152 2 0
153 2 0
154 2 0
155 3 0
156 3 0
157 3 0
158 4 0
159 4 0
160 4 0
161 4 0
162 5 0
163 6 0
164 6 0
165 6 0
166 6 0
167 6 0
168 14 0
169 13 0
170 11 0
171 10 0
172 10 0
173 12 0
174 13 0
175 15 0
176 3 0
177 4 0
178 5 0
179 4 0
180 2 0
181 0 0
182 0 0
183 1 0
184 0 0
185 0 0
186 0 0
187 1 0
188 2 0
189 2 0
190 3 0
191 3 0
192 2 0
193 2 0
194 2 0
195 2 0
196 2 0
197 2 0
198 2 0
199 2 0
200 2 0
201 2 0
202 2 0
203 2 0
204 2 0
205 2 0
206 2 0
207 2 0
208 2 0
209 2 0
210 2 0
211 2 0
212 2 0
213 2 0
214 2 0
215 2 0
216 1 0
217 2 0
218 2 0
219 3 0
220 3 0
221 4 0
222 4 0
223 5 0
224 2 0
225 2 0
226 2 0
227 1 0
228 1 0
229 1 0
230 0 0
231 0 0
232 3 0
233 3 0
234 3 0
235 2 0
236 1 0
237 1 0
238 0 0
239 0 0
240 2 0
241 2 0
242 2 0
243 2 0
244 2 0
245 2 0
246 2 0
247 2 0
248 2 0
249 2 0
250 1 0
251 1 0
252 1 0
253 0 0
254 0 0
255 0 0

0 2 0
1 2 0
2 2 0
3 2 0
4 2 0
5 2 0
6 2 0
7 2 0
8 3 0
9 3 0
10 3 0
11 3 0
12 3 0
13 3 0
14 3 0
15 3 0
16 1 0
17 2 0
18 2 0
19 2 0
20 2 0
21 3 0
22 3 0
23 3 0
24 2 0
25 2 0
26 2 0
27 2 0
28 2 0
29 2 0
30 2 0
31 2 0
32 2 0
33 2 0
34 2 0
35 2 0
36 2 0
37 2 0
38 2 0
39 2 0
40 2 0
41 2 0
42 2 0
43 2 0
44 2 0
45 2 0
46 2 0
47 2 0
48 3 0
49 3 0
50 3 0
51 3 0
52 3 0
53 3 0
54 3 0
55 3 0
56 4 0
57 4 0
58 4 0
59 4 0
60 3 0
61 3 0
62 3 0
63 3 0
64 3 0
65 0 0
66 0 0
67 2 0
68 7 0
69 8 0
70 4 0
71 0 0
72 0 0
73 1 0
74 2 0
75 3 0
76 3 0
77 3 0
78 2 0
79 2 0
80 1 0
81 1 0
82 1 0
83 1 0
84 1 0
85 1 0
86 2 0
87 2 0
88 4 0
89 4 0
90 4 0
91 4 0
92 4 0
93 4 0
94 4 0
95 4 0
96 4 0
97 4 0
98 4 0
99 3 0
100 3 0
101 3 0
102 2 0
103 2 0
104 7 0
105 6 0
106 5 0
107 4 0
108 4 0
109 4 0
110 4 0
111 4 0
112 14 0
113 13 0
114 12 0
115 10 0
116 8 0
117 6 0
118 5 0
119 4 0
120 6 0
121 5 0
122 3 0
123 2 0
124 2 0
125 3 0
126 5 0
127 6 0
128 5 0
129 4 0
130 3 0
131 3 0
132 3 0
133 3 0
134 4 0
135 5 0
136 1 0
137 2 0
138 3 0
139 2 0
140 1 0
141 0 0
142 1 0
143 2 0
144 2 0
145 2 0
146 2 0
147 2 0
148 2 0
149 2 0
150 2 0
151 3 0
152 2 0
153 3 0
154 3 0
155 3 0
156 3 0
157 4 0
158 4 0
159 4 0
160 1 0
161 1 0
162 2 0
163 2 0
164 2 0
165 3 0
166 3 0
167 3 0
168 5 0
169 5 0
170 4 0
171 4 0
172 4 0
173 5 0
174 6 0
175 7 0
176 6 0
177 7 0
178 8 0
179 6 0
180 4 0
181 3 0
182 3 0
183 3 0
184 0 0
185 1 0
186 1 0
187 1 0
188 2 0
189 2 0
190 3 0
191 3 0
192 2 0
193 2 0
194 2 0
195 2 0
196 2 0
197 2 0
198 2 0
199 2 0
200 2 0
201 2 0
202 2 0
203 2 0
204 2 0
205 2 0
206 2 0
207 2 0
208 2 0
209 2 0
210 2 0
211 2 0
212 2 0
213 2 0
214 2 0
215 2 0
216 2 0
217 2 0
218 3 0
219 3 0
220 4 0
221 5 0
222 5 0
223 5 0
224 2 0
225 2 0
226 2 0
227 2 0
228 1 0
229 1 0
230 1 0
231 1 0
232 3 0
233 3 0
234 3 0
235 2 0
236 1 0
237 1 0
238 0 0
239 0 0
240 2 0
241 2 0
242 2 0
243 2 0
244 2 0
245 2 0
246 2 0
247 2 0
248 3 0
249 3 0
250 2 0
251 2 0
252 1 0
253 1 0
254 0 0
255 0 0

0 3 0
1 3 0
2 3 0
3 3 0
4 3 0
5 3 0
6 3 0
7 3 0
8 3 0
9 3 0
10 3 0
11 3 0
12 3 0
13 3 0
14 3 0
15 3 0
16 0 0
17 0 0
18 1 0
19 1 0
20 1 0
21 2 0
22 2 0
23 2 0
24 2 0
25 2 0
26 2 0
27 2 0
28 2 0
29 2 0
30 2 0
31 2 0
32 2 0
33 2 0
34 2 0
35 2 0
36 2 0
37 2 0
38 2 0
39 2 0
40 3 0
41 3 0
42 3 0
43 3 0
44 3 0
45 3 0
46 3 0
47 3 0
48 3 0
49 3 0
50 3 0
51 3 0
52 3 0
53 3 0
54 3 0
55 3 0
56 3 0
57 3 0
58 3 0
59 3 0
60 4 0
61 4 0
62 4 0
63 4 0
64 5 0
65 2 0
66 0 0
67 3 0
68 8 0
69 9 0
70 4 0
71 0 0
72 1 0
73 0 0
74 0 0
75 0 0
76 0 0
77 1 0
78 2 0
79 3 0
80 2 0
81 1 0
82 1 0
83 1 0
84 1 0
85 2 0
86 3 0
87 4 0
88 5 0
89 5 0
90 5 0
91 5 0
92 5 0
93 5 0
94 5 0
95 5 0
96 4 0
97 4 0
98 4 0
99 4 0
100 3 0
101 3 0
102 3 0
103 3 0
104 7 0
105 7 0
106 5 0
107 4 0
108 3 0
109 3 0
110 3 0
111 3 0
112 9 0
113 8 0
114 7 0
115 6 0
116 5 0
117 4 0
118 3 0
119 2 0
120 5 0
121 4 0
122 2 0
123 2 0
124 2 0
125 2 0
126 4 0
127 5 0
128 6 0
129 5 0
130 4 0
131 4 0
132 4 0
133 4 0
134 5 0
135 6 0
136 2 0
137 3 0
138 4 0
139 4 0
140 3 0
141 2 0
142 3 0
143 5 0
144 4 0
145 4 0
146 3 0
147 3 0
148 3 0
149 3 0
150 3 0
151 3 0
152 3 0
153 4 0
154 4 0
155 4 0
156 4 0
157 5 0
158 5 0
159 5 0
160 5 0
161 5 0
162 5 0
163 5 0
164 5 0
165 6 0
166 6 0
167 6 0
168 1 0
169 2 0
170 3 0
171 4 0
172 5 0
173 4 0
174 4 0
175 3 0
176 5 0
177 6 0
178 6 0
179 5 0
180 3 0
181 2 0
182 2 0
183 3 0
184 1 0
185 1 0
186 2 0
187 2 0
188 2 0
189 2 0
190 2 0
191 3 0
192 3 0
193 3 0
194 3 0
195 3 0
196 3 0
197 3 0
198 3 0
199 3 0
200 3 0
201 3 0
202 3 0
203 3 0
204 3 0
205 3 0
206 3 0
207 3 0
208 3 0
209 3 0
210 3 0
211 3 0
212 3 0
213 3 0
214 3 0
215 3 0
216 2 0
217 2 0
218 3 0
219 3 0
220 4 0
221 5 0
222 5 0
223 5 0
224 3 0
225 3 0
226 2 0
227 2 0
228 2 0
229 1 0
230 1 0
231 1 0
232 3 0
233 3 0
234 3 0
235 2 0
236 1 0
237 1 0
238 0 0
239 0 0
240 3 0
241 3 0
242 3 0
243 3 0
244 3 0
245 3 0
246 3 0
247 3 0
248 4 0
249 4 0
250 3 0
251 2 0
252 2 0
253 1 0
254 0 0
255 0 0

0 3 0
1 3 0
2 3 0
3 3 0
4 3 0
5 3 0
6 3 0
7 3 0
8 3 0
9 3 0
10 3 0
11 3 0
12 3 0
13 3 0
14 3 0
15 3 0
16 0 0
17 0 0
18 0 0
19 1 0
20 1 0
21 1 0
22 1 0
23 2 0
24 2 0
25 2 0
26 2 0
27 2 0
28 2 0
29 2 0
30 2 0
31 2 0
32 2 0
33 2 0
34 2 0
35 2 0
36 2 0
37 2 0
38 2 0
39 2 0
40 3 0
41 3 0
42 3 0
43 3 0
44 3 0
45 3 0
46 3 0
47 3 0
48 3 0
49 3 0
50 3 0
51 3 0
52 3 0
53 3 0
54 3 0
55 3 0
56 3 0
57 3 0
58 3 0
59 3 0
60 4 0
61 4 0
62 4 0
63 4 0
64 4 0
65 8 0
66 12 0
67 10 0
68 4 0
69 0 0
70 1 0
71 4 0
72 2 0
73 1 0
74 0 0
75 0 0
76 0 0
77 2 0
78 4 0
79 5 0
80 1 0
81 1 0
82 1 0
83 1 0
84 1 0
85 2 0
86 4 0
87 4 0
88 1 0
89 1 0
90 1 0
91 1 0
92 1 0
93 1 0
94 1 0
95 1 0
96 4 0
97 4 0
98 4 0
99 3 0
100 3 0
101 3 0
102 2 0
103 2 0
104 0 0
105 0 0
106 0 0
107 0 0
108 0 0
109 0 0
110 0 0
111 0 0
112 0 0
113 0 0
114 0 0
115 0 0
116 0 0
117 0 0
118 0 0
119 0 0
120 0 0
121 0 0
122 3 0
123 5 0
124 5 0
125 3 0
126 0 0
127 0 0
128 5 0
129 5 0
130 4 0
131 4 0
132 4 0
133 4 0
134 5 0
135 5 0
136 2 0
137 3 0
138 5 0
139 4 0
140 3 0
141 3 0
142 4 0
143 5 0
144 0 0
145 0 0
146 0 0
147 0 0
148 0 0
149 0 0
150 0 0
151 0 0
152 0 0
153 0 0
154 0 0
155 0 0
156 0 0
157 0 0
158 0 0
159 0 0
160 1 0
161 0 0
162 0 0
163 0 0
164 0 0
165 1 0
166 2 0
167 2 0
168 0 0
169 2 0
170 4 0
171 6 0
172 6 0
173 6 0
174 4 0
175 3 0
176 2 0
177 3 0
178 3 0
179 2 0
180 0 0
181 0 0
182 1 0
183 2 0
184 2 0
185 2 0
186 2 0
187 2 0
188 2 0
189 2 0
190 2 0
191 2 0
192 3 0
193 3 0
194 3 0
195 3 0
196 3 0
197 3 0
198 3 0
199 3 0
200 3 0
201 3 0
202 3 0
203 3 0
204 3 0
205 3 0
206 3 0
207 3 0
208 3 0
209 3 0
210 3 0
211 3 0
212 3 0
213 3 0
214 3 0
215 3 0
216 1 0
217 2 0
218 2 0
219 3 0
220 3 0
221 4 0
222 4 0
223 5 0
224 3 0
225 3 0
226 3 0
227 2 0
228 2 0
229 2 0
230 1 0
231 1 0
232 3 0
233 3 0
234 3 0
235 2 0
236 1 0
237 1 0
238 0 0
239 0 0
240 3 0
241 3 0
242 3 0
243 3 0
244 3 0
245 3 0
246 3 0
247 3 0
248 5 0
249 5 0
250 4 0
251 3 0
252 2 0
253 1 0
254 1 0
255 0 0

0 3 0
1 3 0
2 3 0
3 3 0
4 3 0
5 3 0
6 3 0
7 3 0
8 3 0
9 3 0
10 3 0
11 3 0
12 3 0
13 3 0
14 3 0
15 3 0
16 1 0
17 1 0
18 1 0
19 1 0
20 2 0
21 2 0
22 2 0
23 2 0
24 2 0
25 2 0
26 2 0
27 2 0
28 2 0
29 2 0
30 2 0
31 2 0
32 2 0
33 2 0
34 2 0
35 2 0
36 2 0
37 2 0
38 2 0
39 2 0
40 3 0
41 3 0
42 3 0
43 3 0
44 3 0
45 3 0
46 3 0
47 3 0
48 3 0
49 3 0
50 3 0
51 3 0
52 3 0
53 3 0
54 3 0
55 3 0
56 2 0
57 3 0
58 3 0
59 3 0
60 4 0
61 4 0
62 4 0
63 4 0
64 2 0
65 7 0
66 10 0
67 8 0
68 3 0
69 0 0
70 0 0
71 2 0
72 1 0
73 1 0
74 1 0
75 1 0
76 2 0
77 3 0
78 4 0
79 5 0
80 6 0
81 6 0
82 6 0
83 6 0
84 7 0
85 9 0
86 10 0
87 10 0
88 5 0
89 5 0
90 5 0
91 5 0
92 5 0
93 5 0
94 5 0
95 5 0
96 3 0
97 3 0
98 3 0
99 3 0
100 2 0
101 2 0
102 2 0
103 2 0
104 6 0
105 6 0
106 5 0
107 4 0
108 4 0
109 4 0
110 5 0
111 5 0
112 7 0
113 6 0
114 6 0
115 5 0
116 5 0
117 4 0
118 4 0
119 3 0
120 3 0
121 5 0
122 8 0
123 10 0
124 10 0
125 8 0
126 5 0
127 3 0
128 4 0
129 3 0
130 2 0
131 2 0
132 2 0
133 2 0
134 3 0
135 4 0
136 0 0
137 2 0
138 3 0
139 3 0
140 2 0
141 2 0
142 3 0
143 5 0
144 6 0
145 6 0
146 5 0
147 5 0
148 5 0
149 4 0
150 4 0
151 4 0
152 3 0
153 4 0
154 4 0
155 4 0
156 4 0
157 5 0
158 5 0
159 5 0
160 3 0
161 3 0
162 2 0
163 2 0
164 2 0
165 3 0
166 4 0
167 5 0
168 1 0
169 2 0
170 3 0
171 4 0
172 4 0
173 5 0
174 5 0
175 5 0
176 1 0
177 2 0
178 2 0
179 1 0
180 0 0
181 0 0
182 3 0
183 5 0
184 3 0
185 3 0
186 3 0
187 2 0
188 2 0
189 2 0
190 2 0
191 2 0
192 3 0
193 3 0
194 3 0
195 3 0
196 3 0
197 3 0
198 3 0
199 3 0
200 3 0
201 3 0
202 3 0
203 3 0
204 3 0
205 3 0
206 3 0
207 3 0
208 3 0
209 3 0
210 3 0
211 3 0
212 3 0
213 3 0
214 3 0
215 3 0
216 0 0
217 1 0
218 1 0
219 2 0
220 3 0
221 3 0
222 4 0
223 4 0
224 3 0
225 3 0
226 3 0
227 3 0
228 2 0
229 2 0
230 2 0
231 2 0
232 3 0
233 3 0
234 3 0
235 2 0
236 1 0
237 1 0
238 0 0
239 0 0
240 3 0
241 3 0
242 3 0
243 3 0
244 3 0
245 3 0
246 3 0
247 3 0
248 6 0
249 6 0
250 5 0
251 4 0
252 3 0
253 2 0
254 1 0
255 0 0

0 3 0
1 3 0
2 3 0
3 3 0
4 3 0
5 3 0
6 3 0
7 3 0
8 3 0
9 3 0
10 3 0
11 3 0
12 3 0
13 3 0
14 3 0
15 3 0
16 2 0
17 2 0
18 2 0
19 2 0
20 3 0
21 3 0
22 3 0
23 3 0
24 3 0
25 3 0
26 3 0
27 3 0
28 3 0
29 3 0
30 3 0
31 3 0
32 2 0
33 2 0
34 2 0
35 2 0
36 2 0
37 2 0
38 2 0
39 2 0
40 3 0
41 3 0
42 3 0
43 3 0
44 3 0
45 3 0
46 3 0
47 3 0
48 3 0
49 3 0
50 3 0
51 3 0
52 3 0
53 3 0
54 3 0
55 3 0
56 2 0
57 2 0
58 3 0
59 3 0
60 4 0
61 4 0
62 4 0
63 5 0
64 6 0
65 2 0
66 0 0
67 3 0
68 7 0
69 8 0
70 3 0
71 0 0
72 1 0
73 2 0
74 4 0
75 6 0
76 7 0
77 6 0
78 5 0
79 5 0
80 0 0
81 0 0
82 0 0
83 1 0
84 1 0
85 2 0
86 3 0
87 4 0
88 2 0
89 2 0
90 2 0
91 2 0
92 2 0
93 2 0
94 2 0
95 2 0
96 6 0
97 6 0
98 6 0
99 5 0
100 5 0
101 5 0
102 4 0
103 4 0
104 8 0
105 7 0
106 5 0
107 3 0
108 1 0
109 0 0
110 0 0
111 0 0
112 12 0
113 10 0
114 9 0
115 6 0
116 3 0
117 1 0
118 0 0
119 0 0
120 2 0
121 1 0
122 0 0
123 0 0
124 0 0
125 0 0
126 1 0
127 2 0
128 5 0
129 5 0
130 4 0
131 4 0
132 4 0
133 4 0
134 5 0
135 5 0
136 2 0
137 4 0
138 5 0
139 5 0
140 4 0
141 4 0
142 5 0
143 7 0
144 3 0
145 3 0
146 3 0
147 2 0
148 2 0
149 2 0
150 1 0
151 1 0
152 0 0
153 1 0
154 1 0
155 1 0
156 1 0
157 2 0
158 2 0
159 2 0
160 1 0
161 0 0
162 0 0
163 0 0
164 0 0
165 0 0
166 2 0
167 3 0
168 5 0
169 4 0
170 3 0
171 3 0
172 4 0
173 6 0
174 8 0
175 9 0
176 3 0
177 4 0
178 4 0
179 3 0
180 3 0
181 4 0
182 6 0
183 8 0
184 3 0
185 3 0
186 3 0
187 3 0
188 3 0
189 2 0
190 2 0
191 2 0
192 3 0
193 3 0
194 3 0
195 3 0
196 3 0
197 3 0
198 3 0
199 3 0
200 3 0
201 3 0
202 3 0
203 3 0
204 3 0
205 3 0
206 3 0
207 3 0
208 3 0
209 3 0
210 3 0
211 3 0
212 3 0
213 3 0
214 3 0
215 3 0
216 0 0
217 0 0
218 1 0
219 1 0
220 2 0
221 3 0
222 3 0
223 3 0
224 3 0
225 3 0
226 3 0
227 3 0
228 2 0
229 2 0
230 2 0
231 2 0
232 3 0
233 3 0
234 3 0
235 2 0
236 1 0
237 1 0
238 0 0
239 0 0
240 3 0
241 3 0
242 3 0
243 3 0
244 3 0
245 3 0
246 3 0
247 3 0
248 6 0
249 6 0
250 5 0
251 4 0
252 3 0
253 2 0
254 1 0
255 0 0

0 0 0
1 2 0
2 6 0
3 6 0
4 3 0
5 1 0
6 1 0
7 3 0
8 3 0
9 3 0
10 3 0
11 3 0
12 3 0
13 3 0
14 3 0
15 3 0
16 6 0
17 6 0
18 5 0
19 4 0
20 3 0
21 2 0
22 1 0
23 1 0
24 0 0
25 0 0
26 1 0
27 1 0
28 2 0
29 3 0
30 3 0
31 3 0
32 3 0
33 3 0
34 3 0
35 3 0
36 3 0
37 3 0
38 3 0
39 3 0
40 2 0
41 2 0
42 2 0
43 2 0
44 2 0
45 2 0
46 2 0
47 2 0
48 0 0
49 1 0
50 1 0
51 2 0
52 3 0
53 4 0
54 5 0
55 5 0
56 3 0
57 3 0
58 3 0
59 3 0
60 3 0
61 3 0
62 3 0
63 3 0
64 3 0
65 3 0
66 3 0
67 3 0
68 3 0
69 3 0
70 3 0
71 3 0
72 3 0
73 3 0
74 3 0
75 3 0
76 3 0
77 3 0
78 3 0
79 3 0
80 3 0
81 2 0
82 1 0
83 1 0
84 1 0
85 3 0
86 4 0
87 5 0
88 2 0
89 2 0
90 2 0
91 2 0
92 2 0
93 2 0
94 2 0
95 2 0
96 3 0
97 3 0
98 3 0
99 3 0
100 4 0
101 4 0
102 4 0
103 4 0
104 3 0
105 3 0
106 3 0
107 3 0
108 3 0
109 3 0
110 3 0
111 3 0
112 3 0
113 3 0
114 3 0
115 4 0
116 5 0
117 5 0
118 6 0
119 6 0
120 0 0
121 0 0
122 0 0
123 0 0
124 0 0
125 0 0
126 0 0
127 0 0
128 3 0
129 3 0
130 3 0
131 3 0
132 3 0
133 3 0
134 3 0
135 3 0
136 3 0
137 3 0
138 3 0
139 3 0
140 3 0
141 3 0
142 3 0
143 3 0
144 2 0
145 2 0
146 2 0
147 2 0
148 2 0
149 2 0
150 2 0
151 2 0
152 3 0
153 3 0
154 3 0
155 3 0
156 3 0
157 3 0
158 3 0
159 3 0
160 2 0
161 3 0
162 4 0
163 5 0
164 5 0
165 4 0
166 3 0
167 2 0
168 3 0
169 3 0
170 3 0
171 3 0
172 3 0
173 3 0
174 3 0
175 3 0
176 3 0
177 3 0
178 3 0
179 3 0
180 3 0
181 3 0
182 3 0
183 3 0
184 3 0
185 3 0
186 3 0
187 3 0
188 3 0
189 3 0
190 3 0
191 3 0
192 5 0
193 5 0
194 4 0
195 4 0
196 3 0
197 3 0
198 2 0
199 2 0
200 4 0
201 4 0
202 3 0
203 3 0
204 2 0
205 2 0
206 2 0
207 1 0
208 3 0
209 3 0
210 3 0
211 3 0
212 3 0
213 3 0
214 3 0
215 3 0
216 2 0
217 2 0
218 2 0
219 2 0
220 3 0
221 3 0
222 3 0
223 3 0
224 3 0
225 4 0
226 5 0
227 5 0
228 5 0
229 4 0
230 2 0
231 1 0
232 3 0
233 3 0
234 3 0
235 3 0
236 3 0
237 3 0
238 3 0
239 3 0
240 7 0
241 6 0
242 6 0
243 5 0
244 4 0
245 3 0
246 2 0
247 2 0
248 2 0
249 3 0
250 4 0
251 5 0
252 5 0
253 4 0
254 3 0
255 2 0

0 0 0
1 2 0
2 6 0
3 6 0
4 3 0
5 1 0
6 1 0
7 3 0
8 3 0
9 3 0
10 3 0
11 3 0
12 3 0
13 3 0
14 3 0
15 3 0
16 4 0
17 4 0
18 4 0
19 4 0
20 3 0
21 3 0
22 3 0
23 3 0
24 0 0
25 0 0
26 1 0
27 1 0
28 2 0
29 3 0
30 3 0
31 3 0
32 3 0
33 3 0
34 3 0
35 3 0
36 3 0
37 3 0
38 3 0
39 3 0
40 3 0
41 3 0
42 3 0
43 3 0
44 3 0
45 3 0
46 3 0
47 3 0
48 1 0
49 1 0
50 1 0
51 2 0
52 3 0
53 4 0
54 4 0
55 5 0
56 3 0
57 3 0
58 3 0
59 3 0
60 3 0
61 3 0
62 3 0
63 3 0
64 3 0
65 3 0
66 3 0
67 3 0
68 3 0
69 3 0
70 3 0
71 3 0
72 3 0
73 3 0
74 3 0
75 3 0
76 3 0
77 3 0
78 3 0
79 3 0
80 2 0
81 2 0
82 2 0
83 2 0
84 2 0
85 3 0
86 4 0
87 4 0
88 2 0
89 2 0
90 2 0
91 2 0
92 2 0
93 2 0
94 2 0
95 2 0
96 2 0
97 3 0
98 3 0
99 3 0
100 3 0
101 4 0
102 4 0
103 4 0
104 3 0
105 3 0
106 3 0
107 3 0
108 3 0
109 3 0
110 3 0
111 3 0
112 3 0
113 3 0
114 3 0
115 4 0
116 5 0
117 5 0
118 6 0
119 6 0
120 0 0
121 0 0
122 0 0
123 0 0
124 0 0
125 0 0
126 0 0
127 0 0
128 3 0
129 3 0
130 3 0
131 3 0
132 3 0
133 3 0
134 3 0
135 3 0
136 3 0
137 3 0
138 3 0
139 3 0
140 3 0
141 3 0
142 3 0
143 3 0
144 2 0
145 2 0
146 2 0
147 2 0
148 2 0
149 2 0
150 2 0
151 2 0
152 3 0
153 3 0
154 3 0
155 3 0
156 3 0
157 3 0
158 3 0
159 3 0
160 2 0
161 3 0
162 4 0
163 5 0
164 5 0
165 4 0
166 3 0
167 2 0
168 3 0
169 3 0
170 3 0
171 3 0
172 3 0
173 3 0
174 3 0
175 3 0
176 3 0
177 3 0
178 3 0
179 3 0
180 3 0
181 3 0
182 3 0
183 3 0
184 3 0
185 3 0
186 3 0
187 3 0
188 3 0
189 3 0
190 3 0
191 3 0
192 4 0
193 3 0
194 3 0
195 3 0
196 3 0
197 3 0
198 3 0
199 2 0
200 4 0
201 3 0
202 3 0
203 3 0
204 2 0
205 2 0
206 2 0
207 2 0
208 3 0
209 3 0
210 3 0
211 3 0
212 3 0
213 3 0
214 3 0
215 3 0
216 2 0
217 2 0
218 2 0
219 2 0
220 3 0
221 3 0
222 3 0
223 3 0
224 3 0
225 4 0
226 5 0
227 5 0
228 5 0
229 4 0
230 2 0
231 1 0
232 3 0
233 3 0
234 3 0
235 3 0
236 3 0
237 3 0
238 3 0
239 3 0
240 6 0
241 6 0
242 5 0
243 5 0
244 4 0
245 3 0
246 3 0
247 2 0
248 1 0
249 2 0
250 3 0
251 4 0
252 4 0
253 3 0
254 2 0
255 1 0

0 0 0
1 2 0
2 6 0
3 6 0
4 3 0
5 1 0
6 1 0
7 3 0
8 3 0
9 3 0
10 3 0
11 3 0
12 3 0
13 3 0
14 3 0
15 3 0
16 2 0
17 3 0
18 3 0
19 3 0
20 4 0
21 4 0
22 4 0
23 4 0
24 0 0
25 0 0
26 1 0
27 1 0
28 2 0
29 3 0
30 3 0
31 3 0
32 3 0
33 3 0
34 3 0
35 3 0
36 3 0
37 3 0
38 3 0
39 3 0
40 4 0
41 4 0
42 4 0
43 4 0
44 4 0
45 4 0
46 4 0
47 4 0
48 1 0
49 1 0
50 2 0
51 2 0
52 3 0
53 3 0
54 4 0
55 4 0
56 3 0
57 3 0
58 3 0
59 3 0
60 3 0
61 3 0
62 3 0
63 3 0
64 3 0
65 3 0
66 3 0
67 3 0
68 3 0
69 3 0
70 3 0
71 3 0
72 3 0
73 3 0
74 3 0
75 3 0
76 3 0
77 3 0
78 3 0
79 3 0
80 1 0
81 2 0
82 2 0
83 3 0
84 3 0
85 3 0
86 3 0
87 3 0
88 2 0
89 2 0
90 2 0
91 2 0
92 2 0
93 2 0
94 2 0
95 2 0
96 2 0
97 2 0
98 3 0
99 3 0
100 3 0
101 4 0
102 4 0
103 4 0
104 3 0
105 3 0
106 3 0
107 3 0
108 3 0
109 3 0
110 3 0
111 3 0
112 3 0
113 3 0
114 3 0
115 4 0
116 5 0
117 5 0
118 6 0
119 6 0
120 2 0
121 2 0
122 2 0
123 2 0
124 2 0
125 2 0
126 2 0
127 2 0
128 3 0
129 3 0
130 3 0
131 3 0
132 3 0
133 3 0
134 3 0
135 3 0
136 3 0
137 3 0
138 3 0
139 3 0
140 3 0
141 3 0
142 3 0
143 3 0
144 2 0
145 2 0
146 2 0
147 2 0
148 2 0
149 2 0
150 2 0
151 2 0
152 3 0
153 3 0
154 3 0
155 3 0
156 3 0
157 3 0
158 3 0
159 3 0
160 3 0
161 3 0
162 4 0
163 4 0
164 4 0
165 4 0
166 3 0
167 3 0
168 3 0
169 3 0
170 3 0
171 3 0
172 3 0
173 3 0
174 3 0
175 3 0
176 3 0
177 3 0
178 3 0
179 3 0
180 3 0
181 3 0
182 3 0
183 3 0
184 3 0
185 3 0
186 3 0
187 3 0
188 3 0
189 3 0
190 3 0
191 3 0
192 2 0
193 2 0
194 2 0
195 2 0
196 2 0
197 3 0
198 3 0
199 3 0
200 3 0
201 3 0
202 3 0
203 3 0
204 2 0
205 2 0
206 2 0
207 2 0
208 3 0
209 3 0
210 3 0
211 3 0
212 3 0
213 3 0
214 3 0
215 3 0
216 2 0
217 2 0
218 2 0
219 2 0
220 3 0
221 3 0
222 3 0
223 3 0
224 3 0
225 4 0
226 5 0
227 5 0
228 5 0
229 4 0
230 2 0
231 1 0
232 3 0
233 3 0
234 3 0
235 3 0
236 3 0
237 3 0
238 3 0
239 3 0
240 6 0
241 5 0
242 5 0
243 5 0
244 4 0
245 4 0
246 3 0
247 3 0
248 0 0
249 1 0
250 2 0
251 3 0
252 3 0
253 2 0
254 1 0
255 0 0

0 0 0
1 2 0
2 6 0
3 6 0
4 3 0
5 1 0
6 1 0
7 3 0
8 3 0
9 3 0
10 3 0
11 3 0
12 3 0
13 3 0
14 3 0
15 3 0
16 3 0
17 3 0
18 3 0
19 3 0
20 4 0
21 4 0
22 4 0
23 4 0
24 0 0
25 0 0
26 1 0
27 1 0
28 2 0
29 3 0
30 3 0
31 3 0
32 3 0
33 3 0
34 3 0
35 3 0
36 3 0
37 3 0
38 3 0
39 3 0
40 5 0
41 5 0
42 5 0
43 5 0
44 5 0
45 5 0
46 5 0
47 5 0
48 2 0
49 2 0
50 2 0
51 3 0
52 3 0
53 3 0
54 3 0
55 3 0
56 3 0
57 3 0
58 3 0
59 3 0
60 3 0
61 3 0
62 3 0
63 3 0
64 3 0
65 3 0
66 3 0
67 3 0
68 3 0
69 3 0
70 3 0
71 3 0
72 3 0
73 3 0
74 3 0
75 3 0
76 3 0
77 3 0
78 3 0
79 3 0
80 1 0
81 2 0
82 3 0
83 4 0
84 4 0
85 3 0
86 2 0
87 1 0
88 2 0
89 2 0
90 2 0
91 2 0
92 2 0
93 2 0
94 2 0
95 2 0
96 2 0
97 2 0
98 2 0
99 3 0
100 3 0
101 3 0
102 4 0
103 4 0
104 3 0
105 3 0
106 3 0
107 3 0
108 3 0
109 3 0
110 3 0
111 3 0
112 3 0
113 3 0
114 3 0
115 4 0
116 5 0
117 5 0
118 6 0
119 6 0
120 2 0
121 2 0
122 2 0
123 2 0
124 2 0
125 2 0
126 2 0
127 2 0
128 3 0
129 3 0
130 3 0
131 3 0
132 3 0
133 3 0
134 3 0
135 3 0
136 3 0
137 3 0
138 3 0
139 3 0
140 3 0
141 3 0
142 3 0
143 3 0
144 2 0
145 2 0
146 2 0
147 2 0
148 2 0
149 2 0
150 2 0
151 2 0
152 3 0
153 3 0
154 3 0
155 3 0
156 3 0
157 3 0
158 3 0
159 3 0
160 3 0
161 3 0
162 4 0
163 4 0
164 4 0
165 4 0
166 3 0
167 3 0
168 3 0
169 3 0
170 3 0
171 3 0
172 3 0
173 3 0
174 3 0
175 3 0
176 3 0
177 3 0
178 3 0
179 3 0
180 3 0
181 3 0
182 3 0
183 3 0
184 3 0
185 3 0
186 3 0
187 3 0
188 3 0
189 3 0
190 3 0
191 3 0
192 0 0
193 0 0
194 1 0
195 1 0
196 2 0
197 2 0
198 3 0
199 3 0
200 3 0
201 3 0
202 3 0
203 3 0
204 3 0
205 2 0
206 2 0
207 2 0
208 3 0
209 3 0
210 3 0
211 3 0
212 3 0
213 3 0
214 3 0
215 3 0
216 2 0
217 2 0
218 2 0
219 2 0
220 3 0
221 3 0
222 3 0
223 3 0
224 3 0
225 4 0
226 5 0
227 5 0
228 5 0
229 4 0
230 2 0
231 1 0
232 3 0
233 3 0
234 3 0
235 3 0
236 3 0
237 3 0
238 3 0
239 3 0
240 5 0
241 5 0
242 5 0
243 4 0
244 4 0
245 4 0
246 4 0
247 4 0
248 0 0
249 1 0
250 3 0
251 4 0
252 4 0
253 3 0
254 1 0
255 0 0

0 0 0
1 2 0
2 6 0
3 6 0
4 3 0
5 1 0
6 1 0
7 3 0
8 3 0
9 3 0
10 3 0
11 3 0
12 3 0
13 3 0
14 3 0
15 3 0
16 4 0
17 4 0
18 4 0
19 4 0
20 3 0
21 3 0
22 3 0
23 3 0
24 0 0
25 0 0
26 1 0
27 1 0
28 2 0
29 3 0
30 3 0
31 3 0
32 3 0
33 3 0
34 3 0
35 3 0
36 3 0
37 3 0
38 3 0
39 3 0
40 4 0
41 4 0
42 4 0
43 4 0
44 4 0
45 4 0
46 4 0
47 4 0
48 3 0
49 3 0
50 3 0
51 3 0
52 2 0
53 2 0
54 2 0
55 2 0
56 3 0
57 3 0
58 3 0
59 3 0
60 3 0
61 3 0
62 3 0
63 3 0
64 4 0
65 4 0
66 4 0
67 4 0
68 4 0
69 4 0
70 4 0
71 4 0
72 3 0
73 3 0
74 3 0
75 3 0
76 3 0
77 3 0
78 3 0
79 3 0
80 1 0
81 2 0
82 3 0
83 4 0
84 4 0
85 3 0
86 2 0
87 1 0
88 2 0
89 2 0
90 2 0
91 2 0
92 2 0
93 2 0
94 2 0
95 2 0
96 2 0
97 2 0
98 2 0
99 2 0
100 3 0
101 3 0
102 3 0
103 3 0
104 3 0
105 3 0
106 3 0
107 3 0
108 3 0
109 3 0
110 3 0
111 3 0
112 3 0
113 3 0
114 3 0
115 4 0
116 5 0
117 5 0
118 6 0
119 6 0
120 1 0
121 1 0
122 1 0
123 1 0
124 1 0
125 1 0
126 1 0
127 1 0
128 3 0
129 3 0
130 3 0
131 3 0
132 3 0
133 3 0
134 3 0
135 3 0
136 3 0
137 3 0
138 3 0
139 3 0
140 3 0
141 3 0
142 3 0
143 3 0
144 2 0
145 2 0
146 2 0
147 2 0
148 2 0
149 2 0
150 2 0
151 2 0
152 3 0
153 3 0
154 3 0
155 3 0
156 3 0
157 3 0
158 3 0
159 3 0
160 4 0
161 4 0
162 3 0
163 3 0
164 3 0
165 3 0
166 4 0
167 4 0
168 3 0
169 3 0
170 3 0
171 3 0
172 3 0
173 3 0
174 3 0
175 3 0
176 3 0
177 3 0
178 3 0
179 3 0
180 3 0
181 3 0
182 3 0
183 3 0
184 3 0
185 3 0
186 3 0
187 3 0
188 3 0
189 3 0
190 3 0
191 3 0
192 0 0
193 0 0
194 1 0
195 1 0
196 2 0
197 2 0
198 3 0
199 3 0
200 2 0
201 2 0
202 2 0
203 3 0
204 3 0
205 3 0
206 3 0
207 3 0
208 3 0
209 3 0
210 3 0
211 3 0
212 3 0
213 3 0
214 3 0
215 3 0
216 2 0
217 2 0
218 2 0
219 2 0
220 3 0
221 3 0
222 3 0
223 3 0
224 3 0
225 4 0
226 5 0
227 5 0
228 5 0
229 4 0
230 2 0
231 1 0
232 3 0
233 3 0
234 3 0
235 3 0
236 3 0
237 3 0
238 3 0
239 3 0
240 4 0
241 4 0
242 4 0
243 4 0
244 4 0
245 5 0
246 5 0
247 5 0
248 2 0
249 3 0
250 4 0
251 5 0
252 5 0
253 4 0
254 3 0
255 2 0

0 0 0
1 2 0
2 6 0
3 6 0
4 3 0
5 1 0
6 1 0
7 3 0
8 3 0
9 3 0
10 3 0
11 3 0
12 3 0
13 3 0
14 3 0
15 3 0
16 4 0
17 4 0
18 4 0
19 4 0
20 3 0
21 3 0
22 3 0
23 2 0
24 0 0
25 0 0
26 1 0
27 1 0
28 2 0
29 3 0
30 3 0
31 3 0
32 3 0
33 3 0
34 3 0
35 3 0
36 3 0
37 3 0
38 3 0
39 3 0
40 4 0
41 4 0
42 4 0
43 4 0
44 4 0
45 4 0
46 4 0
47 4 0
48 4 0
49 4 0
50 3 0
51 3 0
52 2 0
53 2 0
54 1 0
55 1 0
56 3 0
57 3 0
58 3 0
59 3 0
60 3 0
61 3 0
62 3 0
63 3 0
64 4 0
65 4 0
66 4 0
67 4 0
68 4 0
69 4 0
70 4 0
71 4 0
72 3 0
73 3 0
74 3 0
75 3 0
76 3 0
77 3 0
78 3 0
79 3 0
80 3 0
81 3 0
82 3 0
83 3 0
84 3 0
85 2 0
86 2 0
87 1 0
88 2 0
89 2 0
90 2 0
91 2 0
92 2 0
93 2 0
94 2 0
95 2 0
96 1 0
97 1 0
98 2 0
99 2 0
100 2 0
101 3 0
102 3 0
103 3 0
104 3 0
105 3 0
106 3 0
107 3 0
108 3 0
109 3 0
110 3 0
111 3 0
112 3 0
113 3 0
114 3 0
115 4 0
116 5 0
117 5 0
118 6 0
119 6 0
120 2 0
121 2 0
122 2 0
123 2 0
124 2 0
125 2 0
126 2 0
127 2 0
128 3 0
129 3 0
130 3 0
131 3 0
132 3 0
133 3 0
134 3 0
135 3 0
136 3 0
137 3 0
138 3 0
139 3 0
140 3 0
141 3 0
142 3 0
143 3 0
144 2 0
145 2 0
146 2 0
147 2 0
148 2 0
149 2 0
150 2 0
151 2 0
152 3 0
153 3 0
154 3 0
155 3 0
156 3 0
157 3 0
158 3 0
159 3 0
160 4 0
161 4 0
162 3 0
163 3 0
164 3 0
165 3 0
166 4 0
167 4 0
168 3 0
169 3 0
170 3 0
171 3 0
172 3 0
173 3 0
174 3 0
175 3 0
176 3 0
177 3 0
178 3 0
179 3 0
180 3 0
181 3 0
182 3 0
183 3 0
184 3 0
185 3 0
186 3 0
187 3 0
188 3 0
189 3 0
190 3 0
191 3 0
192 2 0
193 2 0
194 2 0
195 2 0
196 2 0
197 3 0
198 3 0
199 3 0
200 2 0
201 2 0
202 2 0
203 2 0
204 3 0
205 3 0
206 3 0
207 3 0
208 3 0
209 3 0
210 3 0
211 3 0
212 3 0
213 3 0
214 3 0
215 3 0
216 2 0
217 2 0
218 2 0
219 2 0
220 3 0
221 3 0
222 3 0
223 3 0
224 3 0
225 4 0
226 5 0
227 5 0
228 5 0
229 4 0
230 2 0
231 1 0
232 3 0
233 3 0
234 3 0
235 3 0
236 3 0
237 3 0
238 3 0
239 3 0
240 3 0
241 3 0
242 4 0
243 4 0
244 5 0
245 5 0
246 6 0
247 6 0
248 2 0
249 3 0
250 4 0
251 5 0
252 5 0
253 4 0
254 3 0
255 2 0

0 0 0
1 2 0
2 6 0
3 6 0
4 3 0
5 1 0
6 1 0
7 3 0
8 3 0
9 3 0
10 3 0
11 3 0
12 3 0
13 3 0
14 3 0
15 3 0
16 3 0
17 3 0
18 3 0
19 3 0
20 4 0
21 4 0
22 4 0
23 4 0
24 0 0
25 0 0
26 1 0
27 1 0
28 2 0
29 3 0
30 3 0
31 3 0
32 3 0
33 3 0
34 3 0
35 3 0
36 3 0
37 3 0
38 3 0
39 3 0
40 6 0
41 6 0
42 6 0
43 6 0
44 6 0
45 6 0
46 6 0
47 6 0
48 5 0
49 4 0
50 4 0
51 3 0
52 2 0
53 1 0
54 1 0
55 1 0
56 3 0
57 3 0
58 3 0
59 3 0
60 3 0
61 3 0
62 3 0
63 3 0
64 4 0
65 4 0
66 4 0
67 4 0
68 4 0
69 4 0
70 4 0
71 4 0
72 3 0
73 3 0
74 3 0
75 3 0
76 3 0
77 3 0
78 3 0
79 3 0
80 4 0
81 4 0
82 3 0
83 2 0
84 2 0
85 2 0
86 2 0
87 2 0
88 2 0
89 2 0
90 2 0
91 2 0
92 2 0
93 2 0
94 2 0
95 2 0
96 1 0
97 1 0
98 1 0
99 2 0
100 2 0
101 2 0
102 3 0
103 3 0
104 3 0
105 3 0
106 3 0
107 3 0
108 3 0
109 3 0
110 3 0
111 3 0
112 3 0
113 3 0
114 3 0
115 4 0
116 5 0
117 5 0
118 6 0
119 6 0
120 3 0
121 3 0
122 3 0
123 3 0
124 3 0
125 3 0
126 3 0
127 3 0
128 3 0
129 3 0
130 3 0
131 3 0
132 3 0
133 3 0
134 3 0
135 3 0
136 3 0
137 3 0
138 3 0
139 3 0
140 3 0
141 3 0
142 3 0
143 3 0
144 2 0
145 2 0
146 2 0
147 2 0
148 2 0
149 2 0
150 2 0
151 2 0
152 3 0
153 3 0
154 3 0
155 3 0
156 3 0
157 3 0
158 3 0
159 3 0
160 5 0
161 4 0
162 3 0
163 2 0
164 2 0
165 3 0
166 4 0
167 5 0
168 3 0
169 3 0
170 3 0
171 3 0
172 3 0
173 3 0
174 3 0
175 3 0
176 3 0
177 3 0
178 3 0
179 3 0
180 3 0
181 3 0
182 3 0
183 3 0
184 3 0
185 3 0
186 3 0
187 3 0
188 3 0
189 3 0
190 3 0
191 3 0
192 4 0
193 3 0
194 3 0
195 3 0
196 3 0
197 3 0
198 3 0
199 2 0
200 2 0
201 2 0
202 2 0
203 2 0
204 3 0
205 3 0
206 3 0
207 4 0
208 3 0
209 3 0
210 3 0
211 3 0
212 3 0
213 3 0
214 3 0
215 3 0
216 2 0
217 2 0
218 2 0
219 2 0
220 3 0
221 3 0
222 3 0
223 3 0
224 3 0
225 4 0
226 5 0
227 5 0
228 5 0
229 4 0
230 2 0
231 1 0
232 3 0
233 3 0
234 3 0
235 3 0
236 3 0
237 3 0
238 3 0
239 3 0
240 2 0
241 3 0
242 3 0
243 4 0
244 5 0
245 5 0
246 6 0
247 6 0
248 1 0
249 2 0
250 3 0
251 4 0
252 4 0
253 3 0
254 2 0
255 1 0

0 0 0
1 2 0
2 6 0
3 6 0
4 3 0
5 1 0
6 1 0
7 3 0
8 3 0
9 3 0
10 3 0
11 3 0
12 3 0
13 3 0
14 3 0
15 3 0
16 1 0
17 1 0
18 2 0
19 3 0
20 4 0
21 5 0
22 6 0
23 6 0
24 0 0
25 0 0
26 1 0
27 1 0
28 2 0
29 3 0
30 3 0
31 3 0
32 3 0
33 3 0
34 3 0
35 3 0
36 3 0
37 3 0
38 3 0
39 3 0
40 7 0
41 7 0
42 7 0
43 7 0
44 7 0
45 7 0
46 7 0
47 7 0
48 5 0
49 5 0
50 4 0
51 3 0
52 2 0
53 1 0
54 1 0
55 0 0
56 3 0
57 3 0
58 3 0
59 3 0
60 3 0
61 3 0
62 3 0
63 3 0
64 4 0
65 4 0
66 4 0
67 4 0
68 4 0
69 4 0
70 4 0
71 4 0
72 3 0
73 3 0
74 3 0
75 3 0
76 3 0
77 3 0
78 3 0
79 3 0
80 5 0
81 4 0
82 3 0
83 1 0
84 1 0
85 1 0
86 2 0
87 3 0
88 2 0
89 2 0
90 2 0
91 2 0
92 2 0
93 2 0
94 2 0
95 2 0
96 1 0
97 1 0
98 1 0
99 2 0
100 2 0
101 2 0
102 2 0
103 3 0
104 3 0
105 3 0
106 3 0
107 3 0
108 3 0
109 3 0
110 3 0
111 3 0
112 3 0
113 3 0
114 3 0
115 4 0
116 5 0
117 5 0
118 6 0
119 6 0
120 4 0
121 4 0
122 4 0
123 4 0
124 4 0
125 4 0
126 4 0
127 4 0
128 3 0
129 3 0
130 3 0
131 3 0
132 3 0
133 3 0
134 3 0
135 3 0
136 3 0
137 3 0
138 3 0
139 3 0
140 3 0
141 3 0
142 3 0
143 3 0
144 2 0
145 2 0
146 2 0
147 2 0
148 2 0
149 2 0
150 2 0
151 2 0
152 3 0
153 3 0
154 3 0
155 3 0
156 3 0
157 3 0
158 3 0
159 3 0
160 5 0
161 4 0
162 3 0
163 2 0
164 2 0
165 3 0
166 4 0
167 5 0
168 3 0
169 3 0
170 3 0
171 3 0
172 3 0
173 3 0
174 3 0
175 3 0
176 3 0
177 3 0
178 3 0
179 3 0
180 3 0
181 3 0
182 3 0
183 3 0
184 3 0
185 3 0
186 3 0
187 3 0
188 3 0
189 3 0
190 3 0
191 3 0
192 5 0
193 5 0
194 4 0
195 4 0
196 3 0
197 3 0
198 2 0
199 2 0
200 1 0
201 2 0
202 2 0
203 2 0
204 3 0
205 3 0
206 4 0
207 4 0
208 3 0
209 3 0
210 3 0
211 3 0
212 3 0
213 3 0
214 3 0
215 3 0
216 2 0
217 2 0
218 2 0
219 2 0
220 3 0
221 3 0
222 3 0
223 3 0
224 3 0
225 4 0
226 5 0
227 5 0
228 5 0
229 4 0
230 2 0
231 1 0
232 3 0
233 3 0
234 3 0
235 3 0
236 3 0
237 3 0
238 3 0
239 3 0
240 2 0
241 2 0
242 3 0
243 4 0
244 5 0
245 6 0
246 6 0
247 7 0
248 0 0
249 1 0
250 2 0
251 3 0
252 3 0
253 2 0
254 1 0
255 0 0

0 5 0
1 5 0
2 5 0
3 5 0
4 5 0
5 5 0
6 5 0
7 5 0
8 2 0
9 2 0
10 3 0
11 3 0
12 4 0
13 4 0
14 4 0
15 5 0
16 4 0
17 4 0
18 4 0
19 4 0
20 4 0
21 4 0
22 4 0
23 4 0
24 4 0
25 4 0
26 4 0
27 4 0
28 3 0
29 3 0
30 3 0
31 3 0
32 2 0
33 2 0
34 1 0
35 1 0
36 0 0
37 0 0
38 0 0
39 0 0
40 3 0
41 3 0
42 3 0
43 3 0
44 3 0
45 3 0
46 3 0
47 3 0
48 3 0
49 3 0
50 2 0
51 2 0
52 2 0
53 2 0
54 3 0
55 3 0
56 3 0
57 3 0
58 3 0
59 3 0
60 3 0
61 3 0
62 3 0
63 3 0
64 3 0
65 3 0
66 3 0
67 3 0
68 3 0
69 3 0
70 3 0
71 3 0
72 3 0
73 3 0
74 3 0
75 3 0
76 3 0
77 3 0
78 3 0
79 3 0
80 0 0
81 1 0
82 1 0
83 2 0
84 3 0
85 4 0
86 5 0
87 5 0
88 3 0
89 3 0
90 3 0
91 4 0
92 5 0
93 5 0
94 6 0
95 6 0
96 3 0
97 3 0
98 3 0
99 3 0
100 3 0
101 3 0
102 3 0
103 3 0
104 3 0
105 3 0
106 3 0
107 3 0
108 3 0
109 3 0
110 3 0
111 3 0
112 0 0
113 0 0
114 0 0
115 0 0
116 0 0
117 0 0
118 0 0
119 0 0
120 1 0
121 2 0
122 2 0
123 2 0
124 3 0
125 3 0
126 4 0
127 4 0
128 3 0
129 3 0
130 3 0
131 3 0
132 3 0
133 3 0
134 3 0
135 3 0
136 2 0
137 2 0
138 3 0
139 3 0
140 4 0
141 5 0
142 5 0
143 5 0
144 5 0
145 5 0
146 5 0
147 5 0
148 5 0
149 5 0
150 5 0
151 5 0
152 3 0
153 3 0
154 3 0
155 3 0
156 3 0
157 3 0
158 3 0
159 3 0
160 3 0
161 3 0
162 3 0
163 3 0
164 3 0
165 3 0
166 3 0
167 3 0
168 5 0
169 5 0
170 4 0
171 4 0
172 3 0
173 3 0
174 2 0
175 2 0
176 0 0
177 1 0
178 1 0
179 2 0
180 3 0
181 4 0
182 5 0
183 5 0
184 2 0
185 2 0
186 2 0
187 2 0
188 3 0
189 3 0
190 3 0
191 3 0
192 3 0
193 3 0
194 3 0
195 3 0
196 3 0
197 3 0
198 3 0
199 3 0
200 2 0
201 3 0
202 4 0
203 4 0
204 4 0
205 3 0
206 1 0
207 0 0
208 3 0
209 3 0
210 3 0
211 3 0
212 3 0
213 3 0
214 3 0
215 3 0
216 2 0
217 2 0
218 2 0
219 2 0
220 2 0
221 2 0
222 2 0
223 2 0
224 3 0
225 3 0
226 3 0
227 3 0
228 4 0
229 5 0
230 6 0
231 7 0
232 3 0
233 3 0
234 3 0
235 3 0
236 3 0
237 3 0
238 3 0
239 3 0
240 1 0
241 1 0
242 1 0
243 1 0
244 1 0
245 1 0
246 1 0
247 1 0
248 3 0
249 2 0
250 2 0
251 2 0
252 2 0
253 1 0
254 1 0
255 1 0

0 5 0
1 5 0
2 5 0
3 5 0
4 5 0
5 5 0
6 5 0
7 5 0
8 2 0
9 3 0
10 3 0
11 3 0
12 4 0
13 4 0
14 4 0
15 5 0
16 3 0
17 3 0
18 3 0
19 3 0
20 3 0
21 3 0
22 3 0
23 3 0
24 4 0
25 4 0
26 4 0
27 4 0
28 3 0
29 3 0
30 3 0
31 3 0
32 2 0
33 2 0
34 2 0
35 2 0
36 1 0
37 1 0
38 0 0
39 0 0
40 3 0
41 3 0
42 3 0
43 3 0
44 3 0
45 3 0
46 3 0
47 3 0
48 3 0
49 3 0
50 2 0
51 2 0
52 2 0
53 2 0
54 3 0
55 3 0
56 3 0
57 3 0
58 3 0
59 3 0
60 3 0
61 3 0
62 3 0
63 3 0
64 3 0
65 3 0
66 3 0
67 3 0
68 3 0
69 3 0
70 3 0
71 3 0
72 3 0
73 3 0
74 3 0
75 3 0
76 3 0
77 3 0
78 3 0
79 3 0
80 1 0
81 1 0
82 1 0
83 2 0
84 3 0
85 4 0
86 4 0
87 5 0
88 3 0
89 3 0
90 3 0
91 4 0
92 5 0
93 5 0
94 6 0
95 6 0
96 3 0
97 3 0
98 3 0
99 3 0
100 3 0
101 3 0
102 3 0
103 3 0
104 3 0
105 3 0
106 3 0
107 3 0
108 3 0
109 3 0
110 3 0
111 3 0
112 3 0
113 3 0
114 3 0
115 3 0
116 3 0
117 3 0
118 3 0
119 3 0
120 2 0
121 2 0
122 2 0
123 2 0
124 3 0
125 3 0
126 3 0
127 4 0
128 3 0
129 3 0
130 3 0
131 3 0
132 3 0
133 3 0
134 3 0
135 3 0
136 1 0
137 2 0
138 2 0
139 3 0
140 3 0
141 4 0
142 4 0
143 5 0
144 4 0
145 4 0
146 4 0
147 4 0
148 4 0
149 4 0
150 4 0
151 4 0
152 3 0
153 3 0
154 3 0
155 3 0
156 3 0
157 3 0
158 3 0
159 3 0
160 3 0
161 3 0
162 3 0
163 3 0
164 3 0
165 3 0
166 3 0
167 3 0
168 4 0
169 4 0
170 4 0
171 4 0
172 3 0
173 3 0
174 3 0
175 3 0
176 1 0
177 1 0
178 1 0
179 2 0
180 3 0
181 4 0
182 4 0
183 5 0
184 2 0
185 2 0
186 2 0
187 2 0
188 3 0
189 3 0
190 3 0
191 3 0
192 3 0
193 3 0
194 3 0
195 3 0
196 3 0
197 3 0
198 3 0
199 3 0
200 2 0
201 3 0
202 4 0
203 4 0
204 4 0
205 3 0
206 1 0
207 0 0
208 3 0
209 3 0
210 3 0
211 3 0
212 3 0
213 3 0
214 3 0
215 3 0
216 1 0
217 1 0
218 1 0
219 2 0
220 2 0
221 2 0
222 2 0
223 2 0
224 3 0
225 3 0
226 3 0
227 3 0
228 4 0
229 5 0
230 6 0
231 7 0
232 3 0
233 3 0
234 3 0
235 3 0
236 3 0
237 3 0
238 3 0
239 3 0
240 1 0
241 1 0
242 1 0
243 1 0
244 1 0
245 1 0
246 1 0
247 1 0
248 3 0
249 2 0
250 2 0
251 2 0
252 2 0
253 1 0
254 1 0
255 1 0

0 5 0
1 5 0
2 5 0
3 5 0
4 5 0
5 5 0
6 5 0
7 5 0
8 3 0
9 3 0
10 3 0
11 4 0
12 4 0
13 4 0
14 4 0
15 4 0
16 2 0
17 2 0
18 2 0
19 2 0
20 2 0
21 2 0
22 2 0
23 2 0
24 4 0
25 4 0
26 4 0
27 4 0
28 3 0
29 3 0
30 3 0
31 3 0
32 3 0
33 3 0
34 3 0
35 2 0
36 2 0
37 2 0
38 2 0
39 1 0
40 3 0
41 3 0
42 3 0
43 3 0
44 3 0
45 3 0
46 3 0
47 3 0
48 3 0
49 3 0
50 2 0
51 2 0
52 2 0
53 2 0
54 3 0
55 3 0
56 3 0
57 3 0
58 3 0
59 3 0
60 3 0
61 3 0
62 3 0
63 3 0
64 3 0
65 3 0
66 3 0
67 3 0
68 3 0
69 3 0
70 3 0
71 3 0
72 3 0
73 3 0
74 3 0
75 3 0
76 3 0
77 3 0
78 3 0
79 3 0
80 1 0
81 1 0
82 2 0
83 2 0
84 3 0
85 3 0
86 4 0
87 4 0
88 3 0
89 3 0
90 3 0
91 4 0
92 5 0
93 5 0
94 6 0
95 6 0
96 3 0
97 3 0
98 3 0
99 3 0
100 3 0
101 3 0
102 3 0
103 3 0
104 3 0
105 3 0
106 3 0
107 3 0
108 3 0
109 3 0
110 3 0
111 3 0
112 6 0
113 6 0
114 6 0
115 6 0
116 6 0
117 6 0
118 6 0
119 6 0
120 2 0
121 2 0
122 2 0
123 2 0
124 3 0
125 3 0
126 3 0
127 3 0
128 3 0
129 3 0
130 3 0
131 3 0
132 3 0
133 3 0
134 3 0
135 3 0
136 0 0
137 1 0
138 1 0
139 2 0
140 3 0
141 3 0
142 4 0
143 4 0
144 3 0
145 3 0
146 3 0
147 3 0
148 3 0
149 3 0
150 3 0
151 3 0
152 3 0
153 3 0
154 3 0
155 3 0
156 3 0
157 3 0
158 3 0
159 3 0
160 3 0
161 3 0
162 3 0
163 3 0
164 3 0
165 3 0
166 3 0
167 3 0
168 3 0
169 3 0
170 3 0
171 3 0
172 4 0
173 4 0
174 4 0
175 4 0
176 1 0
177 1 0
178 2 0
179 2 0
180 3 0
181 3 0
182 4 0
183 4 0
184 2 0
185 2 0
186 2 0
187 2 0
188 3 0
189 3 0
190 3 0
191 3 0
192 3 0
193 3 0
194 3 0
195 3 0
196 3 0
197 3 0
198 3 0
199 3 0
200 2 0
201 2 0
202 4 0
203 4 0
204 4 0
205 3 0
206 1 0
207 0 0
208 3 0
209 3 0
210 3 0
211 3 0
212 3 0
213 3 0
214 3 0
215 3 0
216 0 0
217 1 0
218 1 0
219 1 0
220 2 0
221 2 0
222 3 0
223 3 0
224 3 0
225 3 0
226 3 0
227 3 0
228 4 0
229 5 0
230 6 0
231 7 0
232 3 0
233 3 0
234 3 0
235 3 0
236 3 0
237 3 0
238 3 0
239 3 0
240 2 0
241 2 0
242 2 0
243 2 0
244 2 0
245 2 0
246 2 0
247 2 0
248 3 0
249 2 0
250 2 0
251 2 0
252 2 0
253 1 0
254 1 0
255 1 0

0 5 0
1 5 0
2 5 0
3 5 0
4 5 0
5 5 0
6 5 0
7 5 0
8 4 0
9 4 0
10 4 0
11 4 0
12 4 0
13 4 0
14 4 0
15 4 0
16 3 0
17 3 0
18 3 0
19 3 0
20 3 0
21 3 0
22 3 0
23 3 0
24 4 0
25 4 0
26 4 0
27 4 0
28 3 0
29 3 0
30 3 0
31 3 0
32 3 0
33 3 0
34 3 0
35 3 0
36 3 0
37 3 0
38 3 0
39 2 0
40 3 0
41 3 0
42 3 0
43 3 0
44 3 0
45 3 0
46 3 0
47 3 0
48 3 0
49 3 0
50 2 0
51 2 0
52 2 0
53 2 0
54 3 0
55 3 0
56 3 0
57 3 0
58 3 0
59 3 0
60 3 0
61 3 0
62 3 0
63 3 0
64 3 0
65 3 0
66 3 0
67 3 0
68 3 0
69 3 0
70 3 0
71 3 0
72 3 0
73 3 0
74 3 0
75 3 0
76 3 0
77 3 0
78 3 0
79 3 0
80 2 0
81 2 0
82 2 0
83 3 0
84 3 0
85 3 0
86 3 0
87 3 0
88 3 0
89 3 0
90 3 0
91 4 0
92 5 0
93 5 0
94 6 0
95 6 0
96 3 0
97 3 0
98 3 0
99 3 0
100 3 0
101 3 0
102 3 0
103 3 0
104 3 0
105 3 0
106 3 0
107 3 0
108 3 0
109 3 0
110 3 0
111 3 0
112 4 0
113 4 0
114 4 0
115 4 0
116 4 0
117 4 0
118 4 0
119 4 0
120 2 0
121 2 0
122 2 0
123 3 0
124 3 0
125 3 0
126 3 0
127 3 0
128 3 0
129 3 0
130 3 0
131 3 0
132 3 0
133 3 0
134 3 0
135 3 0
136 0 0
137 0 0
138 1 0
139 1 0
140 2 0
141 3 0
142 3 0
143 3 0
144 2 0
145 2 0
146 2 0
147 2 0
148 2 0
149 2 0
150 2 0
151 2 0
152 3 0
153 3 0
154 3 0
155 3 0
156 3 0
157 3 0
158 3 0
159 3 0
160 3 0
161 3 0
162 3 0
163 3 0
164 3 0
165 3 0
166 3 0
167 3 0
168 2 0
169 2 0
170 3 0
171 3 0
172 4 0
173 4 0
174 5 0
175 5 0
176 2 0
177 2 0
178 2 0
179 3 0
180 3 0
181 3 0
182 3 0
183 3 0
184 2 0
185 2 0
186 2 0
187 2 0
188 3 0
189 3 0
190 3 0
191 3 0
192 3 0
193 3 0
194 3 0
195 3 0
196 3 0
197 3 0
198 3 0
199 3 0
200 1 0
201 2 0
202 3 0
203 4 0
204 4 0
205 3 0
206 2 0
207 1 0
208 3 0
209 3 0
210 3 0
211 3 0
212 3 0
213 3 0
214 3 0
215 3 0
216 0 0
217 0 0
218 1 0
219 1 0
220 2 0
221 3 0
222 3 0
223 3 0
224 3 0
225 3 0
226 3 0
227 3 0
228 4 0
229 5 0
230 6 0
231 7 0
232 3 0
233 3 0
234 3 0
235 3 0
236 3 0
237 3 0
238 3 0
239 3 0
240 2 0
241 2 0
242 2 0
243 2 0
244 2 0
245 2 0
246 2 0
247 2 0
248 3 0
249 2 0
250 2 0
251 2 0
252 2 0
253 1 0
254 1 0
255 1 0

0 5 0
1 5 0
2 5 0
3 5 0
4 5 0
5 5 0
6 5 0
7 5 0
8 5 0
9 5 0
10 5 0
11 4 0
12 4 0
13 4 0
14 4 0
15 4 0
16 4 0
17 4 0
18 4 0
19 4 0
20 4 0
21 4 0
22 4 0
23 4 0
24 4 0
25 4 0
26 4 0
27 4 0
28 3 0
29 3 0
30 3 0
31 3 0
32 2 0
33 2 0
34 3 0
35 3 0
36 3 0
37 3 0
38 3 0
39 3 0
40 3 0
41 3 0
42 3 0
43 3 0
44 3 0
45 3 0
46 3 0
47 3 0
48 3 0
49 3 0
50 2 0
51 2 0
52 2 0
53 2 0
54 3 0
55 3 0
56 3 0
57 3 0
58 3 0
59 3 0
60 3 0
61 3 0
62 3 0
63 3 0
64 3 0
65 3 0
66 3 0
67 3 0
68 3 0
69 3 0
70 3 0
71 3 0
72 3 0
73 3 0
74 3 0
75 3 0
76 3 0
77 3 0
78 3 0
79 3 0
80 3 0
81 3 0
82 3 0
83 3 0
84 2 0
85 2 0
86 2 0
87 2 0
88 3 0
89 3 0
90 3 0
91 4 0
92 5 0
93 5 0
94 6 0
95 6 0
96 3 0
97 3 0
98 3 0
99 3 0
100 3 0
101 3 0
102 3 0
103 3 0
104 3 0
105 3 0
106 3 0
107 3 0
108 3 0
109 3 0
110 3 0
111 3 0
112 1 0
113 1 0
114 1 0
115 1 0
116 1 0
117 1 0
118 1 0
119 1 0
120 3 0
121 3 0
122 3 0
123 3 0
124 3 0
125 2 0
126 2 0
127 2 0
128 3 0
129 3 0
130 3 0
131 3 0
132 3 0
133 3 0
134 3 0
135 3 0
136 0 0
137 0 0
138 1 0
139 1 0
140 2 0
141 3 0
142 3 0
143 3 0
144 1 0
145 1 0
146 1 0
147 1 0
148 1 0
149 1 0
150 1 0
151 1 0
152 3 0
153 3 0
154 3 0
155 3 0
156 3 0
157 3 0
158 3 0
159 3 0
160 3 0
161 3 0
162 3 0
163 3 0
164 3 0
165 3 0
166 3 0
167 3 0
168 2 0
169 2 0
170 3 0
171 3 0
172 4 0
173 4 0
174 5 0
175 5 0
176 3 0
177 3 0
178 3 0
179 3 0
180 2 0
181 2 0
182 2 0
183 2 0
184 2 0
185 2 0
186 2 0
187 2 0
188 3 0
189 3 0
190 3 0
191 3 0
192 3 0
193 3 0
194 3 0
195 3 0
196 3 0
197 3 0
198 3 0
199 3 0
200 1 0
201 2 0
202 3 0
203 4 0
204 4 0
205 3 0
206 2 0
207 1 0
208 3 0
209 3 0
210 3 0
211 3 0
212 3 0
213 3 0
214 3 0
215 3 0
216 1 0
217 1 0
218 1 0
219 1 0
220 2 0
221 2 0
222 3 0
223 3 0
224 3 0
225 3 0
226 3 0
227 3 0
228 4 0
229 5 0
230 6 0
231 7 0
232 3 0
233 3 0
234 3 0
235 3 0
236 3 0
237 3 0
238 3 0
239 3 0
240 3 0
241 3 0
242 3 0
243 3 0
244 3 0
245 3 0
246 3 0
247 3 0
248 3 0
249 2 0
250 2 0
251 2 0
252 2 0
253 1 0
254 1 0
255 1 0

0 5 0
1 5 0
2 5 0
3 5 0
4 5 0
5 5 0
6 5 0
7 5 0
8 5 0
9 5 0
10 5 0
11 5 0
12 5 0
13 4 0
14 4 0
15 4 0
16 5 0
17 5 0
18 5 0
19 5 0
20 5 0
21 5 0
22 5 0
23 5 0
24 4 0
25 4 0
26 4 0
27 4 0
28 3 0
29 3 0
30 3 0
31 3 0
32 1 0
33 2 0
34 2 0
35 2 0
36 2 0
37 3 0
38 3 0
39 3 0
40 3 0
41 3 0
42 3 0
43 3 0
44 3 0
45 3 0
46 3 0
47 3 0
48 3 0
49 3 0
50 2 0
51 2 0
52 2 0
53 2 0
54 3 0
55 3 0
56 3 0
57 3 0
58 3 0
59 3 0
60 3 0
61 3 0
62 3 0
63 3 0
64 3 0
65 3 0
66 3 0
67 3 0
68 3 0
69 3 0
70 3 0
71 3 0
72 3 0
73 3 0
74 3 0
75 3 0
76 3 0
77 3 0
78 3 0
79 3 0
80 4 0
81 4 0
82 3 0
83 3 0
84 2 0
85 2 0
86 1 0
87 1 0
88 3 0
89 3 0
90 3 0
91 4 0
92 5 0
93 5 0
94 6 0
95 6 0
96 3 0
97 3 0
98 3 0
99 3 0
100 3 0
101 3 0
102 3 0
103 3 0
104 3 0
105 3 0
106 3 0
107 3 0
108 3 0
109 3 0
110 3 0
111 3 0
112 0 0
113 0 0
114 0 0
115 0 0
116 0 0
117 0 0
118 0 0
119 0 0
120 3 0
121 3 0
122 3 0
123 3 0
124 2 0
125 2 0
126 2 0
127 2 0
128 3 0
129 3 0
130 3 0
131 3 0
132 3 0
133 3 0
134 3 0
135 3 0
136 0 0
137 1 0
138 1 0
139 2 0
140 3 0
141 3 0
142 4 0
143 4 0
144 1 0
145 1 0
146 1 0
147 1 0
148 1 0
149 1 0
150 1 0
151 1 0
152 3 0
153 3 0
154 3 0
155 3 0
156 3 0
157 3 0
158 3 0
159 3 0
160 3 0
161 3 0
162 3 0
163 3 0
164 3 0
165 3 0
166 3 0
167 3 0
168 3 0
169 3 0
170 3 0
171 3 0
172 4 0
173 4 0
174 4 0
175 4 0
176 4 0
177 4 0
178 3 0
179 3 0
180 2 0
181 2 0
182 1 0
183 1 0
184 2 0
185 2 0
186 2 0
187 2 0
188 3 0
189 3 0
190 3 0
191 3 0
192 3 0
193 3 0
194 3 0
195 3 0
196 3 0
197 3 0
198 3 0
199 3 0
200 0 0
201 1 0
202 3 0
203 4 0
204 4 0
205 4 0
206 2 0
207 2 0
208 3 0
209 3 0
210 3 0
211 3 0
212 3 0
213 3 0
214 3 0
215 3 0
216 2 0
217 2 0
218 2 0
219 2 0
220 2 0
221 2 0
222 2 0
223 2 0
224 3 0
225 3 0
226 3 0
227 3 0
228 4 0
229 5 0
230 6 0
231 7 0
232 3 0
233 3 0
234 3 0
235 3 0
236 3 0
237 3 0
238 3 0
239 3 0
240 4 0
241 4 0
242 4 0
243 4 0
244 4 0
245 4 0
246 4 0
247 4 0
248 3 0
249 2 0
250 2 0
251 2 0
252 2 0
253 1 0
254 1 0
255 1 0

0 5 0
1 5 0
2 5 0
3 5 0
4 5 0
5 5 0
6 5 0
7 5 0
8 6 0
9 6 0
10 6 0
11 5 0
12 5 0
13 4 0
14 4 0
15 4 0
16 4 0
17 4 0
18 4 0
19 4 0
20 4 0
21 4 0
22 4 0
23 4 0
24 4 0
25 4 0
26 4 0
27 4 0
28 3 0
29 3 0
30 3 0
31 3 0
32 0 0
33 0 0
34 1 0
35 1 0
36 2 0
37 2 0
38 2 0
39 2 0
40 3 0
41 3 0
42 3 0
43 3 0
44 3 0
45 3 0
46 3 0
47 3 0
48 3 0
49 3 0
50 2 0
51 2 0
52 2 0
53 2 0
54 3 0
55 3 0
56 3 0
57 3 0
58 3 0
59 3 0
60 3 0
61 3 0
62 3 0
63 3 0
64 3 0
65 3 0
66 3 0
67 3 0
68 3 0
69 3 0
70 3 0
71 3 0
72 3 0
73 3 0
74 3 0
75 3 0
76 3 0
77 3 0
78 3 0
79 3 0
80 5 0
81 4 0
82 4 0
83 3 0
84 2 0
85 1 0
86 1 0
87 1 0
88 3 0
89 3 0
90 3 0
91 4 0
92 5 0
93 5 0
94 6 0
95 6 0
96 3 0
97 3 0
98 3 0
99 3 0
100 3 0
101 3 0
102 3 0
103 3 0
104 3 0
105 3 0
106 3 0
107 3 0
108 3 0
109 3 0
110 3 0
111 3 0
112 2 0
113 2 0
114 2 0
115 2 0
116 2 0
117 2 0
118 2 0
119 2 0
120 4 0
121 3 0
122 3 0
123 3 0
124 2 0
125 2 0
126 2 0
127 2 0
128 3 0
129 3 0
130 3 0
131 3 0
132 3 0
133 3 0
134 3 0
135 3 0
136 1 0
137 2 0
138 2 0
139 3 0
140 3 0
141 4 0
142 4 0
143 5 0
144 2 0
145 2 0
146 2 0
147 2 0
148 2 0
149 2 0
150 2 0
151 2 0
152 3 0
153 3 0
154 3 0
155 3 0
156 3 0
157 3 0
158 3 0
159 3 0
160 3 0
161 3 0
162 3 0
163 3 0
164 3 0
165 3 0
166 3 0
167 3 0
168 4 0
169 4 0
170 4 0
171 4 0
172 3 0
173 3 0
174 3 0
175 3 0
176 5 0
177 4 0
178 4 0
179 3 0
180 2 0
181 1 0
182 1 0
183 1 0
184 2 0
185 2 0
186 2 0
187 2 0
188 3 0
189 3 0
190 3 0
191 3 0
192 3 0
193 3 0
194 3 0
195 3 0
196 3 0
197 3 0
198 3 0
199 3 0
200 0 0
201 1 0
202 3 0
203 4 0
204 4 0
205 4 0
206 3 0
207 2 0
208 3 0
209 3 0
210 3 0
211 3 0
212 3 0
213 3 0
214 3 0
215 3 0
216 3 0
217 3 0
218 3 0
219 2 0
220 1 0
221 1 0
222 0 0
223 0 0
224 3 0
225 3 0
226 3 0
227 3 0
228 4 0
229 5 0
230 6 0
231 7 0
232 3 0
233 3 0
234 3 0
235 3 0
236 3 0
237 3 0
238 3 0
239 3 0
240 4 0
241 4 0
242 4 0
243 4 0
244 4 0
245 4 0
246 4 0
247 4 0
248 3 0
249 2 0
250 2 0
251 2 0
252 2 0
253 1 0
254 1 0
255 1 0

0 5 0
1 5 0
2 5 0
3 5 0
4 5 0
5 5 0
6 5 0
7 5 0
8 6 0
9 6 0
10 6 0
11 5 0
12 5 0
13 4 0
14 4 0
15 4 0
16 3 0
17 3 0
18 3 0
19 3 0
20 3 0
21 3 0
22 3 0
23 3 0
24 4 0
25 4 0
26 4 0
27 4 0
28 3 0
29 3 0
30 3 0
31 3 0
32 0 0
33 0 0
34 0 0
35 0 0
36 1 0
37 1 0
38 2 0
39 2 0
40 3 0
41 3 0
42 3 0
43 3 0
44 3 0
45 3 0
46 3 0
47 3 0
48 3 0
49 3 0
50 2 0
51 2 0
52 2 0
53 2 0
54 3 0
55 3 0
56 3 0
57 3 0
58 3 0
59 3 0
60 3 0
61 3 0
62 3 0
63 3 0
64 3 0
65 3 0
66 3 0
67 3 0
68 3 0
69 3 0
70 3 0
71 3 0
72 3 0
73 3 0
74 3 0
75 3 0
76 3 0
77 3 0
78 3 0
79 3 0
80 5 0
81 5 0
82 4 0
83 3 0
84 2 0
85 1 0
86 1 0
87 0 0
88 3 0
89 3 0
90 3 0
91 4 0
92 5 0
93 5 0
94 6 0
95 6 0
96 3 0
97 3 0
98 3 0
99 3 0
100 3 0
101 3 0
102 3 0
103 3 0
104 3 0
105 3 0
106 3 0
107 3 0
108 3 0
109 3 0
110 3 0
111 3 0
112 5 0
113 5 0
114 5 0
115 5 0
116 5 0
117 5 0
118 5 0
119 5 0
120 4 0
121 4 0
122 3 0
123 3 0
124 2 0
125 2 0
126 2 0
127 1 0
128 3 0
129 3 0
130 3 0
131 3 0
132 3 0
133 3 0
134 3 0
135 3 0
136 2 0
137 2 0
138 3 0
139 3 0
140 4 0
141 5 0
142 5 0
143 5 0
144 2 0
145 2 0
146 2 0
147 2 0
148 2 0
149 2 0
150 2 0
151 2 0
152 3 0
153 3 0
154 3 0
155 3 0
156 3 0
157 3 0
158 3 0
159 3 0
160 3 0
161 3 0
162 3 0
163 3 0
164 3 0
165 3 0
166 3 0
167 3 0
168 5 0
169 5 0
170 4 0
171 4 0
172 3 0
173 3 0
174 2 0
175 2 0
176 5 0
177 5 0
178 4 0
179 3 0
180 2 0
181 1 0
182 1 0
183 0 0
184 2 0
185 2 0
186 2 0
187 2 0
188 3 0
189 3 0
190 3 0
191 3 0
192 3 0
193 3 0
194 3 0
195 3 0
196 3 0
197 3 0
198 3 0
199 3 0
200 0 0
201 1 0
202 3 0
203 4 0
204 4 0
205 4 0
206 3 0
207 2 0
208 3 0
209 3 0
210 3 0
211 3 0
212 3 0
213 3 0
214 3 0
215 3 0
216 4 0
217 4 0
218 3 0
219 2 0
220 1 0
221 0 0
222 0 0
223 0 0
224 3 0
225 3 0
226 3 0
227 3 0
228 4 0
229 5 0
230 6 0
231 7 0
232 3 0
233 3 0
234 3 0
235 3 0
236 3 0
237 3 0
238 3 0
239 3 0
240 4 0
241 4 0
242 4 0
243 4 0
244 4 0
245 4 0
246 4 0
247 4 0
248 3 0
249 2 0
250 2 0
251 2 0
252 2 0
253 1 0
254 1 0
255 1 0

0 2 0
1 2 0
2 2 0
3 2 0
4 3 0
5 3 0
6 3 0
7 3 0
8 1 0
9 1 0
10 1 0
11 1 0
12 1 0
13 1 0
14 1 0
15 1 0
16 4 0
17 0 0
18 1 0
19 5 0
20 6 0
21 3 0
22 3 0
23 7 0
24 3 0
25 3 0
26 3 0
27 3 0
28 3 0
29 3 0
30 3 0
31 3 0
32 4 0
33 4 0
34 4 0
35 4 0
36 3 0
37 3 0
38 3 0
39 3 0
40 6 0
41 6 0
42 5 0
43 5 0
44 4 0
45 3 0
46 3 0
47 3 0
48 3 0
49 3 0
50 3 0
51 3 0
52 3 0
53 3 0
54 3 0
55 3 0
56 3 0
57 3 0
58 3 0
59 3 0
60 3 0
61 3 0
62 3 0
63 3 0
64 3 0
65 3 0
66 3 0
67 3 0
68 3 0
69 3 0
70 3 0
71 3 0
72 4 0
73 4 0
74 3 0
75 3 0
76 3 0
77 3 0
78 4 0
79 4 0
80 3 0
81 3 0
82 3 0
83 3 0
84 3 0
85 3 0
86 3 0
87 3 0
88 3 0
89 3 0
90 3 0
91 3 0
92 3 0
93 3 0
94 3 0
95 3 0
96 2 0
97 2 0
98 2 0
99 1 0
100 1 0
101 0 0
102 0 0
103 0 0
104 4 0
105 4 0
106 4 0
107 4 0
108 4 0
109 4 0
110 4 0
111 4 0
112 0 0
113 0 0
114 1 0
115 2 0
116 3 0
117 4 0
118 5 0
119 5 0
120 5 0
121 6 0
122 7 0
123 8 0
124 9 0
125 10 0
126 10 0
127 11 0
128 0 0
129 0 0
130 0 0
131 0 0
132 0 0
133 0 0
134 0 0
135 0 0
136 2 0
137 2 0
138 2 0
139 3 0
140 3 0
141 4 0
142 4 0
143 4 0
144 0 0
145 0 0
146 0 0
147 0 0
148 1 0
149 2 0
150 3 0
151 3 0
152 3 0
153 3 0
154 3 0
155 3 0
156 3 0
157 3 0
158 3 0
159 3 0
160 1 0
161 2 0
162 2 0
163 3 0
164 2 0
165 2 0
166 1 0
167 1 0
168 5 0
169 5 0
170 5 0
171 5 0
172 5 0
173 5 0
174 5 0
175 5 0
176 4 0
177 4 0
178 4 0
179 4 0
180 4 0
181 4 0
182 4 0
183 4 0
184 3 0
185 3 0
186 3 0
187 3 0
188 3 0
189 3 0
190 3 0
191 3 0
192 3 0
193 3 0
194 3 0
195 3 0
196 3 0
197 3 0
198 3 0
199 3 0
200 3 0
201 2 0
202 2 0
203 1 0
204 1 0
205 0 0
206 0 0
207 0 0
208 3 0
209 3 0
210 3 0
211 3 0
212 3 0
213 3 0
214 3 0
215 3 0
216 5 0
217 5 0
218 4 0
219 4 0
220 3 0
221 3 0
222 3 0
223 2 0
224 2 0
225 2 0
226 2 0
227 2 0
228 2 0
229 2 0
230 2 0
231 2 0
232 6 0
233 5 0
234 4 0
235 2 0
236 1 0
237 1 0
238 1 0
239 1 0
240 3 0
241 3 0
242 3 0
243 3 0
244 3 0
245 3 0
246 3 0
247 3 0
248 6 0
249 5 0
250 4 0
251 3 0
252 2 0
253 1 0
254 0 0
255 0 0

0 2 0
1 2 0
2 2 0
3 2 0
4 3 0
5 3 0
6 3 0
7 3 0
8 1 0
9 1 0
10 1 0
11 1 0
12 1 0
13 1 0
14 1 0
15 1 0
16 3 0
17 0 0
18 1 0
19 5 0
20 5 0
21 3 0
22 3 0
23 7 0
24 3 0
25 3 0
26 3 0
27 3 0
28 3 0
29 3 0
30 3 0
31 3 0
32 3 0
33 3 0
34 3 0
35 3 0
36 3 0
37 3 0
38 3 0
39 3 0
40 6 0
41 6 0
42 5 0
43 5 0
44 4 0
45 3 0
46 3 0
47 3 0
48 3 0
49 3 0
50 3 0
51 3 0
52 3 0
53 3 0
54 3 0
55 3 0
56 3 0
57 3 0
58 3 0
59 3 0
60 3 0
61 3 0
62 3 0
63 3 0
64 3 0
65 3 0
66 3 0
67 3 0
68 3 0
69 3 0
70 3 0
71 3 0
72 4 0
73 4 0
74 3 0
75 3 0
76 3 0
77 3 0
78 4 0
79 4 0
80 3 0
81 3 0
82 3 0
83 3 0
84 3 0
85 3 0
86 3 0
87 3 0
88 3 0
89 3 0
90 3 0
91 3 0
92 3 0
93 3 0
94 3 0
95 3 0
96 2 0
97 2 0
98 1 0
99 1 0
100 1 0
101 0 0
102 0 0
103 0 0
104 3 0
105 3 0
106 3 0
107 3 0
108 3 0
109 3 0
110 3 0
111 3 0
112 2 0
113 2 0
114 3 0
115 3 0
116 3 0
117 4 0
118 4 0
119 4 0
120 4 0
121 4 0
122 5 0
123 5 0
124 6 0
125 6 0
126 6 0
127 7 0
128 0 0
129 1 0
130 1 0
131 1 0
132 1 0
133 2 0
134 2 0
135 2 0
136 1 0
137 2 0
138 2 0
139 2 0
140 3 0
141 3 0
142 3 0
143 3 0
144 0 0
145 0 0
146 0 0
147 1 0
148 2 0
149 2 0
150 3 0
151 3 0
152 3 0
153 3 0
154 3 0
155 3 0
156 3 0
157 3 0
158 3 0
159 3 0
160 1 0
161 1 0
162 2 0
163 3 0
164 2 0
165 2 0
166 1 0
167 1 0
168 5 0
169 5 0
170 5 0
171 5 0
172 5 0
173 5 0
174 5 0
175 5 0
176 4 0
177 4 0
178 4 0
179 4 0
180 4 0
181 4 0
182 4 0
183 4 0
184 3 0
185 3 0
186 3 0
187 3 0
188 3 0
189 3 0
190 3 0
191 3 0
192 3 0
193 3 0
194 3 0
195 3 0
196 3 0
197 3 0
198 3 0
199 3 0
200 3 0
201 3 0
202 2 0
203 1 0
204 1 0
205 0 0
206 0 0
207 0 0
208 3 0
209 3 0
210 3 0
211 3 0
212 3 0
213 3 0
214 3 0
215 3 0
216 4 0
217 4 0
218 4 0
219 3 0
220 3 0
221 2 0
222 2 0
223 2 0
224 3 0
225 3 0
226 3 0
227 3 0
228 3 0
229 3 0
230 3 0
231 3 0
232 5 0
233 5 0
234 3 0
235 2 0
236 1 0
237 1 0
238 1 0
239 1 0
240 3 0
241 3 0
242 3 0
243 3 0
244 3 0
245 3 0
246 3 0
247 3 0
248 5 0
249 5 0
250 4 0
251 3 0
252 2 0
253 1 0
254 0 0
255 0 0

0 2 0
1 2 0
2 2 0
3 2 0
4 3 0
5 3 0
6 3 0
7 3 0
8 1 0
9 1 0
10 1 0
11 1 0
12 1 0
13 1 0
14 1 0
15 1 0
16 3 0
17 1 0
18 1 0
19 4 0
20 5 0
21 3 0
22 4 0
23 6 0
24 3 0
25 3 0
26 3 0
27 3 0
28 3 0
29 3 0
30 3 0
31 3 0
32 2 0
33 2 0
34 2 0
35 2 0
36 2 0
37 2 0
38 2 0
39 2 0
40 6 0
41 6 0
42 5 0
43 5 0
44 4 0
45 3 0
46 3 0
47 3 0
48 3 0
49 3 0
50 3 0
51 3 0
52 3 0
53 3 0
54 3 0
55 3 0
56 3 0
57 3 0
58 3 0
59 3 0
60 3 0
61 3 0
62 3 0
63 3 0
64 3 0
65 3 0
66 3 0
67 3 0
68 3 0
69 3 0
70 3 0
71 3 0
72 4 0
73 4 0
74 3 0
75 3 0
76 3 0
77 3 0
78 4 0
79 4 0
80 3 0
81 3 0
82 3 0
83 3 0
84 3 0
85 3 0
86 3 0
87 3 0
88 3 0
89 3 0
90 3 0
91 3 0
92 3 0
93 3 0
94 3 0
95 3 0
96 1 0
97 1 0
98 1 0
99 1 0
100 1 0
101 0 0
102 0 0
103 0 0
104 2 0
105 2 0
106 2 0
107 2 0
108 2 0
109 2 0
110 2 0
111 2 0
112 5 0
113 5 0
114 5 0
115 4 0
116 4 0
117 3 0
118 3 0
119 3 0
120 4 0
121 4 0
122 4 0
123 4 0
124 3 0
125 3 0
126 2 0
127 2 0
128 2 0
129 3 0
130 3 0
131 3 0
132 4 0
133 4 0
134 5 0
135 5 0
136 1 0
137 1 0
138 2 0
139 2 0
140 2 0
141 2 0
142 3 0
143 3 0
144 1 0
145 1 0
146 1 0
147 2 0
148 2 0
149 3 0
150 3 0
151 3 0
152 3 0
153 3 0
154 3 0
155 3 0
156 3 0
157 3 0
158 3 0
159 3 0
160 1 0
161 1 0
162 2 0
163 3 0
164 3 0
165 2 0
166 2 0
167 1 0
168 4 0
169 4 0
170 4 0
171 4 0
172 4 0
173 4 0
174 4 0
175 4 0
176 3 0
177 3 0
178 3 0
179 3 0
180 3 0
181 3 0
182 3 0
183 3 0
184 3 0
185 3 0
186 3 0
187 3 0
188 3 0
189 3 0
190 3 0
191 3 0
192 3 0
193 3 0
194 3 0
195 3 0
196 3 0
197 3 0
198 3 0
199 3 0
200 3 0
201 3 0
202 3 0
203 2 0
204 1 0
205 1 0
206 0 0
207 0 0
208 3 0
209 3 0
210 3 0
211 3 0
212 3 0
213 3 0
214 3 0
215 3 0
216 3 0
217 3 0
218 3 0
219 2 0
220 2 0
221 2 0
222 2 0
223 2 0
224 4 0
225 4 0
226 4 0
227 4 0
228 4 0
229 4 0
230 4 0
231 4 0
232 5 0
233 4 0
234 3 0
235 2 0
236 1 0
237 1 0
238 2 0
239 2 0
240 3 0
241 3 0
242 3 0
243 3 0
244 3 0
245 3 0
246 3 0
247 3 0
248 5 0
249 4 0
250 4 0
251 3 0
252 2 0
253 1 0
254 0 0
255 0 0

0 2 0
1 2 0
2 2 0
3 2 0
4 3 0
5 3 0
6 3 0
7 3 0
8 2 0
9 2 0
10 2 0
11 2 0
12 2 0
13 2 0
14 2 0
15 2 0
16 2 0
17 2 0
18 2 0
19 4 0
20 4 0
21 4 0
22 5 0
23 6 0
24 3 0
25 3 0
26 3 0
27 3 0
28 3 0
29 3 0
30 3 0
31 3 0
32 1 0
33 1 0
34 1 0
35 2 0
36 2 0
37 2 0
38 2 0
39 2 0
40 6 0
41 6 0
42 5 0
43 5 0
44 4 0
45 3 0
46 3 0
47 3 0
48 3 0
49 3 0
50 3 0
51 3 0
52 3 0
53 3 0
54 3 0
55 3 0
56 3 0
57 3 0
58 3 0
59 3 0
60 3 0
61 3 0
62 3 0
63 3 0
64 3 0
65 3 0
66 3 0
67 3 0
68 3 0
69 3 0
70 3 0
71 3 0
72 4 0
73 4 0
74 3 0
75 3 0
76 3 0
77 3 0
78 4 0
79 4 0
80 3 0
81 3 0
82 3 0
83 3 0
84 3 0
85 3 0
86 3 0
87 3 0
88 3 0
89 3 0
90 3 0
91 3 0
92 3 0
93 3 0
94 3 0
95 3 0
96 1 0
97 1 0
98 1 0
99 1 0
100 1 0
101 1 0
102 1 0
103 1 0
104 3 0
105 3 0
106 3 0
107 3 0
108 3 0
109 3 0
110 3 0
111 3 0
112 8 0
113 8 0
114 7 0
115 6 0
116 5 0
117 4 0
118 3 0
119 3 0
120 7 0
121 7 0
122 6 0
123 5 0
124 4 0
125 3 0
126 2 0
127 2 0
128 6 0
129 6 0
130 6 0
131 6 0
132 6 0
133 6 0
134 6 0
135 6 0
136 2 0
137 2 0
138 2 0
139 2 0
140 2 0
141 3 0
142 3 0
143 3 0
144 2 0
145 3 0
146 3 0
147 3 0
148 3 0
149 3 0
150 3 0
151 3 0
152 3 0
153 3 0
154 3 0
155 3 0
156 3 0
157 3 0
158 3 0
159 3 0
160 0 0
161 1 0
162 2 0
163 2 0
164 3 0
165 2 0
166 2 0
167 2 0
168 4 0
169 4 0
170 4 0
171 4 0
172 4 0
173 4 0
174 4 0
175 4 0
176 2 0
177 2 0
178 2 0
179 2 0
180 2 0
181 2 0
182 2 0
183 2 0
184 3 0
185 3 0
186 3 0
187 3 0
188 3 0
189 3 0
190 3 0
191 3 0
192 3 0
193 3 0
194 3 0
195 3 0
196 3 0
197 3 0
198 3 0
199 3 0
200 4 0
201 4 0
202 3 0
203 3 0
204 2 0
205 1 0
206 1 0
207 1 0
208 3 0
209 3 0
210 3 0
211 3 0
212 3 0
213 3 0
214 3 0
215 3 0
216 2 0
217 2 0
218 2 0
219 2 0
220 2 0
221 1 0
222 1 0
223 1 0
224 3 0
225 3 0
226 3 0
227 3 0
228 3 0
229 3 0
230 3 0
231 3 0
232 4 0
233 3 0
234 3 0
235 2 0
236 2 0
237 2 0
238 3 0
239 3 0
240 3 0
241 3 0
242 3 0
243 3 0
244 3 0
245 3 0
246 3 0
247 3 0
248 4 0
249 4 0
250 3 0
251 2 0
252 1 0
253 1 0
254 0 0
255 0 0

0 2 0
1 2 0
2 2 0
3 2 0
4 3 0
5 3 0
6 3 0
7 3 0
8 3 0
9 3 0
10 3 0
11 3 0
12 3 0
13 3 0
14 3 0
15 3 0
16 1 0
17 2 0
18 3 0
19 3 0
20 3 0
21 5 0
22 5 0
23 5 0
24 3 0
25 3 0
26 3 0
27 3 0
28 3 0
29 3 0
30 3 0
31 3 0
32 0 0
33 1 0
34 1 0
35 1 0
36 2 0
37 2 0
38 3 0
39 3 0
40 6 0
41 6 0
42 5 0
43 5 0
44 4 0
45 3 0
46 3 0
47 3 0
48 3 0
49 3 0
50 3 0
51 3 0
52 3 0
53 3 0
54 3 0
55 3 0
56 3 0
57 3 0
58 3 0
59 3 0
60 3 0
61 3 0
62 3 0
63 3 0
64 3 0
65 3 0
66 3 0
67 3 0
68 3 0
69 3 0
70 3 0
71 3 0
72 4 0
73 4 0
74 3 0
75 3 0
76 3 0
77 3 0
78 4 0
79 4 0
80 3 0
81 3 0
82 3 0
83 3 0
84 3 0
85 3 0
86 3 0
87 3 0
88 3 0
89 3 0
90 3 0
91 3 0
92 3 0
93 3 0
94 3 0
95 3 0
96 2 0
97 2 0
98 2 0
99 2 0
100 2 0
101 2 0
102 2 0
103 2 0
104 4 0
105 4 0
106 4 0
107 4 0
108 4 0
109 4 0
110 4 0
111 4 0
112 9 0
113 9 0
114 8 0
115 7 0
116 6 0
117 5 0
118 4 0
119 4 0
120 11 0
121 11 0
122 10 0
123 9 0
124 8 0
125 7 0
126 6 0
127 6 0
128 10 0
129 10 0
130 9 0
131 9 0
132 8 0
133 7 0
134 6 0
135 6 0
136 4 0
137 4 0
138 4 0
139 4 0
140 4 0
141 4 0
142 4 0
143 4 0
144 4 0
145 4 0
146 4 0
147 4 0
148 4 0
149 4 0
150 4 0
151 4 0
152 3 0
153 3 0
154 3 0
155 3 0
156 3 0
157 3 0
158 3 0
159 3 0
160 0 0
161 0 0
162 1 0
163 2 0
164 3 0
165 3 0
166 2 0
167 2 0
168 3 0
169 3 0
170 3 0
171 3 0
172 3 0
173 3 0
174 3 0
175 3 0
176 2 0
177 2 0
178 2 0
179 2 0
180 2 0
181 2 0
182 2 0
183 2 0
184 3 0
185 3 0
186 3 0
187 3 0
188 3 0
189 3 0
190 3 0
191 3 0
192 3 0
193 3 0
194 3 0
195 3 0
196 3 0
197 3 0
198 3 0
199 3 0
200 5 0
201 4 0
202 4 0
203 3 0
204 3 0
205 2 0
206 1 0
207 1 0
208 3 0
209 3 0
210 3 0
211 3 0
212 3 0
213 3 0
214 3 0
215 3 0
216 1 0
217 1 0
218 1 0
219 2 0
220 2 0
221 2 0
222 2 0
223 2 0
224 2 0
225 2 0
226 2 0
227 2 0
228 2 0
229 2 0
230 2 0
231 2 0
232 3 0
233 3 0
234 2 0
235 2 0
236 2 0
237 3 0
238 3 0
239 4 0
240 3 0
241 3 0
242 3 0
243 3 0
244 3 0
245 3 0
246 3 0
247 3 0
248 3 0
249 3 0
250 2 0
251 2 0
252 1 0
253 1 0
254 0 0
255 0 0

0 2 0
1 2 0
2 2 0
3 2 0
4 3 0
5 3 0
6 3 0
7 3 0
8 3 0
9 3 0
10 3 0
11 3 0
12 3 0
13 3 0
14 3 0
15 3 0
16 1 0
17 3 0
18 4 0
19 2 0
20 3 0
21 6 0
22 6 0
23 4 0
24 3 0
25 3 0
26 3 0
27 3 0
28 3 0
29 3 0
30 3 0
31 3 0
32 1 0
33 1 0
34 1 0
35 2 0
36 3 0
37 3 0
38 4 0
39 4 0
40 6 0
41 6 0
42 5 0
43 5 0
44 4 0
45 3 0
46 3 0
47 3 0
48 3 0
49 3 0
50 3 0
51 3 0
52 3 0
53 3 0
54 3 0
55 3 0
56 3 0
57 3 0
58 3 0
59 3 0
60 3 0
61 3 0
62 3 0
63 3 0
64 3 0
65 3 0
66 3 0
67 3 0
68 3 0
69 3 0
70 3 0
71 3 0
72 4 0
73 4 0
74 3 0
75 3 0
76 3 0
77 3 0
78 4 0
79 4 0
80 3 0
81 3 0
82 3 0
83 3 0
84 3 0
85 3 0
86 3 0
87 3 0
88 3 0
89 3 0
90 3 0
91 3 0
92 3 0
93 3 0
94 3 0
95 3 0
96 3 0
97 3 0
98 3 0
99 4 0
100 4 0
101 4 0
102 4 0
103 4 0
104 6 0
105 6 0
106 6 0
107 6 0
108 6 0
109 6 0
110 6 0
111 6 0
112 9 0
113 9 0
114 9 0
115 8 0
116 8 0
117 7 0
118 7 0
119 7 0
120 14 0
121 13 0
122 13 0
123 13 0
124 12 0
125 12 0
126 11 0
127 11 0
128 12 0
129 11 0
130 11 0
131 10 0
132 9 0
133 8 0
134 8 0
135 7 0
136 8 0
137 7 0
138 7 0
139 7 0
140 7 0
141 6 0
142 6 0
143 6 0
144 6 0
145 6 0
146 6 0
147 5 0
148 5 0
149 4 0
150 4 0
151 4 0
152 3 0
153 3 0
154 3 0
155 3 0
156 3 0
157 3 0
158 3 0
159 3 0
160 0 0
161 0 0
162 1 0
163 2 0
164 3 0
165 3 0
166 3 0
167 2 0
168 3 0
169 3 0
170 3 0
171 3 0
172 3 0
173 3 0
174 3 0
175 3 0
176 3 0
177 3 0
178 3 0
179 3 0
180 3 0
181 3 0
182 3 0
183 3 0
184 3 0
185 3 0
186 3 0
187 3 0
188 3 0
189 3 0
190 3 0
191 3 0
192 3 0
193 3 0
194 3 0
195 3 0
196 3 0
197 3 0
198 3 0
199 3 0
200 5 0
201 5 0
202 5 0
203 4 0
204 3 0
205 3 0
206 2 0
207 2 0
208 3 0
209 3 0
210 3 0
211 3 0
212 3 0
213 3 0
214 3 0
215 3 0
216 2 0
217 2 0
218 2 0
219 2 0
220 2 0
221 3 0
222 3 0
223 3 0
224 2 0
225 2 0
226 2 0
227 2 0
228 2 0
229 2 0
230 2 0
231 2 0
232 2 0
233 2 0
234 2 0
235 2 0
236 2 0
237 3 0
238 4 0
239 5 0
240 3 0
241 3 0
242 3 0
243 3 0
244 3 0
245 3 0
246 3 0
247 3 0
248 2 0
249 2 0
250 2 0
251 1 0
252 1 0
253 1 0
254 0 0
255 0 0

0 2 0
1 2 0
2 2 0
3 2 0
4 3 0
5 3 0
6 3 0
7 3 0
8 4 0
9 4 0
10 4 0
11 4 0
12 4 0
13 4 0
14 4 0
15 4 0
16 0 0
17 4 0
18 4 0
19 2 0
20 2 0
21 6 0
22 7 0
23 4 0
24 3 0
25 3 0
26 3 0
27 3 0
28 3 0
29 3 0
30 3 0
31 3 0
32 1 0
33 1 0
34 2 0
35 3 0
36 3 0
37 4 0
38 5 0
39 5 0
40 6 0
41 6 0
42 5 0
43 5 0
44 4 0
45 3 0
46 3 0
47 3 0
48 3 0
49 3 0
50 3 0
51 3 0
52 3 0
53 3 0
54 3 0
55 3 0
56 3 0
57 3 0
58 3 0
59 3 0
60 3 0
61 3 0
62 3 0
63 3 0
64 3 0
65 3 0
66 3 0
67 3 0
68 3 0
69 3 0
70 3 0
71 3 0
72 4 0
73 4 0
74 3 0
75 3 0
76 3 0
77 3 0
78 4 0
79 4 0
80 3 0
81 3 0
82 3 0
83 3 0
84 3 0
85 3 0
86 3 0
87 3 0
88 3 0
89 3 0
90 3 0
91 3 0
92 3 0
93 3 0
94 3 0
95 3 0
96 4 0
97 4 0
98 5 0
99 5 0
100 5 0
101 6 0
102 6 0
103 6 0
104 9 0
105 9 0
106 9 0
107 9 0
108 9 0
109 9 0
110 9 0
111 9 0
112 8 0
113 8 0
114 8 0
115 9 0
116 9 0
117 10 0
118 10 0
119 10 0
120 12 0
121 13 0
122 13 0
123 13 0
124 14 0
125 14 0
126 15 0
127 15 0
128 10 0
129 10 0
130 10 0
131 10 0
132 10 0
133 10 0
134 10 0
135 10 0
136 11 0
137 10 0
138 10 0
139 10 0
140 9 0
141 9 0
142 9 0
143 9 0
144 8 0
145 7 0
146 7 0
147 6 0
148 5 0
149 5 0
150 4 0
151 4 0
152 3 0
153 3 0
154 3 0
155 3 0
156 3 0
157 3 0
158 3 0
159 3 0
160 0 0
161 0 0
162 1 0
163 2 0
164 3 0
165 3 0
166 3 0
167 3 0
168 2 0
169 2 0
170 2 0
171 2 0
172 2 0
173 2 0
174 2 0
175 2 0
176 4 0
177 4 0
178 4 0
179 4 0
180 4 0
181 4 0
182 4 0
183 4 0
184 3 0
185 3 0
186 3 0
187 3 0
188 3 0
189 3 0
190 3 0
191 3 0
192 3 0
193 3 0
194 3 0
195 3 0
196 3 0
197 3 0
198 3 0
199 3 0
200 6 0
201 6 0
202 5 0
203 4 0
204 4 0
205 3 0
206 3 0
207 2 0
208 3 0
209 3 0
210 3 0
211 3 0
212 3 0
213 3 0
214 3 0
215 3 0
216 2 0
217 2 0
218 2 0
219 3 0
220 3 0
221 4 0
222 4 0
223 4 0
224 2 0
225 2 0
226 2 0
227 2 0
228 2 0
229 2 0
230 2 0
231 2 0
232 1 0
233 1 0
234 1 0
235 1 0
236 2 0
237 3 0
238 5 0
239 5 0
240 3 0
241 3 0
242 3 0
243 3 0
244 3 0
245 3 0
246 3 0
247 3 0
248 2 0
249 2 0
250 1 0
251 1 0
252 1 0
253 1 0
254 0 0
255 0 0

0 2 0
1 2 0
2 2 0
3 2 0
4 3 0
5 3 0
6 3 0
7 3 0
8 4 0
9 4 0
10 4 0
11 4 0
12 4 0
13 4 0
14 4 0
15 4 0
16 0 0
17 4 0
18 4 0
19 1 0
20 2 0
21 6 0
22 7 0
23 3 0
24 3 0
25 3 0
26 3 0
27 3 0
28 3 0
29 3 0
30 3 0
31 3 0
32 2 0
33 2 0
34 2 0
35 3 0
36 4 0
37 5 0
38 5 0
39 6 0
40 6 0
41 6 0
42 5 0
43 5 0
44 4 0
45 3 0
46 3 0
47 3 0
48 3 0
49 3 0
50 3 0
51 3 0
52 3 0
53 3 0
54 3 0
55 3 0
56 3 0
57 3 0
58 3 0
59 3 0
60 3 0
61 3 0
62 3 0
63 3 0
64 3 0
65 3 0
66 3 0
67 3 0
68 3 0
69 3 0
70 3 0
71 3 0
72 4 0
73 4 0
74 3 0
75 3 0
76 3 0
77 3 0
78 4 0
79 4 0
80 3 0
81 3 0
82 3 0
83 3 0
84 3 0
85 3 0
86 3 0
87 3 0
88 3 0
89 3 0
90 3 0
91 3 0
92 3 0
93 3 0
94 3 0
95 3 0
96 5 0
97 5 0
98 5 0
99 6 0
100 6 0
101 7 0
102 7 0
103 7 0
104 11 0
105 11 0
106 11 0
107 11 0
108 11 0
109 11 0
110 11 0
111 11 0
112 7 0
113 7 0
114 8 0
115 9 0
116 10 0
117 11 0
118 12 0
119 12 0
120 10 0
121 11 0
122 12 0
123 13 0
124 14 0
125 15 0
126 16 0
127 16 0
128 7 0
129 8 0
130 9 0
131 10 0
132 11 0
133 12 0
134 13 0
135 13 0
136 13 0
137 13 0
138 12 0
139 12 0
140 11 0
141 11 0
142 10 0
143 10 0
144 8 0
145 8 0
146 7 0
147 7 0
148 6 0
149 5 0
150 4 0
151 4 0
152 3 0
153 3 0
154 3 0
155 3 0
156 3 0
157 3 0
158 3 0
159 3 0
160 0 0
161 0 0
162 1 0
163 2 0
164 3 0
165 3 0
166 3 0
167 3 0
168 2 0
169 2 0
170 2 0
171 2 0
172 2 0
173 2 0
174 2 0
175 2 0
176 4 0
177 4 0
178 4 0
179 4 0
180 4 0
181 4 0
182 4 0
183 4 0
184 3 0
185 3 0
186 3 0
187 3 0
188 3 0
189 3 0
190 3 0
191 3 0
192 3 0
193 3 0
194 3 0
195 3 0
196 3 0
197 3 0
198 3 0
199 3 0
200 6 0
201 6 0
202 5 0
203 5 0
204 4 0
205 3 0
206 3 0
207 3 0
208 3 0
209 3 0
210 3 0
211 3 0
212 3 0
213 3 0
214 3 0
215 3 0
216 2 0
217 3 0
218 3 0
219 3 0
220 4 0
221 4 0
222 5 0
223 5 0
224 3 0
225 3 0
226 3 0
227 3 0
228 3 0
229 3 0
230 3 0
231 3 0
232 1 0
233 1 0
234 1 0
235 1 0
236 2 0
237 4 0
238 5 0
239 6 0
240 3 0
241 3 0
242 3 0
243 3 0
244 3 0
245 3 0
246 3 0
247 3 0
248 1 0
249 1 0
250 1 0
251 1 0
252 1 0
253 1 0
254 0 0
255 0 0

0 3 0
1 3 0
2 3 0
3 3 0
4 3 0
5 3 0
6 3 0
7 3 0
8 0 0
9 2 0
10 4 0
11 5 0
12 5 0
13 4 0
14 2 0
15 0 0
16 3 0
17 3 0
18 3 0
19 3 0
20 3 0
21 3 0
22 3 0
23 3 0
24 3 0
25 3 0
26 3 0
27 3 0
28 3 0
29 3 0
30 3 0
31 3 0
32 4 0
33 3 0
34 1 0
35 0 0
36 0 0
37 1 0
38 3 0
39 4 0
40 3 0
41 3 0
42 3 0
43 3 0
44 3 0
45 3 0
46 3 0
47 3 0
48 1 0
49 1 0
50 2 0
51 2 0
52 3 0
53 3 0
54 4 0
55 4 0
56 3 0
57 3 0
58 3 0
59 3 0
60 3 0
61 3 0
62 3 0
63 3 0
64 3 0
65 3 0
66 3 0
67 3 0
68 3 0
69 3 0
70 3 0
71 3 0
72 3 0
73 3 0
74 3 0
75 3 0
76 3 0
77 3 0
78 3 0
79 3 0
80 8 0
81 8 0
82 8 0
83 5 0
84 2 0
85 1 0
86 1 0
87 2 0
88 0 0
89 1 0
90 1 0
91 0 0
92 0 0
93 4 0
94 11 0
95 17 0
96 12 0
97 13 0
98 15 0
99 15 0
100 9 0
101 2 0
102 4 0
103 9 0
104 19 0
105 7 0
106 3 0
107 10 0
108 12 0
109 7 0
110 8 0
111 16 0
112 8 0
113 3 0
114 8 0
115 16 0
116 16 0
117 19 0
118 19 0
119 11 0
120 13 0
121 20 0
122 6 0
123 4 0
124 12 0
125 23 0
126 28 0
127 9 0
128 8 0
129 4 0
130 9 0
131 18 0
132 23 0
133 26 0
134 15 0
135 0 0
136 17 0
137 1 0
138 0 0
139 11 0
140 13 0
141 2 0
142 1 0
143 11 0
144 3 0
145 4 0
146 7 0
147 12 0
148 15 0
149 14 0
150 8 0
151 3 0
152 9 0
153 8 0
154 3 0
155 0 0
156 0 0
157 2 0
158 6 0
159 4 0
160 4 0
161 3 0
162 2 0
163 1 0
164 1 0
165 1 0
166 1 0
167 1 0
168 0 0
169 0 0
170 1 0
171 2 0
172 3 0
173 3 0
174 2 0
175 2 0
176 4 0
177 4 0
178 4 0
179 3 0
180 2 0
181 2 0
182 1 0
183 1 0
184 1 0
185 2 0
186 3 0
187 4 0
188 4 0
189 3 0
190 2 0
191 1 0
192 2 0
193 2 0
194 2 0
195 2 0
196 2 0
197 2 0
198 2 0
199 2 0
200 2 0
201 2 0
202 1 0
203 1 0
204 2 0
205 3 0
206 5 0
207 6 0
208 5 0
209 5 0
210 5 0
211 5 0
212 4 0
213 3 0
214 1 0
215 0 0
216 3 0
217 3 0
218 3 0
219 3 0
220 3 0
221 3 0
222 3 0
223 3 0
224 3 0
225 3 0
226 3 0
227 3 0
228 3 0
229 3 0
230 3 0
231 3 0
232 3 0
233 3 0
234 3 0
235 3 0
236 3 0
237 3 0
238 3 0
239 3 0
240 3 0
241 3 0
242 3 0
243 3 0
244 3 0
245 3 0
246 3 0
247 3 0
248 6 0
249 4 0
250 3 0
251 3 0
252 4 0
253 4 0
254 3 0
255 1 0

0 3 0
1 3 0
2 3 0
3 3 0
4 3 0
5 3 0
6 3 0
7 3 0
8 0 0
9 2 0
10 4 0
11 5 0
12 5 0
13 4 0
14 2 0
15 0 0
16 3 0
17 3 0
18 3 0
19 3 0
20 3 0
21 3 0
22 3 0
23 3 0
24 3 0
25 3 0
26 3 0
27 3 0
28 3 0
29 3 0
30 3 0
31 3 0
32 4 0
33 3 0
34 1 0
35 0 0
36 0 0
37 1 0
38 3 0
39 4 0
40 3 0
41 3 0
42 3 0
43 3 0
44 3 0
45 3 0
46 3 0
47 3 0
48 2 0
49 2 0
50 2 0
51 2 0
52 3 0
53 3 0
54 3 0
55 3 0
56 3 0
57 3 0
58 3 0
59 3 0
60 3 0
61 3 0
62 3 0
63 3 0
64 3 0
65 3 0
66 3 0
67 3 0
68 3 0
69 3 0
70 3 0
71 3 0
72 3 0
73 3 0
74 3 0
75 3 0
76 3 0
77 3 0
78 3 0
79 3 0
80 7 0
81 7 0
82 7 0
83 5 0
84 2 0
85 1 0
86 1 0
87 3 0
88 0 0
89 0 0
90 0 0
91 3 0
92 8 0
93 9 0
94 6 0
95 3 0
96 11 0
97 6 0
98 2 0
99 1 0
100 1 0
101 1 0
102 7 0
103 14 0
104 11 0
105 4 0
106 4 0
107 12 0
108 17 0
109 13 0
110 10 0
111 11 0
112 31 0
113 19 0
114 17 0
115 27 0
116 40 0
117 50 0
118 51 0
119 44 0
120 41 0
121 47 0
122 45 0
123 54 0
124 48 0
125 38 0
126 52 0
127 61 0
128 66 0
129 57 0
130 54 0
131 50 0
132 38 0
133 34 0
134 35 0
135 31 0
136 14 0
137 9 0
138 10 0
139 17 0
140 19 0
141 12 0
142 7 0
143 6 0
144 6 0
145 15 0
146 22 0
147 16 0
148 4 0
149 0 0
150 9 0
151 21 0
152 3 0
153 9 0
154 11 0
155 8 0
156 6 0
157 7 0
158 5 0
159 1 0
160 2 0
161 2 0
162 2 0
163 1 0
164 2 0
165 3 0
166 4 0
167 4 0
168 1 0
169 2 0
170 2 0
171 3 0
172 3 0
173 3 0
174 2 0
175 2 0
176 4 0
177 4 0
178 4 0
179 3 0
180 2 0
181 2 0
182 1 0
183 1 0
184 1 0
185 2 0
186 3 0
187 4 0
188 4 0
189 3 0
190 2 0
191 1 0
192 3 0
193 3 0
194 3 0
195 3 0
196 3 0
197 3 0
198 3 0
199 3 0
200 2 0
201 2 0
202 1 0
203 1 0
204 2 0
205 3 0
206 5 0
207 5 0
208 4 0
209 4 0
210 5 0
211 5 0
212 4 0
213 3 0
214 2 0
215 1 0
216 3 0
217 3 0
218 3 0
219 3 0
220 3 0
221 3 0
222 3 0
223 3 0
224 3 0
225 3 0
226 3 0
227 3 0
228 3 0
229 3 0
230 3 0
231 3 0
232 3 0
233 3 0
234 3 0
235 3 0
236 3 0
237 3 0
238 3 0
239 3 0
240 3 0
241 3 0
242 3 0
243 3 0
244 3 0
245 3 0
246 3 0
247 3 0
248 6 0
249 4 0
250 3 0
251 3 0
252 4 0
253 4 0
254 3 0
255 1 0

0 3 0
1 3 0
2 3 0
3 3 0
4 3 0
5 3 0
6 3 0
7 3 0
8 0 0
9 2 0
10 4 0
11 5 0
12 5 0
13 4 0
14 2 0
15 0 0
16 3 0
17 3 0
18 3 0
19 3 0
20 3 0
21 3 0
22 3 0
23 3 0
24 3 0
25 3 0
26 3 0
27 3 0
28 3 0
29 3 0
30 3 0
31 3 0
32 4 0
33 3 0
34 2 0
35 1 0
36 1 0
37 2 0
38 3 0
39 4 0
40 3 0
41 3 0
42 3 0
43 3 0
44 3 0
45 3 0
46 3 0
47 3 0
48 3 0
49 3 0
50 3 0
51 3 0
52 2 0
53 2 0
54 2 0
55 2 0
56 3 0
57 3 0
58 3 0
59 3 0
60 3 0
61 3 0
62 3 0
63 3 0
64 3 0
65 3 0
66 3 0
67 3 0
68 3 0
69 3 0
70 3 0
71 3 0
72 3 0
73 3 0
74 3 0
75 3 0
76 3 0
77 3 0
78 3 0
79 3 0
80 5 0
81 6 0
82 5 0
83 4 0
84 2 0
85 1 0
86 2 0
87 3 0
88 3 0
89 5 0
90 6 0
91 4 0
92 2 0
93 3 0
94 6 0
95 10 0
96 11 0
97 14 0
98 19 0
99 17 0
100 9 0
101 0 0
102 0 0
103 5 0
104 23 0
105 22 0
106 23 0
107 33 0
108 49 0
109 64 0
110 75 0
111 80 0
112 81 0
113 100 0
114 105 0
115 87 0
116 76 0
117 82 0
118 83 0
119 73 0
120 60 0
121 74 0
122 83 0
123 93 0
124 78 0
125 56 0
126 68 0
127 81 0
128 74 0
129 76 0
130 78 0
131 71 0
132 65 0
133 77 0
134 87 0
135 81 0
136 77 0
137 72 0
138 59 0
139 43 0
140 31 0
141 23 0
142 15 0
143 7 0
144 0 0
145 7 0
146 16 0
147 19 0
148 13 0
149 7 0
150 5 0
151 5 0
152 10 0
153 14 0
154 14 0
155 10 0
156 7 0
157 7 0
158 9 0
159 9 0
160 1 0
161 1 0
162 1 0
163 1 0
164 2 0
165 4 0
166 5 0
167 6 0
168 3 0
169 3 0
170 4 0
171 4 0
172 4 0
173 4 0
174 3 0
175 2 0
176 4 0
177 4 0
178 4 0
179 3 0
180 2 0
181 2 0
182 1 0
183 1 0
184 1 0
185 2 0
186 4 0
187 5 0
188 5 0
189 4 0
190 2 0
191 1 0
192 3 0
193 3 0
194 3 0
195 3 0
196 3 0
197 3 0
198 3 0
199 3 0
200 2 0
201 1 0
202 1 0
203 1 0
204 2 0
205 3 0
206 4 0
207 5 0
208 3 0
209 4 0
210 4 0
211 5 0
212 5 0
213 4 0
214 3 0
215 3 0
216 3 0
217 3 0
218 3 0
219 3 0
220 3 0
221 3 0
222 3 0
223 3 0
224 3 0
225 3 0
226 3 0
227 3 0
228 3 0
229 3 0
230 3 0
231 3 0
232 3 0
233 3 0
234 3 0
235 3 0
236 3 0
237 3 0
238 3 0
239 3 0
240 3 0
241 3 0
242 3 0
243 3 0
244 3 0
245 3 0
246 3 0
247 3 0
248 5 0
249 4 0
250 3 0
251 3 0
252 4 0
253 4 0
254 3 0
255 2 0

0 3 0
1 3 0
2 3 0
3 3 0
4 3 0
5 3 0
6 3 0
7 3 0
8 0 0
9 2 0
10 4 0
11 5 0
12 5 0
13 4 0
14 2 0
15 0 0
16 3 0
17 3 0
18 3 0
19 3 0
20 3 0
21 3 0
22 3 0
23 3 0
24 3 0
25 3 0
26 3 0
27 3 0
28 3 0
29 3 0
30 3 0
31 3 0
32 4 0
33 4 0
34 3 0
35 2 0
36 2 0
37 3 0
38 4 0
39 4 0
40 3 0
41 3 0
42 3 0
43 3 0
44 3 0
45 3 0
46 3 0
47 3 0
48 4 0
49 4 0
50 3 0
51 3 0
52 2 0
53 2 0
54 1 0
55 1 0
56 3 0
57 3 0
58 3 0
59 3 0
60 3 0
61 3 0
62 3 0
63 3 0
64 3 0
65 3 0
66 3 0
67 3 0
68 3 0
69 3 0
70 3 0
71 3 0
72 4 0
73 4 0
74 4 0
75 4 0
76 4 0
77 4 0
78 4 0
79 4 0
80 3 0
81 4 0
82 4 0
83 3 0
84 2 0
85 2 0
86 3 0
87 5 0
88 14 0
89 11 0
90 7 0
91 5 0
92 5 0
93 7 0
94 7 0
95 7 0
96 0 0
97 4 0
98 10 0
99 8 0
100 1 0
101 7 0
102 31 0
103 56 0
104 72 0
105 76 0
106 77 0
107 74 0
108 73 0
109 74 0
110 72 0
111 68 0
112 63 0
113 66 0
114 57 0
115 39 0
116 28 0
117 21 0
118 20 0
119 24 0
120 12 0
121 32 0
122 33 0
123 28 0
124 13 0
125 2 0
126 13 0
127 13 0
128 18 0
129 26 0
130 27 0
131 15 0
132 21 0
133 53 0
134 63 0
135 42 0
136 65 0
137 72 0
138 79 0
139 81 0
140 79 0
141 77 0
142 76 0
143 75 0
144 44 0
145 33 0
146 19 0
147 9 0
148 6 0
149 5 0
150 4 0
151 2 0
152 11 0
153 11 0
154 10 0
155 8 0
156 8 0
157 10 0
158 11 0
159 11 0
160 1 0
161 1 0
162 1 0
163 1 0
164 2 0
165 3 0
166 4 0
167 5 0
168 4 0
169 5 0
170 5 0
171 5 0
172 5 0
173 4 0
174 3 0
175 3 0
176 4 0
177 4 0
178 4 0
179 3 0
180 2 0
181 2 0
182 1 0
183 1 0
184 2 0
185 3 0
186 4 0
187 5 0
188 5 0
189 4 0
190 3 0
191 2 0
192 4 0
193 4 0
194 4 0
195 4 0
196 4 0
197 4 0
198 4 0
199 4 0
200 1 0
201 1 0
202 1 0
203 2 0
204 3 0
205 3 0
206 4 0
207 5 0
208 3 0
209 3 0
210 4 0
211 5 0
212 5 0
213 5 0
214 4 0
215 4 0
216 3 0
217 3 0
218 3 0
219 3 0
220 3 0
221 3 0
222 3 0
223 3 0
224 3 0
225 3 0
226 3 0
227 3 0
228 3 0
229 3 0
230 3 0
231 3 0
232 3 0
233 3 0
234 3 0
235 3 0
236 3 0
237 3 0
238 3 0
239 3 0
240 3 0
241 3 0
242 3 0
243 3 0
244 3 0
245 3 0
246 3 0
247 3 0
248 5 0
249 3 0
250 2 0
251 3 0
252 4 0
253 5 0
254 4 0
255 2 0

0 3 0
1 3 0
2 3 0
3 3 0
4 3 0
5 3 0
6 3 0
7 3 0
8 0 0
9 2 0
10 4 0
11 5 0
12 5 0
13 4 0
14 2 0
15 0 0
16 3 0
17 3 0
18 3 0
19 3 0
20 3 0
21 3 0
22 3 0
23 3 0
24 3 0
25 3 0
26 3 0
27 3 0
28 3 0
29 3 0
30 3 0
31 3 0
32 4 0
33 4 0
34 4 0
35 3 0
36 3 0
37 4 0
38 4 0
39 4 0
40 3 0
41 3 0
42 3 0
43 3 0
44 3 0
45 3 0
46 3 0
47 3 0
48 4 0
49 4 0
50 3 0
51 3 0
52 2 0
53 2 0
54 1 0
55 1 0
56 3 0
57 3 0
58 3 0
59 3 0
60 3 0
61 3 0
62 3 0
63 3 0
64 3 0
65 3 0
66 3 0
67 3 0
68 3 0
69 3 0
70 3 0
71 3 0
72 5 0
73 5 0
74 5 0
75 5 0
76 5 0
77 5 0
78 5 0
79 5 0
80 1 0
81 3 0
82 3 0
83 3 0
84 2 0
85 3 0
86 5 0
87 7 0
88 14 0
89 5 0
90 0 0
91 3 0
92 13 0
93 15 0
94 7 0
95 0 0
96 2 0
97 15 0
98 36 0
99 54 0
100 62 0
101 70 0
102 83 0
103 97 0
104 70 0
105 67 0
106 54 0
107 33 0
108 19 0
109 17 0
110 24 0
111 28 0
112 16 0
113 28 0
114 47 0
115 65 0
116 53 0
117 14 0
118 6 0
119 37 0
120 26 0
121 41 0
122 40 0
123 35 0
124 18 0
125 8 0
126 26 0
127 34 0
128 53 0
129 48 0
130 41 0
131 29 0
132 22 0
133 33 0
134 39 0
135 29 0
136 25 0
137 25 0
138 31 0
139 41 0
140 47 0
141 56 0
142 79 0
143 102 0
144 107 0
145 98 0
146 83 0
147 63 0
148 42 0
149 24 0
150 11 0
151 4 0
152 6 0
153 4 0
154 4 0
155 7 0
156 11 0
157 12 0
158 10 0
159 8 0
160 3 0
161 2 0
162 1 0
163 1 0
164 0 0
165 0 0
166 1 0
167 1 0
168 4 0
169 4 0
170 5 0
171 5 0
172 5 0
173 5 0
174 4 0
175 4 0
176 4 0
177 4 0
178 4 0
179 3 0
180 2 0
181 2 0
182 1 0
183 1 0
184 2 0
185 3 0
186 4 0
187 5 0
188 5 0
189 4 0
190 3 0
191 2 0
192 3 0
193 3 0
194 3 0
195 3 0
196 3 0
197 3 0
198 3 0
199 3 0
200 1 0
201 1 0
202 2 0
203 3 0
204 3 0
205 4 0
206 4 0
207 4 0
208 3 0
209 4 0
210 5 0
211 5 0
212 5 0
213 5 0
214 5 0
215 4 0
216 3 0
217 3 0
218 3 0
219 3 0
220 3 0
221 3 0
222 3 0
223 3 0
224 3 0
225 3 0
226 3 0
227 3 0
228 3 0
229 3 0
230 3 0
231 3 0
232 3 0
233 3 0
234 3 0
235 3 0
236 3 0
237 3 0
238 3 0
239 3 0
240 3 0
241 3 0
242 3 0
243 3 0
244 3 0
245 3 0
246 3 0
247 3 0
248 4 0
249 3 0
250 2 0
251 3 0
252 4 0
253 5 0
254 4 0
255 3 0

0 3 0
1 3 0
2 3 0
3 3 0
4 3 0
5 3 0
6 3 0
7 3 0
8 0 0
9 2 0
10 4 0
11 5 0
12 5 0
13 4 0
14 2 0
15 0 0
16 3 0
17 3 0
18 3 0
19 3 0
20 3 0
21 3 0
22 3 0
23 3 0
24 3 0
25 3 0
26 3 0
27 3 0
28 3 0
29 3 0
30 3 0
31 3 0
32 5 0
33 4 0
34 4 0
35 4 0
36 4 0
37 4 0
38 4 0
39 5 0
40 3 0
41 3 0
42 3 0
43 3 0
44 3 0
45 3 0
46 3 0
47 3 0
48 3 0
49 3 0
50 3 0
51 3 0
52 2 0
53 2 0
54 2 0
55 2 0
56 3 0
57 3 0
58 3 0
59 3 0
60 3 0
61 3 0
62 3 0
63 3 0
64 3 0
65 3 0
66 3 0
67 3 0
68 3 0
69 3 0
70 3 0
71 3 0
72 5 0
73 5 0
74 5 0
75 5 0
76 5 0
77 5 0
78 5 0
79 5 0
80 1 0
81 2 0
82 3 0
83 4 0
84 4 0
85 5 0
86 8 0
87 10 0
88 4 0
89 5 0
90 4 0
91 1 0
92 1 0
93 8 0
94 19 0
95 29 0
96 56 0
97 61 0
98 74 0
99 92 0
100 97 0
101 80 0
102 51 0
103 30 0
104 19 0
105 23 0
106 27 0
107 31 0
108 37 0
109 52 0
110 73 0
111 89 0
112 87 0
113 125 0
114 139 0
115 136 0
116 143 0
117 136 0
118 113 0
119 102 0
120 105 0
121 118 0
122 135 0
123 155 0
124 137 0
125 104 0
126 118 0
127 143 0
128 143 0
129 133 0
130 144 0
131 158 0
132 138 0
133 112 0
134 114 0
135 130 0
136 107 0
137 92 0
138 75 0
139 61 0
140 43 0
141 30 0
142 37 0
143 53 0
144 70 0
145 66 0
146 67 0
147 76 0
148 85 0
149 80 0
150 60 0
151 42 0
152 31 0
153 20 0
154 8 0
155 3 0
156 3 0
157 6 0
158 13 0
159 20 0
160 6 0
161 5 0
162 3 0
163 2 0
164 0 0
165 0 0
166 0 0
167 0 0
168 3 0
169 3 0
170 4 0
171 5 0
172 5 0
173 5 0
174 5 0
175 5 0
176 4 0
177 4 0
178 4 0
179 3 0
180 2 0
181 2 0
182 1 0
183 1 0
184 2 0
185 3 0
186 5 0
187 6 0
188 6 0
189 5 0
190 3 0
191 2 0
192 3 0
193 3 0
194 3 0
195 3 0
196 3 0
197 3 0
198 3 0
199 3 0
200 0 0
201 1 0
202 2 0
203 3 0
204 4 0
205 4 0
206 4 0
207 4 0
208 4 0
209 5 0
210 5 0
211 6 0
212 6 0
213 5 0
214 4 0
215 4 0
216 3 0
217 3 0
218 3 0
219 3 0
220 3 0
221 3 0
222 3 0
223 3 0
224 3 0
225 3 0
226 3 0
227 3 0
228 3 0
229 3 0
230 3 0
231 3 0
232 3 0
233 3 0
234 3 0
235 3 0
236 3 0
237 3 0
238 3 0
239 3 0
240 3 0
241 3 0
242 3 0
243 3 0
244 3 0
245 3 0
246 3 0
247 3 0
248 4 0
249 3 0
250 2 0
251 3 0
252 4 0
253 5 0
254 4 0
255 3 0

0 3 0
1 3 0
2 3 0
3 3 0
4 3 0
5 3 0
6 3 0
7 3 0
8 0 0
9 2 0
10 4 0
11 5 0
12 5 0
13 4 0
14 2 0
15 0 0
16 3 0
17 3 0
18 3 0
19 3 0
20 3 0
21 3 0
22 3 0
23 3 0
24 3 0
25 3 0
26 3 0
27 3 0
28 3 0
29 3 0
30 3 0
31 3 0
32 5 0
33 5 0
34 5 0
35 5 0
36 5 0
37 5 0
38 5 0
39 5 0
40 3 0
41 3 0
42 3 0
43 3 0
44 3 0
45 3 0
46 3 0
47 3 0
48 2 0
49 2 0
50 2 0
51 2 0
52 3 0
53 3 0
54 3 0
55 3 0
56 3 0
57 3 0
58 3 0
59 3 0
60 3 0
61 3 0
62 3 0
63 3 0
64 3 0
65 3 0
66 3 0
67 3 0
68 3 0
69 3 0
70 3 0
71 3 0
72 6 0
73 6 0
74 6 0
75 6 0
76 6 0
77 6 0
78 6 0
79 6 0
80 0 0
81 2 0
82 4 0
83 4 0
84 5 0
85 7 0
86 10 0
87 12 0
88 4 0
89 11 0
90 17 0
91 17 0
92 19 0
93 30 0
94 52 0
95 70 0
96 84 0
97 61 0
98 38 0
99 31 0
100 37 0
101 40 0
102 39 0
103 36 0
104 57 0
105 77 0
106 114 0
107 150 0
108 165 0
109 156 0
110 144 0
111 138 0
112 168 0
113 174 0
114 119 0
115 74 0
116 131 0
117 202 0
118 184 0
119 129 0
120 145 0
121 153 0
122 168 0
123 196 0
124 184 0
125 151 0
126 161 0
127 182 0
128 167 0
129 163 0
130 186 0
131 211 0
132 199 0
133 176 0
134 182 0
135 200 0
136 195 0
137 194 0
138 192 0
139 183 0
140 163 0
141 134 0
142 105 0
143 86 0
144 54 0
145 27 0
146 3 0
147 12 0
148 48 0
149 81 0
150 92 0
151 89 0
152 72 0
153 58 0
154 40 0
155 22 0
156 7 0
157 3 0
158 11 0
159 24 0
160 8 0
161 7 0
162 5 0
163 3 0
164 2 0
165 1 0
166 1 0
167 1 0
168 1 0
169 1 0
170 3 0
171 4 0
172 5 0
173 6 0
174 6 0
175 5 0
176 4 0
177 4 0
178 4 0
179 3 0
180 2 0
181 2 0
182 1 0
183 1 0
184 3 0
185 4 0
186 5 0
187 6 0
188 6 0
189 5 0
190 4 0
191 3 0
192 1 0
193 1 0
194 1 0
195 1 0
196 1 0
197 1 0
198 1 0
199 1 0
200 0 0
201 1 0
202 2 0
203 3 0
204 4 0
205 4 0
206 4 0
207 3 0
208 6 0
209 6 0
210 6 0
211 6 0
212 6 0
213 5 0
214 4 0
215 3 0
216 3 0
217 3 0
218 3 0
219 3 0
220 3 0
221 3 0
222 3 0
223 3 0
224 3 0
225 3 0
226 3 0
227 3 0
228 3 0
229 3 0
230 3 0
231 3 0
232 3 0
233 3 0
234 3 0
235 3 0
236 3 0
237 3 0
238 3 0
239 3 0
240 3 0
241 3 0
242 3 0
243 3 0
244 3 0
245 3 0
246 3 0
247 3 0
248 3 0
249 2 0
250 2 0
251 3 0
252 4 0
253 5 0
254 5 0
255 3 0

0 3 0
1 3 0
2 3 0
3 3 0
4 3 0
5 3 0
6 3 0
7 3 0
8 0 0
9 2 0
10 4 0
11 5 0
12 5 0
13 4 0
14 2 0
15 0 0
16 3 0
17 3 0
18 3 0
19 3 0
20 3 0
21 3 0
22 3 0
23 3 0
24 3 0
25 3 0
26 3 0
27 3 0
28 3 0
29 3 0
30 3 0
31 3 0
32 5 0
33 5 0
34 5 0
35 6 0
36 6 0
37 5 0
38 5 0
39 5 0
40 3 0
41 3 0
42 3 0
43 3 0
44 3 0
45 3 0
46 3 0
47 3 0
48 1 0
49 1 0
50 2 0
51 2 0
52 3 0
53 3 0
54 4 0
55 4 0
56 3 0
57 3 0
58 3 0
59 3 0
60 3 0
61 3 0
62 3 0
63 3 0
64 3 0
65 3 0
66 3 0
67 3 0
68 3 0
69 3 0
70 3 0
71 3 0
72 6 0
73 6 0
74 6 0
75 6 0
76 6 0
77 6 0
78 6 0
79 6 0
80 0 0
81 2 0
82 4 0
83 5 0
84 6 0
85 8 0
86 11 0
87 14 0
88 13 0
89 10 0
90 18 0
91 43 0
92 73 0
93 88 0
94 81 0
95 68 0
96 50 0
97 29 0
98 9 0
99 11 0
100 40 0
101 88 0
102 140 0
103 175 0
104 159 0
105 164 0
106 185 0
107 209 0
108 209 0
109 183 0
110 154 0
111 141 0
112 139 0
113 147 0
114 103 0
115 70 0
116 122 0
117 188 0
118 200 0
119 190 0
120 185 0
121 181 0
122 168 0
123 173 0
124 173 0
125 168 0
126 185 0
127 194 0
128 175 0
129 172 0
130 176 0
131 178 0
132 175 0
133 183 0
134 198 0
135 202 0
136 202 0
137 206 0
138 206 0
139 205 0
140 211 0
141 214 0
142 200 0
143 179 0
144 152 0
145 113 0
146 61 0
147 27 0
148 20 0
149 31 0
150 44 0
151 50 0
152 92 0
153 88 0
154 80 0
155 62 0
156 33 0
157 8 0
158 1 0
159 6 0
160 9 0
161 8 0
162 7 0
163 5 0
164 4 0
165 3 0
166 3 0
167 3 0
168 0 0
169 0 0
170 2 0
171 3 0
172 5 0
173 6 0
174 6 0
175 6 0
176 4 0
177 4 0
178 4 0
179 3 0
180 2 0
181 2 0
182 1 0
183 1 0
184 3 0
185 4 0
186 5 0
187 6 0
188 6 0
189 5 0
190 4 0
191 3 0
192 1 0
193 1 0
194 1 0
195 1 0
196 1 0
197 1 0
198 1 0
199 1 0
200 0 0
201 1 0
202 2 0
203 4 0
204 4 0
205 4 0
206 4 0
207 3 0
208 7 0
209 7 0
210 7 0
211 6 0
212 6 0
213 4 0
214 3 0
215 2 0
216 3 0
217 3 0
218 3 0
219 3 0
220 3 0
221 3 0
222 3 0
223 3 0
224 3 0
225 3 0
226 3 0
227 3 0
228 3 0
229 3 0
230 3 0
231 3 0
232 3 0
233 3 0
234 3 0
235 3 0
236 3 0
237 3 0
238 3 0
239 3 0
240 3 0
241 3 0
242 3 0
243 3 0
244 3 0
245 3 0
246 3 0
247 3 0
248 3 0
249 2 0
250 2 0
251 3 0
252 4 0
253 5 0
254 5 0
255 4 0

0 3 0
1 4 0
2 4 0
3 4 0
4 5 0
5 5 0
6 5 0
7 5 0
8 7 0
9 7 0
10 7 0
11 7 0
12 7 0
13 7 0
14 7 0
15 7 0
16 5 0
17 5 0
18 5 0
19 5 0
20 5 0
21 5 0
22 5 0
23 5 0
24 3 0
25 3 0
26 3 0
27 3 0
28 3 0
29 3 0
30 3 0
31 3 0
32 0 0
33 0 0
34 0 0
35 1 0
36 3 0
37 4 0
38 4 0
39 3 0
40 5 0
41 5 0
42 5 0
43 5 0
44 5 0
45 5 0
46 5 0
47 6 0
48 3 0
49 3 0
50 3 0
51 3 0
52 3 0
53 3 0
54 3 0
55 3 0
56 1 0
57 1 0
58 2 0
59 2 0
60 3 0
61 3 0
62 4 0
63 4 0
64 3 0
65 3 0
66 3 0
67 3 0
68 3 0
69 3 0
70 3 0
71 3 0
72 1 0
73 3 0
74 4 0
75 5 0
76 10 0
77 16 0
78 12 0
79 3 0
80 0 0
81 10 0
82 8 0
83 0 0
84 4 0
85 8 0
86 7 0
87 10 0
88 21 0
89 60 0
90 93 0
91 98 0
92 84 0
93 66 0
94 47 0
95 29 0
96 55 0
97 75 0
98 98 0
99 123 0
100 163 0
101 205 0
102 219 0
103 212 0
104 188 0
105 162 0
106 147 0
107 162 0
108 183 0
109 184 0
110 168 0
111 154 0
112 154 0
113 150 0
114 144 0
115 139 0
116 141 0
117 141 0
118 129 0
119 115 0
120 115 0
121 109 0
122 91 0
123 77 0
124 84 0
125 104 0
126 111 0
127 105 0
128 109 0
129 120 0
130 112 0
131 101 0
132 113 0
133 135 0
134 148 0
135 154 0
136 158 0
137 182 0
138 186 0
139 181 0
140 196 0
141 211 0
142 203 0
143 191 0
144 200 0
145 211 0
146 175 0
147 155 0
148 143 0
149 103 0
150 67 0
151 38 0
152 22 0
153 55 0
154 67 0
155 90 0
156 89 0
157 55 0
158 32 0
159 3 0
160 9 0
161 14 0
162 15 0
163 10 0
164 5 0
165 3 0
166 2 0
167 0 0
168 1 0
169 2 0
170 4 0
171 6 0
172 6 0
173 6 0
174 6 0
175 5 0
176 9 0
177 7 0
178 4 0
179 4 0
180 6 0
181 6 0
182 4 0
183 1 0
184 3 0
185 3 0
186 3 0
187 3 0
188 3 0
189 3 0
190 3 0
191 3 0
192 1 0
193 1 0
194 1 0
195 2 0
196 2 0
197 2 0
198 2 0
199 2 0
200 1 0
201 2 0
202 3 0
203 2 0
204 1 0
205 0 0
206 1 0
207 3 0
208 5 0
209 4 0
210 4 0
211 3 0
212 2 0
213 1 0
214 1 0
215 1 0
216 3 0
217 3 0
218 3 0
219 4 0
220 6 0
221 6 0
222 5 0
223 4 0
224 8 0
225 8 0
226 7 0
227 5 0
228 3 0
229 2 0
230 1 0
231 0 0
232 7 0
233 7 0
234 6 0
235 6 0
236 5 0
237 4 0
238 4 0
239 3 0
240 5 0
241 5 0
242 4 0
243 4 0
244 3 0
245 2 0
246 2 0
247 2 0
248 6 0
249 3 0
250 2 0
251 3 0
252 5 0
253 6 0
254 3 0
255 0 0

0 3 0
1 4 0
2 4 0
3 4 0
4 5 0
5 5 0
6 5 0
7 5 0
8 7 0
9 7 0
10 7 0
11 7 0
12 7 0
13 7 0
14 7 0
15 7 0
16 5 0
17 5 0
18 5 0
19 5 0
20 5 0
21 5 0
22 5 0
23 5 0
24 3 0
25 3 0
26 3 0
27 3 0
28 3 0
29 3 0
30 3 0
31 3 0
32 2 0
33 1 0
34 1 0
35 2 0
36 4 0
37 5 0
38 5 0
39 4 0
40 5 0
41 5 0
42 5 0
43 5 0
44 5 0
45 5 0
46 5 0
47 5 0
48 3 0
49 3 0
50 3 0
51 3 0
52 3 0
53 3 0
54 3 0
55 3 0
56 2 0
57 2 0
58 2 0
59 2 0
60 3 0
61 3 0
62 3 0
63 3 0
64 3 0
65 3 0
66 3 0
67 3 0
68 3 0
69 3 0
70 3 0
71 3 0
72 12 0
73 9 0
74 2 0
75 0 0
76 2 0
77 9 0
78 9 0
79 3 0
80 13 0
81 3 0
82 0 0
83 6 0
84 10 0
85 1 0
86 13 0
87 47 0
88 89 0
89 91 0
90 97 0
91 56 0
92 23 0
93 33 0
94 54 0
95 95 0
96 130 0
97 164 0
98 213 0
99 244 0
100 236 0
101 205 0
102 183 0
103 179 0
104 177 0
105 154 0
106 136 0
107 134 0
108 134 0
109 121 0
110 103 0
111 92 0
112 72 0
113 61 0
114 54 0
115 54 0
116 47 0
117 30 0
118 16 0
119 11 0
120 14 0
121 10 0
122 0 0
123 0 0
124 10 0
125 30 0
126 31 0
127 18 0
128 10 0
129 14 0
130 17 0
131 23 0
132 26 0
133 23 0
134 29 0
135 46 0
136 77 0
137 94 0
138 105 0
139 124 0
140 154 0
141 171 0
142 191 0
143 222 0
144 234 0
145 216 0
146 207 0
147 242 0
148 255 0
149 232 0
150 183 0
151 114 0
152 66 0
153 47 0
154 42 0
155 58 0
156 90 0
157 106 0
158 81 0
159 51 0
160 0 0
161 16 0
162 21 0
163 9 0
164 1 0
165 6 0
166 8 0
167 1 0
168 0 0
169 1 0
170 2 0
171 4 0
172 5 0
173 5 0
174 6 0
175 6 0
176 7 0
177 5 0
178 5 0
179 5 0
180 6 0
181 6 0
182 5 0
183 4 0
184 3 0
185 3 0
186 3 0
187 3 0
188 3 0
189 3 0
190 3 0
191 3 0
192 2 0
193 2 0
194 2 0
195 2 0
196 2 0
197 2 0
198 2 0
199 2 0
200 1 0
201 2 0
202 3 0
203 3 0
204 1 0
205 1 0
206 2 0
207 3 0
208 4 0
209 4 0
210 4 0
211 3 0
212 2 0
213 2 0
214 1 0
215 1 0
216 4 0
217 4 0
218 4 0
219 5 0
220 5 0
221 5 0
222 4 0
223 3 0
224 8 0
225 8 0
226 6 0
227 5 0
228 4 0
229 2 0
230 1 0
231 1 0
232 7 0
233 7 0
234 6 0
235 6 0
236 5 0
237 4 0
238 4 0
239 3 0
240 5 0
241 5 0
242 4 0
243 4 0
244 3 0
245 2 0
246 2 0
247 2 0
248 6 0
249 3 0
250 2 0
251 3 0
252 5 0
253 6 0
254 3 0
255 0 0

0 3 0
1 4 0
2 4 0
3 4 0
4 5 0
5 5 0
6 5 0
7 5 0
8 6 0
9 6 0
10 6 0
11 6 0
12 6 0
13 6 0
14 6 0
15 6 0
16 5 0
17 5 0
18 5 0
19 5 0
20 5 0
21 5 0
22 5 0
23 5 0
24 3 0
25 3 0
26 3 0
27 3 0
28 3 0
29 3 0
30 3 0
31 3 0
32 4 0
33 3 0
34 2 0
35 3 0
36 5 0
37 6 0
38 6 0
39 5 0
40 5 0
41 5 0
42 5 0
43 5 0
44 5 0
45 5 0
46 5 0
47 5 0
48 3 0
49 3 0
50 3 0
51 3 0
52 3 0
53 3 0
54 3 0
55 3 0
56 3 0
57 3 0
58 3 0
59 3 0
60 2 0
61 2 0
62 2 0
63 2 0
64 3 0
65 3 0
66 3 0
67 3 0
68 3 0
69 3 0
70 3 0
71 3 0
72 9 0
73 7 0
74 5 0
75 5 0
76 10 0
77 12 0
78 7 0
79 0 0
80 0 0
81 9 0
82 0 0
83 0 0
84 12 0
85 50 0
86 80 0
87 98 0
88 70 0
89 36 0
90 41 0
91 31 0
92 66 0
93 134 0
94 163 0
95 208 0
96 191 0
97 188 0
98 199 0
99 221 0
100 222 0
101 192 0
102 157 0
103 139 0
104 121 0
105 94 0
106 64 0
107 47 0
108 36 0
109 23 0
110 10 0
111 5 0
112 4 0
113 0 0
114 0 0
115 9 0
116 15 0
117 15 0
118 16 0
119 20 0
120 1 0
121 5 0
122 4 0
123 3 0
124 13 0
125 25 0
126 23 0
127 12 0
128 6 0
129 6 0
130 14 0
131 23 0
132 21 0
133 14 0
134 21 0
135 37 0
136 14 0
137 27 0
138 25 0
139 30 0
140 47 0
141 49 0
142 71 0
143 120 0
144 175 0
145 179 0
146 219 0
147 246 0
148 212 0
149 207 0
150 247 0
151 248 0
152 153 0
153 94 0
154 76 0
155 57 0
156 54 0
157 75 0
158 79 0
159 95 0
160 79 0
161 31 0
162 0 0
163 4 0
164 15 0
165 7 0
166 1 0
167 6 0
168 5 0
169 4 0
170 4 0
171 4 0
172 4 0
173 4 0
174 5 0
175 5 0
176 4 0
177 5 0
178 6 0
179 6 0
180 5 0
181 5 0
182 6 0
183 7 0
184 3 0
185 3 0
186 3 0
187 3 0
188 3 0
189 3 0
190 3 0
191 3 0
192 4 0
193 3 0
194 3 0
195 2 0
196 2 0
197 1 0
198 1 0
199 1 0
200 2 0
201 3 0
202 4 0
203 4 0
204 2 0
205 2 0
206 3 0
207 4 0
208 4 0
209 4 0
210 3 0
211 3 0
212 2 0
213 2 0
214 1 0
215 1 0
216 5 0
217 5 0
218 6 0
219 6 0
220 5 0
221 4 0
222 3 0
223 2 0
224 7 0
225 7 0
226 6 0
227 5 0
228 4 0
229 3 0
230 2 0
231 1 0
232 7 0
233 7 0
234 6 0
235 6 0
236 5 0
237 4 0
238 4 0
239 3 0
240 5 0
241 5 0
242 4 0
243 4 0
244 3 0
245 2 0
246 2 0
247 2 0
248 6 0
249 3 0
250 2 0
251 3 0
252 5 0
253 6 0
254 3 0
255 0 0

0 3 0
1 4 0
2 4 0
3 4 0
4 5 0
5 5 0
6 5 0
7 5 0
8 6 0
9 6 0
10 6 0
11 6 0
12 6 0
13 6 0
14 6 0
15 6 0
16 5 0
17 5 0
18 5 0
19 5 0
20 5 0
21 5 0
22 5 0
23 5 0
24 3 0
25 3 0
26 3 0
27 3 0
28 3 0
29 3 0
30 3 0
31 3 0
32 5 0
33 4 0
34 3 0
35 4 0
36 5 0
37 6 0
38 5 0
39 4 0
40 5 0
41 5 0
42 5 0
43 5 0
44 4 0
45 4 0
46 4 0
47 4 0
48 3 0
49 3 0
50 3 0
51 3 0
52 3 0
53 3 0
54 3 0
55 3 0
56 4 0
57 4 0
58 3 0
59 3 0
60 2 0
61 2 0
62 1 0
63 1 0
64 3 0
65 3 0
66 3 0
67 3 0
68 3 0
69 3 0
70 3 0
71 3 0
72 3 0
73 4 0
74 6 0
75 10 0
76 15 0
77 16 0
78 10 0
79 3 0
80 9 0
81 10 0
82 10 0
83 27 0
84 63 0
85 84 0
86 84 0
87 82 0
88 28 0
89 50 0
90 105 0
91 141 0
92 179 0
93 215 0
94 219 0
95 229 0
96 219 0
97 201 0
98 174 0
99 148 0
100 129 0
101 107 0
102 75 0
103 48 0
104 13 0
105 2 0
106 0 0
107 7 0
108 20 0
109 24 0
110 19 0
111 13 0
112 21 0
113 17 0
114 9 0
115 6 0
116 13 0
117 25 0
118 30 0
119 29 0
120 1 0
121 13 0
122 18 0
123 14 0
124 11 0
125 16 0
126 19 0
127 17 0
128 22 0
129 27 0
130 37 0
131 42 0
132 45 0
133 53 0
134 56 0
135 49 0
136 57 0
137 74 0
138 57 0
139 34 0
140 29 0
141 15 0
142 12 0
143 40 0
144 60 0
145 75 0
146 115 0
147 123 0
148 93 0
149 121 0
150 204 0
151 248 0
152 222 0
153 175 0
154 174 0
155 163 0
156 110 0
157 67 0
158 50 0
159 58 0
160 99 0
161 90 0
162 59 0
163 20 0
164 3 0
165 9 0
166 10 0
167 1 0
168 13 0
169 12 0
170 9 0
171 6 0
172 4 0
173 2 0
174 2 0
175 2 0
176 3 0
177 6 0
178 7 0
179 6 0
180 4 0
181 3 0
182 5 0
183 7 0
184 3 0
185 3 0
186 3 0
187 3 0
188 3 0
189 3 0
190 3 0
191 3 0
192 5 0
193 4 0
194 4 0
195 3 0
196 2 0
197 1 0
198 1 0
199 0 0
200 3 0
201 4 0
202 5 0
203 4 0
204 3 0
205 2 0
206 3 0
207 5 0
208 4 0
209 4 0
210 3 0
211 3 0
212 2 0
213 2 0
214 2 0
215 1 0
216 4 0
217 5 0
218 6 0
219 6 0
220 5 0
221 3 0
222 3 0
223 3 0
224 7 0
225 6 0
226 6 0
227 5 0
228 4 0
229 3 0
230 2 0
231 2 0
232 7 0
233 7 0
234 6 0
235 6 0
236 5 0
237 4 0
238 4 0
239 3 0
240 5 0
241 5 0
242 4 0
243 4 0
244 3 0
245 2 0
246 2 0
247 2 0
248 6 0
249 3 0
250 2 0
251 3 0
252 5 0
253 6 0
254 3 0
255 0 0

0 3 0
1 4 0
2 4 0
3 4 0
4 5 0
5 5 0
6 5 0
7 5 0
8 5 0
9 5 0
10 5 0
11 5 0
12 5 0
13 5 0
14 5 0
15 5 0
16 4 0
17 4 0
18 4 0
19 4 0
20 4 0
21 4 0
22 4 0
23 4 0
24 3 0
25 3 0
26 3 0
27 3 0
28 3 0
29 3 0
30 3 0
31 3 0
32 6 0
33 4 0
34 3 0
35 4 0
36 5 0
37 5 0
38 4 0
39 3 0
40 5 0
41 5 0
42 5 0
43 4 0
44 4 0
45 4 0
46 3 0
47 3 0
48 3 0
49 3 0
50 3 0
51 3 0
52 3 0
53 3 0
54 3 0
55 3 0
56 4 0
57 4 0
58 3 0
59 3 0
60 2 0
61 2 0
62 1 0
63 1 0
64 3 0
65 3 0
66 3 0
67 3 0
68 3 0
69 3 0
70 3 0
71 3 0
72 5 0
73 3 0
74 3 0
75 5 0
76 7 0
77 7 0
78 6 0
79 6 0
80 11 0
81 0 0
82 30 0
83 97 0
84 108 0
85 54 0
86 39 0
87 79 0
88 117 0
89 160 0
90 189 0
91 221 0
92 234 0
93 227 0
94 222 0
95 194 0
96 182 0
97 154 0
98 112 0
99 79 0
100 65 0
101 53 0
102 29 0
103 3 0
104 18 0
105 12 0
106 9 0
107 13 0
108 22 0
109 32 0
110 43 0
111 50 0
112 59 0
113 38 0
114 18 0
115 14 0
116 13 0
117 7 0
118 0 0
119 0 0
120 5 0
121 12 0
122 17 0
123 18 0
124 24 0
125 35 0
126 42 0
127 43 0
128 52 0
129 45 0
130 54 0
131 71 0
132 79 0
133 86 0
134 79 0
135 59 0
136 73 0
137 85 0
138 75 0
139 63 0
140 58 0
141 37 0
142 19 0
143 28 0
144 28 0
145 34 0
146 33 0
147 23 0
148 41 0
149 93 0
150 148 0
151 186 0
152 201 0
153 196 0
154 213 0
155 241 0
156 210 0
157 154 0
158 112 0
159 60 0
160 42 0
161 85 0
162 112 0
163 84 0
164 31 0
165 1 0
166 2 0
167 13 0
168 14 0
169 12 0
170 9 0
171 6 0
172 3 0
173 2 0
174 1 0
175 1 0
176 5 0
177 7 0
178 8 0
179 7 0
180 4 0
181 2 0
182 3 0
183 5 0
184 3 0
185 3 0
186 3 0
187 3 0
188 3 0
189 3 0
190 3 0
191 3 0
192 5 0
193 5 0
194 4 0
195 3 0
196 2 0
197 2 0
198 1 0
199 1 0
200 3 0
201 4 0
202 5 0
203 4 0
204 3 0
205 2 0
206 3 0
207 5 0
208 3 0
209 3 0
210 3 0
211 3 0
212 2 0
213 2 0
214 2 0
215 2 0
216 1 0
217 4 0
218 6 0
219 6 0
220 4 0
221 4 0
222 4 0
223 6 0
224 6 0
225 5 0
226 5 0
227 5 0
228 4 0
229 4 0
230 3 0
231 3 0
232 7 0
233 7 0
234 6 0
235 6 0
236 5 0
237 4 0
238 4 0
239 3 0
240 5 0
241 5 0
242 4 0
243 4 0
244 3 0
245 2 0
246 2 0
247 2 0
248 6 0
249 3 0
250 2 0
251 3 0
252 5 0
253 6 0
254 3 0
255 0 0

0 3 0
1 4 0
2 4 0
3 4 0
4 5 0
5 5 0
6 5 0
7 5 0
8 4 0
9 4 0
10 4 0
11 4 0
12 4 0
13 4 0
14 4 0
15 4 0
16 4 0
17 4 0
18 4 0
19 4 0
20 4 0
21 4 0
22 4 0
23 4 0
24 3 0
25 3 0
26 3 0
27 3 0
28 3 0
29 3 0
30 3 0
31 3 0
32 7 0
33 5 0
34 4 0
35 4 0
36 5 0
37 5 0
38 3 0
39 2 0
40 5 0
41 5 0
42 5 0
43 4 0
44 4 0
45 3 0
46 3 0
47 2 0
48 3 0
49 3 0
50 3 0
51 3 0
52 3 0
53 3 0
54 3 0
55 3 0
56 3 0
57 3 0
58 3 0
59 3 0
60 2 0
61 2 0
62 2 0
63 2 0
64 3 0
65 3 0
66 3 0
67 3 0
68 3 0
69 3 0
70 3 0
71 3 0
72 0 0
73 2 0
74 7 0
75 10 0
76 7 0
77 1 0
78 0 0
79 1 0
80 11 0
81 56 0
82 95 0
83 92 0
84 58 0
85 39 0
86 83 0
87 151 0
88 231 0
89 227 0
90 187 0
91 207 0
92 227 0
93 209 0
94 187 0
95 124 0
96 78 0
97 56 0
98 42 0
99 50 0
100 64 0
101 62 0
102 46 0
103 33 0
104 20 0
105 27 0
106 32 0
107 28 0
108 24 0
109 33 0
110 57 0
111 78 0
112 68 0
113 37 0
114 26 0
115 44 0
116 49 0
117 27 0
118 13 0
119 18 0
120 3 0
121 2 0
122 5 0
123 19 0
124 43 0
125 63 0
126 67 0
127 62 0
128 68 0
129 29 0
130 27 0
131 54 0
132 61 0
133 57 0
134 57 0
135 53 0
136 62 0
137 53 0
138 53 0
139 63 0
140 58 0
141 30 0
142 15 0
143 24 0
144 34 0
145 56 0
146 48 0
147 19 0
148 37 0
149 66 0
150 80 0
151 113 0
152 155 0
153 206 0
154 235 0
155 252 0
156 232 0
157 204 0
158 176 0
159 107 0
160 68 0
161 49 0
162 56 0
163 86 0
164 90 0
165 53 0
166 16 0
167 5 0
168 8 0
169 8 0
170 6 0
171 5 0
172 4 0
173 3 0
174 3 0
175 3 0
176 7 0
177 8 0
178 8 0
179 6 0
180 4 0
181 3 0
182 3 0
183 3 0
184 3 0
185 3 0
186 3 0
187 3 0
188 3 0
189 3 0
190 3 0
191 3 0
192 5 0
193 4 0
194 4 0
195 3 0
196 3 0
197 2 0
198 2 0
199 2 0
200 2 0
201 3 0
202 4 0
203 4 0
204 2 0
205 2 0
206 3 0
207 4 0
208 3 0
209 3 0
210 3 0
211 3 0
212 3 0
213 2 0
214 2 0
215 2 0
216 0 0
217 3 0
218 6 0
219 6 0
220 4 0
221 3 0
222 5 0
223 7 0
224 5 0
225 5 0
226 5 0
227 4 0
228 4 0
229 4 0
230 4 0
231 4 0
232 7 0
233 7 0
234 6 0
235 6 0
236 5 0
237 4 0
238 4 0
239 3 0
240 5 0
241 5 0
242 4 0
243 4 0
244 3 0
245 2 0
246 2 0
247 2 0
248 6 0
249 3 0
250 2 0
251 3 0
252 5 0
253 6 0
254 3 0
255 0 0

0 3 0
1 4 0
2 4 0
3 4 0
4 5 0
5 5 0
6 5 0
7 5 0
8 4 0
9 4 0
10 4 0
11 4 0
12 4 0
13 4 0
14 4 0
15 4 0
16 4 0
17 4 0
18 4 0
19 4 0
20 4 0
21 4 0
22 4 0
23 4 0
24 3 0
25 3 0
26 3 0
27 3 0
28 3 0
29 3 0
30 3 0
31 3 0
32 9 0
33 7 0
34 6 0
35 5 0
36 6 0
37 6 0
38 4 0
39 3 0
40 6 0
41 5 0
42 5 0
43 4 0
44 3 0
45 3 0
46 2 0
47 2 0
48 3 0
49 3 0
50 3 0
51 3 0
52 3 0
53 3 0
54 3 0
55 3 0
56 2 0
57 2 0
58 2 0
59 2 0
60 3 0
61 3 0
62 3 0
63 3 0
64 3 0
65 3 0
66 3 0
67 3 0
68 3 0
69 3 0
70 3 0
71 3 0
72 2 0
73 5 0
74 10 0
75 12 0
76 9 0
77 7 0
78 16 0
79 28 0
80 70 0
81 121 0
82 121 0
83 69 0
84 63 0
85 123 0
86 186 0
87 215 0
88 245 0
89 220 0
90 177 0
91 178 0
92 167 0
93 120 0
94 81 0
95 37 0
96 28 0
97 51 0
98 78 0
99 89 0
100 82 0
101 68 0
102 56 0
103 50 0
104 40 0
105 57 0
106 73 0
107 73 0
108 59 0
109 45 0
110 41 0
111 42 0
112 63 0
113 49 0
114 48 0
115 63 0
116 71 0
117 61 0
118 47 0
119 43 0
120 29 0
121 31 0
122 37 0
123 52 0
124 70 0
125 80 0
126 75 0
127 65 0
128 56 0
129 14 0
130 13 0
131 39 0
132 37 0
133 33 0
134 44 0
135 47 0
136 42 0
137 25 0
138 27 0
139 35 0
140 21 0
141 11 0
142 18 0
143 25 0
144 38 0
145 51 0
146 54 0
147 43 0
148 63 0
149 63 0
150 24 0
151 20 0
152 44 0
153 107 0
154 159 0
155 185 0
156 213 0
157 246 0
158 250 0
159 220 0
160 168 0
161 128 0
162 65 0
163 36 0
164 77 0
165 120 0
166 83 0
167 8 0
168 8 0
169 8 0
170 8 0
171 8 0
172 8 0
173 7 0
174 6 0
175 6 0
176 7 0
177 6 0
178 5 0
179 5 0
180 5 0
181 5 0
182 4 0
183 3 0
184 3 0
185 3 0
186 3 0
187 3 0
188 3 0
189 3 0
190 3 0
191 3 0
192 4 0
193 4 0
194 3 0
195 3 0
196 3 0
197 3 0
198 3 0
199 3 0
200 1 0
201 2 0
202 3 0
203 3 0
204 1 0
205 1 0
206 2 0
207 3 0
208 2 0
209 2 0
210 3 0
211 3 0
212 3 0
213 3 0
214 3 0
215 3 0
216 1 0
217 4 0
218 7 0
219 7 0
220 4 0
221 2 0
222 4 0
223 6 0
224 4 0
225 4 0
226 4 0
227 4 0
228 4 0
229 5 0
230 5 0
231 5 0
232 7 0
233 7 0
234 6 0
235 6 0
236 5 0
237 4 0
238 4 0
239 3 0
240 5 0
241 5 0
242 4 0
243 4 0
244 3 0
245 2 0
246 2 0
247 2 0
248 6 0
249 3 0
250 2 0
251 3 0
252 5 0
253 6 0
254 3 0
255 0 0

0 3 0
1 4 0
2 4 0
3 4 0
4 5 0
5 5 0
6 5 0
7 5 0
8 3 0
9 3 0
10 3 0
11 3 0
12 3 0
13 3 0
14 3 0
15 3 0
16 3 0
17 3 0
18 3 0
19 3 0
20 3 0
21 3 0
22 3 0
23 3 0
24 3 0
25 3 0
26 3 0
27 3 0
28 3 0
29 3 0
30 3 0
31 3 0
32 10 0
33 9 0
34 7 0
35 7 0
36 7 0
37 7 0
38 5 0
39 4 0
40 6 0
41 5 0
42 5 0
43 4 0
44 3 0
45 2 0
46 2 0
47 1 0
48 3 0
49 3 0
50 3 0
51 3 0
52 3 0
53 3 0
54 3 0
55 3 0
56 1 0
57 1 0
58 2 0
59 2 0
60 3 0
61 3 0
62 4 0
63 4 0
64 3 0
65 3 0
66 3 0
67 3 0
68 3 0
69 3 0
70 3 0
71 3 0
72 23 0
73 15 0
74 5 0
75 0 0
76 0 0
77 13 0
78 49 0
79 80 0
80 127 0
81 84 0
82 52 0
83 93 0
84 187 0
85 253 0
86 255 0
87 249 0
88 223 0
89 165 0
90 117 0
91 98 0
92 81 0
93 52 0
94 37 0
95 46 0
96 61 0
97 76 0
98 76 0
99 63 0
100 72 0
101 97 0
102 97 0
103 75 0
104 65 0
105 65 0
106 63 0
107 63 0
108 65 0
109 70 0
110 73 0
111 73 0
112 49 0
113 64 0
114 66 0
115 57 0
116 66 0
117 84 0
118 76 0
119 52 0
120 59 0
121 70 0
122 83 0
123 88 0
124 83 0
125 73 0
126 61 0
127 53 0
128 20 0
129 7 0
130 27 0
131 49 0
132 40 0
133 41 0
134 47 0
135 35 0
136 38 0
137 33 0
138 42 0
139 37 0
140 24 0
141 51 0
142 87 0
143 89 0
144 78 0
145 61 0
146 56 0
147 52 0
148 74 0
149 80 0
150 45 0
151 37 0
152 28 0
153 14 0
154 24 0
155 53 0
156 144 0
157 237 0
158 253 0
159 255 0
160 255 0
161 237 0
162 159 0
163 62 0
164 42 0
165 90 0
166 110 0
167 86 0
168 13 0
169 13 0
170 14 0
171 14 0
172 12 0
173 10 0
174 8 0
175 7 0
176 7 0
177 4 0
178 3 0
179 4 0
180 7 0
181 8 0
182 6 0
183 4 0
184 3 0
185 3 0
186 3 0
187 3 0
188 3 0
189 3 0
190 3 0
191 3 0
192 3 0
193 3 0
194 3 0
195 3 0
196 4 0
197 4 0
198 4 0
199 4 0
200 1 0
201 2 0
202 3 0
203 2 0
204 1 0
205 0 0
206 1 0
207 3 0
208 2 0
209 2 0
210 2 0
211 3 0
212 3 0
213 3 0
214 3 0
215 3 0
216 2 0
217 6 0
218 9 0
219 7 0
220 3 0
221 1 0
222 2 0
223 5 0
224 4 0
225 4 0
226 4 0
227 4 0
228 4 0
229 5 0
230 5 0
231 5 0
232 7 0
233 7 0
234 6 0
235 6 0
236 5 0
237 4 0
238 4 0
239 3 0
240 5 0
241 5 0
242 4 0
243 4 0
244 3 0
245 2 0
246 2 0
247 2 0
248 6 0
249 3 0
250 2 0
251 3 0
252 5 0
253 6 0
254 3 0
255 0 0

0 3 0
1 3 0
2 3 0
3 3 0
4 4 0
5 4 0
6 4 0
7 4 0
8 8 0
9 8 0
10 7 0
11 6 0
12 5 0
13 4 0
14 3 0
15 3 0
16 4 0
17 3 0
18 3 0
19 3 0
20 3 0
21 2 0
22 2 0
23 2 0
24 1 0
25 1 0
26 2 0
27 2 0
28 3 0
29 3 0
30 4 0
31 4 0
32 8 0
33 6 0
34 3 0
35 0 0
36 0 0
37 0 0
38 2 0
39 3 0
40 2 0
41 2 0
42 3 0
43 3 0
44 3 0
45 3 0
46 2 0
47 2 0
48 0 0
49 0 0
50 0 0
51 1 0
52 1 0
53 1 0
54 2 0
55 2 0
56 0 0
57 0 0
58 0 0
59 1 0
60 1 0
61 2 0
62 2 0
63 2 0
64 3 0
65 0 0
66 0 0
67 2 0
68 5 0
69 3 0
70 4 0
71 8 0
72 19 0
73 7 0
74 3 0
75 7 0
76 25 0
77 69 0
78 98 0
79 87 0
80 50 0
81 41 0
82 138 0
83 246 0
84 246 0
85 254 0
86 248 0
87 225 0
88 166 0
89 106 0
90 52 0
91 37 0
92 44 0
93 58 0
94 62 0
95 53 0
96 41 0
97 46 0
98 43 0
99 45 0
100 69 0
101 94 0
102 83 0
103 52 0
104 51 0
105 57 0
106 69 0
107 63 0
108 55 0
109 81 0
110 117 0
111 127 0
112 97 0
113 83 0
114 63 0
115 52 0
116 63 0
117 88 0
118 106 0
119 111 0
120 107 0
121 98 0
122 101 0
123 108 0
124 107 0
125 96 0
126 66 0
127 33 0
128 20 0
129 37 0
130 54 0
131 39 0
132 19 0
133 43 0
134 66 0
135 53 0
136 48 0
137 34 0
138 33 0
139 53 0
140 70 0
141 69 0
142 64 0
143 63 0
144 93 0
145 100 0
146 59 0
147 39 0
148 82 0
149 100 0
150 68 0
151 47 0
152 24 0
153 32 0
154 19 0
155 22 0
156 64 0
157 108 0
158 166 0
159 233 0
160 255 0
161 255 0
162 232 0
163 169 0
164 107 0
165 58 0
166 58 0
167 111 0
168 96 0
169 33 0
170 1 0
171 0 0
172 12 0
173 21 0
174 4 0
175 11 0
176 5 0
177 7 0
178 11 0
179 6 0
180 2 0
181 11 0
182 12 0
183 0 0
184 2 0
185 3 0
186 3 0
187 3 0
188 4 0
189 4 0
190 4 0
191 5 0
192 5 0
193 5 0
194 6 0
195 7 0
196 8 0
197 8 0
198 9 0
199 9 0
200 0 0
201 0 0
202 3 0
203 5 0
204 6 0
205 6 0
206 4 0
207 3 0
208 3 0
209 3 0
210 3 0
211 3 0
212 3 0
213 3 0
214 3 0
215 3 0
216 4 0
217 5 0
218 5 0
219 6 0
220 6 0
221 7 0
222 8 0
223 8 0
224 6 0
225 6 0
226 6 0
227 5 0
228 5 0
229 5 0
230 4 0
231 4 0
232 5 0
233 4 0
234 3 0
235 3 0
236 3 0
237 4 0
238 6 0
239 7 0
240 3 0
241 3 0
242 3 0
243 3 0
244 3 0
245 3 0
246 3 0
247 3 0
248 4 0
249 4 0
250 4 0
251 4 0
252 3 0
253 3 0
254 3 0
255 3 0

0 2 0
1 2 0
2 3 0
3 3 0
4 3 0
5 4 0
6 4 0
7 4 0
8 6 0
9 6 0
10 5 0
11 5 0
12 5 0
13 4 0
14 4 0
15 4 0
16 3 0
17 3 0
18 3 0
19 2 0
20 2 0
21 2 0
22 2 0
23 1 0
24 3 0
25 3 0
26 3 0
27 3 0
28 3 0
29 2 0
30 2 0
31 2 0
32 7 0
33 5 0
34 3 0
35 0 0
36 0 0
37 0 0
38 2 0
39 3 0
40 2 0
41 2 0
42 3 0
43 3 0
44 3 0
45 3 0
46 2 0
47 2 0
48 1 0
49 1 0
50 1 0
51 1 0
52 1 0
53 1 0
54 2 0
55 2 0
56 2 0
57 3 0
58 3 0
59 3 0
60 3 0
61 3 0
62 3 0
63 4 0
64 0 0
65 4 0
66 13 0
67 9 0
68 7 0
69 11 0
70 10 0
71 4 0
72 2 0
73 11 0
74 6 0
75 15 0
76 83 0
77 118 0
78 74 0
79 45 0
80 67 0
81 167 0
82 253 0
83 252 0
84 235 0
85 163 0
86 154 0
87 135 0
88 66 0
89 54 0
90 45 0
91 41 0
92 45 0
93 62 0
94 68 0
95 57 0
96 29 0
97 45 0
98 76 0
99 93 0
100 70 0
101 39 0
102 50 0
103 86 0
104 98 0
105 104 0
106 114 0
107 106 0
108 76 0
109 57 0
110 66 0
111 82 0
112 90 0
113 77 0
114 61 0
115 55 0
116 65 0
117 89 0
118 115 0
119 130 0
120 114 0
121 111 0
122 114 0
123 110 0
124 92 0
125 74 0
126 57 0
127 40 0
128 49 0
129 69 0
130 78 0
131 76 0
132 87 0
133 100 0
134 98 0
135 88 0
136 48 0
137 42 0
138 45 0
139 56 0
140 56 0
141 44 0
142 39 0
143 44 0
144 59 0
145 87 0
146 96 0
147 70 0
148 48 0
149 48 0
150 54 0
151 55 0
152 52 0
153 43 0
154 31 0
155 42 0
156 51 0
157 34 0
158 52 0
159 111 0
160 191 0
161 232 0
162 252 0
163 255 0
164 221 0
165 122 0
166 60 0
167 34 0
168 70 0
169 96 0
170 68 0
171 1 0
172 4 0
173 25 0
174 8 0
175 17 0
176 5 0
177 0 0
178 0 0
179 3 0
180 1 0
181 4 0
182 6 0
183 0 0
184 1 0
185 2 0
186 2 0
187 3 0
188 4 0
189 4 0
190 5 0
191 5 0
192 4 0
193 5 0
194 5 0
195 6 0
196 7 0
197 8 0
198 8 0
199 9 0
200 0 0
201 2 0
202 4 0
203 7 0
204 7 0
205 7 0
206 5 0
207 4 0
208 3 0
209 3 0
210 3 0
211 3 0
212 3 0
213 3 0
214 3 0
215 3 0
216 4 0
217 4 0
218 5 0
219 5 0
220 6 0
221 7 0
222 7 0
223 8 0
224 6 0
225 6 0
226 6 0
227 5 0
228 5 0
229 5 0
230 4 0
231 4 0
232 4 0
233 4 0
234 3 0
235 3 0
236 3 0
237 4 0
238 5 0
239 6 0
240 3 0
241 3 0
242 3 0
243 3 0
244 3 0
245 3 0
246 3 0
247 3 0
248 4 0
249 4 0
250 4 0
251 4 0
252 3 0
253 3 0
254 3 0
255 3 0

0 1 0
1 1 0
2 2 0
3 2 0
4 2 0
5 3 0
6 3 0
7 3 0
8 3 0
9 3 0
10 3 0
11 4 0
12 4 0
13 5 0
14 5 0
15 5 0
16 3 0
17 2 0
18 2 0
19 2 0
20 2 0
21 1 0
22 1 0
23 1 0
24 4 0
25 4 0
26 4 0
27 3 0
28 2 0
29 2 0
30 1 0
31 1 0
32 6 0
33 5 0
34 2 0
35 0 0
36 0 0
37 1 0
38 2 0
39 4 0
40 2 0
41 2 0
42 3 0
43 3 0
44 3 0
45 3 0
46 2 0
47 2 0
48 2 0
49 2 0
50 2 0
51 2 0
52 2 0
53 1 0
54 1 0
55 1 0
56 5 0
57 5 0
58 5 0
59 5 0
60 5 0
61 4 0
62 4 0
63 4 0
64 2 0
65 2 0
66 5 0
67 9 0
68 9 0
69 7 0
70 6 0
71 8 0
72 1 0
73 0 0
74 46 0
75 87 0
76 89 0
77 77 0
78 79 0
79 117 0
80 190 0
81 255 0
82 255 0
83 237 0
84 91 0
85 19 0
86 26 0
87 22 0
88 28 0
89 47 0
90 64 0
91 62 0
92 57 0
93 64 0
94 53 0
95 23 0
96 41 0
97 64 0
98 83 0
99 77 0
100 56 0
101 51 0
102 77 0
103 107 0
104 132 0
105 119 0
106 113 0
107 123 0
108 120 0
109 85 0
110 50 0
111 41 0
112 71 0
113 62 0
114 56 0
115 57 0
116 63 0
117 77 0
118 105 0
119 130 0
120 116 0
121 119 0
122 122 0
123 104 0
124 67 0
125 49 0
126 56 0
127 64 0
128 75 0
129 106 0
130 113 0
131 113 0
132 126 0
133 119 0
134 107 0
135 118 0
136 72 0
137 59 0
138 50 0
139 51 0
140 49 0
141 44 0
142 47 0
143 57 0
144 69 0
145 47 0
146 78 0
147 111 0
148 84 0
149 53 0
150 51 0
151 48 0
152 59 0
153 66 0
154 68 0
155 79 0
156 84 0
157 57 0
158 39 0
159 55 0
160 52 0
161 129 0
162 225 0
163 245 0
164 255 0
165 253 0
166 153 0
167 70 0
168 57 0
169 95 0
170 119 0
171 65 0
172 7 0
173 9 0
174 15 0
175 10 0
176 16 0
177 1 0
178 1 0
179 11 0
180 9 0
181 5 0
182 7 0
183 8 0
184 1 0
185 2 0
186 2 0
187 3 0
188 3 0
189 4 0
190 5 0
191 5 0
192 4 0
193 5 0
194 5 0
195 5 0
196 6 0
197 6 0
198 7 0
199 7 0
200 2 0
201 3 0
202 6 0
203 8 0
204 8 0
205 7 0
206 6 0
207 4 0
208 3 0
209 3 0
210 3 0
211 3 0
212 3 0
213 3 0
214 3 0
215 3 0
216 4 0
217 4 0
218 4 0
219 5 0
220 6 0
221 6 0
222 7 0
223 7 0
224 6 0
225 6 0
226 6 0
227 5 0
228 5 0
229 5 0
230 5 0
231 5 0
232 4 0
233 4 0
234 3 0
235 3 0
236 3 0
237 4 0
238 5 0
239 6 0
240 3 0
241 3 0
242 3 0
243 3 0
244 3 0
245 3 0
246 3 0
247 3 0
248 4 0
249 4 0
250 4 0
251 4 0
252 3 0
253 3 0
254 3 0
255 3 0

0 1 0
1 1 0
2 1 0
3 1 0
4 2 0
5 2 0
6 2 0
7 2 0
8 1 0
9 1 0
10 2 0
11 3 0
12 4 0
13 5 0
14 6 0
15 6 0
16 2 0
17 2 0
18 2 0
19 2 0
20 1 0
21 1 0
22 1 0
23 1 0
24 4 0
25 3 0
26 3 0
27 3 0
28 2 0
29 2 0
30 2 0
31 2 0
32 5 0
33 4 0
34 2 0
35 1 0
36 1 0
37 2 0
38 3 0
39 4 0
40 2 0
41 2 0
42 3 0
43 3 0
44 3 0
45 3 0
46 2 0
47 2 0
48 3 0
49 3 0
50 3 0
51 2 0
52 2 0
53 2 0
54 2 0
55 2 0
56 5 0
57 5 0
58 5 0
59 4 0
60 4 0
61 3 0
62 3 0
63 2 0
64 6 0
65 1 0
66 0 0
67 1 0
68 8 0
69 9 0
70 4 0
71 0 0
72 10 0
73 42 0
74 99 0
75 111 0
76 52 0
77 47 0
78 149 0
79 243 0
80 254 0
81 255 0
82 182 0
83 91 0
84 56 0
85 40 0
86 67 0
87 58 0
88 62 0
89 76 0
90 84 0
91 66 0
92 46 0
93 46 0
94 42 0
95 23 0
96 59 0
97 66 0
98 53 0
99 35 0
100 57 0
101 106 0
102 127 0
103 116 0
104 110 0
105 120 0
106 122 0
107 127 0
108 129 0
109 102 0
110 66 0
111 56 0
112 54 0
113 50 0
114 52 0
115 60 0
116 59 0
117 60 0
118 81 0
119 109 0
120 118 0
121 122 0
122 121 0
123 92 0
124 50 0
125 44 0
126 77 0
127 106 0
128 109 0
129 126 0
130 132 0
131 130 0
132 127 0
133 113 0
134 105 0
135 118 0
136 90 0
137 66 0
138 46 0
139 49 0
140 59 0
141 62 0
142 60 0
143 60 0
144 43 0
145 39 0
146 60 0
147 75 0
148 79 0
149 98 0
150 84 0
151 29 0
152 15 0
153 47 0
154 74 0
155 83 0
156 74 0
157 47 0
158 32 0
159 41 0
160 37 0
161 38 0
162 68 0
163 186 0
164 255 0
165 250 0
166 243 0
167 210 0
168 116 0
169 31 0
170 53 0
171 125 0
172 96 0
173 19 0
174 0 0
175 5 0
176 13 0
177 2 0
178 5 0
179 13 0
180 7 0
181 2 0
182 3 0
183 3 0
184 3 0
185 3 0
186 3 0
187 3 0
188 3 0
189 3 0
190 3 0
191 3 0
192 5 0
193 5 0
194 5 0
195 5 0
196 5 0
197 5 0
198 6 0
199 6 0
200 2 0
201 4 0
202 6 0
203 7 0
204 8 0
205 6 0
206 4 0
207 3 0
208 3 0
209 3 0
210 3 0
211 3 0
212 3 0
213 3 0
214 3 0
215 3 0
216 3 0
217 3 0
218 4 0
219 4 0
220 5 0
221 6 0
222 6 0
223 6 0
224 5 0
225 5 0
226 5 0
227 5 0
228 5 0
229 5 0
230 5 0
231 5 0
232 3 0
233 3 0
234 3 0
235 3 0
236 4 0
237 4 0
238 5 0
239 5 0
240 3 0
241 3 0
242 3 0
243 3 0
244 3 0
245 3 0
246 3 0
247 3 0
248 4 0
249 4 0
250 4 0
251 4 0
252 3 0
253 3 0
254 3 0
255 3 0

0 1 0
1 1 0
2 1 0
3 1 0
4 2 0
5 2 0
6 2 0
7 2 0
8 1 0
9 1 0
10 2 0
11 3 0
12 4 0
13 5 0
14 6 0
15 6 0
16 3 0
17 3 0
18 2 0
19 2 0
20 2 0
21 1 0
22 1 0
23 1 0
24 2 0
25 2 0
26 2 0
27 2 0
28 3 0
29 3 0
30 3 0
31 4 0
32 3 0
33 3 0
34 2 0
35 1 0
36 1 0
37 2 0
38 4 0
39 4 0
40 2 0
41 2 0
42 3 0
43 3 0
44 3 0
45 3 0
46 2 0
47 2 0
48 3 0
49 3 0
50 3 0
51 3 0
52 3 0
53 3 0
54 3 0
55 3 0
56 3 0
57 3 0
58 2 0
59 2 0
60 1 0
61 1 0
62 0 0
63 0 0
64 0 0
65 9 0
66 12 0
67 5 0
68 5 0
69 14 0
70 13 0
71 3 0
72 31 0
73 108 0
74 89 0
75 66 0
76 92 0
77 154 0
78 241 0
79 255 0
80 255 0
81 136 0
82 57 0
83 46 0
84 63 0
85 42 0
86 46 0
87 62 0
88 76 0
89 72 0
90 65 0
91 48 0
92 32 0
93 44 0
94 70 0
95 83 0
96 64 0
97 48 0
98 34 0
99 45 0
100 82 0
101 119 0
102 134 0
103 131 0
104 117 0
105 139 0
106 135 0
107 120 0
108 124 0
109 118 0
110 86 0
111 61 0
112 52 0
113 46 0
114 49 0
115 57 0
116 54 0
117 50 0
118 69 0
119 96 0
120 122 0
121 124 0
122 114 0
123 78 0
124 43 0
125 55 0
126 102 0
127 136 0
128 139 0
129 127 0
130 131 0
131 137 0
132 132 0
133 130 0
134 125 0
135 108 0
136 75 0
137 58 0
138 47 0
139 55 0
140 65 0
141 61 0
142 46 0
143 33 0
144 26 0
145 57 0
146 69 0
147 52 0
148 52 0
149 81 0
150 97 0
151 88 0
152 68 0
153 53 0
154 60 0
155 98 0
156 120 0
157 99 0
158 73 0
159 71 0
160 56 0
161 33 0
162 49 0
163 65 0
164 143 0
165 248 0
166 255 0
167 255 0
168 195 0
169 98 0
170 28 0
171 66 0
172 117 0
173 88 0
174 28 0
175 0 0
176 8 0
177 6 0
178 12 0
179 15 0
180 10 0
181 11 0
182 13 0
183 6 0
184 5 0
185 5 0
186 4 0
187 3 0
188 2 0
189 1 0
190 0 0
191 0 0
192 6 0
193 5 0
194 5 0
195 5 0
196 5 0
197 5 0
198 5 0
199 5 0
200 2 0
201 3 0
202 5 0
203 6 0
204 6 0
205 5 0
206 2 0
207 1 0
208 3 0
209 3 0
210 3 0
211 3 0
212 3 0
213 3 0
214 3 0
215 3 0
216 2 0
217 3 0
218 3 0
219 4 0
220 4 0
221 5 0
222 5 0
223 6 0
224 5 0
225 5 0
226 5 0
227 5 0
228 5 0
229 5 0
230 5 0
231 5 0
232 2 0
233 2 0
234 3 0
235 3 0
236 4 0
237 4 0
238 4 0
239 4 0
240 3 0
241 3 0
242 3 0
243 3 0
244 3 0
245 3 0
246 3 0
247 3 0
248 4 0
249 4 0
250 4 0
251 4 0
252 3 0
253 3 0
254 3 0
255 3 0

0 1 0
1 1 0
2 2 0
3 2 0
4 2 0
5 3 0
6 3 0
7 3 0
8 3 0
9 3 0
10 3 0
11 4 0
12 4 0
13 5 0
14 5 0
15 5 0
16 4 0
17 3 0
18 3 0
19 3 0
20 2 0
21 2 0
22 2 0
23 2 0
24 1 0
25 1 0
26 2 0
27 2 0
28 3 0
29 4 0
30 4 0
31 4 0
32 2 0
33 2 0
34 1 0
35 1 0
36 2 0
37 3 0
38 4 0
39 5 0
40 2 0
41 2 0
42 3 0
43 3 0
44 3 0
45 3 0
46 2 0
47 2 0
48 3 0
49 3 0
50 3 0
51 3 0
52 4 0
53 4 0
54 4 0
55 5 0
56 1 0
57 1 0
58 1 0
59 1 0
60 0 0
61 0 0
62 0 0
63 0 0
64 20 0
65 10 0
66 11 0
67 17 0
68 8 0
69 0 0
70 25 0
71 66 0
72 80 0
73 75 0
74 47 0
75 111 0
76 208 0
77 255 0
78 255 0
79 200 0
80 114 0
81 44 0
82 39 0
83 74 0
84 29 0
85 53 0
86 57 0
87 57 0
88 73 0
89 52 0
90 46 0
91 58 0
92 72 0
93 88 0
94 99 0
95 99 0
96 75 0
97 58 0
98 47 0
99 59 0
100 89 0
101 116 0
102 130 0
103 135 0
104 139 0
105 148 0
106 136 0
107 120 0
108 128 0
109 135 0
110 108 0
111 72 0
112 61 0
113 48 0
114 41 0
115 44 0
116 44 0
117 46 0
118 65 0
119 89 0
120 114 0
121 116 0
122 101 0
123 62 0
124 38 0
125 65 0
126 110 0
127 132 0
128 122 0
129 119 0
130 135 0
131 141 0
132 129 0
133 137 0
134 134 0
135 103 0
136 58 0
137 53 0
138 52 0
139 55 0
140 55 0
141 48 0
142 42 0
143 40 0
144 47 0
145 58 0
146 60 0
147 62 0
148 64 0
149 57 0
150 76 0
151 121 0
152 111 0
153 81 0
154 67 0
155 94 0
156 135 0
157 146 0
158 117 0
159 83 0
160 66 0
161 64 0
162 33 0
163 44 0
164 63 0
165 100 0
166 190 0
167 241 0
168 255 0
169 237 0
170 141 0
171 41 0
172 26 0
173 76 0
174 94 0
175 48 0
176 19 0
177 12 0
178 12 0
179 11 0
180 11 0
181 18 0
182 21 0
183 12 0
184 5 0
185 5 0
186 4 0
187 3 0
188 2 0
189 0 0
190 0 0
191 0 0
192 7 0
193 7 0
194 6 0
195 6 0
196 5 0
197 5 0
198 5 0
199 4 0
200 2 0
201 3 0
202 5 0
203 6 0
204 6 0
205 4 0
206 1 0
207 0 0
208 3 0
209 3 0
210 3 0
211 3 0
212 3 0
213 3 0
214 3 0
215 3 0
216 2 0
217 2 0
218 2 0
219 3 0
220 4 0
221 4 0
222 5 0
223 5 0
224 5 0
225 5 0
226 5 0
227 5 0
228 5 0
229 6 0
230 6 0
231 6 0
232 1 0
233 2 0
234 3 0
235 4 0
236 4 0
237 4 0
238 3 0
239 3 0
240 3 0
241 3 0
242 3 0
243 3 0
244 3 0
245 3 0
246 3 0
247 3 0
248 4 0
249 4 0
250 4 0
251 4 0
252 3 0
253 3 0
254 3 0
255 3 0

0 2 0
1 2 0
2 3 0
3 3 0
4 3 0
5 4 0
6 4 0
7 4 0
8 6 0
9 6 0
10 5 0
11 5 0
12 5 0
13 4 0
14 4 0
15 4 0
16 5 0
17 4 0
18 4 0
19 4 0
20 4 0
21 3 0
22 3 0
23 3 0
24 2 0
25 2 0
26 2 0
27 3 0
28 3 0
29 3 0
30 3 0
31 3 0
32 1 0
33 1 0
34 1 0
35 2 0
36 3 0
37 4 0
38 5 0
39 5 0
40 2 0
41 2 0
42 3 0
43 3 0
44 3 0
45 3 0
46 2 0
47 2 0
48 2 0
49 2 0
50 3 0
51 4 0
52 5 0
53 5 0
54 6 0
55 7 0
56 2 0
57 2 0
58 2 0
59 2 0
60 2 0
61 2 0
62 3 0
63 3 0
64 32 0
65 8 0
66 3 0
67 16 0
68 10 0
69 5 0
70 48 0
71 109 0
72 102 0
73 57 0
74 108 0
75 221 0
76 255 0
77 241 0
78 169 0
79 103 0
80 36 0
81 46 0
82 62 0
83 64 0
84 82 0
85 16 0
86 29 0
87 80 0
88 69 0
89 57 0
90 67 0
91 93 0
92 109 0
93 108 0
94 92 0
95 70 0
96 77 0
97 75 0
98 61 0
99 53 0
100 74 0
101 113 0
102 131 0
103 126 0
104 126 0
105 136 0
106 150 0
107 147 0
108 127 0
109 115 0
110 114 0
111 113 0
112 75 0
113 57 0
114 40 0
115 36 0
116 37 0
117 43 0
118 56 0
119 71 0
120 91 0
121 99 0
122 87 0
123 51 0
124 39 0
125 76 0
126 112 0
127 115 0
128 101 0
129 127 0
130 142 0
131 130 0
132 120 0
133 124 0
134 112 0
135 83 0
136 53 0
137 53 0
138 54 0
139 51 0
140 45 0
141 43 0
142 50 0
143 59 0
144 43 0
145 55 0
146 47 0
147 38 0
148 53 0
149 68 0
150 68 0
151 65 0
152 91 0
153 112 0
154 120 0
155 102 0
156 92 0
157 107 0
158 109 0
159 89 0
160 98 0
161 83 0
162 81 0
163 59 0
164 30 0
165 18 0
166 60 0
167 159 0
168 253 0
169 255 0
170 238 0
171 158 0
172 47 0
173 16 0
174 79 0
175 112 0
176 54 0
177 24 0
178 4 0
179 2 0
180 4 0
181 9 0
182 10 0
183 3 0
184 3 0
185 3 0
186 2 0
187 2 0
188 2 0
189 1 0
190 1 0
191 1 0
192 9 0
193 8 0
194 8 0
195 7 0
196 6 0
197 5 0
198 5 0
199 4 0
200 4 0
201 5 0
202 6 0
203 7 0
204 6 0
205 4 0
206 1 0
207 0 0
208 3 0
209 3 0
210 3 0
211 3 0
212 3 0
213 3 0
214 3 0
215 3 0
216 1 0
217 1 0
218 2 0
219 3 0
220 3 0
221 4 0
222 4 0
223 5 0
224 4 0
225 4 0
226 5 0
227 5 0
228 5 0
229 6 0
230 6 0
231 6 0
232 1 0
233 2 0
234 3 0
235 4 0
236 4 0
237 4 0
238 3 0
239 2 0
240 3 0
241 3 0
242 3 0
243 3 0
244 3 0
245 3 0
246 3 0
247 3 0
248 4 0
249 4 0
250 4 0
251 4 0
252 3 0
253 3 0
254 3 0
255 3 0

0 3 0
1 3 0
2 3 0
3 3 0
4 4 0
5 4 0
6 4 0
7 4 0
8 8 0
9 8 0
10 7 0
11 6 0
12 5 0
13 4 0
14 3 0
15 3 0
16 5 0
17 5 0
18 5 0
19 5 0
20 4 0
21 4 0
22 4 0
23 4 0
24 4 0
25 4 0
26 3 0
27 3 0
28 2 0
29 2 0
30 1 0
31 1 0
32 0 0
33 1 0
34 1 0
35 2 0
36 3 0
37 4 0
38 5 0
39 5 0
40 2 0
41 2 0
42 3 0
43 3 0
44 3 0
45 3 0
46 2 0
47 2 0
48 1 0
49 1 0
50 2 0
51 4 0
52 5 0
53 6 0
54 7 0
55 8 0
56 3 0
57 3 0
58 4 0
59 4 0
60 5 0
61 5 0
62 6 0
63 6 0
64 1 0
65 15 0
66 14 0
67 1 0
68 10 0
69 47 0
70 77 0
71 86 0
72 75 0
73 134 0
74 237 0
75 255 0
76 254 0
77 192 0
78 62 0
79 18 0
80 57 0
81 97 0
82 75 0
83 89 0
84 87 0
85 77 0
86 81 0
87 70 0
88 53 0
89 71 0
90 100 0
91 110 0
92 93 0
93 77 0
94 71 0
95 65 0
96 58 0
97 65 0
98 64 0
99 58 0
100 68 0
101 96 0
102 117 0
103 121 0
104 138 0
105 120 0
106 136 0
107 158 0
108 140 0
109 112 0
110 106 0
111 110 0
112 90 0
113 70 0
114 48 0
115 40 0
116 41 0
117 43 0
118 47 0
119 51 0
120 72 0
121 87 0
122 82 0
123 52 0
124 49 0
125 91 0
126 120 0
127 110 0
128 117 0
129 149 0
130 140 0
131 113 0
132 122 0
133 125 0
134 87 0
135 51 0
136 47 0
137 49 0
138 52 0
139 52 0
140 46 0
141 41 0
142 42 0
143 45 0
144 56 0
145 45 0
146 43 0
147 47 0
148 48 0
149 53 0
150 62 0
151 66 0
152 75 0
153 86 0
154 99 0
155 97 0
156 87 0
157 91 0
158 97 0
159 92 0
160 107 0
161 127 0
162 106 0
163 75 0
164 60 0
165 42 0
166 44 0
167 64 0
168 160 0
169 239 0
170 255 0
171 246 0
172 166 0
173 57 0
174 42 0
175 87 0
176 109 0
177 56 0
178 18 0
179 15 0
180 16 0
181 13 0
182 11 0
183 8 0
184 0 0
185 0 0
186 1 0
187 1 0
188 2 0
189 3 0
190 3 0
191 3 0
192 9 0
193 9 0
194 8 0
195 8 0
196 7 0
197 6 0
198 5 0
199 5 0
200 5 0
201 6 0
202 8 0
203 8 0
204 7 0
205 5 0
206 2 0
207 0 0
208 3 0
209 3 0
210 3 0
211 3 0
212 3 0
213 3 0
214 3 0
215 3 0
216 1 0
217 1 0
218 2 0
219 2 0
220 3 0
221 4 0
222 4 0
223 4 0
224 4 0
225 4 0
226 5 0
227 5 0
228 5 0
229 6 0
230 6 0
231 6 0
232 0 0
233 1 0
234 3 0
235 4 0
236 4 0
237 4 0
238 3 0
239 2 0
240 3 0
241 3 0
242 3 0
243 3 0
244 3 0
245 3 0
246 3 0
247 3 0
248 4 0
249 4 0
250 4 0
251 4 0
252 3 0
253 3 0
254 3 0
255 3 0

0 0 0
1 1 0
2 4 0
3 3 0
4 1 0
5 0 0
6 2 0
7 5 0
8 4 0
9 4 0
10 4 0
11 4 0
12 4 0
13 4 0
14 4 0
15 4 0
16 0 0
17 3 0
18 5 0
19 5 0
20 3 0
21 3 0
22 6 0
23 9 0
24 4 0
25 4 0
26 4 0
27 4 0
28 4 0
29 4 0
30 4 0
31 4 0
32 0 0
33 0 0
34 1 0
35 2 0
36 3 0
37 4 0
38 5 0
39 6 0
40 3 0
41 3 0
42 3 0
43 3 0
44 3 0
45 3 0
46 3 0
47 3 0
48 0 0
49 0 0
50 0 0
51 0 0
52 2 0
53 3 0
54 5 0
55 6 0
56 2 0
57 5 0
58 4 0
59 0 0
60 0 0
61 4 0
62 8 0
63 7 0
64 2 0
65 18 0
66 12 0
67 37 0
68 90 0
69 121 0
70 92 0
71 54 0
72 151 0
73 242 0
74 255 0
75 254 0
76 202 0
77 87 0
78 40 0
79 74 0
80 109 0
81 99 0
82 91 0
83 100 0
84 110 0
85 95 0
86 79 0
87 80 0
88 103 0
89 115 0
90 118 0
91 102 0
92 83 0
93 70 0
94 59 0
95 49 0
96 58 0
97 62 0
98 60 0
99 57 0
100 73 0
101 100 0
102 112 0
103 108 0
104 124 0
105 111 0
106 125 0
107 147 0
108 142 0
109 130 0
110 122 0
111 111 0
112 101 0
113 112 0
114 102 0
115 72 0
116 44 0
117 29 0
118 35 0
119 54 0
120 83 0
121 96 0
122 74 0
123 53 0
124 64 0
125 99 0
126 129 0
127 121 0
128 142 0
129 137 0
130 129 0
131 124 0
132 120 0
133 102 0
134 66 0
135 37 0
136 46 0
137 51 0
138 54 0
139 50 0
140 40 0
141 33 0
142 35 0
143 41 0
144 36 0
145 32 0
146 34 0
147 43 0
148 46 0
149 43 0
150 46 0
151 54 0
152 74 0
153 76 0
154 80 0
155 92 0
156 107 0
157 113 0
158 97 0
159 77 0
160 98 0
161 111 0
162 108 0
163 73 0
164 54 0
165 83 0
166 94 0
167 62 0
168 59 0
169 143 0
170 233 0
171 248 0
172 255 0
173 211 0
174 83 0
175 38 0
176 75 0
177 108 0
178 94 0
179 16 0
180 0 0
181 17 0
182 9 0
183 11 0
184 11 0
185 10 0
186 0 0
187 0 0
188 13 0
189 10 0
190 0 0
191 5 0
192 3 0
193 4 0
194 5 0
195 5 0
196 5 0
197 4 0
198 2 0
199 1 0
200 10 0
201 8 0
202 5 0
203 3 0
204 3 0
205 4 0
206 7 0
207 9 0
208 8 0
209 7 0
210 6 0
211 5 0
212 5 0
213 6 0
214 7 0
215 8 0
216 4 0
217 5 0
218 6 0
219 7 0
220 7 0
221 6 0
222 5 0
223 4 0
224 1 0
225 1 0
226 1 0
227 1 0
228 1 0
229 2 0
230 3 0
231 4 0
232 0 0
233 0 0
234 2 0
235 3 0
236 5 0
237 7 0
238 8 0
239 9 0
240 8 0
241 6 0
242 3 0
243 1 0
244 1 0
245 3 0
246 6 0
247 8 0
248 5 0
249 5 0
250 5 0
251 5 0
252 4 0
253 4 0
254 4 0
255 3 0

0 0 0
1 3 0
2 5 0
3 4 0
4 2 0
5 1 0
6 3 0
7 6 0
8 3 0
9 3 0
10 3 0
11 3 0
12 3 0
13 3 0
14 3 0
15 3 0
16 5 0
17 4 0
18 4 0
19 4 0
20 5 0
21 6 0
22 5 0
23 5 0
24 4 0
25 4 0
26 4 0
27 4 0
28 4 0
29 4 0
30 4 0
31 4 0
32 0 0
33 0 0
34 1 0
35 2 0
36 3 0
37 4 0
38 5 0
39 6 0
40 3 0
41 3 0
42 3 0
43 3 0
44 3 0
45 3 0
46 3 0
47 3 0
48 1 0
49 0 0
50 0 0
51 0 0
52 1 0
53 2 0
54 3 0
55 4 0
56 1 0
57 1 0
58 2 0
59 7 0
60 13 0
61 16 0
62 13 0
63 8 0
64 15 0
65 17 0
66 60 0
67 69 0
68 114 0
69 110 0
70 73 0
71 107 0
72 234 0
73 255 0
74 225 0
75 141 0
76 96 0
77 71 0
78 70 0
79 88 0
80 107 0
81 107 0
82 112 0
83 116 0
84 101 0
85 75 0
86 86 0
87 126 0
88 153 0
89 125 0
90 86 0
91 63 0
92 68 0
93 77 0
94 67 0
95 48 0
96 49 0
97 50 0
98 50 0
99 54 0
100 74 0
101 100 0
102 112 0
103 111 0
104 113 0
105 110 0
106 124 0
107 142 0
108 145 0
109 139 0
110 133 0
111 127 0
112 114 0
113 116 0
114 113 0
115 104 0
116 82 0
117 47 0
118 31 0
119 42 0
120 77 0
121 89 0
122 61 0
123 46 0
124 71 0
125 106 0
126 126 0
127 117 0
128 141 0
129 145 0
130 136 0
131 124 0
132 111 0
133 83 0
134 51 0
135 40 0
136 52 0
137 51 0
138 51 0
139 47 0
140 37 0
141 29 0
142 33 0
143 42 0
144 36 0
145 43 0
146 48 0
147 46 0
148 42 0
149 44 0
150 52 0
151 59 0
152 63 0
153 77 0
154 77 0
155 69 0
156 85 0
157 112 0
158 107 0
159 81 0
160 67 0
161 56 0
162 73 0
163 104 0
164 117 0
165 115 0
166 100 0
167 77 0
168 48 0
169 65 0
170 112 0
171 168 0
172 235 0
173 246 0
174 255 0
175 132 0
176 61 0
177 59 0
178 93 0
179 93 0
180 49 0
181 4 0
182 0 0
183 25 0
184 0 0
185 3 0
186 5 0
187 12 0
188 16 0
189 7 0
190 1 0
191 7 0
192 5 0
193 5 0
194 4 0
195 3 0
196 3 0
197 3 0
198 3 0
199 3 0
200 4 0
201 5 0
202 6 0
203 6 0
204 6 0
205 6 0
206 6 0
207 5 0
208 7 0
209 6 0
210 5 0
211 4 0
212 4 0
213 5 0
214 6 0
215 7 0
216 4 0
217 5 0
218 6 0
219 7 0
220 7 0
221 6 0
222 5 0
223 4 0
224 2 0
225 2 0
226 1 0
227 1 0
228 2 0
229 2 0
230 3 0
231 4 0
232 3 0
233 3 0
234 4 0
235 4 0
236 5 0
237 5 0
238 5 0
239 5 0
240 3 0
241 4 0
242 5 0
243 6 0
244 6 0
245 5 0
246 4 0
247 3 0
248 5 0
249 5 0
250 5 0
251 5 0
252 4 0
253 4 0
254 4 0
255 3 0

0 1 0
1 3 0
2 6 0
3 5 0
4 2 0
5 2 0
6 4 0
7 7 0
8 3 0
9 3 0
10 3 0
11 3 0
12 3 0
13 3 0
14 3 0
15 3 0
16 9 0
17 6 0
18 3 0
19 4 0
20 7 0
21 8 0
22 5 0
23 2 0
24 4 0
25 4 0
26 4 0
27 4 0
28 4 0
29 4 0
30 4 0
31 4 0
32 0 0
33 1 0
34 1 0
35 2 0
36 3 0
37 4 0
38 4 0
39 5 0
40 3 0
41 3 0
42 3 0
43 3 0
44 3 0
45 3 0
46 3 0
47 3 0
48 2 0
49 2 0
50 1 0
51 0 0
52 0 0
53 1 0
54 1 0
55 2 0
56 0 0
57 10 0
58 10 0
59 3 0
60 7 0
61 18 0
62 11 0
63 0 0
64 32 0
65 62 0
66 107 0
67 66 0
68 30 0
69 82 0
70 152 0
71 238 0
72 255 0
73 218 0
74 150 0
75 83 0
76 79 0
77 106 0
78 99 0
79 82 0
80 86 0
81 103 0
82 99 0
83 86 0
84 99 0
85 120 0
86 121 0
87 113 0
88 102 0
89 93 0
90 81 0
91 81 0
92 92 0
93 95 0
94 76 0
95 51 0
96 41 0
97 38 0
98 42 0
99 58 0
100 83 0
101 104 0
102 114 0
103 117 0
104 116 0
105 125 0
106 132 0
107 140 0
108 150 0
109 148 0
110 139 0
111 137 0
112 144 0
113 130 0
114 126 0
115 134 0
116 119 0
117 67 0
118 33 0
119 38 0
120 73 0
121 85 0
122 50 0
123 39 0
124 82 0
125 118 0
126 127 0
127 117 0
128 139 0
129 152 0
130 140 0
131 120 0
132 101 0
133 60 0
134 32 0
135 42 0
136 60 0
137 53 0
138 50 0
139 48 0
140 39 0
141 29 0
142 35 0
143 49 0
144 43 0
145 55 0
146 60 0
147 55 0
148 54 0
149 60 0
150 60 0
151 54 0
152 43 0
153 51 0
154 58 0
155 61 0
156 62 0
157 68 0
158 78 0
159 87 0
160 50 0
161 27 0
162 43 0
163 102 0
164 144 0
165 140 0
166 102 0
167 64 0
168 50 0
169 67 0
170 72 0
171 50 0
172 121 0
173 255 0
174 233 0
175 255 0
176 110 0
177 40 0
178 47 0
179 94 0
180 91 0
181 49 0
182 9 0
183 0 0
184 18 0
185 12 0
186 8 0
187 6 0
188 5 0
189 10 0
190 10 0
191 1 0
192 7 0
193 5 0
194 3 0
195 2 0
196 2 0
197 3 0
198 4 0
199 5 0
200 0 0
201 2 0
202 6 0
203 9 0
204 9 0
205 7 0
206 4 0
207 2 0
208 6 0
209 5 0
210 4 0
211 4 0
212 4 0
213 4 0
214 5 0
215 6 0
216 4 0
217 5 0
218 6 0
219 7 0
220 7 0
221 6 0
222 5 0
223 4 0
224 3 0
225 3 0
226 2 0
227 2 0
228 2 0
229 3 0
230 4 0
231 5 0
232 6 0
233 6 0
234 5 0
235 5 0
236 4 0
237 3 0
238 3 0
239 3 0
240 2 0
241 3 0
242 5 0
243 6 0
244 6 0
245 5 0
246 3 0
247 2 0
248 5 0
249 5 0
250 5 0
251 5 0
252 4 0
253 4 0
254 4 0
255 3 0

0 0 0
1 3 0
2 5 0
3 4 0
4 2 0
5 1 0
6 3 0
7 6 0
8 3 0
9 3 0
10 3 0
11 3 0
12 3 0
13 3 0
14 3 0
15 3 0
16 8 0
17 6 0
18 5 0
19 5 0
20 7 0
21 7 0
22 6 0
23 4 0
24 4 0
25 4 0
26 4 0
27 4 0
28 4 0
29 4 0
30 4 0
31 4 0
32 1 0
33 1 0
34 2 0
35 2 0
36 3 0
37 3 0
38 4 0
39 4 0
40 3 0
41 3 0
42 3 0
43 3 0
44 3 0
45 3 0
46 3 0
47 3 0
48 3 0
49 3 0
50 2 0
51 1 0
52 0 0
53 0 0
54 1 0
55 1 0
56 12 0
57 11 0
58 12 0
59 11 0
60 6 0
61 4 0
62 10 0
63 18 0
64 69 0
65 81 0
66 47 0
67 40 0
68 58 0
69 173 0
70 255 0
71 255 0
72 208 0
73 114 0
74 75 0
75 81 0
76 102 0
77 122 0
78 110 0
79 106 0
80 93 0
81 101 0
82 86 0
83 79 0
84 124 0
85 162 0
86 128 0
87 68 0
88 67 0
89 86 0
90 110 0
91 123 0
92 119 0
93 95 0
94 58 0
95 28 0
96 37 0
97 36 0
98 48 0
99 74 0
100 98 0
101 111 0
102 118 0
103 122 0
104 121 0
105 135 0
106 134 0
107 135 0
108 152 0
109 154 0
110 141 0
111 136 0
112 152 0
113 133 0
114 123 0
115 134 0
116 126 0
117 81 0
118 48 0
119 50 0
120 74 0
121 89 0
122 49 0
123 40 0
124 91 0
125 125 0
126 129 0
127 124 0
128 142 0
129 157 0
130 141 0
131 120 0
132 104 0
133 56 0
134 26 0
135 47 0
136 63 0
137 54 0
138 51 0
139 54 0
140 49 0
141 40 0
142 45 0
143 59 0
144 54 0
145 57 0
146 62 0
147 70 0
148 80 0
149 80 0
150 63 0
151 42 0
152 35 0
153 35 0
154 45 0
155 57 0
156 53 0
157 42 0
158 48 0
159 65 0
160 78 0
161 70 0
162 61 0
163 64 0
164 89 0
165 119 0
166 122 0
167 102 0
168 75 0
169 48 0
170 39 0
171 53 0
172 31 0
173 120 0
174 255 0
175 249 0
176 239 0
177 149 0
178 63 0
179 29 0
180 52 0
181 84 0
182 60 0
183 6 0
184 17 0
185 11 0
186 12 0
187 4 0
188 0 0
189 6 0
190 13 0
191 0 0
192 6 0
193 5 0
194 4 0
195 3 0
196 3 0
197 4 0
198 4 0
199 5 0
200 0 0
201 1 0
202 4 0
203 6 0
204 7 0
205 6 0
206 5 0
207 4 0
208 5 0
209 4 0
210 4 0
211 4 0
212 4 0
213 4 0
214 4 0
215 5 0
216 4 0
217 5 0
218 6 0
219 7 0
220 7 0
221 6 0
222 5 0
223 4 0
224 4 0
225 4 0
226 3 0
227 3 0
228 3 0
229 3 0
230 4 0
231 5 0
232 5 0
233 4 0
234 4 0
235 4 0
236 4 0
237 4 0
238 4 0
239 4 0
240 7 0
241 5 0
242 2 0
243 0 0
244 0 0
245 2 0
246 5 0
247 7 0
248 5 0
249 5 0
250 5 0
251 5 0
252 4 0
253 4 0
254 4 0
255 3 0

0 0 0
1 2 0
2 4 0
3 3 0
4 1 0
5 0 0
6 2 0
7 5 0
8 4 0
9 4 0
10 4 0
11 4 0
12 4 0
13 4 0
14 4 0
15 4 0
16 4 0
17 6 0
18 7 0
19 7 0
20 5 0
21 5 0
22 6 0
23 8 0
24 4 0
25 4 0
26 4 0
27 4 0
28 4 0
29 4 0
30 4 0
31 4 0
32 2 0
33 2 0
34 2 0
35 3 0
36 3 0
37 3 0
38 3 0
39 3 0
40 3 0
41 3 0
42 3 0
43 3 0
44 3 0
45 3 0
46 3 0
47 3 0
48 4 0
49 3 0
50 2 0
51 1 0
52 1 0
53 1 0
54 2 0
55 2 0
56 20 0
57 0 0
58 2 0
59 24 0
60 17 0
61 0 0
62 25 0
63 77 0
64 59 0
65 60 0
66 44 0
67 74 0
68 218 0
69 241 0
70 246 0
71 193 0
72 114 0
73 49 0
74 63 0
75 99 0
76 103 0
77 96 0
78 87 0
79 101 0
80 94 0
81 82 0
82 82 0
83 107 0
84 120 0
85 94 0
86 62 0
87 57 0
88 102 0
89 105 0
90 112 0
91 118 0
92 116 0
93 96 0
94 60 0
95 30 0
96 39 0
97 44 0
98 65 0
99 94 0
100 113 0
101 117 0
102 119 0
103 124 0
104 119 0
105 132 0
106 129 0
107 131 0
108 153 0
109 159 0
110 143 0
111 134 0
112 131 0
113 122 0
114 116 0
115 124 0
116 122 0
117 89 0
118 58 0
119 53 0
120 75 0
121 92 0
122 54 0
123 44 0
124 90 0
125 122 0
126 130 0
127 131 0
128 148 0
129 159 0
130 142 0
131 126 0
132 116 0
133 71 0
134 36 0
135 51 0
136 57 0
137 51 0
138 53 0
139 60 0
140 59 0
141 53 0
142 56 0
143 66 0
144 59 0
145 56 0
146 63 0
147 81 0
148 91 0
149 80 0
150 59 0
151 45 0
152 43 0
153 52 0
154 53 0
155 46 0
156 46 0
157 55 0
158 52 0
159 41 0
160 75 0
161 98 0
162 105 0
163 88 0
164 77 0
165 88 0
166 115 0
167 138 0
168 107 0
169 32 0
170 34 0
171 52 0
172 49 0
173 79 0
174 129 0
175 208 0
176 255 0
177 238 0
178 140 0
179 47 0
180 46 0
181 84 0
182 75 0
183 31 0
184 5 0
185 0 0
186 9 0
187 23 0
188 9 0
189 0 0
190 1 0
191 3 0
192 3 0
193 4 0
194 5 0
195 6 0
196 6 0
197 5 0
198 4 0
199 4 0
200 4 0
201 3 0
202 2 0
203 1 0
204 2 0
205 5 0
206 7 0
207 9 0
208 4 0
209 4 0
210 4 0
211 4 0
212 4 0
213 4 0
214 4 0
215 4 0
216 4 0
217 5 0
218 6 0
219 7 0
220 7 0
221 6 0
222 5 0
223 4 0
224 5 0
225 4 0
226 3 0
227 3 0
228 3 0
229 3 0
230 4 0
231 4 0
232 1 0
233 1 0
234 2 0
235 4 0
236 5 0
237 6 0
238 7 0
239 8 0
240 7 0
241 5 0
242 2 0
243 0 0
244 0 0
245 2 0
246 5 0
247 7 0
248 5 0
249 5 0
250 5 0
251 5 0
252 4 0
253 4 0
254 4 0
255 3 0

0 0 0
1 1 0
2 3 0
3 3 0
4 0 0
5 0 0
6 2 0
7 4 0
8 5 0
9 5 0
10 5 0
11 5 0
12 5 0
13 5 0
14 5 0
15 5 0
16 2 0
17 5 0
18 8 0
19 7 0
20 4 0
21 3 0
22 6 0
23 9 0
24 4 0
25 4 0
26 4 0
27 4 0
28 4 0
29 4 0
30 4 0
31 4 0
32 3 0
33 3 0
34 3 0
35 3 0
36 2 0
37 2 0
38 2 0
39 2 0
40 3 0
41 3 0
42 3 0
43 3 0
44 3 0
45 3 0
46 3 0
47 3 0
48 3 0
49 2 0
50 2 0
51 2 0
52 3 0
53 4 0
54 5 0
55 5 0
56 1 0
57 3 0
58 6 0
59 6 0
60 9 0
61 24 0
62 54 0
63 81 0
64 51 0
65 43 0
66 104 0
67 240 0
68 242 0
69 255 0
70 158 0
71 56 0
72 52 0
73 49 0
74 80 0
75 103 0
76 100 0
77 91 0
78 71 0
79 56 0
80 60 0
81 59 0
82 75 0
83 97 0
84 79 0
85 34 0
86 37 0
87 85 0
88 114 0
89 112 0
90 112 0
91 115 0
92 112 0
93 97 0
94 71 0
95 51 0
96 43 0
97 59 0
98 87 0
99 113 0
100 122 0
101 119 0
102 119 0
103 124 0
104 130 0
105 136 0
106 137 0
107 142 0
108 156 0
109 159 0
110 144 0
111 131 0
112 125 0
113 126 0
114 125 0
115 129 0
116 124 0
117 92 0
118 53 0
119 37 0
120 72 0
121 88 0
122 58 0
123 48 0
124 82 0
125 111 0
126 127 0
127 130 0
128 142 0
129 152 0
130 141 0
131 131 0
132 122 0
133 83 0
134 46 0
135 46 0
136 48 0
137 49 0
138 54 0
139 61 0
140 64 0
141 62 0
142 62 0
143 64 0
144 53 0
145 57 0
146 70 0
147 85 0
148 83 0
149 67 0
150 58 0
151 59 0
152 44 0
153 57 0
154 60 0
155 47 0
156 35 0
157 41 0
158 57 0
159 68 0
160 78 0
161 81 0
162 94 0
163 111 0
164 101 0
165 69 0
166 70 0
167 107 0
168 123 0
169 77 0
170 60 0
171 92 0
172 68 0
173 83 0
174 59 0
175 87 0
176 195 0
177 255 0
178 255 0
179 187 0
180 108 0
181 53 0
182 58 0
183 87 0
184 57 0
185 11 0
186 0 0
187 24 0
188 28 0
189 4 0
190 0 0
191 6 0
192 2 0
193 3 0
194 5 0
195 7 0
196 7 0
197 6 0
198 5 0
199 3 0
200 7 0
201 5 0
202 2 0
203 0 0
204 1 0
205 4 0
206 8 0
207 10 0
208 4 0
209 4 0
210 5 0
211 6 0
212 6 0
213 5 0
214 4 0
215 4 0
216 4 0
217 5 0
218 6 0
219 7 0
220 7 0
221 6 0
222 5 0
223 4 0
224 5 0
225 4 0
226 3 0
227 2 0
228 2 0
229 2 0
230 3 0
231 3 0
232 0 0
233 0 0
234 1 0
235 3 0
236 5 0
237 7 0
238 9 0
239 9 0
240 1 0
241 2 0
242 4 0
243 5 0
244 5 0
245 4 0
246 2 0
247 1 0
248 5 0
249 5 0
250 5 0
251 5 0
252 4 0
253 4 0
254 4 0
255 3 0

0 0 0
1 2 0
2 4 0
3 4 0
4 1 0
5 0 0
6 3 0
7 5 0
8 6 0
9 6 0
10 6 0
11 6 0
12 6 0
13 6 0
14 6 0
15 6 0
16 5 0
17 5 0
18 6 0
19 5 0
20 4 0
21 4 0
22 4 0
23 5 0
24 4 0
25 4 0
26 4 0
27 4 0
28 4 0
29 4 0
30 4 0
31 4 0
32 4 0
33 4 0
34 3 0
35 3 0
36 2 0
37 2 0
38 2 0
39 1 0
40 3 0
41 3 0
42 3 0
43 3 0
44 3 0
45 3 0
46 3 0
47 3 0
48 1 0
49 1 0
50 2 0
51 3 0
52 4 0
53 6 0
54 8 0
55 9 0
56 0 0
57 15 0
58 15 0
59 0 0
60 22 0
61 70 0
62 81 0
63 57 0
64 40 0
65 155 0
66 255 0
67 249 0
68 255 0
69 123 0
70 48 0
71 49 0
72 75 0
73 83 0
74 76 0
75 82 0
76 92 0
77 88 0
78 77 0
79 62 0
80 55 0
81 74 0
82 76 0
83 62 0
84 56 0
85 65 0
86 90 0
87 118 0
88 112 0
89 120 0
90 129 0
91 126 0
92 107 0
93 79 0
94 54 0
95 41 0
96 52 0
97 78 0
98 110 0
99 127 0
100 126 0
101 120 0
102 121 0
103 128 0
104 135 0
105 137 0
106 147 0
107 156 0
108 157 0
109 154 0
110 145 0
111 131 0
112 137 0
113 133 0
114 128 0
115 130 0
116 124 0
117 89 0
118 49 0
119 33 0
120 67 0
121 80 0
122 60 0
123 54 0
124 76 0
125 102 0
126 125 0
127 125 0
128 131 0
129 145 0
130 148 0
131 140 0
132 123 0
133 88 0
134 53 0
135 41 0
136 45 0
137 52 0
138 57 0
139 61 0
140 65 0
141 68 0
142 65 0
143 60 0
144 48 0
145 61 0
146 78 0
147 87 0
148 81 0
149 70 0
150 63 0
151 63 0
152 40 0
153 48 0
154 54 0
155 48 0
156 36 0
157 42 0
158 75 0
159 110 0
160 121 0
161 96 0
162 73 0
163 80 0
164 90 0
165 68 0
166 57 0
167 75 0
168 91 0
169 95 0
170 117 0
171 87 0
172 94 0
173 70 0
174 76 0
175 34 0
176 106 0
177 188 0
178 254 0
179 250 0
180 140 0
181 28 0
182 42 0
183 103 0
184 105 0
185 61 0
186 16 0
187 8 0
188 20 0
189 16 0
190 4 0
191 3 0
192 4 0
193 4 0
194 5 0
195 5 0
196 6 0
197 6 0
198 6 0
199 6 0
200 6 0
201 6 0
202 5 0
203 5 0
204 5 0
205 5 0
206 6 0
207 7 0
208 4 0
209 5 0
210 6 0
211 7 0
212 7 0
213 6 0
214 5 0
215 4 0
216 4 0
217 5 0
218 6 0
219 7 0
220 7 0
221 6 0
222 5 0
223 4 0
224 4 0
225 3 0
226 2 0
227 2 0
228 1 0
229 1 0
230 2 0
231 2 0
232 2 0
233 2 0
234 3 0
235 4 0
236 5 0
237 6 0
238 6 0
239 7 0
240 1 0
241 2 0
242 3 0
243 4 0
244 4 0
245 3 0
246 2 0
247 1 0
248 5 0
249 5 0
250 5 0
251 5 0
252 4 0
253 4 0
254 4 0
255 3 0

0 1 0
1 3 0
2 5 0
3 5 0
4 2 0
5 2 0
6 4 0
7 6 0
8 7 0
9 7 0
10 7 0
11 7 0
12 7 0
13 7 0
14 7 0
15 7 0
16 9 0
17 6 0
18 3 0
19 3 0
20 5 0
21 5 0
22 3 0
23 0 0
24 4 0
25 4 0
26 4 0
27 4 0
28 4 0
29 4 0
30 4 0
31 4 0
32 4 0
33 4 0
34 3 0
35 3 0
36 2 0
37 2 0
38 1 0
39 1 0
40 3 0
41 3 0
42 3 0
43 3 0
44 3 0
45 3 0
46 3 0
47 3 0
48 0 0
49 1 0
50 2 0
51 3 0
52 6 0
53 8 0
54 10 0
55 12 0
56 17 0
57 13 0
58 11 0
59 28 0
60 70 0
61 103 0
62 95 0
63 68 0
64 187 0
65 253 0
66 252 0
67 244 0
68 133 0
69 40 0
70 56 0
71 91 0
72 96 0
73 100 0
74 77 0
75 94 0
76 104 0
77 71 0
78 69 0
79 83 0
80 82 0
81 96 0
82 75 0
83 39 0
84 49 0
85 92 0
86 118 0
87 120 0
88 115 0
89 117 0
90 118 0
91 111 0
92 95 0
93 72 0
94 53 0
95 43 0
96 59 0
97 91 0
98 125 0
99 135 0
100 128 0
101 121 0
102 126 0
103 134 0
104 122 0
105 122 0
106 143 0
107 159 0
108 153 0
109 150 0
110 148 0
111 136 0
112 141 0
113 126 0
114 112 0
115 116 0
116 114 0
117 85 0
118 55 0
119 49 0
120 64 0
121 75 0
122 62 0
123 58 0
124 74 0
125 100 0
126 125 0
127 120 0
128 129 0
129 148 0
130 161 0
131 153 0
132 127 0
133 92 0
134 61 0
135 42 0
136 48 0
137 57 0
138 62 0
139 61 0
140 65 0
141 71 0
142 67 0
143 57 0
144 47 0
145 65 0
146 82 0
147 88 0
148 89 0
149 85 0
150 71 0
151 55 0
152 45 0
153 54 0
154 47 0
155 33 0
156 50 0
157 93 0
158 118 0
159 116 0
160 123 0
161 131 0
162 110 0
163 88 0
164 96 0
165 96 0
166 73 0
167 56 0
168 64 0
169 99 0
170 119 0
171 92 0
172 92 0
173 79 0
174 50 0
175 67 0
176 63 0
177 80 0
178 155 0
179 255 0
180 255 0
181 177 0
182 123 0
183 81 0
184 85 0
185 96 0
186 59 0
187 5 0
188 0 0
189 13 0
190 11 0
191 1 0
192 6 0
193 5 0
194 4 0
195 3 0
196 4 0
197 5 0
198 7 0
199 8 0
200 3 0
201 5 0
202 8 0
203 10 0
204 10 0
205 7 0
206 4 0
207 2 0
208 5 0
209 6 0
210 7 0
211 8 0
212 8 0
213 7 0
214 6 0
215 5 0
216 4 0
217 5 0
218 6 0
219 7 0
220 7 0
221 6 0
222 5 0
223 4 0
224 4 0
225 3 0
226 2 0
227 1 0
228 1 0
229 1 0
230 1 0
231 1 0
232 5 0
233 5 0
234 5 0
235 5 0
236 4 0
237 4 0
238 3 0
239 3 0
240 6 0
241 4 0
242 1 0
243 0 0
244 0 0
245 1 0
246 4 0
247 6 0
248 5 0
249 5 0
250 5 0
251 5 0
252 4 0
253 4 0
254 4 0
255 3 0

0 3 0
1 3 0
2 4 0
3 5 0
4 5 0
5 5 0
6 5 0
7 5 0
8 2 0
9 2 0
10 2 0
11 2 0
12 2 0
13 3 0
14 3 0
15 3 0
16 3 0
17 3 0
18 3 0
19 3 0
20 3 0
21 3 0
22 3 0
23 3 0
24 5 0
25 5 0
26 5 0
27 5 0
28 5 0
29 5 0
30 5 0
31 5 0
32 4 0
33 4 0
34 4 0
35 4 0
36 3 0
37 2 0
38 1 0
39 0 0
40 4 0
41 4 0
42 4 0
43 4 0
44 4 0
45 4 0
46 4 0
47 4 0
48 5 0
49 8 0
50 4 0
51 3 0
52 5 0
53 0 0
54 2 0
55 14 0
56 13 0
57 4 0
58 12 0
59 54 0
60 82 0
61 56 0
62 77 0
63 211 0
64 255 0
65 255 0
66 188 0
67 96 0
68 61 0
69 66 0
70 75 0
71 86 0
72 90 0
73 85 0
74 85 0
75 93 0
76 99 0
77 97 0
78 94 0
79 95 0
80 82 0
81 82 0
82 61 0
83 46 0
84 79 0
85 131 0
86 135 0
87 102 0
88 116 0
89 108 0
90 105 0
91 101 0
92 81 0
93 57 0
94 50 0
95 59 0
96 88 0
97 120 0
98 140 0
99 128 0
100 113 0
101 116 0
102 125 0
103 128 0
104 134 0
105 135 0
106 140 0
107 148 0
108 156 0
109 157 0
110 151 0
111 145 0
112 120 0
113 111 0
114 112 0
115 128 0
116 120 0
117 75 0
118 44 0
119 49 0
120 80 0
121 68 0
122 39 0
123 42 0
124 61 0
125 75 0
126 107 0
127 132 0
128 131 0
129 141 0
130 145 0
131 138 0
132 128 0
133 111 0
134 80 0
135 51 0
136 47 0
137 59 0
138 77 0
139 67 0
140 56 0
141 59 0
142 58 0
143 67 0
144 57 0
145 63 0
146 79 0
147 94 0
148 95 0
149 84 0
150 77 0
151 79 0
152 64 0
153 49 0
154 45 0
155 58 0
156 84 0
157 113 0
158 120 0
159 105 0
160 112 0
161 113 0
162 117 0
163 115 0
164 99 0
165 81 0
166 77 0
167 84 0
168 50 0
169 62 0
170 86 0
171 110 0
172 115 0
173 99 0
174 76 0
175 64 0
176 82 0
177 59 0
178 59 0
179 140 0
180 255 0
181 251 0
182 255 0
183 135 0
184 58 0
185 82 0
186 77 0
187 48 0
188 8 0
189 4 0
190 32 0
191 14 0
192 4 0
193 2 0
194 0 0
195 1 0
196 4 0
197 5 0
198 4 0
199 1 0
200 7 0
201 6 0
202 5 0
203 4 0
204 3 0
205 2 0
206 1 0
207 1 0
208 2 0
209 3 0
210 4 0
211 6 0
212 6 0
213 5 0
214 5 0
215 4 0
216 5 0
217 5 0
218 5 0
219 4 0
220 3 0
221 2 0
222 2 0
223 1 0
224 7 0
225 6 0
226 6 0
227 5 0
228 4 0
229 3 0
230 2 0
231 2 0
232 2 0
233 3 0
234 5 0
235 6 0
236 6 0
237 4 0
238 2 0
239 0 0
240 6 0
241 6 0
242 5 0
243 5 0
244 4 0
245 3 0
246 3 0
247 3 0
248 4 0
249 5 0
250 6 0
251 6 0
252 5 0
253 3 0
254 1 0
255 0 0

0 1 0
1 2 0
2 3 0
3 3 0
4 4 0
5 4 0
6 3 0
7 3 0
8 4 0
9 4 0
10 4 0
11 3 0
12 3 0
13 3 0
14 2 0
15 2 0
16 3 0
17 3 0
18 3 0
19 3 0
20 3 0
21 3 0
22 3 0
23 3 0
24 5 0
25 5 0
26 5 0
27 5 0
28 5 0
29 5 0
30 5 0
31 5 0
32 4 0
33 4 0
34 4 0
35 4 0
36 3 0
37 2 0
38 1 0
39 1 0
40 4 0
41 4 0
42 4 0
43 4 0
44 4 0
45 4 0
46 4 0
47 4 0
48 2 0
49 6 0
50 2 0
51 0 0
52 5 0
53 5 0
54 6 0
55 15 0
56 12 0
57 0 0
58 58 0
59 104 0
60 23 0
61 42 0
62 170 0
63 255 0
64 254 0
65 164 0
66 87 0
67 70 0
68 73 0
69 68 0
70 65 0
71 68 0
72 75 0
73 73 0
74 78 0
75 84 0
76 74 0
77 60 0
78 67 0
79 87 0
80 62 0
81 48 0
82 43 0
83 63 0
84 97 0
85 121 0
86 125 0
87 120 0
88 122 0
89 116 0
90 106 0
91 91 0
92 70 0
93 60 0
94 75 0
95 97 0
96 110 0
97 125 0
98 137 0
99 134 0
100 124 0
101 122 0
102 128 0
103 134 0
104 145 0
105 140 0
106 139 0
107 149 0
108 161 0
109 161 0
110 146 0
111 130 0
112 117 0
113 112 0
114 113 0
115 121 0
116 106 0
117 63 0
118 39 0
119 50 0
120 76 0
121 89 0
122 61 0
123 39 0
124 38 0
125 50 0
126 90 0
127 125 0
128 127 0
129 141 0
130 150 0
131 144 0
132 131 0
133 114 0
134 87 0
135 61 0
136 48 0
137 43 0
138 57 0
139 62 0
140 65 0
141 62 0
142 49 0
143 52 0
144 60 0
145 71 0
146 87 0
147 99 0
148 97 0
149 87 0
150 80 0
151 79 0
152 70 0
153 51 0
154 54 0
155 81 0
156 109 0
157 127 0
158 129 0
159 117 0
160 126 0
161 129 0
162 127 0
163 113 0
164 91 0
165 74 0
166 70 0
167 74 0
168 65 0
169 58 0
170 56 0
171 66 0
172 81 0
173 89 0
174 88 0
175 84 0
176 78 0
177 65 0
178 68 0
179 49 0
180 86 0
181 255 0
182 237 0
183 243 0
184 86 0
185 43 0
186 97 0
187 79 0
188 33 0
189 0 0
190 9 0
191 35 0
192 5 0
193 3 0
194 0 0
195 1 0
196 4 0
197 5 0
198 3 0
199 0 0
200 4 0
201 4 0
202 4 0
203 3 0
204 3 0
205 2 0
206 2 0
207 2 0
208 1 0
209 2 0
210 3 0
211 4 0
212 5 0
213 4 0
214 4 0
215 3 0
216 6 0
217 6 0
218 5 0
219 4 0
220 4 0
221 3 0
222 2 0
223 2 0
224 6 0
225 6 0
226 5 0
227 5 0
228 4 0
229 3 0
230 3 0
231 2 0
232 4 0
233 4 0
234 4 0
235 4 0
236 4 0
237 3 0
238 3 0
239 2 0
240 6 0
241 6 0
242 5 0
243 5 0
244 4 0
245 3 0
246 3 0
247 3 0
248 2 0
249 3 0
250 4 0
251 5 0
252 4 0
253 3 0
254 1 0
255 0 0

0 0 0
1 0 0
2 1 0
3 2 0
4 2 0
5 2 0
6 2 0
7 1 0
8 5 0
9 5 0
10 5 0
11 4 0
12 4 0
13 3 0
14 3 0
15 3 0
16 4 0
17 4 0
18 4 0
19 4 0
20 4 0
21 4 0
22 4 0
23 4 0
24 4 0
25 4 0
26 4 0
27 4 0
28 4 0
29 4 0
30 4 0
31 4 0
32 5 0
33 5 0
34 4 0
35 4 0
36 3 0
37 2 0
38 2 0
39 2 0
40 4 0
41 4 0
42 4 0
43 4 0
44 4 0
45 4 0
46 4 0
47 4 0
48 2 0
49 7 0
50 2 0
51 0 0
52 4 0
53 6 0
54 5 0
55 10 0
56 7 0
57 7 0
58 83 0
59 73 0
60 80 0
61 167 0
62 255 0
63 252 0
64 153 0
65 62 0
66 37 0
67 86 0
68 103 0
69 84 0
70 70 0
71 64 0
72 96 0
73 88 0
74 97 0
75 114 0
76 109 0
77 82 0
78 68 0
79 73 0
80 37 0
81 45 0
82 56 0
83 69 0
84 88 0
85 109 0
86 118 0
87 116 0
88 125 0
89 115 0
90 95 0
91 74 0
92 64 0
93 75 0
94 103 0
95 126 0
96 130 0
97 127 0
98 129 0
99 133 0
100 131 0
101 124 0
102 126 0
103 133 0
104 150 0
105 147 0
106 147 0
107 153 0
108 159 0
109 154 0
110 137 0
111 122 0
112 119 0
113 119 0
114 118 0
115 113 0
116 88 0
117 46 0
118 31 0
119 50 0
120 74 0
121 90 0
122 54 0
123 33 0
124 55 0
125 79 0
126 103 0
127 118 0
128 123 0
129 140 0
130 152 0
131 146 0
132 134 0
133 119 0
134 96 0
135 74 0
136 63 0
137 42 0
138 47 0
139 61 0
140 74 0
141 68 0
142 45 0
143 43 0
144 55 0
145 72 0
146 90 0
147 96 0
148 91 0
149 85 0
150 79 0
151 75 0
152 88 0
153 73 0
154 82 0
155 109 0
156 123 0
157 128 0
158 133 0
159 134 0
160 145 0
161 135 0
162 125 0
163 120 0
164 115 0
165 98 0
166 70 0
167 47 0
168 108 0
169 132 0
170 120 0
171 73 0
172 56 0
173 81 0
174 92 0
175 78 0
176 80 0
177 59 0
178 66 0
179 65 0
180 25 0
181 77 0
182 255 0
183 251 0
184 219 0
185 103 0
186 70 0
187 115 0
188 71 0
189 28 0
190 12 0
191 0 0
192 6 0
193 4 0
194 1 0
195 2 0
196 4 0
197 5 0
198 2 0
199 0 0
200 1 0
201 1 0
202 2 0
203 2 0
204 3 0
205 3 0
206 4 0
207 4 0
208 1 0
209 1 0
210 2 0
211 3 0
212 3 0
213 3 0
214 3 0
215 3 0
216 6 0
217 6 0
218 6 0
219 5 0
220 4 0
221 4 0
222 3 0
223 3 0
224 6 0
225 5 0
226 5 0
227 5 0
228 4 0
229 4 0
230 3 0
231 3 0
232 6 0
233 5 0
234 3 0
235 2 0
236 2 0
237 2 0
238 3 0
239 4 0
240 6 0
241 6 0
242 5 0
243 5 0
244 4 0
245 3 0
246 3 0
247 3 0
248 0 0
249 1 0
250 2 0
251 3 0
252 3 0
253 2 0
254 0 0
255 0 0

0 0 0
1 0 0
2 1 0
3 2 0
4 2 0
5 2 0
6 1 0
7 1 0
8 4 0
9 4 0
10 4 0
11 4 0
12 5 0
13 5 0
14 5 0
15 5 0
16 5 0
17 5 0
18 5 0
19 5 0
20 5 0
21 5 0
22 5 0
23 5 0
24 4 0
25 4 0
26 4 0
27 4 0
28 4 0
29 4 0
30 4 0
31 4 0
32 6 0
33 6 0
34 5 0
35 4 0
36 3 0
37 3 0
38 3 0
39 3 0
40 4 0
41 4 0
42 4 0
43 4 0
44 4 0
45 4 0
46 4 0
47 4 0
48 4 0
49 9 0
50 4 0
51 0 0
52 2 0
53 2 0
54 0 0
55 2 0
56 16 0
57 80 0
58 83 0
59 80 0
60 184 0
61 250 0
62 241 0
63 176 0
64 40 0
65 40 0
66 67 0
67 93 0
68 89 0
69 82 0
70 86 0
71 87 0
72 98 0
73 93 0
74 103 0
75 123 0
76 129 0
77 110 0
78 86 0
79 75 0
80 35 0
81 41 0
82 43 0
83 51 0
84 83 0
85 123 0
86 134 0
87 123 0
88 119 0
89 103 0
90 78 0
91 60 0
92 68 0
93 95 0
94 119 0
95 130 0
96 135 0
97 129 0
98 127 0
99 131 0
100 130 0
101 125 0
102 125 0
103 129 0
104 145 0
105 151 0
106 158 0
107 158 0
108 150 0
109 140 0
110 130 0
111 125 0
112 126 0
113 130 0
114 126 0
115 108 0
116 74 0
117 35 0
118 28 0
119 49 0
120 73 0
121 78 0
122 43 0
123 48 0
124 101 0
125 129 0
126 129 0
127 123 0
128 126 0
129 140 0
130 149 0
131 143 0
132 135 0
133 126 0
134 107 0
135 88 0
136 82 0
137 62 0
138 62 0
139 67 0
140 74 0
141 70 0
142 47 0
143 44 0
144 49 0
145 70 0
146 87 0
147 88 0
148 84 0
149 84 0
150 83 0
151 80 0
152 99 0
153 96 0
154 109 0
155 122 0
156 120 0
157 123 0
158 139 0
159 152 0
160 149 0
161 129 0
162 119 0
163 129 0
164 133 0
165 110 0
166 71 0
167 43 0
168 93 0
169 137 0
170 145 0
171 96 0
172 57 0
173 67 0
174 87 0
175 90 0
176 73 0
177 90 0
178 94 0
179 74 0
180 69 0
181 32 0
182 48 0
183 222 0
184 255 0
185 232 0
186 92 0
187 71 0
188 112 0
189 73 0
190 12 0
191 7 0
192 8 0
193 5 0
194 2 0
195 2 0
196 4 0
197 4 0
198 2 0
199 0 0
200 0 0
201 0 0
202 0 0
203 2 0
204 3 0
205 4 0
206 5 0
207 6 0
208 2 0
209 2 0
210 3 0
211 3 0
212 3 0
213 4 0
214 4 0
215 3 0
216 6 0
217 6 0
218 6 0
219 6 0
220 5 0
221 5 0
222 4 0
223 4 0
224 5 0
225 5 0
226 5 0
227 4 0
228 4 0
229 4 0
230 4 0
231 4 0
232 5 0
233 4 0
234 4 0
235 3 0
236 3 0
237 3 0
238 3 0
239 3 0
240 6 0
241 6 0
242 5 0
243 5 0
244 4 0
245 3 0
246 3 0
247 3 0
248 0 0
249 0 0
250 1 0
251 2 0
252 2 0
253 1 0
254 0 0
255 0 0

0 1 0
1 1 0
2 2 0
3 3 0
4 3 0
5 3 0
6 3 0
7 2 0
8 2 0
9 2 0
10 3 0
11 4 0
12 5 0
13 6 0
14 6 0
15 7 0
16 6 0
17 6 0
18 6 0
19 6 0
20 6 0
21 6 0
22 6 0
23 6 0
24 3 0
25 3 0
26 3 0
27 3 0
28 3 0
29 3 0
30 3 0
31 3 0
32 8 0
33 7 0
34 5 0
35 4 0
36 3 0
37 3 0
38 4 0
39 4 0
40 4 0
41 4 0
42 4 0
43 4 0
44 4 0
45 4 0
46 4 0
47 4 0
48 3 0
49 8 0
50 4 0
51 0 0
52 1 0
53 0 0
54 0 0
55 10 0
56 76 0
57 146 0
58 104 0
59 149 0
60 248 0
61 246 0
62 190 0
63 42 0
64 43 0
65 84 0
66 85 0
67 52 0
68 51 0
69 77 0
70 94 0
71 99 0
72 85 0
73 91 0
74 96 0
75 98 0
76 104 0
77 112 0
78 115 0
79 113 0
80 95 0
81 59 0
82 30 0
83 43 0
84 85 0
85 118 0
86 123 0
87 115 0
88 110 0
89 98 0
90 76 0
91 60 0
92 70 0
93 100 0
94 124 0
95 133 0
96 130 0
97 131 0
98 130 0
99 129 0
100 127 0
101 126 0
102 128 0
103 129 0
104 145 0
105 151 0
106 156 0
107 154 0
108 146 0
109 136 0
110 129 0
111 127 0
112 130 0
113 134 0
114 125 0
115 101 0
116 68 0
117 37 0
118 34 0
119 53 0
120 70 0
121 74 0
122 58 0
123 80 0
124 123 0
125 133 0
126 133 0
127 135 0
128 138 0
129 146 0
130 146 0
131 140 0
132 138 0
133 137 0
134 124 0
135 106 0
136 95 0
137 90 0
138 94 0
139 83 0
140 77 0
141 73 0
142 54 0
143 49 0
144 53 0
145 72 0
146 86 0
147 87 0
148 84 0
149 89 0
150 94 0
151 95 0
152 100 0
153 104 0
154 115 0
155 121 0
156 121 0
157 133 0
158 149 0
159 152 0
160 138 0
161 125 0
162 126 0
163 135 0
164 121 0
165 83 0
166 59 0
167 58 0
168 70 0
169 67 0
170 82 0
171 102 0
172 96 0
173 73 0
174 71 0
175 89 0
176 82 0
177 109 0
178 89 0
179 89 0
180 53 0
181 50 0
182 0 0
183 83 0
184 250 0
185 245 0
186 176 0
187 58 0
188 84 0
189 115 0
190 51 0
191 3 0
192 8 0
193 5 0
194 2 0
195 3 0
196 5 0
197 5 0
198 2 0
199 0 0
200 0 0
201 0 0
202 0 0
203 2 0
204 3 0
205 5 0
206 6 0
207 6 0
208 3 0
209 3 0
210 3 0
211 4 0
212 4 0
213 4 0
214 5 0
215 5 0
216 6 0
217 6 0
218 6 0
219 5 0
220 5 0
221 5 0
222 5 0
223 5 0
224 4 0
225 4 0
226 4 0
227 4 0
228 4 0
229 5 0
230 5 0
231 5 0
232 2 0
233 3 0
234 5 0
235 6 0
236 5 0
237 4 0
238 2 0
239 1 0
240 6 0
241 6 0
242 5 0
243 5 0
244 4 0
245 3 0
246 3 0
247 3 0
248 0 0
249 0 0
250 1 0
251 2 0
252 3 0
253 2 0
254 1 0
255 0 0

0 2 0
1 2 0
2 3 0
3 4 0
4 4 0
5 4 0
6 4 0
7 3 0
8 2 0
9 2 0
10 3 0
11 3 0
12 4 0
13 5 0
14 6 0
15 6 0
16 5 0
17 5 0
18 5 0
19 5 0
20 5 0
21 5 0
22 5 0
23 5 0
24 3 0
25 3 0
26 3 0
27 3 0
28 3 0
29 3 0
30 3 0
31 3 0
32 9 0
33 7 0
34 6 0
35 4 0
36 3 0
37 4 0
38 4 0
39 5 0
40 4 0
41 4 0
42 4 0
43 4 0
44 4 0
45 4 0
46 4 0
47 4 0
48 0 0
49 3 0
50 2 0
51 3 0
52 3 0
53 0 0
54 14 0
55 42 0
56 112 0
57 84 0
58 86 0
59 249 0
60 249 0
61 208 0
62 49 0
63 23 0
64 94 0
65 105 0
66 73 0
67 48 0
68 78 0
69 106 0
70 96 0
71 82 0
72 100 0
73 103 0
74 99 0
75 94 0
76 107 0
77 128 0
78 134 0
79 126 0
80 132 0
81 110 0
82 77 0
83 56 0
84 63 0
85 86 0
86 98 0
87 97 0
88 106 0
89 103 0
90 88 0
91 69 0
92 65 0
93 87 0
94 119 0
95 139 0
96 120 0
97 123 0
98 125 0
99 123 0
100 120 0
101 121 0
102 126 0
103 131 0
104 153 0
105 149 0
106 147 0
107 148 0
108 150 0
109 145 0
110 132 0
111 120 0
112 126 0
113 127 0
114 110 0
115 84 0
116 62 0
117 45 0
118 44 0
119 58 0
120 69 0
121 66 0
122 66 0
123 100 0
124 125 0
125 123 0
126 131 0
127 139 0
128 150 0
129 153 0
130 149 0
131 141 0
132 143 0
133 149 0
134 142 0
135 128 0
136 112 0
137 114 0
138 122 0
139 107 0
140 96 0
141 93 0
142 76 0
143 71 0
144 66 0
145 78 0
146 88 0
147 90 0
148 89 0
149 93 0
150 99 0
151 104 0
152 111 0
153 108 0
154 114 0
155 123 0
156 134 0
157 148 0
158 146 0
159 128 0
160 131 0
161 126 0
162 133 0
163 140 0
164 116 0
165 71 0
166 46 0
167 47 0
168 68 0
169 44 0
170 47 0
171 94 0
172 132 0
173 120 0
174 73 0
175 38 0
176 65 0
177 98 0
178 102 0
179 48 0
180 57 0
181 62 0
182 44 0
183 12 0
184 99 0
185 255 0
186 255 0
187 155 0
188 50 0
189 74 0
190 50 0
191 50 0
192 7 0
193 5 0
194 2 0
195 3 0
196 5 0
197 6 0
198 3 0
199 0 0
200 1 0
201 1 0
202 2 0
203 3 0
204 4 0
205 5 0
206 6 0
207 6 0
208 4 0
209 4 0
210 4 0
211 4 0
212 4 0
213 5 0
214 6 0
215 6 0
216 5 0
217 5 0
218 5 0
219 5 0
220 5 0
221 5 0
222 5 0
223 5 0
224 3 0
225 3 0
226 4 0
227 4 0
228 5 0
229 5 0
230 6 0
231 6 0
232 1 0
233 3 0
234 5 0
235 7 0
236 6 0
237 4 0
238 2 0
239 0 0
240 6 0
241 6 0
242 5 0
243 5 0
244 4 0
245 3 0
246 3 0
247 3 0
248 1 0
249 2 0
250 3 0
251 4 0
252 4 0
253 3 0
254 1 0
255 0 0

0 2 0
1 2 0
2 3 0
3 4 0
4 4 0
5 4 0
6 4 0
7 3 0
8 3 0
9 3 0
10 3 0
11 3 0
12 3 0
13 3 0
14 3 0
15 3 0
16 5 0
17 5 0
18 5 0
19 5 0
20 5 0
21 5 0
22 5 0
23 5 0
24 2 0
25 2 0
26 2 0
27 2 0
28 2 0
29 2 0
30 2 0
31 2 0
32 10 0
33 8 0
34 6 0
35 4 0
36 3 0
37 4 0
38 5 0
39 6 0
40 4 0
41 4 0
42 4 0
43 4 0
44 4 0
45 4 0
46 4 0
47 4 0
48 2 0
49 1 0
50 2 0
51 6 0
52 5 0
53 4 0
54 35 0
55 83 0
56 95 0
57 3 0
58 173 0
59 244 0
60 225 0
61 38 0
62 3 0
63 102 0
64 98 0
65 79 0
66 69 0
67 90 0
68 115 0
69 112 0
70 93 0
71 84 0
72 106 0
73 106 0
74 105 0
75 110 0
76 124 0
77 135 0
78 128 0
79 113 0
80 115 0
81 126 0
82 115 0
83 79 0
84 57 0
85 68 0
86 91 0
87 104 0
88 105 0
89 103 0
90 92 0
91 73 0
92 62 0
93 73 0
94 103 0
95 128 0
96 117 0
97 112 0
98 113 0
99 119 0
100 118 0
101 114 0
102 124 0
103 140 0
104 156 0
105 151 0
106 148 0
107 151 0
108 153 0
109 147 0
110 131 0
111 117 0
112 122 0
113 114 0
114 88 0
115 61 0
116 52 0
117 49 0
118 50 0
119 57 0
120 65 0
121 58 0
122 71 0
123 113 0
124 128 0
125 127 0
126 141 0
127 140 0
128 152 0
129 156 0
130 153 0
131 145 0
132 147 0
133 156 0
134 156 0
135 147 0
136 137 0
137 124 0
138 124 0
139 118 0
140 118 0
141 119 0
142 106 0
143 106 0
144 88 0
145 92 0
146 98 0
147 102 0
148 100 0
149 97 0
150 100 0
151 107 0
152 123 0
153 113 0
154 119 0
155 134 0
156 144 0
157 148 0
158 138 0
159 120 0
160 131 0
161 133 0
162 134 0
163 124 0
164 97 0
165 65 0
166 46 0
167 43 0
168 60 0
169 73 0
170 73 0
171 77 0
172 112 0
173 143 0
174 108 0
175 44 0
176 52 0
177 92 0
178 85 0
179 71 0
180 72 0
181 73 0
182 79 0
183 33 0
184 17 0
185 159 0
186 247 0
187 253 0
188 96 0
189 81 0
190 104 0
191 59 0
192 7 0
193 4 0
194 2 0
195 3 0
196 6 0
197 6 0
198 4 0
199 2 0
200 4 0
201 4 0
202 4 0
203 4 0
204 5 0
205 5 0
206 5 0
207 5 0
208 4 0
209 3 0
210 3 0
211 2 0
212 3 0
213 4 0
214 5 0
215 6 0
216 4 0
217 4 0
218 4 0
219 4 0
220 4 0
221 4 0
222 4 0
223 4 0
224 2 0
225 3 0
226 3 0
227 4 0
228 5 0
229 5 0
230 6 0
231 6 0
232 3 0
233 4 0
234 4 0
235 5 0
236 5 0
237 3 0
238 2 0
239 1 0
240 6 0
241 6 0
242 5 0
243 5 0
244 4 0
245 3 0
246 3 0
247 3 0
248 4 0
249 5 0
250 6 0
251 6 0
252 5 0
253 4 0
254 2 0
255 1 0

0 1 0
1 2 0
2 3 0
3 3 0
4 4 0
5 4 0
6 3 0
7 3 0
8 5 0
9 5 0
10 4 0
11 3 0
12 2 0
13 1 0
14 0 0
15 0 0
16 4 0
17 4 0
18 4 0
19 4 0
20 4 0
21 4 0
22 4 0
23 4 0
24 2 0
25 2 0
26 2 0
27 2 0
28 2 0
29 2 0
30 2 0
31 2 0
32 10 0
33 8 0
34 6 0
35 4 0
36 4 0
37 4 0
38 5 0
39 6 0
40 4 0
41 4 0
42 4 0
43 4 0
44 4 0
45 4 0
46 4 0
47 4 0
48 7 0
49 3 0
50 3 0
51 9 0
52 7 0
53 6 0
54 48 0
55 111 0
56 63 0
57 149 0
58 255 0
59 254 0
60 60 0
61 21 0
62 108 0
63 113 0
64 78 0
65 53 0
66 75 0
67 111 0
68 93 0
69 69 0
70 86 0
71 113 0
72 96 0
73 107 0
74 120 0
75 129 0
76 128 0
77 126 0
78 128 0
79 133 0
80 135 0
81 120 0
82 111 0
83 105 0
84 81 0
85 57 0
86 67 0
87 96 0
88 104 0
89 96 0
90 84 0
91 71 0
92 63 0
93 68 0
94 87 0
95 105 0
96 124 0
97 108 0
98 107 0
99 122 0
100 123 0
101 114 0
102 126 0
103 152 0
104 152 0
105 156 0
106 159 0
107 159 0
108 153 0
109 141 0
110 128 0
111 120 0
112 121 0
113 107 0
114 72 0
115 45 0
116 43 0
117 48 0
118 49 0
119 53 0
120 56 0
121 59 0
122 91 0
123 133 0
124 131 0
125 128 0
126 150 0
127 146 0
128 147 0
129 155 0
130 155 0
131 147 0
132 147 0
133 157 0
134 161 0
135 157 0
136 155 0
137 122 0
138 109 0
139 112 0
140 125 0
141 133 0
142 125 0
143 131 0
144 109 0
145 108 0
146 112 0
147 118 0
148 114 0
149 105 0
150 104 0
151 110 0
152 121 0
153 112 0
154 123 0
155 144 0
156 147 0
157 141 0
158 140 0
159 138 0
160 129 0
161 142 0
162 134 0
163 93 0
164 51 0
165 39 0
166 54 0
167 70 0
168 92 0
169 128 0
170 124 0
171 80 0
172 74 0
173 117 0
174 135 0
175 117 0
176 80 0
177 72 0
178 84 0
179 90 0
180 95 0
181 89 0
182 94 0
183 61 0
184 5 0
185 65 0
186 248 0
187 245 0
188 195 0
189 94 0
190 98 0
191 73 0
192 6 0
193 3 0
194 2 0
195 3 0
196 6 0
197 7 0
198 5 0
199 3 0
200 6 0
201 6 0
202 6 0
203 5 0
204 5 0
205 5 0
206 5 0
207 5 0
208 3 0
209 2 0
210 2 0
211 1 0
212 1 0
213 3 0
214 4 0
215 5 0
216 3 0
217 3 0
218 3 0
219 3 0
220 3 0
221 4 0
222 4 0
223 4 0
224 2 0
225 2 0
226 3 0
227 4 0
228 5 0
229 6 0
230 6 0
231 7 0
232 5 0
233 5 0
234 4 0
235 3 0
236 2 0
237 3 0
238 3 0
239 4 0
240 6 0
241 6 0
242 5 0
243 5 0
244 4 0
245 3 0
246 3 0
247 3 0
248 6 0
249 7 0
250 7 0
251 8 0
252 7 0
253 5 0
254 3 0
255 2 0

0 1 0
1 2 0
2 3 0
3 4 0
4 4 0
5 3 0
6 2 0
7 1 0
8 5 0
9 4 0
10 4 0
11 4 0
12 3 0
13 3 0
14 2 0
15 2 0
16 4 0
17 7 0
18 8 0
19 7 0
20 3 0
21 2 0
22 3 0
23 6 0
24 3 0
25 4 0
26 4 0
27 4 0
28 5 0
29 5 0
30 5 0
31 5 0
32 2 0
33 1 0
34 1 0
35 1 0
36 2 0
37 3 0
38 4 0
39 5 0
40 5 0
41 5 0
42 5 0
43 4 0
44 2 0
45 3 0
46 5 0
47 7 0
48 10 0
49 0 0
50 27 0
51 12 0
52 4 0
53 34 0
54 78 0
55 77 0
56 145 0
57 241 0
58 253 0
59 105 0
60 11 0
61 91 0
62 140 0
63 86 0
64 53 0
65 73 0
66 112 0
67 106 0
68 62 0
69 69 0
70 105 0
71 107 0
72 90 0
73 113 0
74 124 0
75 126 0
76 132 0
77 135 0
78 135 0
79 139 0
80 135 0
81 128 0
82 128 0
83 127 0
84 105 0
85 72 0
86 61 0
87 70 0
88 82 0
89 86 0
90 83 0
91 70 0
92 54 0
93 51 0
94 63 0
95 78 0
96 102 0
97 102 0
98 110 0
99 122 0
100 123 0
101 120 0
102 129 0
103 145 0
104 161 0
105 155 0
106 153 0
107 151 0
108 137 0
109 120 0
110 118 0
111 126 0
112 106 0
113 75 0
114 48 0
115 45 0
116 55 0
117 57 0
118 48 0
119 39 0
120 46 0
121 57 0
122 96 0
123 128 0
124 131 0
125 137 0
126 148 0
127 145 0
128 150 0
129 157 0
130 160 0
131 154 0
132 148 0
133 149 0
134 153 0
135 156 0
136 158 0
137 145 0
138 136 0
139 136 0
140 133 0
141 124 0
142 117 0
143 116 0
144 119 0
145 120 0
146 117 0
147 112 0
148 113 0
149 117 0
150 117 0
151 113 0
152 114 0
153 131 0
154 142 0
155 140 0
156 135 0
157 135 0
158 133 0
159 127 0
160 130 0
161 137 0
162 115 0
163 74 0
164 48 0
165 49 0
166 71 0
167 97 0
168 111 0
169 114 0
170 117 0
171 104 0
172 70 0
173 49 0
174 73 0
175 113 0
176 95 0
177 66 0
178 68 0
179 99 0
180 110 0
181 100 0
182 93 0
183 92 0
184 65 0
185 0 0
186 128 0
187 242 0
188 248 0
189 136 0
190 101 0
191 74 0
192 26 0
193 1 0
194 1 0
195 6 0
196 6 0
197 0 0
198 12 0
199 4 0
200 1 0
201 3 0
202 5 0
203 4 0
204 1 0
205 0 0
206 2 0
207 5 0
208 6 0
209 6 0
210 5 0
211 4 0
212 4 0
213 5 0
214 5 0
215 6 0
216 0 0
217 0 0
218 0 0
219 1 0
220 1 0
221 1 0
222 2 0
223 2 0
224 4 0
225 2 0
226 1 0
227 0 0
228 1 0
229 4 0
230 7 0
231 9 0
232 1 0
233 2 0
234 2 0
235 2 0
236 3 0
237 4 0
238 4 0
239 4 0
240 5 0
241 5 0
242 5 0
243 5 0
244 4 0
245 4 0
246 4 0
247 4 0
248 1 0
249 4 0
250 4 0
251 2 0
252 2 0
253 4 0
254 4 0
255 1 0

0 0 0
1 1 0
2 3 0
3 3 0
4 3 0
5 2 0
6 1 0
7 0 0
8 4 0
9 4 0
10 4 0
11 4 0
12 3 0
13 3 0
14 3 0
15 2 0
16 6 0
17 6 0
18 5 0
19 5 0
20 5 0
21 5 0
22 4 0
23 3 0
24 4 0
25 4 0
26 4 0
27 4 0
28 5 0
29 5 0
30 5 0
31 5 0
32 2 0
33 2 0
34 1 0
35 2 0
36 2 0
37 3 0
38 5 0
39 5 0
40 4 0
41 5 0
42 5 0
43 3 0
44 2 0
45 2 0
46 4 0
47 6 0
48 11 0
49 8 0
50 0 0
51 3 0
52 17 0
53 97 0
54 122 0
55 103 0
56 251 0
57 242 0
58 178 0
59 8 0
60 44 0
61 135 0
62 78 0
63 62 0
64 69 0
65 100 0
66 92 0
67 68 0
68 77 0
69 93 0
70 88 0
71 81 0
72 113 0
73 125 0
74 126 0
75 124 0
76 133 0
77 140 0
78 144 0
79 151 0
80 148 0
81 141 0
82 133 0
83 127 0
84 118 0
85 101 0
86 81 0
87 68 0
88 78 0
89 86 0
90 90 0
91 82 0
92 71 0
93 65 0
94 64 0
95 63 0
96 89 0
97 89 0
98 97 0
99 110 0
100 117 0
101 120 0
102 132 0
103 147 0
104 158 0
105 155 0
106 157 0
107 158 0
108 142 0
109 118 0
110 109 0
111 116 0
112 106 0
113 89 0
114 74 0
115 72 0
116 76 0
117 73 0
118 61 0
119 50 0
120 46 0
121 56 0
122 98 0
123 135 0
124 136 0
125 135 0
126 144 0
127 144 0
128 144 0
129 145 0
130 147 0
131 149 0
132 151 0
133 154 0
134 156 0
135 158 0
136 156 0
137 146 0
138 142 0
139 145 0
140 144 0
141 131 0
142 119 0
143 113 0
144 124 0
145 124 0
146 121 0
147 116 0
148 115 0
149 118 0
150 117 0
151 113 0
152 122 0
153 134 0
154 141 0
155 138 0
156 135 0
157 137 0
158 134 0
159 127 0
160 122 0
161 123 0
162 96 0
163 55 0
164 43 0
165 59 0
166 89 0
167 114 0
168 120 0
169 126 0
170 126 0
171 110 0
172 83 0
173 65 0
174 69 0
175 83 0
176 106 0
177 89 0
178 77 0
179 71 0
180 74 0
181 90 0
182 96 0
183 85 0
184 98 0
185 41 0
186 15 0
187 196 0
188 255 0
189 255 0
190 126 0
191 99 0
192 44 0
193 9 0
194 0 0
195 4 0
196 8 0
197 7 0
198 18 0
199 7 0
200 2 0
201 3 0
202 3 0
203 3 0
204 2 0
205 2 0
206 2 0
207 3 0
208 6 0
209 6 0
210 5 0
211 5 0
212 5 0
213 5 0
214 6 0
215 6 0
216 1 0
217 1 0
218 1 0
219 1 0
220 2 0
221 2 0
222 2 0
223 2 0
224 6 0
225 4 0
226 2 0
227 1 0
228 1 0
229 3 0
230 5 0
231 7 0
232 3 0
233 3 0
234 3 0
235 3 0
236 4 0
237 4 0
238 4 0
239 4 0
240 5 0
241 5 0
242 4 0
243 4 0
244 4 0
245 3 0
246 3 0
247 3 0
248 1 0
249 4 0
250 4 0
251 2 0
252 2 0
253 4 0
254 4 0
255 1 0

0 0 0
1 1 0
2 2 0
3 3 0
4 3 0
5 2 0
6 1 0
7 0 0
8 4 0
9 4 0
10 4 0
11 4 0
12 3 0
13 3 0
14 3 0
15 3 0
16 9 0
17 5 0
18 3 0
19 4 0
20 7 0
21 8 0
22 5 0
23 2 0
24 4 0
25 4 0
26 4 0
27 5 0
28 5 0
29 5 0
30 5 0
31 6 0
32 2 0
33 2 0
34 2 0
35 2 0
36 3 0
37 4 0
38 5 0
39 6 0
40 3 0
41 4 0
42 4 0
43 3 0
44 2 0
45 2 0
46 3 0
47 5 0
48 0 0
49 17 0
50 12 0
51 5 0
52 51 0
53 96 0
54 101 0
55 220 0
56 247 0
57 255 0
58 41 0
59 0 0
60 110 0
61 82 0
62 50 0
63 59 0
64 106 0
65 119 0
66 75 0
67 57 0
68 103 0
69 98 0
70 62 0
71 74 0
72 127 0
73 133 0
74 129 0
75 126 0
76 135 0
77 141 0
78 144 0
79 151 0
80 154 0
81 154 0
82 143 0
83 127 0
84 122 0
85 120 0
86 102 0
87 78 0
88 79 0
89 73 0
90 69 0
91 64 0
92 52 0
93 44 0
94 56 0
95 76 0
96 80 0
97 82 0
98 91 0
99 105 0
100 116 0
101 126 0
102 142 0
103 157 0
104 162 0
105 154 0
106 156 0
107 159 0
108 143 0
109 114 0
110 102 0
111 108 0
112 109 0
113 107 0
114 102 0
115 97 0
116 96 0
117 93 0
118 85 0
119 76 0
120 51 0
121 52 0
122 90 0
123 130 0
124 130 0
125 124 0
126 133 0
127 138 0
128 140 0
129 132 0
130 132 0
131 141 0
132 149 0
133 151 0
134 155 0
135 161 0
136 157 0
137 147 0
138 144 0
139 150 0
140 151 0
141 142 0
142 130 0
143 124 0
144 132 0
145 131 0
146 127 0
147 123 0
148 123 0
149 127 0
150 127 0
151 125 0
152 144 0
153 148 0
154 147 0
155 139 0
156 135 0
157 134 0
158 129 0
159 121 0
160 114 0
161 110 0
162 76 0
163 40 0
164 44 0
165 77 0
166 108 0
167 126 0
168 129 0
169 133 0
170 129 0
171 116 0
172 106 0
173 101 0
174 94 0
175 86 0
176 94 0
177 103 0
178 95 0
179 66 0
180 61 0
181 92 0
182 100 0
183 74 0
184 68 0
185 59 0
186 15 0
187 68 0
188 246 0
189 254 0
190 150 0
191 83 0
192 60 0
193 25 0
194 9 0
195 12 0
196 3 0
197 4 0
198 4 0
199 0 0
200 3 0
201 2 0
202 2 0
203 2 0
204 3 0
205 3 0
206 3 0
207 2 0
208 7 0
209 6 0
210 6 0
211 5 0
212 5 0
213 6 0
214 7 0
215 7 0
216 3 0
217 3 0
218 3 0
219 3 0
220 2 0
221 2 0
222 2 0
223 2 0
224 7 0
225 5 0
226 3 0
227 1 0
228 1 0
229 2 0
230 4 0
231 5 0
232 5 0
233 4 0
234 4 0
235 4 0
236 4 0
237 4 0
238 4 0
239 3 0
240 4 0
241 4 0
242 4 0
243 3 0
244 3 0
245 3 0
246 2 0
247 2 0
248 1 0
249 4 0
250 4 0
251 2 0
252 2 0
253 4 0
254 4 0
255 1 0

0 0 0
1 1 0
2 3 0
3 4 0
4 4 0
5 4 0
6 2 0
7 2 0
8 4 0
9 4 0
10 4 0
11 4 0
12 3 0
13 3 0
14 3 0
15 3 0
16 8 0
17 7 0
18 5 0
19 6 0
20 8 0
21 8 0
22 7 0
23 5 0
24 4 0
25 4 0
26 5 0
27 5 0
28 5 0
29 6 0
30 6 0
31 6 0
32 2 0
33 2 0
34 2 0
35 2 0
36 3 0
37 4 0
38 5 0
39 6 0
40 2 0
41 3 0
42 4 0
43 3 0
44 2 0
45 1 0
46 2 0
47 4 0
48 11 0
49 10 0
50 7 0
51 32 0
52 107 0
53 91 0
54 131 0
55 255 0
56 242 0
57 158 0
58 0 0
59 46 0
60 91 0
61 47 0
62 36 0
63 90 0
64 117 0
65 102 0
66 77 0
67 89 0
68 107 0
69 71 0
70 56 0
71 102 0
72 122 0
73 131 0
74 132 0
75 133 0
76 135 0
77 131 0
78 129 0
79 137 0
80 148 0
81 157 0
82 152 0
83 132 0
84 119 0
85 117 0
86 111 0
87 99 0
88 74 0
89 49 0
90 45 0
91 63 0
92 61 0
93 40 0
94 41 0
95 64 0
96 82 0
97 90 0
98 102 0
99 112 0
100 121 0
101 134 0
102 152 0
103 168 0
104 168 0
105 153 0
106 147 0
107 151 0
108 140 0
109 114 0
110 102 0
111 106 0
112 113 0
113 113 0
114 109 0
115 103 0
116 104 0
117 110 0
118 111 0
119 107 0
120 70 0
121 55 0
122 81 0
123 121 0
124 125 0
125 117 0
126 124 0
127 131 0
128 132 0
129 125 0
130 127 0
131 137 0
132 141 0
133 140 0
134 149 0
135 163 0
136 159 0
137 147 0
138 140 0
139 145 0
140 151 0
141 150 0
142 147 0
143 148 0
144 141 0
145 138 0
146 133 0
147 131 0
148 134 0
149 140 0
150 145 0
151 147 0
152 151 0
153 152 0
154 148 0
155 138 0
156 131 0
157 128 0
158 124 0
159 119 0
160 111 0
161 102 0
162 66 0
163 36 0
164 54 0
165 94 0
166 118 0
167 125 0
168 138 0
169 133 0
170 123 0
171 115 0
172 119 0
173 126 0
174 121 0
175 110 0
176 85 0
177 105 0
178 107 0
179 80 0
180 69 0
181 93 0
182 103 0
183 83 0
184 58 0
185 84 0
186 45 0
187 0 0
188 159 0
189 255 0
190 203 0
191 83 0
192 29 0
193 8 0
194 11 0
195 16 0
196 0 0
197 5 0
198 6 0
199 9 0
200 5 0
201 2 0
202 1 0
203 2 0
204 4 0
205 5 0
206 3 0
207 1 0
208 7 0
209 6 0
210 6 0
211 5 0
212 6 0
213 6 0
214 7 0
215 8 0
216 4 0
217 4 0
218 4 0
219 4 0
220 3 0
221 3 0
222 3 0
223 3 0
224 6 0
225 5 0
226 3 0
227 2 0
228 1 0
229 2 0
230 4 0
231 5 0
232 5 0
233 5 0
234 4 0
235 4 0
236 3 0
237 3 0
238 2 0
239 2 0
240 3 0
241 3 0
242 3 0
243 3 0
244 2 0
245 2 0
246 2 0
247 2 0
248 1 0
249 4 0
250 4 0
251 2 0
252 2 0
253 4 0
254 4 0
255 1 0

0 2 0
1 3 0
2 4 0
3 6 0
4 6 0
5 6 0
6 5 0
7 4 0
8 3 0
9 3 0
10 3 0
11 3 0
12 4 0
13 4 0
14 4 0
15 4 0
16 6 0
17 8 0
18 9 0
19 8 0
20 7 0
21 6 0
22 7 0
23 9 0
24 5 0
25 5 0
26 5 0
27 5 0
28 6 0
29 6 0
30 6 0
31 6 0
32 3 0
33 3 0
34 2 0
35 2 0
36 3 0
37 4 0
38 5 0
39 6 0
40 1 0
41 3 0
42 4 0
43 3 0
44 2 0
45 1 0
46 2 0
47 3 0
48 14 0
49 3 0
50 15 0
51 82 0
52 107 0
53 124 0
54 244 0
55 247 0
56 247 0
57 29 0
58 21 0
59 84 0
60 39 0
61 45 0
62 72 0
63 90 0
64 90 0
65 89 0
66 111 0
67 112 0
68 68 0
69 50 0
70 86 0
71 123 0
72 116 0
73 129 0
74 137 0
75 136 0
76 129 0
77 114 0
78 112 0
79 126 0
80 141 0
81 149 0
82 153 0
83 146 0
84 133 0
85 122 0
86 117 0
87 115 0
88 103 0
89 70 0
90 50 0
91 59 0
92 67 0
93 59 0
94 52 0
95 56 0
96 86 0
97 101 0
98 116 0
99 122 0
100 126 0
101 137 0
102 155 0
103 168 0
104 165 0
105 148 0
106 140 0
107 146 0
108 143 0
109 124 0
110 108 0
111 104 0
112 108 0
113 105 0
114 101 0
115 102 0
116 111 0
117 121 0
118 125 0
119 123 0
120 92 0
121 65 0
122 81 0
123 121 0
124 130 0
125 122 0
126 122 0
127 122 0
128 114 0
129 118 0
130 131 0
131 144 0
132 141 0
133 134 0
134 142 0
135 159 0
136 160 0
137 147 0
138 139 0
139 143 0
140 150 0
141 152 0
142 156 0
143 162 0
144 151 0
145 145 0
146 139 0
147 137 0
148 141 0
149 148 0
150 155 0
151 161 0
152 143 0
153 144 0
154 142 0
155 136 0
156 131 0
157 128 0
158 127 0
159 126 0
160 109 0
161 94 0
162 56 0
163 34 0
164 62 0
165 105 0
166 123 0
167 123 0
168 143 0
169 131 0
170 117 0
171 113 0
172 118 0
173 121 0
174 119 0
175 114 0
176 108 0
177 108 0
178 106 0
179 89 0
180 70 0
181 77 0
182 94 0
183 99 0
184 67 0
185 89 0
186 77 0
187 11 0
188 52 0
189 253 0
190 255 0
191 157 0
192 24 0
193 2 0
194 14 0
195 11 0
196 0 0
197 3 0
198 4 0
199 8 0
200 6 0
201 3 0
202 2 0
203 3 0
204 5 0
205 6 0
206 4 0
207 2 0
208 6 0
209 5 0
210 5 0
211 5 0
212 5 0
213 6 0
214 7 0
215 8 0
216 4 0
217 4 0
218 4 0
219 4 0
220 4 0
221 4 0
222 4 0
223 4 0
224 4 0
225 3 0
226 3 0
227 2 0
228 2 0
229 3 0
230 5 0
231 6 0
232 4 0
233 4 0
234 4 0
235 3 0
236 3 0
237 2 0
238 2 0
239 2 0
240 3 0
241 3 0
242 3 0
243 3 0
244 2 0
245 2 0
246 2 0
247 2 0
248 1 0
249 4 0
250 4 0
251 2 0
252 2 0
253 4 0
254 4 0
255 1 0

0 2 0
1 3 0
2 5 0
3 7 0
4 7 0
5 7 0
6 6 0
7 5 0
8 3 0
9 3 0
10 3 0
11 3 0
12 4 0
13 4 0
14 4 0
15 4 0
16 3 0
17 7 0
18 9 0
19 8 0
20 5 0
21 4 0
22 7 0
23 10 0
24 5 0
25 5 0
26 5 0
27 6 0
28 6 0
29 6 0
30 6 0
31 7 0
32 3 0
33 3 0
34 3 0
35 3 0
36 3 0
37 5 0
38 6 0
39 7 0
40 1 0
41 3 0
42 5 0
43 5 0
44 3 0
45 2 0
46 3 0
47 3 0
48 7 0
49 0 0
50 51 0
51 92 0
52 82 0
53 189 0
54 255 0
55 254 0
56 106 0
57 10 0
58 59 0
59 102 0
60 72 0
61 38 0
62 110 0
63 87 0
64 82 0
65 118 0
66 148 0
67 98 0
68 31 0
69 62 0
70 120 0
71 114 0
72 119 0
73 131 0
74 137 0
75 131 0
76 115 0
77 95 0
78 100 0
79 124 0
80 142 0
81 141 0
82 148 0
83 158 0
84 156 0
85 141 0
86 128 0
87 123 0
88 119 0
89 112 0
90 90 0
91 62 0
92 49 0
93 56 0
94 64 0
95 64 0
96 83 0
97 103 0
98 122 0
99 127 0
100 129 0
101 138 0
102 151 0
103 158 0
104 153 0
105 145 0
106 141 0
107 147 0
108 149 0
109 138 0
110 119 0
111 105 0
112 101 0
113 94 0
114 94 0
115 107 0
116 122 0
117 128 0
118 125 0
119 122 0
120 100 0
121 68 0
122 78 0
123 116 0
124 128 0
125 122 0
126 116 0
127 107 0
128 97 0
129 112 0
130 136 0
131 152 0
132 150 0
133 141 0
134 143 0
135 153 0
136 157 0
137 148 0
138 144 0
139 147 0
140 149 0
141 149 0
142 153 0
143 160 0
144 159 0
145 151 0
146 143 0
147 141 0
148 143 0
149 147 0
150 153 0
151 159 0
152 149 0
153 148 0
154 145 0
155 141 0
156 136 0
157 130 0
158 123 0
159 119 0
160 101 0
161 79 0
162 42 0
163 32 0
164 68 0
165 112 0
166 129 0
167 131 0
168 138 0
169 131 0
170 124 0
171 122 0
172 123 0
173 122 0
174 118 0
175 114 0
176 127 0
177 110 0
178 105 0
179 102 0
180 81 0
181 67 0
182 75 0
183 86 0
184 63 0
185 65 0
186 111 0
187 48 0
188 9 0
189 137 0
190 240 0
191 204 0
192 55 0
193 16 0
194 26 0
195 3 0
196 1 0
197 1 0
198 0 0
199 0 0
200 6 0
201 5 0
202 4 0
203 5 0
204 6 0
205 6 0
206 6 0
207 5 0
208 4 0
209 4 0
210 4 0
211 4 0
212 5 0
213 6 0
214 7 0
215 8 0
216 3 0
217 3 0
218 3 0
219 3 0
220 4 0
221 4 0
222 4 0
223 4 0
224 3 0
225 3 0
226 3 0
227 2 0
228 3 0
229 4 0
230 5 0
231 5 0
232 4 0
233 4 0
234 4 0
235 4 0
236 4 0
237 4 0
238 3 0
239 3 0
240 4 0
241 4 0
242 4 0
243 3 0
244 3 0
245 3 0
246 2 0
247 2 0
248 1 0
249 4 0
250 4 0
251 2 0
252 2 0
253 4 0
254 4 0
255 1 0

0 2 0
1 3 0
2 5 0
3 6 0
4 7 0
5 7 0
6 6 0
7 5 0
8 2 0
9 3 0
10 3 0
11 3 0
12 4 0
13 4 0
14 4 0
15 4 0
16 2 0
17 3 0
18 4 0
19 4 0
20 4 0
21 4 0
22 5 0
23 5 0
24 5 0
25 5 0
26 5 0
27 6 0
28 6 0
29 6 0
30 7 0
31 7 0
32 3 0
33 3 0
34 3 0
35 3 0
36 4 0
37 5 0
38 6 0
39 7 0
40 2 0
41 4 0
42 6 0
43 6 0
44 4 0
45 3 0
46 3 0
47 4 0
48 15 0
49 9 0
50 58 0
51 82 0
52 132 0
53 255 0
54 237 0
55 177 0
56 0 0
57 38 0
58 106 0
59 101 0
60 107 0
61 82 0
62 85 0
63 111 0
64 112 0
65 147 0
66 129 0
67 61 0
68 43 0
69 94 0
70 126 0
71 111 0
72 120 0
73 128 0
74 129 0
75 120 0
76 99 0
77 78 0
78 86 0
79 117 0
80 142 0
81 140 0
82 144 0
83 155 0
84 159 0
85 151 0
86 141 0
87 136 0
88 105 0
89 119 0
90 119 0
91 97 0
92 71 0
93 59 0
94 57 0
95 57 0
96 79 0
97 100 0
98 120 0
99 128 0
100 135 0
101 146 0
102 150 0
103 147 0
104 147 0
105 148 0
106 148 0
107 147 0
108 150 0
109 147 0
110 132 0
111 115 0
112 102 0
113 92 0
114 96 0
115 117 0
116 132 0
117 127 0
118 118 0
119 115 0
120 98 0
121 64 0
122 66 0
123 97 0
124 109 0
125 110 0
126 108 0
127 99 0
128 101 0
129 115 0
130 134 0
131 148 0
132 154 0
133 153 0
134 151 0
135 150 0
136 155 0
137 149 0
138 146 0
139 147 0
140 145 0
141 142 0
142 147 0
143 157 0
144 160 0
145 153 0
146 147 0
147 147 0
148 147 0
149 145 0
150 147 0
151 151 0
152 159 0
153 151 0
154 143 0
155 140 0
156 137 0
157 125 0
158 108 0
159 94 0
160 85 0
161 63 0
162 35 0
163 40 0
164 83 0
165 121 0
166 135 0
167 139 0
168 135 0
169 142 0
170 142 0
171 135 0
172 136 0
173 141 0
174 136 0
175 125 0
176 125 0
177 108 0
178 107 0
179 114 0
180 104 0
181 88 0
182 77 0
183 69 0
184 79 0
185 80 0
186 81 0
187 89 0
188 25 0
189 55 0
190 155 0
191 207 0
192 57 0
193 14 0
194 39 0
195 3 0
196 14 0
197 7 0
198 12 0
199 5 0
200 6 0
201 7 0
202 8 0
203 7 0
204 6 0
205 6 0
206 7 0
207 8 0
208 3 0
209 3 0
210 3 0
211 3 0
212 4 0
213 5 0
214 6 0
215 7 0
216 0 0
217 1 0
218 2 0
219 2 0
220 3 0
221 4 0
222 5 0
223 5 0
224 5 0
225 4 0
226 4 0
227 3 0
228 3 0
229 3 0
230 3 0
231 3 0
232 5 0
233 6 0
234 6 0
235 6 0
236 6 0
237 6 0
238 6 0
239 7 0
240 5 0
241 5 0
242 4 0
243 4 0
244 4 0
245 3 0
246 3 0
247 3 0
248 1 0
249 4 0
250 4 0
251 2 0
252 2 0
253 4 0
254 4 0
255 1 0

0 1 0
1 2 0
2 4 0
3 6 0
4 6 0
5 6 0
6 5 0
7 5 0
8 2 0
9 2 0
10 3 0
11 3 0
12 4 0
13 4 0
14 4 0
15 5 0
16 2 0
17 0 0
18 0 0
19 0 0
20 3 0
21 5 0
22 3 0
23 1 0
24 5 0
25 5 0
26 6 0
27 6 0
28 6 0
29 7 0
30 7 0
31 7 0
32 3 0
33 3 0
34 3 0
35 3 0
36 4 0
37 5 0
38 6 0
39 7 0
40 2 0
41 4 0
42 6 0
43 7 0
44 5 0
45 4 0
46 4 0
47 4 0
48 0 0
49 42 0
50 68 0
51 124 0
52 199 0
53 255 0
54 252 0
55 43 0
56 8 0
57 83 0
58 92 0
59 100 0
60 95 0
61 120 0
62 92 0
63 110 0
64 140 0
65 142 0
66 74 0
67 29 0
68 79 0
69 117 0
70 115 0
71 128 0
72 115 0
73 120 0
74 120 0
75 111 0
76 90 0
77 66 0
78 74 0
79 106 0
80 138 0
81 141 0
82 144 0
83 144 0
84 144 0
85 146 0
86 149 0
87 151 0
88 136 0
89 114 0
90 100 0
91 103 0
92 96 0
93 76 0
94 66 0
95 71 0
96 78 0
97 98 0
98 118 0
99 130 0
100 143 0
101 155 0
102 154 0
103 144 0
104 147 0
105 154 0
106 153 0
107 145 0
108 144 0
109 149 0
110 142 0
111 129 0
112 110 0
113 97 0
114 101 0
115 124 0
116 135 0
117 124 0
118 112 0
119 112 0
120 99 0
121 63 0
122 58 0
123 79 0
124 90 0
125 99 0
126 106 0
127 102 0
128 117 0
129 122 0
130 129 0
131 139 0
132 152 0
133 162 0
134 159 0
135 151 0
136 156 0
137 150 0
138 145 0
139 143 0
140 138 0
141 137 0
142 146 0
143 160 0
144 159 0
145 153 0
146 150 0
147 152 0
148 151 0
149 147 0
150 145 0
151 147 0
152 150 0
153 137 0
154 127 0
155 128 0
156 130 0
157 118 0
158 94 0
159 73 0
160 71 0
161 53 0
162 36 0
163 53 0
164 99 0
165 130 0
166 138 0
167 141 0
168 141 0
169 158 0
170 158 0
171 142 0
172 141 0
173 155 0
174 151 0
175 132 0
176 122 0
177 107 0
178 104 0
179 112 0
180 116 0
181 114 0
182 98 0
183 75 0
184 81 0
185 97 0
186 66 0
187 84 0
188 57 0
189 0 0
190 111 0
191 229 0
192 57 0
193 22 0
194 63 0
195 15 0
196 21 0
197 0 0
198 9 0
199 4 0
200 6 0
201 8 0
202 10 0
203 9 0
204 7 0
205 6 0
206 7 0
207 10 0
208 2 0
209 2 0
210 2 0
211 2 0
212 3 0
213 4 0
214 5 0
215 6 0
216 0 0
217 0 0
218 1 0
219 2 0
220 3 0
221 4 0
222 5 0
223 6 0
224 6 0
225 6 0
226 5 0
227 4 0
228 3 0
229 2 0
230 1 0
231 1 0
232 7 0
233 7 0
234 7 0
235 8 0
236 8 0
237 9 0
238 9 0
239 9 0
240 5 0
241 5 0
242 5 0
243 5 0
244 4 0
245 4 0
246 4 0
247 4 0
248 1 0
249 4 0
250 4 0
251 2 0
252 2 0
253 4 0
254 4 0
255 1 0

0 3 0
1 4 0
2 5 0
3 7 0
4 7 0
5 6 0
6 5 0
7 4 0
8 5 0
9 5 0
10 4 0
11 4 0
12 4 0
13 4 0
14 5 0
15 5 0
16 10 0
17 8 0
18 4 0
19 2 0
20 1 0
21 3 0
22 6 0
23 8 0
24 1 0
25 2 0
26 3 0
27 4 0
28 4 0
29 3 0
30 2 0
31 1 0
32 9 0
33 6 0
34 3 0
35 1 0
36 1 0
37 1 0
38 3 0
39 4 0
40 5 0
41 0 0
42 10 0
43 8 0
44 2 0
45 7 0
46 1 0
47 1 0
48 7 0
49 73 0
50 152 0
51 170 0
52 250 0
53 255 0
54 152 0
55 0 0
56 47 0
57 85 0
58 78 0
59 92 0
60 79 0
61 65 0
62 107 0
63 104 0
64 118 0
65 85 0
66 51 0
67 55 0
68 93 0
69 119 0
70 125 0
71 129 0
72 126 0
73 121 0
74 116 0
75 117 0
76 99 0
77 53 0
78 43 0
79 79 0
80 129 0
81 140 0
82 132 0
83 135 0
84 156 0
85 151 0
86 139 0
87 153 0
88 151 0
89 148 0
90 135 0
91 117 0
92 107 0
93 107 0
94 106 0
95 101 0
96 108 0
97 128 0
98 141 0
99 140 0
100 142 0
101 151 0
102 150 0
103 139 0
104 154 0
105 148 0
106 150 0
107 147 0
108 143 0
109 155 0
110 159 0
111 141 0
112 121 0
113 123 0
114 121 0
115 119 0
116 126 0
117 133 0
118 125 0
119 110 0
120 105 0
121 65 0
122 46 0
123 61 0
124 76 0
125 86 0
126 98 0
127 105 0
128 114 0
129 130 0
130 143 0
131 145 0
132 141 0
133 144 0
134 152 0
135 159 0
136 158 0
137 156 0
138 153 0
139 152 0
140 153 0
141 155 0
142 153 0
143 149 0
144 145 0
145 144 0
146 148 0
147 154 0
148 152 0
149 145 0
150 144 0
151 147 0
152 149 0
153 135 0
154 125 0
155 125 0
156 120 0
157 100 0
158 70 0
159 50 0
160 32 0
161 41 0
162 44 0
163 66 0
164 114 0
165 140 0
166 137 0
167 133 0
168 142 0
169 149 0
170 144 0
171 138 0
172 147 0
173 150 0
174 138 0
175 128 0
176 129 0
177 118 0
178 110 0
179 107 0
180 99 0
181 90 0
182 90 0
183 98 0
184 75 0
185 96 0
186 77 0
187 105 0
188 87 0
189 25 0
190 70 0
191 251 0
192 132 0
193 16 0
194 74 0
195 35 0
196 1 0
197 19 0
198 0 0
199 10 0
200 9 0
201 7 0
202 4 0
203 1 0
204 1 0
205 2 0
206 5 0
207 7 0
208 4 0
209 3 0
210 3 0
211 5 0
212 7 0
213 7 0
214 4 0
215 1 0
216 0 0
217 1 0
218 2 0
219 3 0
220 5 0
221 7 0
222 9 0
223 10 0
224 9 0
225 9 0
226 9 0
227 8 0
228 7 0
229 6 0
230 4 0
231 4 0
232 3 0
233 3 0
234 3 0
235 3 0
236 3 0
237 3 0
238 3 0
239 3 0
240 3 0
241 5 0
242 7 0
243 10 0
244 10 0
245 7 0
246 5 0
247 3 0
248 4 0
249 3 0
250 2 0
251 3 0
252 4 0
253 3 0
254 1 0
255 0 0

0 2 0
1 4 0
2 5 0
3 6 0
4 7 0
5 6 0
6 5 0
7 4 0
8 5 0
9 5 0
10 4 0
11 4 0
12 4 0
13 4 0
14 5 0
15 5 0
16 9 0
17 7 0
18 5 0
19 3 0
20 2 0
21 4 0
22 5 0
23 7 0
24 2 0
25 3 0
26 3 0
27 4 0
28 4 0
29 3 0
30 2 0
31 1 0
32 6 0
33 5 0
34 4 0
35 3 0
36 3 0
37 2 0
38 2 0
39 2 0
40 10 0
41 1 0
42 9 0
43 4 0
44 0 0
45 5 0
46 2 0
47 6 0
48 79 0
49 137 0
50 130 0
51 193 0
52 254 0
53 255 0
54 43 0
55 18 0
56 105 0
57 69 0
58 68 0
59 95 0
60 95 0
61 91 0
62 107 0
63 115 0
64 90 0
65 39 0
66 16 0
67 62 0
68 114 0
69 121 0
70 123 0
71 144 0
72 125 0
73 120 0
74 115 0
75 117 0
76 104 0
77 62 0
78 41 0
79 59 0
80 104 0
81 134 0
82 134 0
83 124 0
84 141 0
85 150 0
86 148 0
87 156 0
88 162 0
89 163 0
90 153 0
91 134 0
92 120 0
93 115 0
94 110 0
95 103 0
96 121 0
97 140 0
98 151 0
99 144 0
100 140 0
101 147 0
102 151 0
103 149 0
104 143 0
105 150 0
106 157 0
107 152 0
108 144 0
109 149 0
110 155 0
111 150 0
112 151 0
113 150 0
114 148 0
115 144 0
116 137 0
117 129 0
118 124 0
119 124 0
120 103 0
121 64 0
122 40 0
123 43 0
124 51 0
125 69 0
126 98 0
127 120 0
128 115 0
129 121 0
130 134 0
131 145 0
132 140 0
133 128 0
134 127 0
135 135 0
136 149 0
137 154 0
138 156 0
139 155 0
140 153 0
141 153 0
142 153 0
143 153 0
144 142 0
145 144 0
146 149 0
147 153 0
148 150 0
149 145 0
150 148 0
151 155 0
152 143 0
153 135 0
154 131 0
155 132 0
156 119 0
157 90 0
158 63 0
159 49 0
160 45 0
161 31 0
162 43 0
163 95 0
164 140 0
165 141 0
166 129 0
167 132 0
168 137 0
169 142 0
170 137 0
171 135 0
172 147 0
173 152 0
174 146 0
175 143 0
176 129 0
177 128 0
178 121 0
179 109 0
180 99 0
181 93 0
182 90 0
183 89 0
184 72 0
185 105 0
186 95 0
187 82 0
188 114 0
189 52 0
190 9 0
191 247 0
192 251 0
193 102 0
194 31 0
195 33 0
196 14 0
197 5 0
198 0 0
199 16 0
200 9 0
201 6 0
202 4 0
203 2 0
204 1 0
205 2 0
206 5 0
207 7 0
208 6 0
209 5 0
210 5 0
211 7 0
212 9 0
213 9 0
214 6 0
215 3 0
216 3 0
217 3 0
218 4 0
219 5 0
220 6 0
221 7 0
222 9 0
223 9 0
224 7 0
225 7 0
226 7 0
227 7 0
228 7 0
229 6 0
230 5 0
231 4 0
232 2 0
233 2 0
234 2 0
235 2 0
236 2 0
237 2 0
238 2 0
239 2 0
240 4 0
241 4 0
242 5 0
243 6 0
244 6 0
245 5 0
246 4 0
247 4 0
248 4 0
249 3 0
250 2 0
251 3 0
252 4 0
253 3 0
254 2 0
255 0 0

0 2 0
1 3 0
2 5 0
3 6 0
4 6 0
5 6 0
6 5 0
7 4 0
8 5 0
9 5 0
10 4 0
11 4 0
12 4 0
13 4 0
14 5 0
15 5 0
16 7 0
17 6 0
18 5 0
19 4 0
20 4 0
21 4 0
22 5 0
23 6 0
24 3 0
25 4 0
26 4 0
27 4 0
28 4 0
29 3 0
30 2 0
31 1 0
32 4 0
33 4 0
34 5 0
35 5 0
36 4 0
37 3 0
38 2 0
39 1 0
40 12 0
41 1 0
42 5 0
43 1 0
44 1 0
45 6 0
46 6 0
47 18 0
48 89 0
49 117 0
50 122 0
51 255 0
52 246 0
53 148 0
54 6 0
55 69 0
56 119 0
57 81 0
58 100 0
59 90 0
60 88 0
61 121 0
62 107 0
63 93 0
64 59 0
65 39 0
66 34 0
67 65 0
68 99 0
69 104 0
70 110 0
71 130 0
72 128 0
73 121 0
74 112 0
75 112 0
76 105 0
77 72 0
78 44 0
79 41 0
80 64 0
81 114 0
82 138 0
83 134 0
84 134 0
85 134 0
86 137 0
87 153 0
88 142 0
89 150 0
90 153 0
91 148 0
92 145 0
93 147 0
94 145 0
95 140 0
96 143 0
97 158 0
98 164 0
99 151 0
100 138 0
101 140 0
102 148 0
103 151 0
104 137 0
105 151 0
106 153 0
107 147 0
108 146 0
109 147 0
110 146 0
111 148 0
112 151 0
113 153 0
114 159 0
115 161 0
116 145 0
117 123 0
118 116 0
119 122 0
120 110 0
121 71 0
122 43 0
123 38 0
124 41 0
125 60 0
126 93 0
127 115 0
128 132 0
129 128 0
130 126 0
131 124 0
132 119 0
133 114 0
134 121 0
135 131 0
136 132 0
137 144 0
138 154 0
139 153 0
140 148 0
141 147 0
142 149 0
143 150 0
144 142 0
145 146 0
146 151 0
147 153 0
148 150 0
149 148 0
150 154 0
151 163 0
152 134 0
153 130 0
154 132 0
155 131 0
156 108 0
157 70 0
158 48 0
159 45 0
160 50 0
161 44 0
162 77 0
163 129 0
164 144 0
165 127 0
166 123 0
167 134 0
168 130 0
169 133 0
170 129 0
171 130 0
172 140 0
173 143 0
174 142 0
175 146 0
176 134 0
177 141 0
178 137 0
179 120 0
180 107 0
181 104 0
182 100 0
183 93 0
184 81 0
185 100 0
186 116 0
187 81 0
188 104 0
189 96 0
190 10 0
191 91 0
192 255 0
193 236 0
194 75 0
195 36 0
196 6 0
197 23 0
198 23 0
199 0 0
200 8 0
201 6 0
202 4 0
203 2 0
204 2 0
205 3 0
206 4 0
207 6 0
208 6 0
209 5 0
210 6 0
211 7 0
212 9 0
213 9 0
214 5 0
215 3 0
216 6 0
217 6 0
218 7 0
219 7 0
220 7 0
221 7 0
222 7 0
223 7 0
224 3 0
225 4 0
226 5 0
227 6 0
228 6 0
229 6 0
230 6 0
231 6 0
232 2 0
233 2 0
234 2 0
235 2 0
236 2 0
237 2 0
238 2 0
239 2 0
240 5 0
241 5 0
242 4 0
243 3 0
244 3 0
245 4 0
246 5 0
247 5 0
248 3 0
249 2 0
250 2 0
251 3 0
252 4 0
253 4 0
254 2 0
255 1 0

0 1 0
1 2 0
2 4 0
3 5 0
4 6 0
5 5 0
6 4 0
7 3 0
8 5 0
9 5 0
10 4 0
11 4 0
12 4 0
13 4 0
14 5 0
15 5 0
16 5 0
17 5 0
18 6 0
19 6 0
20 6 0
21 5 0
22 5 0
23 5 0
24 5 0
25 5 0
26 4 0
27 4 0
28 3 0
29 3 0
30 2 0
31 1 0
32 4 0
33 4 0
34 4 0
35 4 0
36 3 0
37 3 0
38 2 0
39 2 0
40 9 0
41 0 0
42 3 0
43 1 0
44 4 0
45 7 0
46 7 0
47 28 0
48 86 0
49 105 0
50 231 0
51 242 0
52 255 0
53 52 0
54 7 0
55 117 0
56 96 0
57 93 0
58 112 0
59 82 0
60 87 0
61 124 0
62 84 0
63 50 0
64 50 0
65 51 0
66 50 0
67 59 0
68 80 0
69 96 0
70 110 0
71 126 0
72 130 0
73 123 0
74 113 0
75 107 0
76 99 0
77 80 0
78 55 0
79 41 0
80 39 0
81 72 0
82 108 0
83 132 0
84 139 0
85 124 0
86 123 0
87 142 0
88 144 0
89 151 0
90 156 0
91 155 0
92 157 0
93 161 0
94 157 0
95 149 0
96 148 0
97 160 0
98 165 0
99 155 0
100 144 0
101 144 0
102 150 0
103 155 0
104 142 0
105 150 0
106 141 0
107 136 0
108 150 0
109 151 0
110 141 0
111 141 0
112 141 0
113 140 0
114 141 0
115 142 0
116 135 0
117 123 0
118 116 0
119 117 0
120 90 0
121 60 0
122 42 0
123 45 0
124 51 0
125 64 0
126 79 0
127 85 0
128 108 0
129 122 0
130 133 0
131 133 0
132 130 0
133 130 0
134 128 0
135 123 0
136 118 0
137 136 0
138 151 0
139 152 0
140 147 0
141 147 0
142 147 0
143 145 0
144 144 0
145 147 0
146 151 0
147 153 0
148 153 0
149 153 0
150 156 0
151 160 0
152 130 0
153 124 0
154 123 0
155 117 0
156 88 0
157 50 0
158 35 0
159 42 0
160 51 0
161 66 0
162 106 0
163 134 0
164 130 0
165 126 0
166 128 0
167 123 0
168 107 0
169 115 0
170 118 0
171 124 0
172 134 0
173 134 0
174 133 0
175 141 0
176 136 0
177 142 0
178 141 0
179 130 0
180 119 0
181 114 0
182 111 0
183 108 0
184 90 0
185 83 0
186 87 0
187 74 0
188 67 0
189 116 0
190 101 0
191 1 0
192 197 0
193 255 0
194 113 0
195 63 0
196 22 0
197 10 0
198 22 0
199 5 0
200 7 0
201 5 0
202 3 0
203 3 0
204 3 0
205 4 0
206 4 0
207 4 0
208 3 0
209 4 0
210 5 0
211 6 0
212 6 0
213 5 0
214 3 0
215 1 0
216 7 0
217 7 0
218 7 0
219 7 0
220 7 0
221 7 0
222 7 0
223 7 0
224 1 0
225 2 0
226 3 0
227 5 0
228 6 0
229 6 0
230 6 0
231 6 0
232 2 0
233 2 0
234 2 0
235 2 0
236 2 0
237 2 0
238 2 0
239 2 0
240 7 0
241 6 0
242 3 0
243 2 0
244 2 0
245 3 0
246 6 0
247 7 0
248 3 0
249 2 0
250 2 0
251 3 0
252 4 0
253 4 0
254 2 0
255 1 0

0 1 0
1 2 0
2 3 0
3 5 0
4 5 0
5 4 0
6 3 0
7 2 0
8 5 0
9 5 0
10 4 0
11 4 0
12 4 0
13 4 0
14 5 0
15 5 0
16 4 0
17 5 0
18 5 0
19 6 0
20 6 0
21 6 0
22 5 0
23 5 0
24 5 0
25 5 0
26 4 0
27 4 0
28 3 0
29 3 0
30 3 0
31 3 0
32 6 0
33 5 0
34 3 0
35 1 0
36 1 0
37 2 0
38 4 0
39 5 0
40 2 0
41 0 0
42 2 0
43 1 0
44 5 0
45 3 0
46 3 0
47 33 0
48 83 0
49 210 0
50 255 0
51 253 0
52 135 0
53 0 0
54 55 0
55 89 0
56 104 0
57 97 0
58 87 0
59 96 0
60 123 0
61 113 0
62 74 0
63 65 0
64 95 0
65 74 0
66 52 0
67 56 0
68 77 0
69 87 0
70 98 0
71 115 0
72 122 0
73 120 0
74 118 0
75 112 0
76 101 0
77 90 0
78 73 0
79 56 0
80 45 0
81 47 0
82 60 0
83 87 0
84 111 0
85 117 0
86 121 0
87 133 0
88 145 0
89 150 0
90 151 0
91 152 0
92 159 0
93 164 0
94 159 0
95 148 0
96 138 0
97 146 0
98 153 0
99 155 0
100 154 0
101 155 0
102 157 0
103 159 0
104 147 0
105 151 0
106 140 0
107 136 0
108 150 0
109 151 0
110 144 0
111 148 0
112 148 0
113 138 0
114 122 0
115 113 0
116 117 0
117 123 0
118 117 0
119 106 0
120 65 0
121 58 0
122 66 0
123 79 0
124 83 0
125 87 0
126 90 0
127 87 0
128 77 0
129 85 0
130 97 0
131 103 0
132 100 0
133 95 0
134 96 0
135 100 0
136 111 0
137 132 0
138 150 0
139 153 0
140 152 0
141 153 0
142 151 0
143 146 0
144 145 0
145 145 0
146 146 0
147 149 0
148 153 0
149 154 0
150 151 0
151 147 0
152 138 0
153 126 0
154 114 0
155 101 0
156 73 0
157 43 0
158 35 0
159 45 0
160 64 0
161 75 0
162 101 0
163 119 0
164 121 0
165 128 0
166 119 0
167 91 0
168 81 0
169 99 0
170 113 0
171 123 0
172 134 0
173 134 0
174 133 0
175 139 0
176 134 0
177 132 0
178 134 0
179 134 0
180 126 0
181 116 0
182 113 0
183 118 0
184 86 0
185 86 0
186 78 0
187 98 0
188 87 0
189 95 0
190 114 0
191 14 0
192 114 0
193 225 0
194 136 0
195 67 0
196 27 0
197 0 0
198 8 0
199 13 0
200 7 0
201 5 0
202 3 0
203 3 0
204 5 0
205 5 0
206 4 0
207 2 0
208 3 0
209 4 0
210 6 0
211 6 0
212 5 0
213 4 0
214 2 0
215 2 0
216 5 0
217 5 0
218 6 0
219 6 0
220 7 0
221 7 0
222 8 0
223 9 0
224 0 0
225 1 0
226 3 0
227 4 0
228 5 0
229 6 0
230 6 0
231 6 0
232 3 0
233 3 0
234 3 0
235 3 0
236 3 0
237 3 0
238 3 0
239 3 0
240 9 0
241 7 0
242 4 0
243 3 0
244 3 0
245 4 0
246 7 0
247 9 0
248 2 0
249 2 0
250 1 0
251 3 0
252 4 0
253 4 0
254 3 0
255 1 0

0 0 0
1 1 0
2 3 0
3 4 0
4 4 0
5 4 0
6 3 0
7 2 0
8 5 0
9 5 0
10 4 0
11 4 0
12 4 0
13 4 0
14 5 0
15 5 0
16 4 0
17 4 0
18 5 0
19 6 0
20 6 0
21 6 0
22 6 0
23 5 0
24 5 0
25 4 0
26 4 0
27 3 0
28 3 0
29 4 0
30 4 0
31 5 0
32 6 0
33 5 0
34 2 0
35 1 0
36 1 0
37 2 0
38 4 0
39 6 0
40 1 0
41 0 0
42 2 0
43 0 0
44 4 0
45 0 0
46 3 0
47 48 0
48 145 0
49 194 0
50 249 0
51 167 0
52 43 0
53 31 0
54 118 0
55 84 0
56 92 0
57 94 0
58 78 0
59 101 0
60 115 0
61 85 0
62 87 0
63 111 0
64 118 0
65 113 0
66 86 0
67 58 0
68 57 0
69 72 0
70 87 0
71 100 0
72 106 0
73 113 0
74 125 0
75 124 0
76 111 0
77 104 0
78 96 0
79 81 0
80 76 0
81 76 0
82 67 0
83 54 0
84 56 0
85 81 0
86 114 0
87 133 0
88 131 0
89 136 0
90 141 0
91 146 0
92 157 0
93 168 0
94 168 0
95 160 0
96 141 0
97 142 0
98 148 0
99 155 0
100 158 0
101 156 0
102 153 0
103 152 0
104 147 0
105 152 0
106 150 0
107 144 0
108 143 0
109 142 0
110 146 0
111 155 0
112 137 0
113 130 0
114 116 0
115 105 0
116 107 0
117 108 0
118 91 0
119 67 0
120 60 0
121 74 0
122 100 0
123 114 0
124 106 0
125 102 0
126 103 0
127 101 0
128 89 0
129 72 0
130 65 0
131 70 0
132 61 0
133 43 0
134 47 0
135 65 0
136 97 0
137 122 0
138 145 0
139 151 0
140 151 0
141 154 0
142 153 0
143 148 0
144 143 0
145 142 0
146 141 0
147 144 0
148 149 0
149 151 0
150 144 0
151 135 0
152 145 0
153 131 0
154 112 0
155 91 0
156 66 0
157 46 0
158 44 0
159 53 0
160 72 0
161 77 0
162 94 0
163 107 0
164 102 0
165 88 0
166 73 0
167 60 0
168 80 0
169 107 0
170 124 0
171 128 0
172 131 0
173 130 0
174 125 0
175 127 0
176 131 0
177 127 0
178 130 0
179 138 0
180 134 0
181 121 0
182 116 0
183 120 0
184 96 0
185 87 0
186 96 0
187 113 0
188 97 0
189 72 0
190 72 0
191 10 0
192 35 0
193 204 0
194 207 0
195 91 0
196 27 0
197 15 0
198 15 0
199 2 0
200 6 0
201 4 0
202 3 0
203 4 0
204 6 0
205 6 0
206 4 0
207 1 0
208 5 0
209 7 0
210 10 0
211 9 0
212 7 0
213 5 0
214 4 0
215 4 0
216 6 0
217 6 0
218 6 0
219 7 0
220 7 0
221 7 0
222 9 0
223 9 0
224 2 0
225 3 0
226 4 0
227 5 0
228 5 0
229 5 0
230 5 0
231 5 0
232 4 0
233 4 0
234 4 0
235 4 0
236 4 0
237 4 0
238 4 0
239 4 0
240 7 0
241 7 0
242 6 0
243 5 0
244 5 0
245 6 0
246 7 0
247 7 0
248 2 0
249 1 0
250 1 0
251 2 0
252 4 0
253 4 0
254 3 0
255 1 0

0 0 0
1 1 0
2 2 0
3 3 0
4 4 0
5 3 0
6 2 0
7 1 0
8 5 0
9 5 0
10 4 0
11 4 0
12 4 0
13 4 0
14 5 0
15 5 0
16 4 0
17 4 0
18 5 0
19 5 0
20 5 0
21 6 0
22 6 0
23 7 0
24 4 0
25 3 0
26 3 0
27 3 0
28 3 0
29 5 0
30 6 0
31 7 0
32 4 0
33 4 0
34 3 0
35 2 0
36 2 0
37 3 0
38 4 0
39 5 0
40 2 0
41 2 0
42 1 0
43 0 0
44 4 0
45 3 0
46 19 0
47 78 0
48 145 0
49 189 0
50 117 0
51 52 0
52 38 0
53 74 0
54 94 0
55 63 0
56 65 0
57 82 0
58 94 0
59 100 0
60 76 0
61 66 0
62 103 0
63 125 0
64 103 0
65 126 0
66 111 0
67 66 0
68 46 0
69 62 0
70 85 0
71 99 0
72 99 0
73 106 0
74 126 0
75 131 0
76 118 0
77 117 0
78 121 0
79 112 0
80 115 0
81 116 0
82 106 0
83 77 0
84 52 0
85 63 0
86 100 0
87 127 0
88 135 0
89 144 0
90 149 0
91 149 0
92 152 0
93 158 0
94 158 0
95 153 0
96 150 0
97 147 0
98 148 0
99 155 0
100 156 0
101 152 0
102 149 0
103 150 0
104 150 0
105 147 0
106 148 0
107 144 0
108 132 0
109 129 0
110 134 0
111 135 0
112 117 0
113 118 0
114 117 0
115 111 0
116 101 0
117 85 0
118 65 0
119 50 0
120 62 0
121 76 0
122 102 0
123 116 0
124 110 0
125 106 0
126 102 0
127 93 0
128 100 0
129 97 0
130 96 0
131 97 0
132 89 0
133 69 0
134 48 0
135 36 0
136 79 0
137 112 0
138 141 0
139 147 0
140 147 0
141 152 0
142 155 0
143 153 0
144 144 0
145 145 0
146 143 0
147 142 0
148 145 0
149 148 0
150 143 0
151 134 0
152 140 0
153 131 0
154 112 0
155 84 0
156 60 0
157 48 0
158 49 0
159 53 0
160 63 0
161 71 0
162 78 0
163 80 0
164 68 0
165 44 0
166 34 0
167 45 0
168 92 0
169 122 0
170 135 0
171 125 0
172 119 0
173 117 0
174 111 0
175 108 0
176 119 0
177 122 0
178 130 0
179 137 0
180 139 0
181 131 0
182 122 0
183 115 0
184 110 0
185 83 0
186 80 0
187 79 0
188 73 0
189 65 0
190 82 0
191 40 0
192 4 0
193 174 0
194 251 0
195 165 0
196 59 0
197 14 0
198 2 0
199 12 0
200 6 0
201 4 0
202 3 0
203 4 0
204 7 0
205 7 0
206 3 0
207 0 0
208 5 0
209 7 0
210 10 0
211 10 0
212 6 0
213 4 0
214 3 0
215 4 0
216 10 0
217 10 0
218 9 0
219 9 0
220 9 0
221 8 0
222 7 0
223 7 0
224 5 0
225 5 0
226 6 0
227 6 0
228 5 0
229 5 0
230 4 0
231 3 0
232 3 0
233 3 0
234 3 0
235 3 0
236 3 0
237 3 0
238 3 0
239 3 0
240 4 0
241 5 0
242 6 0
243 7 0
244 7 0
245 6 0
246 5 0
247 4 0
248 2 0
249 1 0
250 1 0
251 2 0
252 4 0
253 5 0
254 3 0
255 2 0

0 0 0
1 0 0
2 2 0
3 3 0
4 4 0
5 3 0
6 2 0
7 1 0
8 5 0
9 5 0
10 4 0
11 4 0
12 4 0
13 4 0
14 5 0
15 5 0
16 5 0
17 5 0
18 4 0
19 4 0
20 5 0
21 6 0
22 7 0
23 7 0
24 3 0
25 3 0
26 2 0
27 2 0
28 3 0
29 5 0
30 7 0
31 8 0
32 2 0
33 3 0
34 4 0
35 4 0
36 4 0
37 4 0
38 3 0
39 3 0
40 5 0
41 5 0
42 2 0
43 0 0
44 6 0
45 10 0
46 38 0
47 108 0
48 172 0
49 209 0
50 187 0
51 62 0
52 42 0
53 92 0
54 87 0
55 71 0
56 92 0
57 84 0
58 121 0
59 132 0
60 90 0
61 92 0
62 129 0
63 133 0
64 132 0
65 128 0
66 109 0
67 85 0
68 62 0
69 44 0
70 52 0
71 78 0
72 100 0
73 103 0
74 122 0
75 130 0
76 119 0
77 124 0
78 139 0
79 137 0
80 146 0
81 126 0
82 119 0
83 117 0
84 99 0
85 88 0
86 98 0
87 112 0
88 130 0
89 144 0
90 154 0
91 154 0
92 152 0
93 156 0
94 159 0
95 157 0
96 148 0
97 144 0
98 145 0
99 152 0
100 154 0
101 152 0
102 155 0
103 161 0
104 157 0
105 140 0
106 136 0
107 135 0
108 123 0
109 119 0
110 117 0
111 103 0
112 119 0
113 118 0
114 118 0
115 112 0
116 91 0
117 71 0
118 69 0
119 79 0
120 74 0
121 79 0
122 99 0
123 119 0
124 129 0
125 132 0
126 120 0
127 98 0
128 96 0
129 114 0
130 112 0
131 93 0
132 94 0
133 106 0
134 84 0
135 43 0
136 70 0
137 108 0
138 142 0
139 149 0
140 146 0
141 152 0
142 160 0
143 162 0
144 147 0
145 149 0
146 147 0
147 143 0
148 144 0
149 148 0
150 146 0
151 141 0
152 129 0
153 126 0
154 109 0
155 79 0
156 54 0
157 45 0
158 47 0
159 49 0
160 50 0
161 55 0
162 46 0
163 39 0
164 45 0
165 40 0
166 32 0
167 40 0
168 92 0
169 125 0
170 134 0
171 116 0
172 107 0
173 108 0
174 105 0
175 100 0
176 102 0
177 115 0
178 126 0
179 131 0
180 136 0
181 137 0
182 124 0
183 107 0
184 102 0
185 101 0
186 70 0
187 79 0
188 96 0
189 56 0
190 78 0
191 68 0
192 0 0
193 153 0
194 253 0
195 194 0
196 68 0
197 20 0
198 0 0
199 5 0
200 6 0
201 4 0
202 2 0
203 4 0
204 8 0
205 8 0
206 3 0
207 0 0
208 3 0
209 6 0
210 9 0
211 7 0
212 4 0
213 2 0
214 1 0
215 2 0
216 13 0
217 12 0
218 12 0
219 10 0
220 10 0
221 9 0
222 7 0
223 7 0
224 7 0
225 7 0
226 7 0
227 7 0
228 6 0
229 4 0
230 3 0
231 2 0
232 2 0
233 2 0
234 2 0
235 2 0
236 2 0
237 2 0
238 2 0
239 2 0
240 1 0
241 3 0
242 5 0
243 7 0
244 7 0
245 5 0
246 3 0
247 1 0
248 1 0
249 1 0
250 1 0
251 2 0
252 4 0
253 5 0
254 3 0
255 2 0

0 3 0
1 6 0
2 9 0
3 9 0
4 7 0
5 5 0
6 5 0
7 6 0
8 5 0
9 5 0
10 5 0
11 5 0
12 5 0
13 5 0
14 5 0
15 5 0
16 2 0
17 3 0
18 5 0
19 6 0
20 7 0
21 7 0
22 6 0
23 5 0
24 3 0
25 4 0
26 4 0
27 5 0
28 6 0
29 6 0
30 7 0
31 7 0
32 3 0
33 3 0
34 3 0
35 3 0
36 3 0
37 4 0
38 4 0
39 4 0
40 5 0
41 4 0
42 7 0
43 4 0
44 0 0
45 18 0
46 74 0
47 119 0
48 180 0
49 250 0
50 225 0
51 33 0
52 37 0
53 111 0
54 74 0
55 74 0
56 110 0
57 114 0
58 92 0
59 91 0
60 113 0
61 133 0
62 148 0
63 143 0
64 150 0
65 133 0
66 115 0
67 96 0
68 65 0
69 39 0
70 44 0
71 67 0
72 92 0
73 98 0
74 111 0
75 128 0
76 136 0
77 135 0
78 131 0
79 129 0
80 130 0
81 125 0
82 120 0
83 119 0
84 122 0
85 122 0
86 118 0
87 113 0
88 134 0
89 141 0
90 147 0
91 156 0
92 160 0
93 148 0
94 139 0
95 147 0
96 161 0
97 147 0
98 142 0
99 148 0
100 147 0
101 137 0
102 139 0
103 151 0
104 152 0
105 143 0
106 137 0
107 136 0
108 128 0
109 115 0
110 110 0
111 114 0
112 122 0
113 117 0
114 102 0
115 88 0
116 92 0
117 105 0
118 107 0
119 99 0
120 89 0
121 76 0
122 95 0
123 120 0
124 125 0
125 139 0
126 139 0
127 113 0
128 122 0
129 113 0
130 108 0
131 104 0
132 103 0
133 107 0
134 94 0
135 67 0
136 58 0
137 89 0
138 124 0
139 144 0
140 151 0
141 154 0
142 149 0
143 142 0
144 148 0
145 152 0
146 149 0
147 142 0
148 146 0
149 157 0
150 158 0
151 149 0
152 130 0
153 131 0
154 118 0
155 88 0
156 56 0
157 37 0
158 33 0
159 33 0
160 42 0
161 49 0
162 32 0
163 18 0
164 32 0
165 40 0
166 38 0
167 44 0
168 92 0
169 113 0
170 117 0
171 110 0
172 101 0
173 84 0
174 78 0
175 93 0
176 115 0
177 128 0
178 136 0
179 139 0
180 145 0
181 148 0
182 133 0
183 111 0
184 121 0
185 95 0
186 87 0
187 103 0
188 124 0
189 103 0
190 68 0
191 79 0
192 14 0
193 81 0
194 255 0
195 221 0
196 107 0
197 32 0
198 14 0
199 12 0
200 10 0
201 3 0
202 0 0
203 1 0
204 5 0
205 8 0
206 4 0
207 0 0
208 5 0
209 5 0
210 5 0
211 4 0
212 4 0
213 4 0
214 3 0
215 3 0
216 3 0
217 3 0
218 3 0
219 3 0
220 3 0
221 3 0
222 3 0
223 3 0
224 2 0
225 1 0
226 1 0
227 2 0
228 4 0
229 5 0
230 4 0
231 3 0
232 3 0
233 3 0
234 4 0
235 5 0
236 6 0
237 7 0
238 8 0
239 8 0
240 6 0
241 6 0
242 6 0
243 6 0
244 6 0
245 6 0
246 6 0
247 6 0
248 2 0
249 6 0
250 7 0
251 5 0
252 4 0
253 6 0
254 4 0
255 1 0

0 3 0
1 6 0
2 8 0
3 9 0
4 7 0
5 5 0
6 5 0
7 6 0
8 5 0
9 5 0
10 5 0
11 5 0
12 5 0
13 5 0
14 5 0
15 5 0
16 1 0
17 2 0
18 3 0
19 5 0
20 5 0
21 5 0
22 4 0
23 4 0
24 3 0
25 4 0
26 4 0
27 5 0
28 6 0
29 6 0
30 7 0
31 7 0
32 3 0
33 3 0
34 3 0
35 3 0
36 3 0
37 4 0
38 4 0
39 4 0
40 7 0
41 5 0
42 9 0
43 9 0
44 0 0
45 18 0
46 63 0
47 124 0
48 215 0
49 247 0
50 131 0
51 11 0
52 71 0
53 105 0
54 70 0
55 78 0
56 82 0
57 85 0
58 73 0
59 86 0
60 111 0
61 124 0
62 136 0
63 138 0
64 159 0
65 144 0
66 129 0
67 110 0
68 76 0
69 43 0
70 35 0
71 45 0
72 50 0
73 62 0
74 95 0
75 133 0
76 143 0
77 131 0
78 130 0
79 143 0
80 137 0
81 135 0
82 131 0
83 127 0
84 124 0
85 122 0
86 121 0
87 120 0
88 134 0
89 142 0
90 146 0
91 152 0
92 157 0
93 151 0
94 146 0
95 152 0
96 152 0
97 146 0
98 149 0
99 156 0
100 152 0
101 140 0
102 141 0
103 153 0
104 149 0
105 145 0
106 144 0
107 143 0
108 131 0
109 115 0
110 109 0
111 112 0
112 92 0
113 92 0
114 91 0
115 93 0
116 99 0
117 107 0
118 114 0
119 118 0
120 109 0
121 89 0
122 97 0
123 113 0
124 114 0
125 129 0
126 147 0
127 142 0
128 141 0
129 138 0
130 136 0
131 126 0
132 114 0
133 113 0
134 107 0
135 90 0
136 57 0
137 85 0
138 122 0
139 149 0
140 162 0
141 161 0
142 152 0
143 142 0
144 147 0
145 151 0
146 148 0
147 142 0
148 144 0
149 154 0
150 158 0
151 153 0
152 145 0
153 142 0
154 130 0
155 109 0
156 83 0
157 62 0
158 53 0
159 51 0
160 33 0
161 48 0
162 44 0
163 34 0
164 33 0
165 28 0
166 25 0
167 35 0
168 74 0
169 96 0
170 101 0
171 84 0
172 72 0
173 78 0
174 100 0
175 123 0
176 134 0
177 135 0
178 136 0
179 136 0
180 134 0
181 128 0
182 117 0
183 107 0
184 118 0
185 81 0
186 70 0
187 101 0
188 143 0
189 134 0
190 90 0
191 84 0
192 35 0
193 47 0
194 234 0
195 233 0
196 135 0
197 50 0
198 6 0
199 10 0
200 7 0
201 9 0
202 9 0
203 5 0
204 2 0
205 1 0
206 5 0
207 10 0
208 5 0
209 5 0
210 5 0
211 4 0
212 4 0
213 4 0
214 3 0
215 3 0
216 4 0
217 4 0
218 4 0
219 4 0
220 4 0
221 4 0
222 4 0
223 4 0
224 5 0
225 4 0
226 3 0
227 4 0
228 5 0
229 6 0
230 5 0
231 4 0
232 2 0
233 3 0
234 3 0
235 4 0
236 5 0
237 6 0
238 7 0
239 8 0
240 6 0
241 6 0
242 6 0
243 6 0
244 6 0
245 6 0
246 6 0
247 6 0
248 2 0
249 6 0
250 7 0
251 5 0
252 4 0
253 6 0
254 4 0
255 1 0

0 3 0
1 5 0
2 7 0
3 8 0
4 7 0
5 5 0
6 5 0
7 5 0
8 4 0
9 4 0
10 4 0
11 4 0
12 4 0
13 4 0
14 4 0
15 4 0
16 1 0
17 1 0
18 2 0
19 3 0
20 3 0
21 3 0
22 2 0
23 2 0
24 3 0
25 4 0
26 4 0
27 5 0
28 6 0
29 6 0
30 7 0
31 7 0
32 2 0
33 2 0
34 3 0
35 3 0
36 4 0
37 4 0
38 4 0
39 4 0
40 5 0
41 1 0
42 6 0
43 10 0
44 1 0
45 35 0
46 82 0
47 173 0
48 253 0
49 239 0
50 56 0
51 31 0
52 102 0
53 67 0
54 55 0
55 88 0
56 82 0
57 77 0
58 67 0
59 93 0
60 121 0
61 123 0
62 135 0
63 146 0
64 161 0
65 153 0
66 143 0
67 130 0
68 100 0
69 62 0
70 36 0
71 28 0
72 37 0
73 46 0
74 75 0
75 114 0
76 139 0
77 140 0
78 133 0
79 131 0
80 139 0
81 140 0
82 140 0
83 137 0
84 131 0
85 130 0
86 133 0
87 136 0
88 138 0
89 147 0
90 147 0
91 145 0
92 150 0
93 151 0
94 149 0
95 152 0
96 146 0
97 146 0
98 151 0
99 156 0
100 150 0
101 141 0
102 145 0
103 157 0
104 151 0
105 151 0
106 153 0
107 151 0
108 137 0
109 117 0
110 108 0
111 108 0
112 100 0
113 95 0
114 97 0
115 108 0
116 115 0
117 112 0
118 107 0
119 106 0
120 101 0
121 84 0
122 95 0
123 114 0
124 110 0
125 114 0
126 134 0
127 144 0
128 146 0
129 151 0
130 156 0
131 144 0
132 123 0
133 116 0
134 114 0
135 105 0
136 79 0
137 93 0
138 118 0
139 144 0
140 159 0
141 162 0
142 161 0
143 160 0
144 156 0
145 157 0
146 153 0
147 143 0
148 140 0
149 145 0
150 149 0
151 148 0
152 155 0
153 149 0
154 143 0
155 135 0
156 118 0
157 97 0
158 84 0
159 82 0
160 64 0
161 70 0
162 66 0
163 56 0
164 47 0
165 34 0
166 31 0
167 43 0
168 60 0
169 58 0
170 64 0
171 71 0
172 80 0
173 104 0
174 133 0
175 149 0
176 146 0
177 140 0
178 137 0
179 139 0
180 134 0
181 121 0
182 110 0
183 108 0
184 106 0
185 69 0
186 60 0
187 83 0
188 112 0
189 108 0
190 90 0
191 107 0
192 85 0
193 28 0
194 190 0
195 248 0
196 170 0
197 69 0
198 5 0
199 14 0
200 9 0
201 10 0
202 9 0
203 5 0
204 1 0
205 2 0
206 7 0
207 12 0
208 5 0
209 5 0
210 5 0
211 4 0
212 4 0
213 4 0
214 4 0
215 4 0
216 4 0
217 4 0
218 4 0
219 4 0
220 4 0
221 4 0
222 4 0
223 4 0
224 8 0
225 6 0
226 5 0
227 5 0
228 7 0
229 7 0
230 6 0
231 4 0
232 2 0
233 2 0
234 3 0
235 4 0
236 5 0
237 6 0
238 7 0
239 7 0
240 6 0
241 6 0
242 6 0
243 6 0
244 6 0
245 6 0
246 6 0
247 6 0
248 2 0
249 6 0
250 7 0
251 5 0
252 4 0
253 6 0
254 4 0
255 1 0

0 3 0
1 4 0
2 6 0
3 7 0
4 7 0
5 6 0
6 5 0
7 5 0
8 3 0
9 3 0
10 3 0
11 3 0
12 3 0
13 3 0
14 3 0
15 3 0
16 2 0
17 2 0
18 2 0
19 2 0
20 2 0
21 2 0
22 1 0
23 1 0
24 3 0
25 4 0
26 4 0
27 5 0
28 6 0
29 6 0
30 7 0
31 7 0
32 2 0
33 2 0
34 2 0
35 3 0
36 4 0
37 4 0
38 5 0
39 5 0
40 4 0
41 0 0
42 3 0
43 7 0
44 0 0
45 50 0
46 117 0
47 234 0
48 251 0
49 169 0
50 11 0
51 80 0
52 123 0
53 57 0
54 76 0
55 115 0
56 105 0
57 86 0
58 69 0
59 101 0
60 130 0
61 127 0
62 140 0
63 158 0
64 154 0
65 150 0
66 147 0
67 144 0
68 128 0
69 94 0
70 54 0
71 28 0
72 48 0
73 63 0
74 74 0
75 85 0
76 111 0
77 140 0
78 144 0
79 129 0
80 120 0
81 124 0
82 128 0
83 128 0
84 128 0
85 129 0
86 135 0
87 140 0
88 147 0
89 156 0
90 150 0
91 140 0
92 143 0
93 147 0
94 144 0
95 145 0
96 149 0
97 147 0
98 147 0
99 147 0
100 143 0
101 140 0
102 147 0
103 158 0
104 155 0
105 154 0
106 156 0
107 155 0
108 145 0
109 128 0
110 115 0
111 112 0
112 105 0
113 99 0
114 102 0
115 121 0
116 144 0
117 149 0
118 132 0
119 112 0
120 100 0
121 85 0
122 99 0
123 125 0
124 123 0
125 115 0
126 129 0
127 147 0
128 141 0
129 147 0
130 157 0
131 151 0
132 131 0
133 122 0
134 118 0
135 109 0
136 100 0
137 107 0
138 124 0
139 145 0
140 155 0
141 155 0
142 158 0
143 166 0
144 159 0
145 158 0
146 153 0
147 144 0
148 139 0
149 140 0
150 145 0
151 148 0
152 151 0
153 147 0
154 149 0
155 154 0
156 145 0
157 125 0
158 114 0
159 116 0
160 100 0
161 83 0
162 61 0
163 46 0
164 35 0
165 26 0
166 28 0
167 40 0
168 59 0
169 43 0
170 62 0
171 100 0
172 120 0
173 133 0
174 148 0
175 152 0
176 142 0
177 134 0
178 126 0
179 124 0
180 123 0
181 120 0
182 115 0
183 113 0
184 96 0
185 61 0
186 60 0
187 78 0
188 83 0
189 70 0
190 72 0
191 111 0
192 108 0
193 21 0
194 137 0
195 255 0
196 201 0
197 80 0
198 14 0
199 9 0
200 13 0
201 6 0
202 0 0
203 1 0
204 6 0
205 10 0
206 6 0
207 2 0
208 4 0
209 4 0
210 4 0
211 4 0
212 4 0
213 4 0
214 4 0
215 4 0
216 5 0
217 5 0
218 5 0
219 5 0
220 5 0
221 5 0
222 5 0
223 5 0
224 7 0
225 6 0
226 4 0
227 4 0
228 5 0
229 5 0
230 4 0
231 2 0
232 1 0
233 2 0
234 3 0
235 4 0
236 5 0
237 6 0
238 6 0
239 7 0
240 5 0
241 5 0
242 5 0
243 5 0
244 5 0
245 5 0
246 5 0
247 5 0
248 2 0
249 6 0
250 7 0
251 5 0
252 4 0
253 6 0
254 4 0
255 1 0

0 3 0
1 3 0
2 5 0
3 6 0
4 7 0
5 7 0
6 5 0
7 4 0
8 3 0
9 3 0
10 3 0
11 3 0
12 3 0
13 3 0
14 3 0
15 3 0
16 5 0
17 4 0
18 4 0
19 3 0
20 3 0
21 2 0
22 2 0
23 2 0
24 3 0
25 4 0
26 4 0
27 5 0
28 6 0
29 6 0
30 7 0
31 7 0
32 1 0
33 2 0
34 2 0
35 3 0
36 4 0
37 4 0
38 5 0
39 5 0
40 7 0
41 3 0
42 6 0
43 3 0
44 0 0
45 54 0
46 142 0
47 254 0
48 254 0
49 85 0
50 1 0
51 116 0
52 118 0
53 74 0
54 97 0
55 97 0
56 96 0
57 74 0
58 56 0
59 92 0
60 124 0
61 122 0
62 135 0
63 153 0
64 146 0
65 145 0
66 145 0
67 148 0
68 145 0
69 120 0
70 75 0
71 37 0
72 42 0
73 62 0
74 68 0
75 60 0
76 69 0
77 102 0
78 130 0
79 138 0
80 120 0
81 124 0
82 130 0
83 135 0
84 139 0
85 142 0
86 145 0
87 148 0
88 155 0
89 161 0
90 153 0
91 141 0
92 143 0
93 147 0
94 144 0
95 143 0
96 152 0
97 149 0
98 146 0
99 144 0
100 143 0
101 144 0
102 148 0
103 153 0
104 151 0
105 147 0
106 147 0
107 151 0
108 153 0
109 146 0
110 136 0
111 130 0
112 115 0
113 121 0
114 126 0
115 137 0
116 159 0
117 171 0
118 150 0
119 118 0
120 111 0
121 86 0
122 87 0
123 110 0
124 116 0
125 111 0
126 128 0
127 154 0
128 151 0
129 150 0
130 154 0
131 152 0
132 140 0
133 135 0
134 132 0
135 122 0
136 111 0
137 122 0
138 143 0
139 161 0
140 161 0
141 151 0
142 148 0
143 153 0
144 150 0
145 148 0
146 146 0
147 145 0
148 143 0
149 145 0
150 151 0
151 158 0
152 146 0
153 146 0
154 154 0
155 164 0
156 158 0
157 141 0
158 135 0
159 141 0
160 126 0
161 100 0
162 71 0
163 48 0
164 30 0
165 25 0
166 38 0
167 52 0
168 72 0
169 77 0
170 107 0
171 135 0
172 138 0
173 142 0
174 146 0
175 139 0
176 132 0
177 128 0
178 116 0
179 104 0
180 107 0
181 116 0
182 113 0
183 101 0
184 73 0
185 34 0
186 43 0
187 77 0
188 89 0
189 73 0
190 59 0
191 78 0
192 95 0
193 28 0
194 86 0
195 251 0
196 226 0
197 90 0
198 30 0
199 0 0
200 10 0
201 5 0
202 1 0
203 3 0
204 9 0
205 10 0
206 5 0
207 0 0
208 4 0
209 4 0
210 4 0
211 4 0
212 4 0
213 4 0
214 4 0
215 4 0
216 4 0
217 4 0
218 4 0
219 4 0
220 4 0
221 4 0
222 4 0
223 4 0
224 4 0
225 3 0
226 2 0
227 2 0
228 3 0
229 3 0
230 1 0
231 0 0
232 2 0
233 2 0
234 3 0
235 4 0
236 5 0
237 6 0
238 7 0
239 7 0
240 5 0
241 5 0
242 5 0
243 5 0
244 5 0
245 5 0
246 5 0
247 5 0
248 2 0
249 6 0
250 7 0
251 5 0
252 4 0
253 6 0
254 4 0
255 1 0

0 2 0
1 3 0
2 3 0
3 5 0
4 7 0
5 7 0
6 6 0
7 4 0
8 4 0
9 4 0
10 4 0
11 4 0
12 4 0
13 4 0
14 4 0
15 4 0
16 7 0
17 6 0
18 5 0
19 4 0
20 3 0
21 3 0
22 3 0
23 3 0
24 3 0
25 4 0
26 4 0
27 5 0
28 6 0
29 6 0
30 7 0
31 7 0
32 1 0
33 1 0
34 2 0
35 3 0
36 4 0
37 5 0
38 5 0
39 6 0
40 4 0
41 5 0
42 12 0
43 6 0
44 10 0
45 67 0
46 177 0
47 253 0
48 233 0
49 36 0
50 31 0
51 122 0
52 86 0
53 80 0
54 100 0
55 72 0
56 66 0
57 57 0
58 49 0
59 84 0
60 116 0
61 116 0
62 127 0
63 140 0
64 142 0
65 145 0
66 145 0
67 147 0
68 148 0
69 134 0
70 96 0
71 57 0
72 47 0
73 41 0
74 34 0
75 31 0
76 35 0
77 50 0
78 76 0
79 98 0
80 124 0
81 131 0
82 141 0
83 149 0
84 153 0
85 154 0
86 155 0
87 155 0
88 154 0
89 158 0
90 151 0
91 146 0
92 151 0
93 152 0
94 149 0
95 150 0
96 150 0
97 152 0
98 151 0
99 150 0
100 150 0
101 151 0
102 149 0
103 146 0
104 142 0
105 138 0
106 138 0
107 146 0
108 157 0
109 161 0
110 155 0
111 148 0
112 135 0
113 153 0
114 160 0
115 152 0
116 153 0
117 157 0
118 139 0
119 110 0
120 108 0
121 82 0
122 75 0
123 96 0
124 110 0
125 108 0
126 121 0
127 148 0
128 163 0
129 154 0
130 152 0
131 150 0
132 143 0
133 145 0
134 148 0
135 142 0
136 138 0
137 148 0
138 160 0
139 165 0
140 159 0
141 151 0
142 152 0
143 158 0
144 150 0
145 146 0
146 146 0
147 149 0
148 149 0
149 146 0
150 149 0
151 156 0
152 149 0
153 151 0
154 157 0
155 163 0
156 159 0
157 149 0
158 146 0
159 150 0
160 145 0
161 132 0
162 119 0
163 95 0
164 63 0
165 58 0
166 79 0
167 94 0
168 98 0
169 116 0
170 132 0
171 133 0
172 138 0
173 153 0
174 147 0
175 122 0
176 119 0
177 126 0
178 125 0
179 115 0
180 113 0
181 110 0
182 91 0
183 67 0
184 59 0
185 30 0
186 43 0
187 75 0
188 97 0
189 102 0
190 89 0
191 87 0
192 113 0
193 66 0
194 55 0
195 229 0
196 237 0
197 110 0
198 53 0
199 13 0
200 3 0
201 7 0
202 10 0
203 10 0
204 7 0
205 4 0
206 4 0
207 6 0
208 4 0
209 4 0
210 4 0
211 4 0
212 4 0
213 5 0
214 5 0
215 5 0
216 3 0
217 3 0
218 3 0
219 3 0
220 3 0
221 3 0
222 3 0
223 3 0
224 3 0
225 1 0
226 0 0
227 0 0
228 1 0
229 2 0
230 1 0
231 0 0
232 3 0
233 3 0
234 4 0
235 5 0
236 6 0
237 7 0
238 8 0
239 8 0
240 5 0
241 5 0
242 5 0
243 5 0
244 5 0
245 5 0
246 5 0
247 5 0
248 2 0
249 6 0
250 7 0
251 5 0
252 4 0
253 6 0
254 4 0
255 1 0

0 2 0
1 2 0
2 2 0
3 5 0
4 7 0
5 8 0
6 6 0
7 3 0
8 5 0
9 5 0
10 5 0
11 5 0
12 5 0
13 5 0
14 5 0
15 5 0
16 8 0
17 7 0
18 5 0
19 4 0
20 2 0
21 2 0
22 2 0
23 2 0
24 3 0
25 4 0
26 4 0
27 5 0
28 6 0
29 6 0
30 7 0
31 7 0
32 1 0
33 1 0
34 2 0
35 3 0
36 4 0
37 5 0
38 6 0
39 6 0
40 0 0
41 2 0
42 10 0
43 7 0
44 30 0
45 92 0
46 223 0
47 253 0
48 158 0
49 12 0
50 65 0
51 106 0
52 68 0
53 95 0
54 116 0
55 90 0
56 67 0
57 75 0
58 74 0
59 97 0
60 117 0
61 116 0
62 126 0
63 135 0
64 137 0
65 147 0
66 150 0
67 147 0
68 148 0
69 144 0
70 121 0
71 92 0
72 83 0
73 58 0
74 35 0
75 28 0
76 31 0
77 35 0
78 43 0
79 53 0
80 96 0
81 111 0
82 130 0
83 143 0
84 146 0
85 147 0
86 149 0
87 152 0
88 146 0
89 148 0
90 145 0
91 149 0
92 158 0
93 155 0
94 151 0
95 156 0
96 147 0
97 153 0
98 155 0
99 150 0
100 148 0
101 150 0
102 151 0
103 148 0
104 143 0
105 141 0
106 141 0
107 147 0
108 155 0
109 159 0
110 155 0
111 149 0
112 134 0
113 149 0
114 157 0
115 152 0
116 150 0
117 151 0
118 139 0
119 122 0
120 108 0
121 87 0
122 80 0
123 102 0
124 120 0
125 118 0
126 126 0
127 150 0
128 152 0
129 148 0
130 151 0
131 152 0
132 145 0
133 147 0
134 156 0
135 157 0
136 157 0
137 161 0
138 160 0
139 153 0
140 148 0
141 151 0
142 158 0
143 163 0
144 157 0
145 149 0
146 148 0
147 154 0
148 154 0
149 145 0
150 143 0
151 147 0
152 155 0
153 155 0
154 155 0
155 155 0
156 155 0
157 153 0
158 152 0
159 151 0
160 147 0
161 146 0
162 149 0
163 133 0
164 103 0
165 101 0
166 118 0
167 122 0
168 121 0
169 130 0
170 129 0
171 129 0
172 144 0
173 151 0
174 135 0
175 117 0
176 110 0
177 116 0
178 116 0
179 108 0
180 94 0
181 78 0
182 57 0
183 39 0
184 61 0
185 52 0
186 63 0
187 65 0
188 83 0
189 126 0
190 135 0
191 120 0
192 123 0
193 86 0
194 32 0
195 199 0
196 246 0
197 142 0
198 65 0
199 28 0
200 3 0
201 7 0
202 10 0
203 9 0
204 5 0
205 3 0
206 4 0
207 6 0
208 3 0
209 3 0
210 4 0
211 4 0
212 4 0
213 5 0
214 5 0
215 5 0
216 2 0
217 2 0
218 2 0
219 2 0
220 2 0
221 2 0
222 2 0
223 2 0
224 3 0
225 2 0
226 1 0
227 2 0
228 3 0
229 4 0
230 3 0
231 2 0
232 4 0
233 4 0
234 5 0
235 6 0
236 7 0
237 8 0
238 9 0
239 9 0
240 4 0
241 4 0
242 4 0
243 4 0
244 4 0
245 4 0
246 4 0
247 4 0
248 2 0
249 6 0
250 7 0
251 5 0
252 4 0
253 6 0
254 4 0
255 1 0

0 2 0
1 2 0
2 2 0
3 4 0
4 8 0
5 8 0
6 6 0
7 3 0
8 5 0
9 5 0
10 5 0
11 5 0
12 5 0
13 5 0
14 5 0
15 5 0
16 8 0
17 7 0
18 5 0
19 3 0
20 2 0
21 1 0
22 1 0
23 2 0
24 3 0
25 4 0
26 4 0
27 5 0
28 6 0
29 6 0
30 7 0
31 7 0
32 1 0
33 1 0
34 2 0
35 3 0
36 4 0
37 5 0
38 6 0
39 6 0
40 2 0
41 1 0
42 5 0
43 2 0
44 38 0
45 104 0
46 250 0
47 249 0
48 119 0
49 22 0
50 88 0
51 89 0
52 71 0
53 111 0
54 116 0
55 90 0
56 91 0
57 108 0
58 107 0
59 114 0
60 119 0
61 116 0
62 127 0
63 134 0
64 132 0
65 148 0
66 155 0
67 149 0
68 148 0
69 153 0
70 143 0
71 124 0
72 116 0
73 106 0
74 83 0
75 56 0
76 43 0
77 48 0
78 56 0
79 59 0
80 77 0
81 99 0
82 127 0
83 144 0
84 148 0
85 150 0
86 157 0
87 164 0
88 139 0
89 139 0
90 140 0
91 149 0
92 160 0
93 154 0
94 149 0
95 156 0
96 145 0
97 153 0
98 154 0
99 144 0
100 139 0
101 144 0
102 152 0
103 154 0
104 152 0
105 151 0
106 150 0
107 150 0
108 151 0
109 150 0
110 144 0
111 137 0
112 142 0
113 144 0
114 145 0
115 147 0
116 151 0
117 149 0
118 135 0
119 121 0
120 106 0
121 86 0
122 74 0
123 90 0
124 109 0
125 113 0
126 125 0
127 151 0
128 133 0
129 138 0
130 153 0
131 158 0
132 149 0
133 149 0
134 160 0
135 165 0
136 146 0
137 152 0
138 152 0
139 146 0
140 144 0
141 150 0
142 151 0
143 147 0
144 154 0
145 146 0
146 146 0
147 156 0
148 158 0
149 149 0
150 144 0
151 147 0
152 157 0
153 155 0
154 150 0
155 147 0
156 151 0
157 156 0
158 155 0
159 149 0
160 151 0
161 151 0
162 158 0
163 151 0
164 132 0
165 137 0
166 146 0
167 135 0
168 129 0
169 132 0
170 135 0
171 148 0
172 150 0
173 123 0
174 107 0
175 123 0
176 109 0
177 98 0
178 82 0
179 63 0
180 42 0
181 27 0
182 27 0
183 35 0
184 45 0
185 47 0
186 51 0
187 31 0
188 53 0
189 123 0
190 135 0
191 99 0
192 90 0
193 63 0
194 10 0
195 180 0
196 255 0
197 170 0
198 57 0
199 23 0
200 10 0
201 3 0
202 0 0
203 0 0
204 5 0
205 7 0
206 4 0
207 0 0
208 3 0
209 3 0
210 4 0
211 4 0
212 4 0
213 5 0
214 5 0
215 5 0
216 2 0
217 2 0
218 2 0
219 2 0
220 2 0
221 2 0
222 2 0
223 2 0
224 4 0
225 3 0
226 2 0
227 3 0
228 5 0
229 6 0
230 6 0
231 5 0
232 4 0
233 5 0
234 6 0
235 7 0
236 8 0
237 9 0
238 9 0
239 10 0
240 4 0
241 4 0
242 4 0
243 4 0
244 4 0
245 4 0
246 4 0
247 4 0
248 2 0
249 6 0
250 7 0
251 5 0
252 4 0
253 6 0
254 4 0
255 1 0

0 2 0
1 3 0
2 3 0
3 2 0
4 2 0
5 3 0
6 6 0
7 8 0
8 3 0
9 4 0
10 4 0
11 5 0
12 6 0
13 6 0
14 7 0
15 7 0
16 12 0
17 10 0
18 7 0
19 5 0
20 5 0
21 6 0
22 8 0
23 9 0
24 5 0
25 5 0
26 5 0
27 5 0
28 5 0
29 4 0
30 3 0
31 2 0
32 0 0
33 0 0
34 0 0
35 0 0
36 2 0
37 3 0
38 2 0
39 1 0
40 0 0
41 8 0
42 9 0
43 18 0
44 47 0
45 154 0
46 254 0
47 241 0
48 45 0
49 52 0
50 87 0
51 71 0
52 90 0
53 108 0
54 103 0
55 86 0
56 95 0
57 107 0
58 116 0
59 126 0
60 134 0
61 129 0
62 125 0
63 134 0
64 138 0
65 142 0
66 153 0
67 162 0
68 158 0
69 149 0
70 150 0
71 158 0
72 151 0
73 134 0
74 125 0
75 112 0
76 91 0
77 94 0
78 107 0
79 106 0
80 116 0
81 124 0
82 144 0
83 151 0
84 145 0
85 155 0
86 161 0
87 147 0
88 148 0
89 152 0
90 156 0
91 156 0
92 149 0
93 142 0
94 143 0
95 149 0
96 147 0
97 146 0
98 157 0
99 163 0
100 152 0
101 141 0
102 133 0
103 125 0
104 124 0
105 112 0
106 139 0
107 159 0
108 164 0
109 154 0
110 131 0
111 143 0
112 158 0
113 156 0
114 146 0
115 134 0
116 132 0
117 133 0
118 122 0
119 105 0
120 101 0
121 73 0
122 62 0
123 92 0
124 124 0
125 122 0
126 118 0
127 132 0
128 131 0
129 143 0
130 155 0
131 158 0
132 156 0
133 155 0
134 158 0
135 161 0
136 155 0
137 158 0
138 160 0
139 154 0
140 139 0
141 130 0
142 135 0
143 147 0
144 151 0
145 152 0
146 150 0
147 145 0
148 142 0
149 142 0
150 142 0
151 141 0
152 150 0
153 147 0
154 142 0
155 142 0
156 150 0
157 158 0
158 157 0
159 151 0
160 172 0
161 164 0
162 155 0
163 152 0
164 154 0
165 155 0
166 152 0
167 148 0
168 143 0
169 137 0
170 136 0
171 140 0
172 137 0
173 119 0
174 97 0
175 84 0
176 75 0
177 83 0
178 83 0
179 71 0
180 61 0
181 58 0
182 53 0
183 47 0
184 65 0
185 57 0
186 56 0
187 73 0
188 115 0
189 126 0
190 97 0
191 86 0
192 106 0
193 77 0
194 41 0
195 128 0
196 251 0
197 211 0
198 79 0
199 15 0
200 0 0
201 6 0
202 4 0
203 0 0
204 0 0
205 6 0
206 9 0
207 5 0
208 2 0
209 2 0
210 2 0
211 2 0
212 3 0
213 3 0
214 3 0
215 3 0
216 4 0
217 4 0
218 4 0
219 4 0
220 4 0
221 4 0
222 4 0
223 4 0
224 5 0
225 4 0
226 4 0
227 3 0
228 3 0
229 4 0
230 4 0
231 5 0
232 0 0
233 1 0
234 3 0
235 5 0
236 6 0
237 7 0
238 7 0
239 7 0
240 0 0
241 5 0
242 6 0
243 0 0
244 1 0
245 7 0
246 7 0
247 1 0
248 4 0
249 4 0
250 4 0
251 3 0
252 3 0
253 3 0
254 3 0
255 2 0

0 2 0
1 3 0
2 3 0
3 3 0
4 2 0
5 3 0
6 5 0
7 8 0
8 3 0
9 3 0
10 4 0
11 5 0
12 5 0
13 6 0
14 6 0
15 7 0
16 10 0
17 9 0
18 7 0
19 5 0
20 5 0
21 6 0
22 7 0
23 9 0
24 5 0
25 5 0
26 5 0
27 6 0
28 5 0
29 4 0
30 3 0
31 3 0
32 2 0
33 1 0
34 0 0
35 1 0
36 2 0
37 3 0
38 2 0
39 1 0
40 3 0
41 7 0
42 9 0
43 25 0
44 64 0
45 206 0
46 255 0
47 193 0
48 18 0
49 48 0
50 79 0
51 75 0
52 109 0
53 117 0
54 103 0
55 83 0
56 92 0
57 115 0
58 125 0
59 126 0
60 133 0
61 138 0
62 134 0
63 132 0
64 148 0
65 161 0
66 163 0
67 151 0
68 145 0
69 152 0
70 161 0
71 162 0
72 150 0
73 144 0
74 143 0
75 140 0
76 135 0
77 138 0
78 146 0
79 147 0
80 144 0
81 150 0
82 157 0
83 154 0
84 149 0
85 152 0
86 153 0
87 143 0
88 145 0
89 151 0
90 151 0
91 145 0
92 143 0
93 146 0
94 147 0
95 143 0
96 142 0
97 146 0
98 152 0
99 151 0
100 143 0
101 133 0
102 113 0
103 89 0
104 66 0
105 53 0
106 64 0
107 83 0
108 124 0
109 162 0
110 161 0
111 162 0
112 150 0
113 163 0
114 151 0
115 120 0
116 111 0
117 128 0
118 132 0
119 117 0
120 101 0
121 76 0
122 55 0
123 69 0
124 100 0
125 115 0
126 124 0
127 140 0
128 129 0
129 126 0
130 134 0
131 150 0
132 160 0
133 156 0
134 150 0
135 149 0
136 152 0
137 131 0
138 111 0
139 103 0
140 100 0
141 105 0
142 122 0
143 141 0
144 150 0
145 145 0
146 140 0
147 141 0
148 149 0
149 156 0
150 152 0
151 143 0
152 149 0
153 153 0
154 154 0
155 149 0
156 147 0
157 151 0
158 157 0
159 159 0
160 152 0
161 149 0
162 148 0
163 151 0
164 154 0
165 153 0
166 148 0
167 143 0
168 143 0
169 140 0
170 140 0
171 144 0
172 138 0
173 117 0
174 92 0
175 77 0
176 88 0
177 93 0
178 95 0
179 92 0
180 87 0
181 83 0
182 78 0
183 73 0
184 88 0
185 66 0
186 56 0
187 78 0
188 95 0
189 87 0
190 84 0
191 93 0
192 97 0
193 100 0
194 50 0
195 90 0
196 253 0
197 243 0
198 118 0
199 50 0
200 5 0
201 10 0
202 10 0
203 4 0
204 4 0
205 10 0
206 10 0
207 5 0
208 3 0
209 3 0
210 3 0
211 3 0
212 3 0
213 3 0
214 3 0
215 3 0
216 4 0
217 4 0
218 4 0
219 4 0
220 4 0
221 4 0
222 4 0
223 4 0
224 8 0
225 6 0
226 4 0
227 2 0
228 2 0
229 4 0
230 6 0
231 8 0
232 0 0
233 1 0
234 2 0
235 3 0
236 4 0
237 4 0
238 4 0
239 4 0
240 4 0
241 2 0
242 3 0
243 4 0
244 5 0
245 4 0
246 4 0
247 6 0
248 5 0
249 5 0
250 5 0
251 5 0
252 4 0
253 4 0
254 4 0
255 4 0

0 2 0
1 3 0
2 4 0
3 3 0
4 3 0
5 3 0
6 5 0
7 7 0
8 3 0
9 3 0
10 3 0
11 4 0
12 5 0
13 5 0
14 6 0
15 6 0
16 8 0
17 7 0
18 6 0
19 5 0
20 4 0
21 5 0
22 6 0
23 7 0
24 5 0
25 5 0
26 5 0
27 6 0
28 5 0
29 5 0
30 4 0
31 3 0
32 4 0
33 3 0
34 2 0
35 2 0
36 3 0
37 3 0
38 2 0
39 1 0
40 10 0
41 7 0
42 1 0
43 16 0
44 66 0
45 238 0
46 249 0
47 133 0
48 28 0
49 86 0
50 94 0
51 76 0
52 98 0
53 88 0
54 82 0
55 85 0
56 86 0
57 119 0
58 129 0
59 120 0
60 127 0
61 140 0
62 137 0
63 126 0
64 127 0
65 144 0
66 154 0
67 147 0
68 143 0
69 151 0
70 161 0
71 165 0
72 153 0
73 155 0
74 153 0
75 153 0
76 160 0
77 161 0
78 160 0
79 164 0
80 147 0
81 157 0
82 157 0
83 154 0
84 160 0
85 166 0
86 166 0
87 166 0
88 145 0
89 151 0
90 148 0
91 139 0
92 140 0
93 151 0
94 150 0
95 139 0
96 139 0
97 147 0
98 150 0
99 145 0
100 140 0
101 127 0
102 90 0
103 52 0
104 32 0
105 27 0
106 35 0
107 41 0
108 67 0
109 109 0
110 136 0
111 158 0
112 163 0
113 157 0
114 143 0
115 122 0
116 107 0
117 107 0
118 116 0
119 123 0
120 90 0
121 84 0
122 76 0
123 87 0
124 113 0
125 123 0
126 121 0
127 122 0
128 104 0
129 116 0
130 134 0
131 150 0
132 156 0
133 150 0
134 137 0
135 126 0
136 88 0
137 61 0
138 40 0
139 40 0
140 45 0
141 59 0
142 93 0
143 130 0
144 154 0
145 149 0
146 143 0
147 142 0
148 149 0
149 156 0
150 152 0
151 144 0
152 145 0
153 148 0
154 147 0
155 141 0
156 138 0
157 142 0
158 148 0
159 150 0
160 149 0
161 149 0
162 151 0
163 153 0
164 155 0
165 154 0
166 151 0
167 148 0
168 148 0
169 146 0
170 147 0
171 149 0
172 143 0
173 126 0
174 106 0
175 94 0
176 103 0
177 102 0
178 105 0
179 110 0
180 110 0
181 105 0
182 99 0
183 97 0
184 103 0
185 79 0
186 53 0
187 61 0
188 54 0
189 59 0
190 112 0
191 135 0
192 105 0
193 105 0
194 43 0
195 55 0
196 255 0
197 248 0
198 131 0
199 75 0
200 8 0
201 13 0
202 14 0
203 9 0
204 8 0
205 11 0
206 10 0
207 4 0
208 4 0
209 4 0
210 4 0
211 4 0
212 4 0
213 4 0
214 4 0
215 4 0
216 4 0
217 4 0
218 4 0
219 4 0
220 4 0
221 4 0
222 4 0
223 4 0
224 6 0
225 6 0
226 7 0
227 7 0
228 7 0
229 7 0
230 6 0
231 6 0
232 1 0
233 1 0
234 2 0
235 2 0
236 2 0
237 2 0
238 1 0
239 0 0
240 8 0
241 1 0
242 1 0
243 8 0
244 9 0
245 2 0
246 2 0
247 9 0
248 7 0
249 7 0
250 7 0
251 6 0
252 6 0
253 6 0
254 5 0
255 5 0

0 2 0
1 4 0
2 5 0
3 4 0
4 3 0
5 4 0
6 5 0
7 7 0
8 2 0
9 2 0
10 3 0
11 3 0
12 4 0
13 5 0
14 5 0
15 6 0
16 6 0
17 6 0
18 5 0
19 5 0
20 5 0
21 5 0
22 5 0
23 6 0
24 4 0
25 5 0
26 6 0
27 6 0
28 6 0
29 5 0
30 5 0
31 4 0
32 6 0
33 4 0
34 3 0
35 3 0
36 4 0
37 4 0
38 2 0
39 1 0
40 9 0
41 8 0
42 3 0
43 25 0
44 94 0
45 241 0
46 237 0
47 82 0
48 49 0
49 111 0
50 89 0
51 68 0
52 92 0
53 73 0
54 62 0
55 72 0
56 78 0
57 109 0
58 118 0
59 107 0
60 112 0
61 125 0
62 123 0
63 115 0
64 116 0
65 127 0
66 149 0
67 165 0
68 157 0
69 138 0
70 136 0
71 147 0
72 158 0
73 163 0
74 154 0
75 150 0
76 161 0
77 160 0
78 152 0
79 159 0
80 154 0
81 164 0
82 155 0
83 146 0
84 153 0
85 152 0
86 144 0
87 149 0
88 149 0
89 152 0
90 150 0
91 145 0
92 146 0
93 151 0
94 149 0
95 141 0
96 142 0
97 150 0
98 152 0
99 151 0
100 148 0
101 121 0
102 73 0
103 35 0
104 38 0
105 36 0
106 44 0
107 45 0
108 37 0
109 40 0
110 72 0
111 114 0
112 167 0
113 161 0
114 147 0
115 126 0
116 100 0
117 79 0
118 69 0
119 68 0
120 62 0
121 62 0
122 62 0
123 75 0
124 95 0
125 99 0
126 93 0
127 93 0
128 103 0
129 130 0
130 151 0
131 152 0
132 146 0
133 133 0
134 102 0
135 70 0
136 36 0
137 25 0
138 26 0
139 35 0
140 32 0
141 37 0
142 81 0
143 135 0
144 151 0
145 153 0
146 151 0
147 145 0
148 141 0
149 145 0
150 150 0
151 152 0
152 160 0
153 155 0
154 147 0
155 145 0
156 151 0
157 158 0
158 157 0
159 152 0
160 162 0
161 159 0
162 156 0
163 153 0
164 153 0
165 155 0
166 157 0
167 159 0
168 148 0
169 148 0
170 149 0
171 150 0
172 147 0
173 139 0
174 131 0
175 125 0
176 114 0
177 107 0
178 106 0
179 114 0
180 117 0
181 110 0
182 104 0
183 104 0
184 108 0
185 105 0
186 75 0
187 58 0
188 36 0
189 72 0
190 159 0
191 164 0
192 122 0
193 109 0
194 51 0
195 38 0
196 240 0
197 249 0
198 143 0
199 64 0
200 9 0
201 12 0
202 12 0
203 8 0
204 7 0
205 9 0
206 8 0
207 4 0
208 5 0
209 5 0
210 5 0
211 5 0
212 4 0
213 4 0
214 4 0
215 4 0
216 4 0
217 4 0
218 4 0
219 4 0
220 4 0
221 4 0
222 4 0
223 4 0
224 2 0
225 5 0
226 9 0
227 12 0
228 12 0
229 9 0
230 5 0
231 2 0
232 3 0
233 3 0
234 3 0
235 3 0
236 2 0
237 1 0
238 0 0
239 0 0
240 7 0
241 3 0
242 3 0
243 7 0
244 7 0
245 3 0
246 3 0
247 8 0
248 8 0
249 8 0
250 8 0
251 7 0
252 7 0
253 7 0
254 6 0
255 6 0

0 3 0
1 4 0
2 5 0
3 5 0
4 4 0
5 4 0
6 5 0
7 6 0
8 1 0
9 2 0
10 2 0
11 3 0
12 3 0
13 4 0
14 5 0
15 5 0
16 4 0
17 5 0
18 5 0
19 5 0
20 6 0
21 5 0
22 5 0
23 5 0
24 4 0
25 5 0
26 6 0
27 6 0
28 6 0
29 6 0
30 5 0
31 5 0
32 6 0
33 5 0
34 3 0
35 3 0
36 4 0
37 4 0
38 3 0
39 1 0
40 2 0
41 7 0
42 11 0
43 57 0
44 163 0
45 246 0
46 220 0
47 45 0
48 43 0
49 85 0
50 55 0
51 69 0
52 122 0
53 109 0
54 66 0
55 51 0
56 69 0
57 89 0
58 97 0
59 94 0
60 99 0
61 103 0
62 105 0
63 109 0
64 113 0
65 125 0
66 151 0
67 173 0
68 167 0
69 148 0
70 144 0
71 156 0
72 159 0
73 166 0
74 158 0
75 156 0
76 166 0
77 162 0
78 151 0
79 155 0
80 158 0
81 168 0
82 160 0
83 152 0
84 156 0
85 149 0
86 139 0
87 143 0
88 153 0
89 149 0
90 150 0
91 155 0
92 154 0
93 146 0
94 142 0
95 144 0
96 146 0
97 151 0
98 152 0
99 158 0
100 153 0
101 110 0
102 54 0
103 28 0
104 44 0
105 39 0
106 35 0
107 39 0
108 34 0
109 27 0
110 42 0
111 61 0
112 112 0
113 153 0
114 169 0
115 143 0
116 120 0
117 117 0
118 103 0
119 76 0
120 79 0
121 67 0
122 54 0
123 59 0
124 75 0
125 83 0
126 95 0
127 116 0
128 138 0
129 147 0
130 153 0
131 145 0
132 123 0
133 89 0
134 49 0
135 21 0
136 34 0
137 29 0
138 38 0
139 45 0
140 32 0
141 26 0
142 68 0
143 126 0
144 147 0
145 149 0
146 147 0
147 140 0
148 138 0
149 144 0
150 152 0
151 157 0
152 158 0
153 153 0
154 147 0
155 145 0
156 151 0
157 159 0
158 158 0
159 152 0
160 159 0
161 156 0
162 152 0
163 149 0
164 150 0
165 155 0
166 160 0
167 164 0
168 142 0
169 146 0
170 149 0
171 149 0
172 146 0
173 144 0
174 141 0
175 139 0
176 125 0
177 114 0
178 110 0
179 116 0
180 119 0
181 114 0
182 109 0
183 110 0
184 104 0
185 111 0
186 88 0
187 65 0
188 33 0
189 66 0
190 142 0
191 125 0
192 113 0
193 103 0
194 63 0
195 19 0
196 184 0
197 255 0
198 175 0
199 43 0
200 10 0
201 10 0
202 8 0
203 5 0
204 4 0
205 7 0
206 8 0
207 7 0
208 6 0
209 5 0
210 5 0
211 5 0
212 4 0
213 4 0
214 4 0
215 3 0
216 3 0
217 3 0
218 3 0
219 3 0
220 3 0
221 3 0
222 3 0
223 3 0
224 4 0
225 6 0
226 8 0
227 10 0
228 10 0
229 8 0
230 6 0
231 4 0
232 4 0
233 4 0
234 5 0
235 4 0
236 4 0
237 3 0
238 1 0
239 1 0
240 4 0
241 8 0
242 8 0
243 3 0
244 3 0
245 7 0
246 7 0
247 3 0
248 8 0
249 8 0
250 8 0
251 7 0
252 7 0
253 7 0
254 6 0
255 6 0

0 3 0
1 5 0
2 6 0
3 6 0
4 5 0
5 4 0
6 4 0
7 5 0
8 1 0
9 1 0
10 2 0
11 2 0
12 3 0
13 3 0
14 4 0
15 4 0
16 3 0
17 4 0
18 5 0
19 7 0
20 7 0
21 6 0
22 5 0
23 4 0
24 4 0
25 5 0
26 6 0
27 6 0
28 7 0
29 6 0
30 6 0
31 6 0
32 5 0
33 4 0
34 3 0
35 3 0
36 4 0
37 4 0
38 3 0
39 2 0
40 5 0
41 0 0
42 5 0
43 67 0
44 211 0
45 248 0
46 184 0
47 29 0
48 52 0
49 74 0
50 60 0
51 95 0
52 141 0
53 129 0
54 73 0
55 53 0
56 59 0
57 73 0
58 83 0
59 90 0
60 97 0
61 97 0
62 102 0
63 116 0
64 129 0
65 143 0
66 155 0
67 156 0
68 151 0
69 152 0
70 159 0
71 165 0
72 156 0
73 162 0
74 163 0
75 164 0
76 166 0
77 157 0
78 145 0
79 142 0
80 137 0
81 146 0
82 151 0
83 153 0
84 157 0
85 155 0
86 153 0
87 157 0
88 154 0
89 146 0
90 147 0
91 158 0
92 156 0
93 142 0
94 136 0
95 142 0
96 146 0
97 149 0
98 147 0
99 155 0
100 150 0
101 98 0
102 40 0
103 22 0
104 42 0
105 49 0
106 37 0
107 32 0
108 32 0
109 36 0
110 44 0
111 33 0
112 55 0
113 107 0
114 155 0
115 165 0
116 160 0
117 160 0
118 156 0
119 148 0
120 135 0
121 128 0
122 120 0
123 123 0
124 129 0
125 126 0
126 131 0
127 150 0
128 150 0
129 142 0
130 137 0
131 123 0
132 80 0
133 32 0
134 19 0
135 34 0
136 41 0
137 29 0
138 27 0
139 29 0
140 18 0
141 17 0
142 57 0
143 109 0
144 155 0
145 149 0
146 141 0
147 136 0
148 141 0
149 148 0
150 149 0
151 145 0
152 135 0
153 139 0
154 140 0
155 135 0
156 133 0
157 136 0
158 140 0
159 142 0
160 143 0
161 142 0
162 143 0
163 146 0
164 152 0
165 157 0
166 159 0
167 159 0
168 141 0
169 148 0
170 152 0
171 148 0
172 143 0
173 140 0
174 139 0
175 138 0
176 135 0
177 127 0
178 122 0
179 123 0
180 125 0
181 123 0
182 121 0
183 121 0
184 118 0
185 98 0
186 75 0
187 62 0
188 30 0
189 44 0
190 100 0
191 97 0
192 114 0
193 92 0
194 70 0
195 36 0
196 145 0
197 255 0
198 208 0
199 72 0
200 12 0
201 10 0
202 8 0
203 5 0
204 4 0
205 6 0
206 8 0
207 9 0
208 5 0
209 5 0
210 5 0
211 4 0
212 4 0
213 3 0
214 3 0
215 2 0
216 3 0
217 3 0
218 3 0
219 3 0
220 3 0
221 3 0
222 3 0
223 3 0
224 9 0
225 7 0
226 4 0
227 2 0
228 2 0
229 4 0
230 7 0
231 9 0
232 4 0
233 4 0
234 5 0
235 5 0
236 5 0
237 5 0
238 4 0
239 4 0
240 2 0
241 9 0
242 9 0
243 1 0
244 1 0
245 8 0
246 8 0
247 0 0
248 7 0
249 7 0
250 7 0
251 6 0
252 6 0
253 6 0
254 5 0
255 5 0

0 3 0
1 5 0
2 7 0
3 7 0
4 6 0
5 4 0
6 4 0
7 5 0
8 0 0
9 1 0
10 1 0
11 2 0
12 2 0
13 3 0
14 3 0
15 4 0
16 2 0
17 4 0
18 6 0
19 8 0
20 8 0
21 7 0
22 6 0
23 4 0
24 4 0
25 5 0
26 6 0
27 7 0
28 7 0
29 7 0
30 6 0
31 6 0
32 3 0
33 2 0
34 1 0
35 2 0
36 4 0
37 4 0
38 4 0
39 2 0
40 9 0
41 0 0
42 13 0
43 74 0
44 228 0
45 251 0
46 131 0
47 29 0
48 81 0
49 83 0
50 92 0
51 129 0
52 141 0
53 124 0
54 66 0
55 56 0
56 50 0
57 68 0
58 84 0
59 97 0
60 109 0
61 111 0
62 118 0
63 133 0
64 159 0
65 160 0
66 154 0
67 140 0
68 128 0
69 126 0
70 135 0
71 144 0
72 152 0
73 153 0
74 161 0
75 164 0
76 156 0
77 150 0
78 144 0
79 136 0
80 130 0
81 134 0
82 146 0
83 150 0
84 141 0
85 138 0
86 142 0
87 142 0
88 154 0
89 146 0
90 145 0
91 151 0
92 154 0
93 147 0
94 140 0
95 138 0
96 140 0
97 149 0
98 142 0
99 144 0
100 145 0
101 99 0
102 40 0
103 21 0
104 41 0
105 54 0
106 41 0
107 36 0
108 32 0
109 32 0
110 42 0
111 29 0
112 46 0
113 59 0
114 98 0
115 145 0
116 162 0
117 151 0
118 147 0
119 158 0
120 157 0
121 167 0
122 170 0
123 168 0
124 166 0
125 157 0
126 148 0
127 151 0
128 142 0
129 127 0
130 106 0
131 78 0
132 42 0
133 19 0
134 29 0
135 53 0
136 41 0
137 31 0
138 28 0
139 29 0
140 24 0
141 30 0
142 71 0
143 119 0
144 154 0
145 151 0
146 145 0
147 141 0
148 143 0
149 146 0
150 143 0
151 137 0
152 138 0
153 143 0
154 144 0
155 140 0
156 136 0
157 137 0
158 140 0
159 141 0
160 136 0
161 134 0
162 135 0
163 140 0
164 147 0
165 150 0
166 148 0
167 144 0
168 140 0
169 145 0
170 144 0
171 135 0
172 128 0
173 130 0
174 137 0
175 141 0
176 139 0
177 138 0
178 134 0
179 129 0
180 128 0
181 129 0
182 127 0
183 122 0
184 127 0
185 82 0
186 60 0
187 55 0
188 36 0
189 46 0
190 90 0
191 111 0
192 125 0
193 104 0
194 91 0
195 74 0
196 128 0
197 255 0
198 219 0
199 106 0
200 12 0
201 10 0
202 8 0
203 7 0
204 5 0
205 4 0
206 4 0
207 5 0
208 5 0
209 5 0
210 4 0
211 3 0
212 3 0
213 2 0
214 1 0
215 1 0
216 3 0
217 3 0
218 3 0
219 3 0
220 3 0
221 3 0
222 3 0
223 3 0
224 7 0
225 5 0
226 2 0
227 0 0
228 0 0
229 2 0
230 5 0
231 7 0
232 2 0
233 3 0
234 4 0
235 5 0
236 6 0
237 6 0
238 6 0
239 6 0
240 4 0
241 6 0
242 5 0
243 3 0
244 3 0
245 4 0
246 4 0
247 2 0
248 5 0
249 5 0
250 5 0
251 5 0
252 4 0
253 4 0
254 4 0
255 4 0

0 3 0
1 5 0
2 7 0
3 7 0
4 6 0
5 4 0
6 4 0
7 5 0
8 0 0
9 0 0
10 1 0
11 1 0
12 2 0
13 3 0
14 3 0
15 3 0
16 2 0
17 4 0
18 7 0
19 9 0
20 9 0
21 8 0
22 6 0
23 5 0
24 4 0
25 5 0
26 6 0
27 7 0
28 7 0
29 7 0
30 7 0
31 6 0
32 2 0
33 1 0
34 0 0
35 2 0
36 3 0
37 4 0
38 4 0
39 3 0
40 6 0
41 4 0
42 45 0
43 102 0
44 245 0
45 255 0
46 91 0
47 30 0
48 91 0
49 74 0
50 99 0
51 147 0
52 148 0
53 131 0
54 60 0
55 42 0
56 44 0
57 69 0
58 91 0
59 106 0
60 121 0
61 129 0
62 137 0
63 148 0
64 148 0
65 134 0
66 130 0
67 135 0
68 128 0
69 117 0
70 128 0
71 151 0
72 151 0
73 147 0
74 157 0
75 162 0
76 151 0
77 153 0
78 159 0
79 152 0
80 141 0
81 142 0
82 159 0
83 165 0
84 150 0
85 148 0
86 157 0
87 155 0
88 155 0
89 150 0
90 144 0
91 144 0
92 151 0
93 155 0
94 147 0
95 136 0
96 136 0
97 149 0
98 140 0
99 136 0
100 143 0
101 108 0
102 50 0
103 24 0
104 39 0
105 37 0
106 22 0
107 37 0
108 43 0
109 31 0
110 40 0
111 33 0
112 39 0
113 35 0
114 55 0
115 105 0
116 150 0
117 166 0
118 161 0
119 154 0
120 156 0
121 170 0
122 163 0
123 145 0
124 143 0
125 151 0
126 156 0
127 161 0
128 152 0
129 123 0
130 72 0
131 31 0
132 30 0
133 51 0
134 50 0
135 31 0
136 32 0
137 34 0
138 41 0
139 43 0
140 35 0
141 40 0
142 81 0
143 129 0
144 137 0
145 146 0
146 152 0
147 149 0
148 144 0
149 144 0
150 146 0
151 147 0
152 149 0
153 146 0
154 141 0
155 140 0
156 145 0
157 148 0
158 143 0
159 134 0
160 138 0
161 133 0
162 128 0
163 130 0
164 134 0
165 136 0
166 132 0
167 127 0
168 134 0
169 136 0
170 128 0
171 113 0
172 107 0
173 118 0
174 135 0
175 146 0
176 139 0
177 142 0
178 139 0
179 130 0
180 126 0
181 128 0
182 123 0
183 115 0
184 96 0
185 52 0
186 42 0
187 39 0
188 30 0
189 45 0
190 74 0
191 99 0
192 99 0
193 115 0
194 103 0
195 67 0
196 86 0
197 242 0
198 197 0
199 79 0
200 10 0
201 9 0
202 8 0
203 8 0
204 5 0
205 1 0
206 0 0
207 0 0
208 5 0
209 4 0
210 4 0
211 3 0
212 2 0
213 1 0
214 1 0
215 0 0
216 3 0
217 3 0
218 3 0
219 3 0
220 3 0
221 3 0
222 3 0
223 3 0
224 0 0
225 1 0
226 4 0
227 5 0
228 5 0
229 4 0
230 1 0
231 0 0
232 0 0
233 1 0
234 3 0
235 5 0
236 6 0
237 7 0
238 7 0
239 7 0
240 8 0
241 1 0
242 1 0
243 7 0
244 6 0
245 0 0
246 0 0
247 5 0
248 4 0
249 4 0
250 4 0
251 3 0
252 3 0
253 3 0
254 3 0
255 2 0

0 2 0
1 5 0
2 7 0
3 6 0
4 4 0
5 3 0
6 5 0
7 8 0
8 2 0
9 2 0
10 2 0
11 3 0
12 4 0
13 6 0
14 7 0
15 8 0
16 3 0
17 3 0
18 2 0
19 2 0
20 3 0
21 5 0
22 8 0
23 9 0
24 7 0
25 7 0
26 7 0
27 7 0
28 7 0
29 7 0
30 7 0
31 7 0
32 11 0
33 5 0
34 0 0
35 2 0
36 3 0
37 2 0
38 2 0
39 3 0
40 8 0
41 29 0
42 80 0
43 143 0
44 251 0
45 249 0
46 60 0
47 42 0
48 80 0
49 98 0
50 116 0
51 127 0
52 120 0
53 79 0
54 45 0
55 53 0
56 63 0
57 52 0
58 79 0
59 113 0
60 119 0
61 133 0
62 151 0
63 145 0
64 137 0
65 133 0
66 118 0
67 98 0
68 93 0
69 108 0
70 126 0
71 134 0
72 143 0
73 156 0
74 164 0
75 155 0
76 142 0
77 138 0
78 141 0
79 145 0
80 139 0
81 139 0
82 150 0
83 155 0
84 147 0
85 148 0
86 159 0
87 165 0
88 157 0
89 149 0
90 141 0
91 138 0
92 139 0
93 142 0
94 147 0
95 152 0
96 140 0
97 132 0
98 135 0
99 140 0
100 131 0
101 108 0
102 74 0
103 40 0
104 29 0
105 43 0
106 38 0
107 29 0
108 32 0
109 30 0
110 26 0
111 35 0
112 36 0
113 41 0
114 34 0
115 52 0
116 112 0
117 159 0
118 167 0
119 163 0
120 153 0
121 152 0
122 158 0
123 160 0
124 159 0
125 164 0
126 164 0
127 151 0
128 112 0
129 85 0
130 43 0
131 23 0
132 34 0
133 46 0
134 41 0
135 35 0
136 41 0
137 37 0
138 56 0
139 68 0
140 54 0
141 60 0
142 97 0
143 126 0
144 131 0
145 143 0
146 155 0
147 156 0
148 151 0
149 148 0
150 148 0
151 149 0
152 151 0
153 146 0
154 145 0
155 148 0
156 141 0
157 127 0
158 121 0
159 123 0
160 147 0
161 129 0
162 117 0
163 112 0
164 110 0
165 120 0
166 128 0
167 126 0
168 116 0
169 133 0
170 127 0
171 108 0
172 109 0
173 121 0
174 125 0
175 123 0
176 141 0
177 153 0
178 150 0
179 131 0
180 121 0
181 123 0
182 112 0
183 93 0
184 59 0
185 40 0
186 27 0
187 41 0
188 40 0
189 65 0
190 103 0
191 77 0
192 75 0
193 83 0
194 99 0
195 53 0
196 88 0
197 246 0
198 211 0
199 102 0
200 6 0
201 4 0
202 11 0
203 4 0
204 6 0
205 13 0
206 2 0
207 0 0
208 3 0
209 3 0
210 3 0
211 3 0
212 4 0
213 4 0
214 4 0
215 4 0
216 7 0
217 1 0
218 0 0
219 6 0
220 5 0
221 0 0
222 0 0
223 4 0
224 0 0
225 0 0
226 0 0
227 0 0
228 1 0
229 2 0
230 3 0
231 3 0
232 4 0
233 4 0
234 4 0
235 3 0
236 3 0
237 5 0
238 8 0
239 11 0
240 6 0
241 6 0
242 6 0
243 6 0
244 6 0
245 6 0
246 6 0
247 6 0
248 4 0
249 4 0
250 5 0
251 5 0
252 5 0
253 3 0
254 1 0
255 0 0

0 2 0
1 5 0
2 7 0
3 6 0
4 4 0
5 3 0
6 5 0
7 8 0
8 4 0
9 4 0
10 3 0
11 4 0
12 5 0
13 6 0
14 7 0
15 8 0
16 3 0
17 3 0
18 2 0
19 2 0
20 3 0
21 5 0
22 7 0
23 9 0
24 4 0
25 5 0
26 5 0
27 5 0
28 6 0
29 7 0
30 7 0
31 7 0
32 9 0
33 4 0
34 1 0
35 3 0
36 3 0
37 2 0
38 2 0
39 4 0
40 4 0
41 8 0
42 68 0
43 182 0
44 253 0
45 222 0
46 47 0
47 39 0
48 63 0
49 87 0
50 115 0
51 106 0
52 82 0
53 52 0
54 36 0
55 68 0
56 50 0
57 53 0
58 90 0
59 121 0
60 118 0
61 124 0
62 141 0
63 141 0
64 150 0
65 122 0
66 87 0
67 73 0
68 87 0
69 113 0
70 127 0
71 129 0
72 137 0
73 145 0
74 148 0
75 143 0
76 138 0
77 139 0
78 142 0
79 143 0
80 158 0
81 146 0
82 140 0
83 138 0
84 133 0
85 134 0
86 140 0
87 141 0
88 156 0
89 156 0
90 152 0
91 144 0
92 138 0
93 138 0
94 144 0
95 149 0
96 146 0
97 139 0
98 141 0
99 144 0
100 136 0
101 119 0
102 85 0
103 48 0
104 26 0
105 39 0
106 38 0
107 29 0
108 36 0
109 43 0
110 34 0
111 20 0
112 25 0
113 53 0
114 51 0
115 31 0
116 55 0
117 113 0
118 147 0
119 148 0
120 159 0
121 163 0
122 166 0
123 161 0
124 158 0
125 163 0
126 152 0
127 124 0
128 74 0
129 43 0
130 27 0
131 38 0
132 41 0
133 32 0
134 29 0
135 36 0
136 51 0
137 47 0
138 53 0
139 58 0
140 57 0
141 71 0
142 104 0
143 130 0
144 149 0
145 147 0
146 145 0
147 146 0
148 150 0
149 151 0
150 146 0
151 140 0
152 150 0
153 152 0
154 147 0
155 132 0
156 117 0
157 113 0
158 121 0
159 129 0
160 128 0
161 129 0
162 132 0
163 127 0
164 114 0
165 112 0
166 120 0
167 124 0
168 132 0
169 135 0
170 124 0
171 107 0
172 94 0
173 86 0
174 94 0
175 113 0
176 120 0
177 133 0
178 139 0
179 133 0
180 127 0
181 123 0
182 111 0
183 96 0
184 64 0
185 50 0
186 36 0
187 33 0
188 40 0
189 76 0
190 107 0
191 90 0
192 66 0
193 87 0
194 100 0
195 46 0
196 72 0
197 246 0
198 241 0
199 108 0
200 23 0
201 6 0
202 7 0
203 5 0
204 4 0
205 7 0
206 2 0
207 10 0
208 3 0
209 3 0
210 3 0
211 3 0
212 4 0
213 4 0
214 4 0
215 4 0
216 3 0
217 4 0
218 4 0
219 3 0
220 2 0
221 4 0
222 3 0
223 2 0
224 5 0
225 4 0
226 3 0
227 3 0
228 4 0
229 5 0
230 7 0
231 8 0
232 3 0
233 4 0
234 4 0
235 3 0
236 3 0
237 4 0
238 8 0
239 10 0
240 6 0
241 6 0
242 6 0
243 6 0
244 6 0
245 6 0
246 6 0
247 6 0
248 4 0
249 4 0
250 5 0
251 5 0
252 5 0
253 3 0
254 1 0
255 0 0

0 2 0
1 5 0
2 7 0
3 6 0
4 4 0
5 3 0
6 5 0
7 8 0
8 6 0
9 6 0
10 5 0
11 5 0
12 6 0
13 7 0
14 8 0
15 9 0
16 4 0
17 3 0
18 2 0
19 2 0
20 3 0
21 5 0
22 7 0
23 8 0
24 2 0
25 3 0
26 3 0
27 4 0
28 5 0
29 6 0
30 7 0
31 7 0
32 6 0
33 3 0
34 3 0
35 4 0
36 3 0
37 0 0
38 2 0
39 7 0
40 5 0
41 4 0
42 75 0
43 225 0
44 251 0
45 180 0
46 39 0
47 42 0
48 43 0
49 69 0
50 125 0
51 128 0
52 119 0
53 98 0
54 48 0
55 52 0
56 50 0
57 58 0
58 96 0
59 127 0
60 123 0
61 119 0
62 121 0
63 113 0
64 131 0
65 99 0
66 73 0
67 77 0
68 104 0
69 123 0
70 124 0
71 116 0
72 124 0
73 127 0
74 127 0
75 128 0
76 132 0
77 139 0
78 143 0
79 144 0
80 154 0
81 142 0
82 130 0
83 124 0
84 122 0
85 123 0
86 129 0
87 134 0
88 137 0
89 149 0
90 155 0
91 147 0
92 139 0
93 141 0
94 147 0
95 151 0
96 149 0
97 145 0
98 146 0
99 144 0
100 139 0
101 130 0
102 100 0
103 60 0
104 25 0
105 24 0
106 28 0
107 30 0
108 29 0
109 33 0
110 33 0
111 24 0
112 21 0
113 28 0
114 35 0
115 40 0
116 60 0
117 101 0
118 134 0
119 141 0
120 160 0
121 165 0
122 165 0
123 151 0
124 140 0
125 139 0
126 117 0
127 80 0
128 60 0
129 42 0
130 38 0
131 39 0
132 38 0
133 53 0
134 68 0
135 64 0
136 47 0
137 48 0
138 44 0
139 48 0
140 66 0
141 88 0
142 110 0
143 129 0
144 161 0
145 151 0
146 142 0
147 141 0
148 147 0
149 150 0
150 147 0
151 143 0
152 144 0
153 151 0
154 145 0
155 125 0
156 111 0
157 111 0
158 115 0
159 113 0
160 98 0
161 107 0
162 116 0
163 116 0
164 110 0
165 110 0
166 119 0
167 129 0
168 119 0
169 118 0
170 120 0
171 123 0
172 106 0
173 74 0
174 75 0
175 107 0
176 121 0
177 130 0
178 136 0
179 133 0
180 125 0
181 115 0
182 98 0
183 83 0
184 43 0
185 45 0
186 48 0
187 39 0
188 54 0
189 89 0
190 95 0
191 86 0
192 83 0
193 91 0
194 87 0
195 36 0
196 42 0
197 213 0
198 255 0
199 126 0
200 22 0
201 0 0
202 0 0
203 9 0
204 7 0
205 2 0
206 0 0
207 9 0
208 3 0
209 3 0
210 3 0
211 4 0
212 4 0
213 4 0
214 5 0
215 5 0
216 0 0
217 7 0
218 8 0
219 1 0
220 1 0
221 8 0
222 8 0
223 1 0
224 10 0
225 8 0
226 6 0
227 4 0
228 4 0
229 6 0
230 8 0
231 10 0
232 2 0
233 3 0
234 3 0
235 3 0
236 2 0
237 4 0
238 7 0
239 9 0
240 6 0
241 6 0
242 6 0
243 6 0
244 6 0
245 6 0
246 6 0
247 6 0
248 4 0
249 4 0
250 5 0
251 5 0
252 5 0
253 3 0
254 1 0
255 0 0

0 2 0
1 5 0
2 7 0
3 6 0
4 4 0
5 3 0
6 5 0
7 8 0
8 8 0
9 7 0
10 7 0
11 6 0
12 7 0
13 7 0
14 8 0
15 9 0
16 4 0
17 3 0
18 3 0
19 2 0
20 3 0
21 5 0
22 7 0
23 8 0
24 4 0
25 4 0
26 4 0
27 5 0
28 5 0
29 5 0
30 6 0
31 6 0
32 3 0
33 3 0
34 4 0
35 5 0
36 2 0
37 0 0
38 3 0
39 8 0
40 4 0
41 22 0
42 103 0
43 245 0
44 249 0
45 132 0
46 36 0
47 59 0
48 70 0
49 73 0
50 115 0
51 103 0
52 106 0
53 112 0
54 54 0
55 43 0
56 60 0
57 62 0
58 91 0
59 126 0
60 141 0
61 144 0
62 134 0
63 116 0
64 91 0
65 79 0
66 79 0
67 98 0
68 118 0
69 124 0
70 120 0
71 118 0
72 122 0
73 120 0
74 118 0
75 119 0
76 123 0
77 129 0
78 133 0
79 135 0
80 140 0
81 139 0
82 132 0
83 122 0
84 112 0
85 102 0
86 100 0
87 109 0
88 120 0
89 140 0
90 154 0
91 152 0
92 146 0
93 148 0
94 151 0
95 150 0
96 145 0
97 144 0
98 144 0
99 140 0
100 139 0
101 138 0
102 113 0
103 74 0
104 31 0
105 18 0
106 36 0
107 59 0
108 44 0
109 25 0
110 32 0
111 43 0
112 30 0
113 18 0
114 28 0
115 47 0
116 60 0
117 87 0
118 116 0
119 123 0
120 137 0
121 143 0
122 148 0
123 140 0
124 127 0
125 122 0
126 108 0
127 84 0
128 34 0
129 27 0
130 39 0
131 51 0
132 59 0
133 89 0
134 101 0
135 76 0
136 64 0
137 62 0
138 42 0
139 37 0
140 67 0
141 98 0
142 117 0
143 134 0
144 159 0
145 153 0
146 147 0
147 145 0
148 144 0
149 146 0
150 150 0
151 154 0
152 145 0
153 141 0
154 130 0
155 119 0
156 118 0
157 120 0
158 116 0
159 108 0
160 116 0
161 117 0
162 114 0
163 114 0
164 119 0
165 118 0
166 114 0
167 114 0
168 116 0
169 113 0
170 118 0
171 128 0
172 112 0
173 70 0
174 58 0
175 83 0
176 109 0
177 118 0
178 122 0
179 118 0
180 118 0
181 118 0
182 105 0
183 86 0
184 44 0
185 43 0
186 43 0
187 26 0
188 49 0
189 90 0
190 102 0
191 127 0
192 107 0
193 85 0
194 71 0
195 49 0
196 36 0
197 168 0
198 255 0
199 154 0
200 33 0
201 0 0
202 2 0
203 10 0
204 6 0
205 4 0
206 0 0
207 6 0
208 3 0
209 3 0
210 4 0
211 4 0
212 4 0
213 5 0
214 5 0
215 5 0
216 2 0
217 6 0
218 6 0
219 3 0
220 3 0
221 8 0
222 8 0
223 4 0
224 8 0
225 7 0
226 6 0
227 5 0
228 4 0
229 5 0
230 6 0
231 6 0
232 1 0
233 2 0
234 3 0
235 2 0
236 2 0
237 3 0
238 6 0
239 8 0
240 6 0
241 6 0
242 6 0
243 6 0
244 6 0
245 6 0
246 6 0
247 6 0
248 4 0
249 4 0
250 5 0
251 5 0
252 5 0
253 3 0
254 1 0
255 0 0

0 2 0
1 5 0
2 7 0
3 6 0
4 4 0
5 3 0
6 5 0
7 8 0
8 7 0
9 7 0
10 6 0
11 6 0
12 6 0
13 7 0
14 8 0
15 8 0
16 4 0
17 4 0
18 3 0
19 2 0
20 3 0
21 5 0
22 6 0
23 7 0
24 7 0
25 7 0
26 6 0
27 6 0
28 5 0
29 5 0
30 5 0
31 4 0
32 3 0
33 2 0
34 4 0
35 5 0
36 3 0
37 0 0
38 2 0
39 8 0
40 0 0
41 37 0
42 136 0
43 254 0
44 255 0
45 89 0
46 37 0
47 94 0
48 108 0
49 105 0
50 126 0
51 75 0
52 51 0
53 73 0
54 45 0
55 47 0
56 73 0
57 66 0
58 73 0
59 92 0
60 109 0
61 115 0
62 107 0
63 94 0
64 74 0
65 74 0
66 83 0
67 101 0
68 113 0
69 118 0
70 123 0
71 131 0
72 129 0
73 127 0
74 125 0
75 122 0
76 120 0
77 120 0
78 124 0
79 129 0
80 132 0
81 140 0
82 139 0
83 136 0
84 134 0
85 116 0
86 102 0
87 105 0
88 117 0
89 136 0
90 153 0
91 157 0
92 156 0
93 154 0
94 148 0
95 141 0
96 141 0
97 141 0
98 141 0
99 138 0
100 139 0
101 143 0
102 125 0
103 91 0
104 54 0
105 45 0
106 67 0
107 90 0
108 74 0
109 51 0
110 50 0
111 54 0
112 53 0
113 30 0
114 22 0
115 39 0
116 82 0
117 134 0
118 139 0
119 103 0
120 109 0
121 110 0
122 121 0
123 125 0
124 111 0
125 102 0
126 103 0
127 102 0
128 63 0
129 21 0
130 14 0
131 37 0
132 53 0
133 77 0
134 96 0
135 90 0
136 100 0
137 91 0
138 57 0
139 40 0
140 68 0
141 104 0
142 128 0
143 147 0
144 157 0
145 150 0
146 145 0
147 146 0
148 147 0
149 146 0
150 148 0
151 153 0
152 152 0
153 133 0
154 114 0
155 106 0
156 104 0
157 104 0
158 108 0
159 114 0
160 111 0
161 108 0
162 94 0
163 92 0
164 108 0
165 113 0
166 110 0
167 114 0
168 119 0
169 113 0
170 108 0
171 109 0
172 101 0
173 73 0
174 60 0
175 73 0
176 102 0
177 113 0
178 113 0
179 103 0
180 104 0
181 109 0
182 91 0
183 64 0
184 28 0
185 28 0
186 35 0
187 30 0
188 53 0
189 78 0
190 88 0
191 131 0
192 114 0
193 84 0
194 72 0
195 69 0
196 47 0
197 141 0
198 255 0
199 181 0
200 58 0
201 15 0
202 9 0
203 8 0
204 1 0
205 10 0
206 11 0
207 8 0
208 4 0
209 4 0
210 4 0
211 4 0
212 5 0
213 5 0
214 5 0
215 5 0
216 6 0
217 2 0
218 3 0
219 7 0
220 8 0
221 4 0
222 5 0
223 9 0
224 5 0
225 5 0
226 6 0
227 6 0
228 6 0
229 4 0
230 3 0
231 2 0
232 0 0
233 2 0
234 3 0
235 3 0
236 3 0
237 3 0
238 6 0
239 8 0
240 6 0
241 6 0
242 6 0
243 6 0
244 6 0
245 6 0
246 6 0
247 6 0
248 4 0
249 4 0
250 5 0
251 5 0
252 5 0
253 3 0
254 1 0
255 0 0

0 2 0
1 5 0
2 7 0
3 6 0
4 4 0
5 3 0
6 5 0
7 8 0
8 5 0
9 5 0
10 5 0
11 5 0
12 5 0
13 6 0
14 7 0
15 8 0
16 5 0
17 4 0
18 3 0
19 3 0
20 3 0
21 4 0
22 6 0
23 7 0
24 8 0
25 8 0
26 7 0
27 6 0
28 5 0
29 4 0
30 4 0
31 3 0
32 4 0
33 3 0
34 3 0
35 5 0
36 4 0
37 1 0
38 2 0
39 5 0
40 2 0
41 53 0
42 170 0
43 255 0
44 255 0
45 70 0
46 52 0
47 127 0
48 122 0
49 129 0
50 140 0
51 74 0
52 36 0
53 61 0
54 53 0
55 49 0
56 62 0
57 56 0
58 48 0
59 44 0
60 46 0
61 51 0
62 58 0
63 63 0
64 72 0
65 75 0
66 85 0
67 99 0
68 111 0
69 115 0
70 116 0
71 117 0
72 116 0
73 117 0
74 120 0
75 121 0
76 120 0
77 120 0
78 125 0
79 133 0
80 116 0
81 125 0
82 121 0
83 122 0
84 128 0
85 108 0
86 82 0
87 81 0
88 108 0
89 121 0
90 139 0
91 153 0
92 157 0
93 153 0
94 145 0
95 140 0
96 141 0
97 140 0
98 142 0
99 141 0
100 141 0
101 146 0
102 135 0
103 110 0
104 96 0
105 92 0
106 85 0
107 76 0
108 73 0
109 82 0
110 81 0
111 67 0
112 53 0
113 39 0
114 48 0
115 88 0
116 133 0
117 151 0
118 124 0
119 84 0
120 74 0
121 72 0
122 89 0
123 109 0
124 108 0
125 106 0
126 119 0
127 131 0
128 125 0
129 79 0
130 40 0
131 24 0
132 28 0
133 55 0
134 77 0
135 73 0
136 98 0
137 95 0
138 81 0
139 75 0
140 94 0
141 120 0
142 138 0
143 149 0
144 159 0
145 144 0
146 136 0
147 143 0
148 152 0
149 152 0
150 146 0
151 142 0
152 144 0
153 129 0
154 112 0
155 96 0
156 75 0
157 59 0
158 63 0
159 78 0
160 92 0
161 86 0
162 58 0
163 42 0
164 60 0
165 80 0
166 102 0
167 133 0
168 121 0
169 121 0
170 112 0
171 105 0
172 98 0
173 79 0
174 61 0
175 59 0
176 93 0
177 103 0
178 104 0
179 93 0
180 86 0
181 79 0
182 57 0
183 31 0
184 33 0
185 43 0
186 59 0
187 73 0
188 86 0
189 77 0
190 68 0
191 91 0
192 119 0
193 100 0
194 82 0
195 60 0
196 36 0
197 118 0
198 250 0
199 203 0
200 52 0
201 4 0
202 1 0
203 7 0
204 4 0
205 16 0
206 13 0
207 0 0
208 4 0
209 4 0
210 4 0
211 5 0
212 5 0
213 5 0
214 6 0
215 6 0
216 8 0
217 1 0
218 1 0
219 9 0
220 9 0
221 2 0
222 2 0
223 9 0
224 4 0
225 5 0
226 7 0
227 8 0
228 8 0
229 6 0
230 3 0
231 1 0
232 0 0
233 2 0
234 4 0
235 4 0
236 4 0
237 4 0
238 6 0
239 8 0
240 6 0
241 6 0
242 6 0
243 6 0
244 6 0
245 6 0
246 6 0
247 6 0
248 4 0
249 4 0
250 5 0
251 5 0
252 5 0
253 3 0
254 1 0
255 0 0

0 2 0
1 5 0
2 7 0
3 6 0
4 4 0
5 3 0
6 5 0
7 8 0
8 2 0
9 2 0
10 2 0
11 2 0
12 3 0
13 5 0
14 6 0
15 7 0
16 5 0
17 4 0
18 3 0
19 3 0
20 3 0
21 4 0
22 6 0
23 7 0
24 6 0
25 6 0
26 5 0
27 5 0
28 4 0
29 4 0
30 4 0
31 3 0
32 7 0
33 3 0
34 2 0
35 5 0
36 5 0
37 2 0
38 1 0
39 2 0
40 12 0
41 80 0
42 205 0
43 255 0
44 210 0
45 69 0
46 74 0
47 122 0
48 117 0
49 126 0
50 119 0
51 54 0
52 22 0
53 61 0
54 75 0
55 60 0
56 42 0
57 46 0
58 40 0
59 32 0
60 33 0
61 40 0
62 54 0
63 70 0
64 60 0
65 69 0
66 81 0
67 88 0
68 93 0
69 92 0
70 84 0
71 75 0
72 79 0
73 80 0
74 86 0
75 92 0
76 94 0
77 94 0
78 99 0
79 106 0
80 133 0
81 147 0
82 137 0
83 124 0
84 119 0
85 92 0
86 70 0
87 79 0
88 104 0
89 112 0
90 130 0
91 150 0
92 155 0
93 148 0
94 144 0
95 147 0
96 145 0
97 140 0
98 143 0
99 146 0
100 143 0
101 145 0
102 140 0
103 124 0
104 131 0
105 129 0
106 99 0
107 66 0
108 73 0
109 101 0
110 109 0
111 100 0
112 68 0
113 80 0
114 102 0
115 119 0
116 103 0
117 62 0
118 46 0
119 63 0
120 43 0
121 40 0
122 58 0
123 87 0
124 104 0
125 117 0
126 127 0
127 129 0
128 140 0
129 146 0
130 137 0
131 113 0
132 105 0
133 115 0
134 110 0
135 90 0
136 88 0
137 94 0
138 108 0
139 119 0
140 124 0
141 134 0
142 146 0
143 148 0
144 153 0
145 141 0
146 136 0
147 146 0
148 156 0
149 154 0
150 149 0
151 148 0
152 134 0
153 127 0
154 109 0
155 82 0
156 53 0
157 35 0
158 35 0
159 42 0
160 98 0
161 91 0
162 52 0
163 25 0
164 35 0
165 48 0
166 69 0
167 104 0
168 109 0
169 115 0
170 107 0
171 90 0
172 76 0
173 56 0
174 40 0
175 39 0
176 63 0
177 68 0
178 76 0
179 79 0
180 70 0
181 56 0
182 45 0
183 42 0
184 80 0
185 88 0
186 89 0
187 103 0
188 110 0
189 94 0
190 88 0
191 88 0
192 108 0
193 103 0
194 85 0
195 51 0
196 34 0
197 106 0
198 240 0
199 227 0
200 68 0
201 3 0
202 0 0
203 9 0
204 6 0
205 12 0
206 9 0
207 0 0
208 4 0
209 4 0
210 5 0
211 5 0
212 5 0
213 6 0
214 6 0
215 6 0
216 6 0
217 4 0
218 4 0
219 6 0
220 5 0
221 4 0
222 3 0
223 5 0
224 3 0
225 4 0
226 5 0
227 6 0
228 6 0
229 5 0
230 3 0
231 2 0
232 1 0
233 3 0
234 5 0
235 5 0
236 5 0
237 5 0
238 7 0
239 8 0
240 6 0
241 6 0
242 6 0
243 6 0
244 6 0
245 6 0
246 6 0
247 6 0
248 4 0
249 4 0
250 5 0
251 5 0
252 5 0
253 3 0
254 1 0
255 0 0

0 2 0
1 5 0
2 7 0
3 6 0
4 4 0
5 3 0
6 5 0
7 8 0
8 0 0
9 0 0
10 0 0
11 1 0
12 2 0
13 4 0
14 5 0
15 6 0
16 5 0
17 5 0
18 3 0
19 3 0
20 3 0
21 4 0
22 5 0
23 7 0
24 3 0
25 3 0
26 3 0
27 3 0
28 4 0
29 4 0
30 4 0
31 4 0
32 8 0
33 3 0
34 1 0
35 4 0
36 6 0
37 3 0
38 1 0
39 0 0
40 19 0
41 105 0
42 226 0
43 234 0
44 151 0
45 69 0
46 86 0
47 93 0
48 90 0
49 118 0
50 120 0
51 64 0
52 30 0
53 64 0
54 85 0
55 61 0
56 51 0
57 57 0
58 50 0
59 40 0
60 39 0
61 38 0
62 38 0
63 46 0
64 48 0
65 61 0
66 68 0
67 63 0
68 55 0
69 53 0
70 51 0
71 46 0
72 48 0
73 46 0
74 49 0
75 54 0
76 55 0
77 50 0
78 49 0
79 53 0
80 83 0
81 110 0
82 109 0
83 92 0
84 80 0
85 59 0
86 59 0
87 93 0
88 119 0
89 122 0
90 137 0
91 155 0
92 156 0
93 144 0
94 142 0
95 151 0
96 147 0
97 140 0
98 144 0
99 148 0
100 144 0
101 142 0
102 139 0
103 130 0
104 141 0
105 147 0
106 122 0
107 94 0
108 101 0
109 117 0
110 125 0
111 134 0
112 139 0
113 130 0
114 94 0
115 59 0
116 47 0
117 39 0
118 41 0
119 59 0
120 47 0
121 37 0
122 39 0
123 52 0
124 63 0
125 69 0
126 58 0
127 36 0
128 62 0
129 87 0
130 113 0
131 125 0
132 123 0
133 108 0
134 102 0
135 110 0
136 110 0
137 112 0
138 130 0
139 140 0
140 130 0
141 135 0
142 153 0
143 157 0
144 143 0
145 141 0
146 145 0
147 154 0
148 156 0
149 151 0
150 155 0
151 164 0
152 138 0
153 126 0
154 96 0
155 60 0
156 42 0
157 45 0
158 51 0
159 52 0
160 63 0
161 66 0
162 41 0
163 27 0
164 42 0
165 42 0
166 35 0
167 51 0
168 56 0
169 63 0
170 58 0
171 45 0
172 37 0
173 35 0
174 45 0
175 64 0
176 61 0
177 56 0
178 63 0
179 71 0
180 56 0
181 30 0
182 30 0
183 49 0
184 64 0
185 84 0
186 90 0
187 116 0
188 126 0
189 109 0
190 97 0
191 69 0
192 76 0
193 82 0
194 84 0
195 68 0
196 63 0
197 114 0
198 237 0
199 248 0
200 128 0
201 35 0
202 3 0
203 8 0
204 0 0
205 4 0
206 10 0
207 12 0
208 4 0
209 4 0
210 5 0
211 5 0
212 5 0
213 6 0
214 6 0
215 6 0
216 3 0
217 8 0
218 8 0
219 1 0
220 1 0
221 7 0
222 6 0
223 0 0
224 2 0
225 2 0
226 2 0
227 2 0
228 2 0
229 2 0
230 3 0
231 3 0
232 1 0
233 3 0
234 5 0
235 6 0
236 6 0
237 6 0
238 7 0
239 8 0
240 6 0
241 6 0
242 6 0
243 6 0
244 6 0
245 6 0
246 6 0
247 6 0
248 4 0
249 4 0
250 5 0
251 5 0
252 5 0
253 3 0
254 1 0
255 0 0

0 3 0
1 4 0
2 5 0
3 7 0
4 7 0
5 6 0
6 5 0
7 4 0
8 1 0
9 1 0
10 0 0
11 0 0
12 0 0
13 2 0
14 4 0
15 5 0
16 1 0
17 1 0
18 1 0
19 1 0
20 1 0
21 1 0
22 1 0
23 1 0
24 6 0
25 6 0
26 5 0
27 5 0
28 4 0
29 3 0
30 2 0
31 2 0
32 5 0
33 2 0
34 0 0
35 3 0
36 5 0
37 4 0
38 2 0
39 2 0
40 34 0
41 137 0
42 246 0
43 233 0
44 129 0
45 62 0
46 62 0
47 89 0
48 81 0
49 94 0
50 86 0
51 44 0
52 36 0
53 54 0
54 50 0
55 48 0
56 43 0
57 45 0
58 54 0
59 64 0
60 64 0
61 57 0
62 47 0
63 39 0
64 51 0
65 31 0
66 42 0
67 62 0
68 56 0
69 46 0
70 45 0
71 41 0
72 40 0
73 37 0
74 37 0
75 42 0
76 44 0
77 41 0
78 37 0
79 36 0
80 78 0
81 92 0
82 86 0
83 55 0
84 33 0
85 46 0
86 77 0
87 98 0
88 124 0
89 117 0
90 130 0
91 149 0
92 152 0
93 149 0
94 148 0
95 145 0
96 142 0
97 143 0
98 143 0
99 143 0
100 142 0
101 138 0
102 134 0
103 131 0
104 133 0
105 146 0
106 143 0
107 123 0
108 118 0
109 130 0
110 127 0
111 110 0
112 113 0
113 98 0
114 53 0
115 30 0
116 46 0
117 51 0
118 47 0
119 61 0
120 60 0
121 23 0
122 27 0
123 48 0
124 38 0
125 33 0
126 38 0
127 27 0
128 29 0
129 34 0
130 63 0
131 88 0
132 85 0
133 77 0
134 91 0
135 109 0
136 128 0
137 142 0
138 151 0
139 149 0
140 145 0
141 146 0
142 145 0
143 140 0
144 126 0
145 130 0
146 151 0
147 157 0
148 141 0
149 141 0
150 152 0
151 150 0
152 127 0
153 121 0
154 91 0
155 55 0
156 54 0
157 86 0
158 107 0
159 106 0
160 108 0
161 79 0
162 67 0
163 67 0
164 51 0
165 33 0
166 36 0
167 48 0
168 47 0
169 35 0
170 38 0
171 61 0
172 76 0
173 71 0
174 60 0
175 57 0
176 52 0
177 48 0
178 41 0
179 37 0
180 37 0
181 41 0
182 46 0
183 49 0
184 78 0
185 108 0
186 129 0
187 133 0
188 125 0
189 129 0
190 115 0
191 60 0
192 55 0
193 80 0
194 98 0
195 66 0
196 30 0
197 104 0
198 224 0
199 255 0
200 163 0
201 27 0
202 3 0
203 2 0
204 9 0
205 6 0
206 1 0
207 0 0
208 5 0
209 3 0
210 2 0
211 3 0
212 5 0
213 7 0
214 5 0
215 3 0
216 7 0
217 10 0
218 9 0
219 5 0
220 4 0
221 8 0
222 8 0
223 5 0
224 10 0
225 9 0
226 5 0
227 3 0
228 2 0
229 2 0
230 4 0
231 5 0
232 5 0
233 5 0
234 5 0
235 5 0
236 5 0
237 5 0
238 5 0
239 5 0
240 2 0
241 3 0
242 5 0
243 6 0
244 6 0
245 5 0
246 3 0
247 2 0
248 1 0
249 2 0
250 4 0
251 5 0
252 5 0
253 3 0
254 1 0
255 0 0

0 3 0
1 4 0
2 5 0
3 7 0
4 7 0
5 6 0
6 5 0
7 4 0
8 1 0
9 1 0
10 0 0
11 0 0
12 0 0
13 2 0
14 4 0
15 5 0
16 2 0
17 2 0
18 2 0
19 2 0
20 2 0
21 2 0
22 2 0
23 2 0
24 6 0
25 6 0
26 5 0
27 5 0
28 4 0
29 3 0
30 3 0
31 2 0
32 3 0
33 3 0
34 2 0
35 2 0
36 4 0
37 6 0
38 5 0
39 2 0
40 33 0
41 163 0
42 255 0
43 209 0
44 108 0
45 47 0
46 48 0
47 81 0
48 101 0
49 94 0
50 71 0
51 30 0
52 25 0
53 46 0
54 54 0
55 68 0
56 85 0
57 75 0
58 72 0
59 71 0
60 66 0
61 62 0
62 53 0
63 37 0
64 53 0
65 47 0
66 64 0
67 76 0
68 59 0
69 46 0
70 53 0
71 60 0
72 48 0
73 43 0
74 40 0
75 40 0
76 38 0
77 32 0
78 28 0
79 26 0
80 58 0
81 66 0
82 63 0
83 43 0
84 34 0
85 51 0
86 81 0
87 101 0
88 116 0
89 119 0
90 138 0
91 153 0
92 147 0
93 140 0
94 145 0
95 149 0
96 147 0
97 145 0
98 140 0
99 135 0
100 131 0
101 132 0
102 136 0
103 139 0
104 125 0
105 129 0
106 129 0
107 124 0
108 122 0
109 122 0
110 119 0
111 113 0
112 116 0
113 108 0
114 69 0
115 38 0
116 40 0
117 38 0
118 40 0
119 61 0
120 71 0
121 56 0
122 43 0
123 39 0
124 44 0
125 49 0
126 45 0
127 32 0
128 42 0
129 54 0
130 87 0
131 116 0
132 116 0
133 104 0
134 107 0
135 117 0
136 127 0
137 137 0
138 146 0
139 147 0
140 143 0
141 140 0
142 137 0
143 134 0
144 145 0
145 146 0
146 160 0
147 164 0
148 149 0
149 149 0
150 159 0
151 158 0
152 128 0
153 117 0
154 91 0
155 71 0
156 83 0
157 114 0
158 128 0
159 123 0
160 126 0
161 115 0
162 114 0
163 114 0
164 93 0
165 64 0
166 46 0
167 38 0
168 36 0
169 45 0
170 63 0
171 77 0
172 73 0
173 55 0
174 41 0
175 39 0
176 30 0
177 35 0
178 39 0
179 41 0
180 43 0
181 48 0
182 57 0
183 64 0
184 108 0
185 128 0
186 143 0
187 148 0
188 132 0
189 123 0
190 109 0
191 62 0
192 55 0
193 74 0
194 95 0
195 72 0
196 23 0
197 60 0
198 180 0
199 255 0
200 139 0
201 18 0
202 0 0
203 0 0
204 0 0
205 0 0
206 4 0
207 14 0
208 5 0
209 4 0
210 3 0
211 4 0
212 6 0
213 7 0
214 6 0
215 4 0
216 5 0
217 8 0
218 8 0
219 5 0
220 4 0
221 7 0
222 7 0
223 3 0
224 10 0
225 9 0
226 6 0
227 4 0
228 3 0
229 3 0
230 3 0
231 4 0
232 4 0
233 4 0
234 4 0
235 4 0
236 4 0
237 4 0
238 4 0
239 4 0
240 5 0
241 4 0
242 4 0
243 4 0
244 4 0
245 4 0
246 4 0
247 5 0
248 1 0
249 2 0
250 4 0
251 5 0
252 5 0
253 3 0
254 1 0
255 0 0

0 2 0
1 3 0
2 5 0
3 6 0
4 7 0
5 6 0
6 5 0
7 4 0
8 2 0
9 1 0
10 0 0
11 0 0
12 0 0
13 2 0
14 4 0
15 5 0
16 3 0
17 3 0
18 3 0
19 3 0
20 3 0
21 3 0
22 3 0
23 3 0
24 6 0
25 6 0
26 5 0
27 5 0
28 4 0
29 3 0
30 3 0
31 3 0
32 1 0
33 5 0
34 4 0
35 1 0
36 2 0
37 8 0
38 7 0
39 2 0
40 43 0
41 188 0
42 252 0
43 192 0
44 108 0
45 41 0
46 34 0
47 82 0
48 119 0
49 93 0
50 61 0
51 33 0
52 44 0
53 74 0
54 90 0
55 114 0
56 118 0
57 111 0
58 105 0
59 82 0
60 49 0
61 44 0
62 52 0
63 46 0
64 62 0
65 61 0
66 74 0
67 82 0
68 71 0
69 69 0
70 88 0
71 104 0
72 106 0
73 100 0
74 96 0
75 95 0
76 92 0
77 86 0
78 82 0
79 81 0
80 82 0
81 87 0
82 82 0
83 60 0
84 40 0
85 44 0
86 73 0
87 100 0
88 113 0
89 118 0
90 138 0
91 152 0
92 145 0
93 139 0
94 143 0
95 146 0
96 138 0
97 142 0
98 145 0
99 142 0
100 135 0
101 131 0
102 132 0
103 135 0
104 129 0
105 123 0
106 125 0
107 134 0
108 134 0
109 125 0
110 123 0
111 128 0
112 113 0
113 96 0
114 56 0
115 33 0
116 46 0
117 58 0
118 65 0
119 82 0
120 85 0
121 82 0
122 61 0
123 52 0
124 69 0
125 72 0
126 60 0
127 56 0
128 32 0
129 52 0
130 88 0
131 120 0
132 127 0
133 120 0
134 120 0
135 127 0
136 125 0
137 126 0
138 130 0
139 132 0
140 129 0
141 124 0
142 124 0
143 127 0
144 143 0
145 142 0
146 149 0
147 151 0
148 142 0
149 143 0
150 150 0
151 150 0
152 133 0
153 114 0
154 90 0
155 84 0
156 102 0
157 126 0
158 132 0
159 125 0
160 119 0
161 117 0
162 117 0
163 121 0
164 120 0
165 101 0
166 63 0
167 28 0
168 41 0
169 52 0
170 62 0
171 62 0
172 59 0
173 64 0
174 80 0
175 95 0
176 70 0
177 69 0
178 64 0
179 55 0
180 51 0
181 61 0
182 84 0
183 103 0
184 110 0
185 126 0
186 144 0
187 155 0
188 139 0
189 124 0
190 111 0
191 71 0
192 43 0
193 75 0
194 99 0
195 65 0
196 5 0
197 18 0
198 136 0
199 255 0
200 195 0
201 65 0
202 21 0
203 13 0
204 10 0
205 4 0
206 0 0
207 0 0
208 5 0
209 4 0
210 4 0
211 4 0
212 6 0
213 7 0
214 6 0
215 5 0
216 2 0
217 5 0
218 6 0
219 5 0
220 4 0
221 5 0
222 4 0
223 1 0
224 6 0
225 7 0
226 7 0
227 7 0
228 6 0
229 4 0
230 2 0
231 1 0
232 3 0
233 3 0
234 3 0
235 3 0
236 3 0
237 3 0
238 3 0
239 3 0
240 7 0
241 6 0
242 4 0
243 3 0
244 3 0
245 4 0
246 6 0
247 7 0
248 1 0
249 2 0
250 4 0
251 5 0
252 5 0
253 3 0
254 1 0
255 0 0

0 2 0
1 3 0
2 5 0
3 6 0
4 6 0
5 6 0
6 5 0
7 4 0
8 2 0
9 1 0
10 0 0
11 0 0
12 0 0
13 2 0
14 3 0
15 4 0
16 4 0
17 4 0
18 4 0
19 4 0
20 4 0
21 4 0
22 4 0
23 4 0
24 5 0
25 5 0
26 5 0
27 4 0
28 4 0
29 4 0
30 3 0
31 3 0
32 0 0
33 6 0
34 6 0
35 0 0
36 0 0
37 6 0
38 6 0
39 0 0
40 64 0
41 204 0
42 239 0
43 186 0
44 129 0
45 47 0
46 28 0
47 95 0
48 109 0
49 76 0
50 44 0
51 31 0
52 65 0
53 105 0
54 113 0
55 123 0
56 127 0
57 123 0
58 118 0
59 89 0
60 50 0
61 48 0
62 64 0
63 61 0
64 67 0
65 68 0
66 79 0
67 91 0
68 98 0
69 105 0
70 115 0
71 121 0
72 120 0
73 118 0
74 118 0
75 121 0
76 120 0
77 116 0
78 114 0
79 115 0
80 119 0
81 126 0
82 125 0
83 99 0
84 58 0
85 40 0
86 67 0
87 107 0
88 120 0
89 119 0
90 134 0
91 151 0
92 152 0
93 150 0
94 149 0
95 143 0
96 135 0
97 143 0
98 149 0
99 148 0
100 139 0
101 133 0
102 132 0
103 134 0
104 134 0
105 125 0
106 125 0
107 133 0
108 134 0
109 125 0
110 126 0
111 136 0
112 133 0
113 112 0
114 70 0
115 42 0
116 45 0
117 54 0
118 65 0
119 81 0
120 84 0
121 68 0
122 60 0
123 69 0
124 74 0
125 58 0
126 46 0
127 52 0
128 38 0
129 66 0
130 97 0
131 121 0
132 130 0
133 129 0
134 133 0
135 144 0
136 139 0
137 132 0
138 129 0
139 132 0
140 131 0
141 128 0
142 132 0
143 141 0
144 145 0
145 144 0
146 147 0
147 149 0
148 147 0
149 149 0
150 152 0
151 152 0
152 139 0
153 117 0
154 94 0
155 91 0
156 105 0
157 119 0
158 127 0
159 129 0
160 142 0
161 144 0
162 134 0
163 124 0
164 126 0
165 114 0
166 74 0
167 35 0
168 29 0
169 51 0
170 74 0
171 87 0
172 96 0
173 109 0
174 119 0
175 123 0
176 118 0
177 111 0
178 97 0
179 80 0
180 73 0
181 84 0
182 108 0
183 129 0
184 137 0
185 148 0
186 153 0
187 148 0
188 123 0
189 110 0
190 101 0
191 61 0
192 31 0
193 75 0
194 88 0
195 39 0
196 0 0
197 24 0
198 119 0
199 232 0
200 212 0
201 77 0
202 9 0
203 4 0
204 9 0
205 11 0
206 4 0
207 0 0
208 5 0
209 5 0
210 5 0
211 5 0
212 6 0
213 6 0
214 6 0
215 6 0
216 0 0
217 2 0
218 4 0
219 5 0
220 4 0
221 4 0
222 2 0
223 0 0
224 5 0
225 6 0
226 9 0
227 9 0
228 8 0
229 5 0
230 2 0
231 0 0
232 4 0
233 4 0
234 4 0
235 4 0
236 4 0
237 4 0
238 4 0
239 4 0
240 8 0
241 7 0
242 6 0
243 5 0
244 5 0
245 6 0
246 7 0
247 8 0
248 1 0
249 2 0
250 4 0
251 5 0
252 5 0
253 3 0
254 1 0
255 0 0

0 2 0
1 3 0
2 4 0
3 6 0
4 6 0
5 5 0
6 4 0
7 3 0
8 3 0
9 2 0
10 1 0
11 0 0
12 0 0
13 1 0
14 3 0
15 4 0
16 3 0
17 3 0
18 3 0
19 3 0
20 3 0
21 3 0
22 3 0
23 3 0
24 5 0
25 5 0
26 5 0
27 4 0
28 4 0
29 4 0
30 4 0
31 4 0
32 2 0
33 7 0
34 6 0
35 0 0
36 0 0
37 3 0
38 2 0
39 0 0
40 84 0
41 227 0
42 237 0
43 170 0
44 119 0
45 41 0
46 31 0
47 105 0
48 111 0
49 77 0
50 42 0
51 33 0
52 79 0
53 125 0
54 119 0
55 110 0
56 127 0
57 118 0
58 112 0
59 101 0
60 86 0
61 84 0
62 80 0
63 61 0
64 66 0
65 82 0
66 99 0
67 112 0
68 122 0
69 123 0
70 116 0
71 111 0
72 114 0
73 114 0
74 118 0
75 124 0
76 124 0
77 121 0
78 119 0
79 121 0
80 125 0
81 131 0
82 138 0
83 126 0
84 84 0
85 51 0
86 70 0
87 111 0
88 121 0
89 123 0
90 138 0
91 153 0
92 154 0
93 154 0
94 154 0
95 148 0
96 147 0
97 148 0
98 146 0
99 139 0
100 133 0
101 132 0
102 137 0
103 143 0
104 129 0
105 123 0
106 118 0
107 116 0
108 116 0
109 116 0
110 119 0
111 124 0
112 133 0
113 130 0
114 108 0
115 71 0
116 43 0
117 36 0
118 55 0
119 81 0
120 90 0
121 63 0
122 71 0
123 86 0
124 64 0
125 41 0
126 40 0
127 38 0
128 59 0
129 91 0
130 113 0
131 119 0
132 123 0
133 121 0
134 124 0
135 138 0
136 136 0
137 128 0
138 126 0
139 132 0
140 134 0
141 132 0
142 135 0
143 142 0
144 146 0
145 149 0
146 150 0
147 151 0
148 155 0
149 154 0
150 151 0
151 151 0
152 146 0
153 128 0
154 110 0
155 103 0
156 106 0
157 115 0
158 132 0
159 148 0
160 145 0
161 159 0
162 149 0
163 130 0
164 127 0
165 115 0
166 82 0
167 56 0
168 48 0
169 76 0
170 103 0
171 114 0
172 117 0
173 120 0
174 119 0
175 113 0
176 115 0
177 116 0
178 115 0
179 114 0
180 113 0
181 117 0
182 125 0
183 131 0
184 153 0
185 164 0
186 156 0
187 133 0
188 106 0
189 104 0
190 99 0
191 54 0
192 16 0
193 60 0
194 72 0
195 28 0
196 13 0
197 39 0
198 105 0
199 206 0
200 203 0
201 80 0
202 1 0
203 0 0
204 0 0
205 3 0
206 6 0
207 13 0
208 4 0
209 4 0
210 5 0
211 5 0
212 5 0
213 5 0
214 6 0
215 6 0
216 0 0
217 1 0
218 3 0
219 5 0
220 5 0
221 3 0
222 1 0
223 1 0
224 5 0
225 6 0
226 9 0
227 9 0
228 8 0
229 5 0
230 2 0
231 0 0
232 5 0
233 5 0
234 5 0
235 5 0
236 5 0
237 5 0
238 5 0
239 5 0
240 7 0
241 7 0
242 8 0
243 9 0
244 9 0
245 8 0
246 7 0
247 7 0
248 1 0
249 2 0
250 4 0
251 5 0
252 5 0
253 3 0
254 1 0
255 0 0

0 1 0
1 2 0
2 4 0
3 5 0
4 6 0
5 5 0
6 4 0
7 3 0
8 3 0
9 2 0
10 1 0
11 0 0
12 0 0
13 1 0
14 3 0
15 4 0
16 3 0
17 3 0
18 3 0
19 3 0
20 3 0
21 3 0
22 3 0
23 3 0
24 4 0
25 4 0
26 4 0
27 4 0
28 4 0
29 4 0
30 4 0
31 4 0
32 4 0
33 5 0
34 5 0
35 4 0
36 1 0
37 0 0
38 0 0
39 1 0
40 105 0
41 251 0
42 237 0
43 138 0
44 77 0
45 23 0
46 38 0
47 104 0
48 122 0
49 87 0
50 51 0
51 40 0
52 84 0
53 130 0
54 126 0
55 117 0
56 125 0
57 127 0
58 125 0
59 121 0
60 112 0
61 90 0
62 62 0
63 46 0
64 76 0
65 107 0
66 123 0
67 121 0
68 122 0
69 123 0
70 126 0
71 133 0
72 140 0
73 140 0
74 143 0
75 147 0
76 145 0
77 141 0
78 139 0
79 141 0
80 135 0
81 128 0
82 133 0
83 137 0
84 105 0
85 64 0
86 65 0
87 96 0
88 112 0
89 123 0
90 144 0
91 153 0
92 144 0
93 143 0
94 150 0
95 153 0
96 146 0
97 145 0
98 142 0
99 140 0
100 138 0
101 137 0
102 136 0
103 135 0
104 127 0
105 126 0
106 120 0
107 112 0
108 111 0
109 115 0
110 118 0
111 118 0
112 115 0
113 119 0
114 112 0
115 86 0
116 54 0
117 45 0
118 62 0
119 83 0
120 85 0
121 63 0
122 81 0
123 93 0
124 61 0
125 48 0
126 55 0
127 46 0
128 68 0
129 103 0
130 116 0
131 112 0
132 116 0
133 114 0
134 112 0
135 124 0
136 118 0
137 117 0
138 120 0
139 127 0
140 132 0
141 132 0
142 129 0
143 128 0
144 144 0
145 151 0
146 149 0
147 150 0
148 156 0
149 151 0
150 143 0
151 145 0
152 159 0
153 147 0
154 132 0
155 120 0
156 112 0
157 114 0
158 131 0
159 150 0
160 135 0
161 142 0
162 129 0
163 122 0
164 134 0
165 121 0
166 80 0
167 55 0
168 84 0
169 103 0
170 115 0
171 111 0
172 103 0
173 107 0
174 121 0
175 130 0
176 125 0
177 129 0
178 135 0
179 142 0
180 147 0
181 148 0
182 145 0
183 143 0
184 125 0
185 144 0
186 146 0
187 130 0
188 107 0
189 104 0
190 90 0
191 34 0
192 0 0
193 45 0
194 81 0
195 49 0
196 17 0
197 13 0
198 75 0
199 206 0
200 240 0
201 114 0
202 11 0
203 1 0
204 1 0
205 6 0
206 0 0
207 0 0
208 2 0
209 4 0
210 5 0
211 5 0
212 4 0
213 4 0
214 5 0
215 6 0
216 2 0
217 1 0
218 2 0
219 5 0
220 6 0
221 3 0
222 2 0
223 3 0
224 6 0
225 7 0
226 7 0
227 7 0
228 6 0
229 4 0
230 2 0
231 1 0
232 5 0
233 5 0
234 5 0
235 5 0
236 5 0
237 5 0
238 5 0
239 5 0
240 5 0
241 6 0
242 8 0
243 9 0
244 9 0
245 8 0
246 6 0
247 5 0
248 1 0
249 2 0
250 4 0
251 5 0
252 5 0
253 3 0
254 1 0
255 0 0

0 1 0
1 2 0
2 4 0
3 5 0
4 5 0
5 5 0
6 4 0
7 3 0
8 4 0
9 3 0
10 1 0
11 0 0
12 0 0
13 1 0
14 2 0
15 3 0
16 5 0
17 5 0
18 5 0
19 5 0
20 5 0
21 5 0
22 5 0
23 5 0
24 4 0
25 4 0
26 4 0
27 4 0
28 4 0
29 4 0
30 4 0
31 4 0
32 6 0
33 2 0
34 3 0
35 8 0
36 6 0
37 0 0
38 1 0
39 9 0
40 134 0
41 254 0
42 218 0
43 112 0
44 51 0
45 14 0
46 46 0
47 101 0
48 114 0
49 79 0
50 47 0
51 34 0
52 65 0
53 101 0
54 110 0
55 124 0
56 134 0
57 144 0
58 137 0
59 128 0
60 116 0
61 74 0
62 36 0
63 36 0
64 85 0
65 122 0
66 134 0
67 120 0
68 117 0
69 124 0
70 137 0
71 155 0
72 150 0
73 148 0
74 148 0
75 149 0
76 146 0
77 143 0
78 144 0
79 148 0
80 156 0
81 135 0
82 133 0
83 139 0
84 110 0
85 66 0
86 67 0
87 101 0
88 117 0
89 128 0
90 148 0
91 153 0
92 143 0
93 142 0
94 151 0
95 153 0
96 140 0
97 137 0
98 136 0
99 139 0
100 143 0
101 140 0
102 130 0
103 121 0
104 126 0
105 126 0
106 125 0
107 124 0
108 123 0
109 122 0
110 120 0
111 119 0
112 119 0
113 114 0
114 105 0
115 82 0
116 55 0
117 48 0
118 63 0
119 74 0
120 61 0
121 48 0
122 65 0
123 87 0
124 72 0
125 48 0
126 46 0
127 55 0
128 84 0
129 117 0
130 120 0
131 109 0
132 121 0
133 126 0
134 123 0
135 132 0
136 122 0
137 124 0
138 126 0
139 130 0
140 137 0
141 141 0
142 138 0
143 131 0
144 150 0
145 160 0
146 157 0
147 155 0
148 163 0
149 158 0
150 149 0
151 155 0
152 163 0
153 157 0
154 146 0
155 135 0
156 125 0
157 123 0
158 131 0
159 140 0
160 150 0
161 151 0
162 132 0
163 125 0
164 135 0
165 112 0
166 73 0
167 64 0
168 95 0
169 108 0
170 122 0
171 128 0
172 127 0
173 129 0
174 136 0
175 141 0
176 152 0
177 152 0
178 152 0
179 152 0
180 153 0
181 152 0
182 151 0
183 149 0
184 126 0
185 139 0
186 141 0
187 133 0
188 112 0
189 103 0
190 84 0
191 29 0
192 10 0
193 47 0
194 86 0
195 55 0
196 9 0
197 0 0
198 53 0
199 199 0
200 241 0
201 118 0
202 4 0
203 0 0
204 5 0
205 13 0
206 3 0
207 0 0
208 1 0
209 3 0
210 4 0
211 4 0
212 2 0
213 2 0
214 4 0
215 5 0
216 5 0
217 2 0
218 2 0
219 6 0
220 6 0
221 3 0
222 4 0
223 7 0
224 10 0
225 9 0
226 6 0
227 4 0
228 3 0
229 3 0
230 3 0
231 4 0
232 4 0
233 4 0
234 4 0
235 4 0
236 4 0
237 4 0
238 4 0
239 4 0
240 4 0
241 4 0
242 5 0
243 5 0
244 5 0
245 5 0
246 4 0
247 4 0
248 1 0
249 2 0
250 4 0
251 5 0
252 5 0
253 3 0
254 1 0
255 0 0

0 1 0
1 2 0
2 4 0
3 5 0
4 5 0
5 5 0
6 4 0
7 3 0
8 4 0
9 3 0
10 1 0
11 0 0
12 0 0
13 1 0
14 2 0
15 3 0
16 6 0
17 6 0
18 6 0
19 6 0
20 6 0
21 6 0
22 6 0
23 6 0
24 4 0
25 4 0
26 4 0
27 4 0
28 4 0
29 4 0
30 4 0
31 5 0
32 6 0
33 0 0
34 2 0
35 11 0
36 10 0
37 1 0
38 4 0
39 15 0
40 160 0
41 241 0
42 190 0
43 104 0
44 54 0
45 18 0
46 53 0
47 101 0
48 113 0
49 79 0
50 51 0
51 38 0
52 53 0
53 74 0
54 92 0
55 127 0
56 152 0
57 150 0
58 124 0
59 115 0
60 120 0
61 80 0
62 35 0
63 39 0
64 80 0
65 121 0
66 136 0
67 125 0
68 125 0
69 127 0
70 128 0
71 137 0
72 152 0
73 150 0
74 149 0
75 148 0
76 147 0
77 146 0
78 151 0
79 158 0
80 158 0
81 135 0
82 131 0
83 135 0
84 104 0
85 66 0
86 84 0
87 135 0
88 137 0
89 140 0
90 151 0
91 158 0
92 155 0
93 157 0
94 160 0
95 154 0
96 148 0
97 136 0
98 126 0
99 126 0
100 133 0
101 137 0
102 131 0
103 123 0
104 118 0
105 117 0
106 122 0
107 130 0
108 130 0
109 121 0
110 116 0
111 116 0
112 105 0
113 106 0
114 102 0
115 77 0
116 42 0
117 40 0
118 70 0
119 95 0
120 60 0
121 44 0
122 56 0
123 98 0
124 101 0
125 49 0
126 30 0
127 65 0
128 98 0
129 125 0
130 115 0
131 99 0
132 116 0
133 127 0
134 125 0
135 133 0
136 125 0
137 126 0
138 123 0
139 121 0
140 128 0
141 139 0
142 140 0
143 133 0
144 145 0
145 156 0
146 153 0
147 151 0
148 161 0
149 157 0
150 150 0
151 159 0
152 155 0
153 153 0
154 149 0
155 144 0
156 142 0
157 141 0
158 140 0
159 139 0
160 127 0
161 147 0
162 143 0
163 129 0
164 116 0
165 87 0
166 83 0
167 117 0
168 122 0
169 121 0
170 126 0
171 140 0
172 153 0
173 156 0
174 152 0
175 148 0
176 150 0
177 150 0
178 150 0
179 147 0
180 143 0
181 138 0
182 134 0
183 132 0
184 144 0
185 139 0
186 129 0
187 125 0
188 115 0
189 119 0
190 122 0
191 89 0
192 54 0
193 57 0
194 67 0
195 31 0
196 8 0
197 10 0
198 53 0
199 170 0
200 223 0
201 119 0
202 15 0
203 10 0
204 2 0
205 6 0
206 6 0
207 15 0
208 0 0
209 2 0
210 4 0
211 3 0
212 2 0
213 1 0
214 3 0
215 5 0
216 7 0
217 3 0
218 3 0
219 6 0
220 7 0
221 4 0
222 5 0
223 9 0
224 10 0
225 9 0
226 5 0
227 3 0
228 2 0
229 2 0
230 4 0
231 5 0
232 3 0
233 3 0
234 3 0
235 3 0
236 3 0
237 3 0
238 3 0
239 3 0
240 4 0
241 3 0
242 2 0
243 1 0
244 1 0
245 2 0
246 3 0
247 4 0
248 1 0
249 2 0
250 4 0
251 5 0
252 5 0
253 3 0
254 1 0
255 0 0

0 3 0
1 5 0
2 7 0
3 6 0
4 4 0
5 2 0
6 1 0
7 1 0
8 3 0
9 3 0
10 3 0
11 3 0
12 3 0
13 3 0
14 3 0
15 3 0
16 2 0
17 2 0
18 2 0
19 3 0
20 4 0
21 4 0
22 5 0
23 5 0
24 6 0
25 6 0
26 6 0
27 6 0
28 6 0
29 6 0
30 6 0
31 6 0
32 0 0
33 11 0
34 5 0
35 6 0
36 8 0
37 11 0
38 0 0
39 28 0
40 176 0
41 248 0
42 199 0
43 118 0
44 54 0
45 28 0
46 46 0
47 103 0
48 109 0
49 77 0
50 54 0
51 58 0
52 92 0
53 109 0
54 107 0
55 129 0
56 152 0
57 146 0
58 133 0
59 134 0
60 134 0
61 98 0
62 60 0
63 54 0
64 62 0
65 91 0
66 119 0
67 131 0
68 138 0
69 144 0
70 140 0
71 130 0
72 146 0
73 154 0
74 161 0
75 158 0
76 149 0
77 146 0
78 154 0
79 165 0
80 147 0
81 136 0
82 121 0
83 107 0
84 96 0
85 96 0
86 112 0
87 130 0
88 145 0
89 157 0
90 159 0
91 149 0
92 149 0
93 160 0
94 163 0
95 155 0
96 156 0
97 140 0
98 135 0
99 137 0
100 137 0
101 135 0
102 125 0
103 109 0
104 118 0
105 123 0
106 124 0
107 121 0
108 119 0
109 120 0
110 116 0
111 110 0
112 113 0
113 97 0
114 97 0
115 79 0
116 45 0
117 59 0
118 86 0
119 77 0
120 60 0
121 32 0
122 29 0
123 69 0
124 93 0
125 65 0
126 35 0
127 37 0
128 80 0
129 117 0
130 117 0
131 106 0
132 119 0
133 118 0
134 113 0
135 132 0
136 133 0
137 130 0
138 128 0
139 128 0
140 130 0
141 132 0
142 131 0
143 129 0
144 134 0
145 147 0
146 157 0
147 156 0
148 152 0
149 154 0
150 157 0
151 158 0
152 135 0
153 147 0
154 161 0
155 165 0
156 157 0
157 148 0
158 147 0
159 152 0
160 150 0
161 145 0
162 137 0
163 125 0
164 110 0
165 103 0
166 111 0
167 124 0
168 128 0
169 142 0
170 158 0
171 164 0
172 161 0
173 158 0
174 156 0
175 156 0
176 157 0
177 152 0
178 148 0
179 149 0
180 149 0
181 146 0
182 140 0
183 136 0
184 137 0
185 140 0
186 123 0
187 120 0
188 111 0
189 103 0
190 102 0
191 70 0
192 34 0
193 52 0
194 46 0
195 39 0
196 12 0
197 17 0
198 67 0
199 154 0
200 215 0
201 147 0
202 39 0
203 12 0
204 11 0
205 0 0
206 14 0
207 0 0
208 8 0
209 8 0
210 8 0
211 7 0
212 7 0
213 6 0
214 6 0
215 6 0
216 7 0
217 5 0
218 3 0
219 2 0
220 2 0
221 3 0
222 5 0
223 7 0
224 4 0
225 4 0
226 5 0
227 5 0
228 5 0
229 6 0
230 6 0
231 6 0
232 5 0
233 5 0
234 4 0
235 4 0
236 3 0
237 2 0
238 2 0
239 1 0
240 3 0
241 2 0
242 1 0
243 1 0
244 2 0
245 4 0
246 7 0
247 9 0
248 1 0
249 5 0
250 6 0
251 3 0
252 2 0
253 4 0
254 4 0
255 3 0

0 0 0
1 0 0
2 3 0
3 5 0
4 5 0
5 5 0
6 6 0
7 6 0
8 3 0
9 3 0
10 3 0
11 3 0
12 3 0
13 3 0
14 3 0
15 3 0
16 2 0
17 2 0
18 2 0
19 3 0
20 4 0
21 4 0
22 5 0
23 5 0
24 6 0
25 6 0
26 6 0
27 6 0
28 6 0
29 6 0
30 6 0
31 6 0
32 1 0
33 13 0
34 6 0
35 7 0
36 8 0
37 10 0
38 0 0
39 33 0
40 175 0
41 247 0
42 189 0
43 95 0
44 32 0
45 21 0
46 53 0
47 108 0
48 108 0
49 73 0
50 65 0
51 83 0
52 109 0
53 119 0
54 117 0
55 135 0
56 146 0
57 157 0
58 148 0
59 135 0
60 131 0
61 114 0
62 87 0
63 76 0
64 70 0
65 87 0
66 104 0
67 115 0
68 126 0
69 138 0
70 145 0
71 145 0
72 151 0
73 154 0
74 160 0
75 163 0
76 157 0
77 149 0
78 150 0
79 157 0
80 148 0
81 136 0
82 123 0
83 115 0
84 112 0
85 114 0
86 124 0
87 135 0
88 158 0
89 159 0
90 151 0
91 142 0
92 148 0
93 160 0
94 157 0
95 142 0
96 154 0
97 145 0
98 139 0
99 133 0
100 129 0
101 134 0
102 132 0
103 118 0
104 104 0
105 113 0
106 122 0
107 124 0
108 123 0
109 120 0
110 111 0
111 101 0
112 107 0
113 110 0
114 96 0
115 50 0
116 29 0
117 67 0
118 86 0
119 54 0
120 38 0
121 44 0
122 48 0
123 59 0
124 68 0
125 58 0
126 42 0
127 38 0
128 57 0
129 93 0
130 104 0
131 105 0
132 124 0
133 132 0
134 123 0
135 124 0
136 127 0
137 126 0
138 126 0
139 128 0
140 133 0
141 136 0
142 137 0
143 137 0
144 124 0
145 137 0
146 149 0
147 154 0
148 159 0
149 163 0
150 165 0
151 162 0
152 153 0
153 156 0
154 160 0
155 161 0
156 156 0
157 149 0
158 145 0
159 144 0
160 142 0
161 142 0
162 144 0
163 144 0
164 139 0
165 133 0
166 135 0
167 142 0
168 154 0
169 151 0
170 149 0
171 149 0
172 150 0
173 150 0
174 145 0
175 139 0
176 152 0
177 148 0
178 145 0
179 145 0
180 145 0
181 141 0
182 135 0
183 130 0
184 141 0
185 145 0
186 128 0
187 118 0
188 109 0
189 103 0
190 91 0
191 45 0
192 26 0
193 83 0
194 90 0
195 54 0
196 4 0
197 14 0
198 75 0
199 163 0
200 219 0
201 154 0
202 37 0
203 1 0
204 8 0
205 5 0
206 15 0
207 2 0
208 4 0
209 4 0
210 4 0
211 4 0
212 4 0
213 4 0
214 3 0
215 3 0
216 2 0
217 3 0
218 5 0
219 7 0
220 7 0
221 5 0
222 3 0
223 2 0
224 6 0
225 6 0
226 7 0
227 7 0
228 7 0
229 8 0
230 9 0
231 9 0
232 7 0
233 7 0
234 6 0
235 6 0
236 5 0
237 4 0
238 4 0
239 3 0
240 3 0
241 2 0
242 1 0
243 1 0
244 2 0
245 4 0
246 7 0
247 8 0
248 1 0
249 5 0
250 6 0
251 3 0
252 2 0
253 4 0
254 5 0
255 3 0

0 2 0
1 4 0
2 6 0
3 6 0
4 4 0
5 3 0
6 2 0
7 2 0
8 3 0
9 3 0
10 3 0
11 3 0
12 3 0
13 3 0
14 3 0
15 3 0
16 2 0
17 2 0
18 2 0
19 3 0
20 4 0
21 4 0
22 5 0
23 5 0
24 6 0
25 6 0
26 6 0
27 6 0
28 6 0
29 6 0
30 6 0
31 6 0
32 4 0
33 13 0
34 6 0
35 6 0
36 7 0
37 8 0
38 0 0
39 41 0
40 196 0
41 255 0
42 177 0
43 78 0
44 21 0
45 27 0
46 72 0
47 119 0
48 99 0
49 62 0
50 76 0
51 111 0
52 125 0
53 127 0
54 127 0
55 141 0
56 149 0
57 162 0
58 160 0
59 148 0
60 142 0
61 131 0
62 119 0
63 117 0
64 113 0
65 115 0
66 119 0
67 126 0
68 135 0
69 145 0
70 154 0
71 159 0
72 173 0
73 167 0
74 166 0
75 168 0
76 160 0
77 145 0
78 140 0
79 145 0
80 154 0
81 143 0
82 132 0
83 131 0
84 135 0
85 140 0
86 143 0
87 146 0
88 155 0
89 156 0
90 150 0
91 146 0
92 153 0
93 162 0
94 156 0
95 142 0
96 149 0
97 144 0
98 142 0
99 135 0
100 129 0
101 135 0
102 137 0
103 125 0
104 129 0
105 127 0
106 121 0
107 115 0
108 114 0
109 120 0
110 125 0
111 126 0
112 103 0
113 109 0
114 78 0
115 27 0
116 23 0
117 63 0
118 68 0
119 35 0
120 45 0
121 45 0
122 37 0
123 37 0
124 55 0
125 63 0
126 51 0
127 41 0
128 52 0
129 82 0
130 106 0
131 114 0
132 121 0
133 127 0
134 123 0
135 115 0
136 131 0
137 130 0
138 129 0
139 130 0
140 133 0
141 135 0
142 136 0
143 135 0
144 129 0
145 138 0
146 148 0
147 157 0
148 164 0
149 168 0
150 165 0
151 160 0
152 166 0
153 161 0
154 156 0
155 156 0
156 158 0
157 157 0
158 150 0
159 143 0
160 146 0
161 146 0
162 150 0
163 156 0
164 159 0
165 157 0
166 156 0
167 156 0
168 166 0
169 158 0
170 150 0
171 148 0
172 149 0
173 149 0
174 146 0
175 142 0
176 149 0
177 145 0
178 141 0
179 139 0
180 140 0
181 141 0
182 140 0
183 138 0
184 139 0
185 140 0
186 123 0
187 108 0
188 100 0
189 97 0
190 77 0
191 27 0
192 22 0
193 87 0
194 83 0
195 33 0
196 0 0
197 21 0
198 73 0
199 139 0
200 190 0
201 156 0
202 56 0
203 6 0
204 7 0
205 1 0
206 7 0
207 5 0
208 2 0
209 2 0
210 2 0
211 3 0
212 3 0
213 3 0
214 3 0
215 3 0
216 1 0
217 3 0
218 5 0
219 6 0
220 6 0
221 5 0
222 3 0
223 1 0
224 8 0
225 9 0
226 9 0
227 9 0
228 9 0
229 10 0
230 10 0
231 10 0
232 7 0
233 7 0
234 6 0
235 6 0
236 5 0
237 4 0
238 4 0
239 3 0
240 3 0
241 2 0
242 1 0
243 1 0
244 2 0
245 4 0
246 6 0
247 7 0
248 2 0
249 5 0
250 6 0
251 3 0
252 2 0
253 4 0
254 5 0
255 4 0

0 4 0
1 6 0
2 7 0
3 6 0
4 4 0
5 1 0
6 0 0
7 0 0
8 3 0
9 3 0
10 3 0
11 3 0
12 3 0
13 3 0
14 3 0
15 3 0
16 2 0
17 2 0
18 2 0
19 3 0
20 4 0
21 4 0
22 5 0
23 5 0
24 6 0
25 6 0
26 6 0
27 6 0
28 6 0
29 6 0
30 6 0
31 6 0
32 5 0
33 12 0
34 4 0
35 5 0
36 4 0
37 5 0
38 0 0
39 50 0
40 217 0
41 255 0
42 160 0
43 71 0
44 25 0
45 37 0
46 87 0
47 127 0
48 84 0
49 48 0
50 82 0
51 128 0
52 130 0
53 129 0
54 135 0
55 146 0
56 158 0
57 156 0
58 159 0
59 165 0
60 160 0
61 144 0
62 142 0
63 155 0
64 158 0
65 153 0
66 152 0
67 157 0
68 162 0
69 163 0
70 164 0
71 168 0
72 170 0
73 162 0
74 162 0
75 168 0
76 164 0
77 153 0
78 152 0
79 162 0
80 158 0
81 150 0
82 142 0
83 143 0
84 149 0
85 154 0
86 155 0
87 155 0
88 148 0
89 157 0
90 162 0
91 160 0
92 158 0
93 158 0
94 154 0
95 149 0
96 145 0
97 138 0
98 140 0
99 144 0
100 139 0
101 136 0
102 135 0
103 128 0
104 130 0
105 131 0
106 130 0
107 128 0
108 126 0
109 125 0
110 123 0
111 122 0
112 119 0
113 102 0
114 63 0
115 40 0
116 49 0
117 57 0
118 54 0
119 54 0
120 18 0
121 31 0
122 49 0
123 67 0
124 66 0
125 44 0
126 38 0
127 54 0
128 37 0
129 59 0
130 97 0
131 117 0
132 109 0
133 112 0
134 125 0
135 130 0
136 132 0
137 131 0
138 131 0
139 131 0
140 132 0
141 134 0
142 134 0
143 135 0
144 132 0
145 139 0
146 148 0
147 155 0
148 160 0
149 161 0
150 159 0
151 156 0
152 164 0
153 159 0
154 154 0
155 155 0
156 163 0
157 167 0
158 161 0
159 152 0
160 161 0
161 154 0
162 148 0
163 149 0
164 153 0
165 156 0
166 155 0
167 153 0
168 154 0
169 153 0
170 153 0
171 152 0
172 146 0
173 141 0
174 141 0
175 144 0
176 135 0
177 132 0
178 126 0
179 123 0
180 127 0
181 135 0
182 141 0
183 142 0
184 130 0
185 124 0
186 112 0
187 100 0
188 91 0
189 86 0
190 67 0
191 32 0
192 44 0
193 87 0
194 62 0
195 20 0
196 5 0
197 39 0
198 79 0
199 139 0
200 192 0
201 171 0
202 74 0
203 7 0
204 5 0
205 2 0
206 1 0
207 2 0
208 4 0
209 4 0
210 4 0
211 5 0
212 5 0
213 6 0
214 6 0
215 6 0
216 6 0
217 5 0
218 3 0
219 1 0
220 1 0
221 3 0
222 5 0
223 6 0
224 6 0
225 7 0
226 7 0
227 7 0
228 7 0
229 9 0
230 9 0
231 9 0
232 5 0
233 5 0
234 4 0
235 4 0
236 3 0
237 2 0
238 2 0
239 1 0
240 3 0
241 2 0
242 2 0
243 2 0
244 3 0
245 4 0
246 6 0
247 7 0
248 2 0
249 6 0
250 7 0
251 4 0
252 2 0
253 4 0
254 5 0
255 4 0

0 0 0
1 0 0
2 4 0
3 5 0
4 5 0
5 5 0
6 5 0
7 6 0
8 3 0
9 3 0
10 3 0
11 3 0
12 3 0
13 3 0
14 3 0
15 3 0
16 2 0
17 2 0
18 2 0
19 3 0
20 4 0
21 4 0
22 5 0
23 5 0
24 6 0
25 6 0
26 6 0
27 6 0
28 6 0
29 6 0
30 6 0
31 6 0
32 4 0
33 9 0
34 1 0
35 4 0
36 2 0
37 1 0
38 1 0
39 59 0
40 202 0
41 231 0
42 137 0
43 67 0
44 23 0
45 27 0
46 87 0
47 129 0
48 68 0
49 43 0
50 90 0
51 135 0
52 130 0
53 133 0
54 146 0
55 154 0
56 164 0
57 155 0
58 159 0
59 172 0
60 171 0
61 162 0
62 163 0
63 170 0
64 167 0
65 161 0
66 159 0
67 164 0
68 167 0
69 166 0
70 165 0
71 166 0
72 164 0
73 161 0
74 165 0
75 171 0
76 165 0
77 153 0
78 152 0
79 161 0
80 157 0
81 154 0
82 150 0
83 149 0
84 152 0
85 157 0
86 159 0
87 158 0
88 156 0
89 160 0
90 163 0
91 161 0
92 158 0
93 155 0
94 153 0
95 151 0
96 148 0
97 131 0
98 133 0
99 147 0
100 144 0
101 135 0
102 133 0
103 133 0
104 128 0
105 125 0
106 122 0
107 120 0
108 117 0
109 113 0
110 111 0
111 111 0
112 113 0
113 80 0
114 40 0
115 37 0
116 48 0
117 35 0
118 33 0
119 65 0
120 88 0
121 79 0
122 77 0
123 89 0
124 82 0
125 47 0
126 29 0
127 43 0
128 48 0
129 52 0
130 90 0
131 123 0
132 115 0
133 110 0
134 126 0
135 137 0
136 125 0
137 126 0
138 128 0
139 130 0
140 133 0
141 136 0
142 140 0
143 142 0
144 129 0
145 134 0
146 142 0
147 149 0
148 151 0
149 153 0
150 156 0
151 160 0
152 160 0
153 160 0
154 158 0
155 158 0
156 164 0
157 169 0
158 164 0
159 156 0
160 164 0
161 155 0
162 143 0
163 138 0
164 140 0
165 145 0
166 145 0
167 142 0
168 143 0
169 140 0
170 138 0
171 138 0
172 133 0
173 126 0
174 124 0
175 127 0
176 114 0
177 114 0
178 111 0
179 107 0
180 110 0
181 118 0
182 123 0
183 122 0
184 125 0
185 113 0
186 114 0
187 111 0
188 93 0
189 75 0
190 57 0
191 45 0
192 66 0
193 91 0
194 57 0
195 24 0
196 9 0
197 26 0
198 72 0
199 161 0
200 235 0
201 193 0
202 75 0
203 0 0
204 1 0
205 15 0
206 7 0
207 0 0
208 4 0
209 5 0
210 5 0
211 5 0
212 6 0
213 7 0
214 7 0
215 7 0
216 6 0
217 4 0
218 2 0
219 1 0
220 1 0
221 2 0
222 4 0
223 6 0
224 4 0
225 4 0
226 4 0
227 4 0
228 5 0
229 5 0
230 5 0
231 5 0
232 5 0
233 5 0
234 4 0
235 4 0
236 3 0
237 2 0
238 2 0
239 1 0
240 3 0
241 2 0
242 2 0
243 3 0
244 3 0
245 4 0
246 5 0
247 6 0
248 2 0
249 6 0
250 7 0
251 4 0
252 3 0
253 5 0
254 6 0
255 4 0

0 0 0
1 2 0
2 5 0
3 6 0
4 5 0
5 3 0
6 3 0
7 4 0
8 3 0
9 3 0
10 3 0
11 3 0
12 3 0
13 3 0
14 3 0
15 3 0
16 2 0
17 2 0
18 2 0
19 3 0
20 4 0
21 4 0
22 5 0
23 5 0
24 6 0
25 6 0
26 6 0
27 6 0
28 6 0
29 6 0
30 6 0
31 6 0
32 1 0
33 5 0
34 0 0
35 5 0
36 1 0
37 0 0
38 4 0
39 68 0
40 181 0
41 211 0
42 123 0
43 66 0
44 19 0
45 15 0
46 79 0
47 120 0
48 50 0
49 46 0
50 103 0
51 139 0
52 132 0
53 142 0
54 157 0
55 160 0
56 165 0
57 161 0
58 163 0
59 165 0
60 167 0
61 177 0
62 178 0
63 164 0
64 156 0
65 152 0
66 146 0
67 143 0
68 143 0
69 145 0
70 146 0
71 146 0
72 143 0
73 148 0
74 158 0
75 165 0
76 162 0
77 154 0
78 150 0
79 151 0
80 157 0
81 158 0
82 157 0
83 156 0
84 157 0
85 162 0
86 164 0
87 163 0
88 163 0
89 153 0
90 145 0
91 148 0
92 157 0
93 161 0
94 160 0
95 157 0
96 152 0
97 132 0
98 130 0
99 141 0
100 138 0
101 132 0
102 134 0
103 137 0
104 135 0
105 126 0
106 116 0
107 110 0
108 107 0
109 107 0
110 113 0
111 119 0
112 102 0
113 78 0
114 45 0
115 36 0
116 41 0
117 32 0
118 39 0
119 70 0
120 108 0
121 87 0
122 68 0
123 77 0
124 96 0
125 87 0
126 60 0
127 46 0
128 48 0
129 37 0
130 64 0
131 105 0
132 115 0
133 114 0
134 121 0
135 124 0
136 129 0
137 131 0
138 132 0
139 133 0
140 134 0
141 135 0
142 138 0
143 141 0
144 141 0
145 143 0
146 147 0
147 151 0
148 150 0
149 150 0
150 155 0
151 162 0
152 160 0
153 164 0
154 164 0
155 160 0
156 160 0
157 162 0
158 158 0
159 150 0
160 150 0
161 147 0
162 141 0
163 136 0
164 138 0
165 142 0
166 141 0
167 137 0
168 143 0
169 125 0
170 112 0
171 115 0
172 122 0
173 121 0
174 116 0
175 114 0
176 103 0
177 107 0
178 106 0
179 100 0
180 101 0
181 107 0
182 108 0
183 104 0
184 121 0
185 109 0
186 124 0
187 123 0
188 96 0
189 66 0
190 47 0
191 51 0
192 88 0
193 97 0
194 50 0
195 18 0
196 5 0
197 12 0
198 60 0
199 166 0
200 231 0
201 192 0
202 90 0
203 5 0
204 0 0
205 15 0
206 11 0
207 7 0
208 3 0
209 3 0
210 4 0
211 4 0
212 4 0
213 4 0
214 4 0
215 4 0
216 1 0
217 2 0
218 4 0
219 5 0
220 5 0
221 4 0
222 2 0
223 1 0
224 3 0
225 3 0
226 3 0
227 3 0
228 4 0
229 4 0
230 4 0
231 4 0
232 7 0
233 7 0
234 6 0
235 6 0
236 5 0
237 4 0
238 4 0
239 3 0
240 2 0
241 3 0
242 3 0
243 3 0
244 4 0
245 4 0
246 4 0
247 5 0
248 3 0
249 6 0
250 7 0
251 4 0
252 3 0
253 5 0
254 6 0
255 5 0

0 4 0
1 6 0
2 7 0
3 7 0
4 4 0
5 1 0
6 0 0
7 0 0
8 3 0
9 3 0
10 3 0
11 3 0
12 3 0
13 3 0
14 3 0
15 3 0
16 2 0
17 2 0
18 2 0
19 3 0
20 4 0
21 4 0
22 5 0
23 5 0
24 6 0
25 6 0
26 6 0
27 6 0
28 6 0
29 6 0
30 6 0
31 6 0
32 0 0
33 3 0
34 0 0
35 7 0
36 3 0
37 0 0
38 7 0
39 76 0
40 197 0
41 219 0
42 120 0
43 64 0
44 22 0
45 19 0
46 73 0
47 87 0
48 26 0
49 49 0
50 112 0
51 139 0
52 132 0
53 149 0
54 160 0
55 156 0
56 157 0
57 147 0
58 147 0
59 148 0
60 148 0
61 160 0
62 163 0
63 146 0
64 138 0
65 138 0
66 130 0
67 118 0
68 115 0
69 120 0
70 122 0
71 119 0
72 104 0
73 115 0
74 128 0
75 139 0
76 151 0
77 161 0
78 164 0
79 162 0
80 152 0
81 155 0
82 158 0
83 158 0
84 163 0
85 169 0
86 169 0
87 165 0
88 161 0
89 149 0
90 142 0
91 148 0
92 157 0
93 159 0
94 158 0
95 158 0
96 143 0
97 137 0
98 138 0
99 136 0
100 129 0
101 132 0
102 136 0
103 132 0
104 120 0
105 119 0
106 123 0
107 129 0
108 128 0
109 120 0
110 114 0
111 114 0
112 78 0
113 72 0
114 54 0
115 40 0
116 37 0
117 34 0
118 38 0
119 49 0
120 81 0
121 100 0
122 108 0
123 101 0
124 84 0
125 55 0
126 29 0
127 22 0
128 35 0
129 29 0
130 45 0
131 77 0
132 101 0
133 117 0
134 125 0
135 124 0
136 137 0
137 138 0
138 138 0
139 137 0
140 135 0
141 134 0
142 136 0
143 138 0
144 151 0
145 148 0
146 149 0
147 153 0
148 154 0
149 154 0
150 156 0
151 161 0
152 158 0
153 163 0
154 162 0
155 155 0
156 154 0
157 157 0
158 154 0
159 146 0
160 139 0
161 143 0
162 144 0
163 140 0
164 140 0
165 143 0
166 143 0
167 140 0
168 133 0
169 111 0
170 95 0
171 97 0
172 103 0
173 102 0
174 97 0
175 94 0
176 89 0
177 92 0
178 87 0
179 79 0
180 81 0
181 93 0
182 102 0
183 102 0
184 110 0
185 102 0
186 121 0
187 112 0
188 81 0
189 58 0
190 43 0
191 55 0
192 106 0
193 111 0
194 50 0
195 11 0
196 10 0
197 29 0
198 72 0
199 169 0
200 217 0
201 191 0
202 120 0
203 35 0
204 1 0
205 6 0
206 8 0
207 12 0
208 3 0
209 3 0
210 3 0
211 3 0
212 3 0
213 2 0
214 2 0
215 2 0
216 0 0
217 2 0
218 4 0
219 5 0
220 5 0
221 4 0
222 2 0
223 0 0
224 4 0
225 4 0
226 4 0
227 5 0
228 5 0
229 5 0
230 6 0
231 6 0
232 7 0
233 7 0
234 6 0
235 6 0
236 5 0
237 4 0
238 4 0
239 3 0
240 2 0
241 3 0
242 3 0
243 4 0
244 4 0
245 4 0
246 4 0
247 4 0
248 3 0
249 7 0
250 8 0
251 5 0
252 3 0
253 5 0
254 6 0
255 5 0

0 0 0
1 1 0
2 4 0
3 5 0
4 5 0
5 4 0
6 4 0
7 5 0
8 3 0
9 3 0
10 3 0
11 3 0
12 3 0
13 3 0
14 3 0
15 3 0
16 2 0
17 2 0
18 2 0
19 3 0
20 4 0
21 4 0
22 5 0
23 5 0
24 6 0
25 6 0
26 6 0
27 6 0
28 6 0
29 6 0
30 6 0
31 6 0
32 0 0
33 3 0
34 0 0
35 9 0
36 4 0
37 1 0
38 9 0
39 81 0
40 230 0
41 238 0
42 118 0
43 59 0
44 28 0
45 31 0
46 66 0
47 48 0
48 6 0
49 46 0
50 115 0
51 135 0
52 131 0
53 151 0
54 156 0
55 147 0
56 145 0
57 117 0
58 116 0
59 129 0
60 126 0
61 126 0
62 131 0
63 127 0
64 116 0
65 121 0
66 116 0
67 104 0
68 101 0
69 109 0
70 111 0
71 105 0
72 110 0
73 115 0
74 116 0
75 118 0
76 131 0
77 149 0
78 153 0
79 147 0
80 141 0
81 145 0
82 149 0
83 154 0
84 162 0
85 169 0
86 167 0
87 159 0
88 162 0
89 158 0
90 159 0
91 162 0
92 157 0
93 147 0
94 143 0
95 147 0
96 129 0
97 141 0
98 148 0
99 136 0
100 125 0
101 134 0
102 137 0
103 123 0
104 121 0
105 116 0
106 114 0
107 117 0
108 118 0
109 117 0
110 119 0
111 125 0
112 110 0
113 111 0
114 108 0
115 100 0
116 92 0
117 83 0
118 77 0
119 77 0
120 88 0
121 100 0
122 103 0
123 96 0
124 83 0
125 69 0
126 77 0
127 99 0
128 90 0
129 91 0
130 92 0
131 94 0
132 105 0
133 122 0
134 130 0
135 129 0
136 134 0
137 136 0
138 138 0
139 138 0
140 138 0
141 139 0
142 142 0
143 145 0
144 143 0
145 137 0
146 138 0
147 147 0
148 156 0
149 158 0
150 160 0
151 162 0
152 152 0
153 157 0
154 156 0
155 149 0
156 150 0
157 157 0
158 156 0
159 149 0
160 139 0
161 146 0
162 148 0
163 143 0
164 140 0
165 142 0
166 144 0
167 143 0
168 116 0
169 101 0
170 89 0
171 84 0
172 77 0
173 65 0
174 59 0
175 62 0
176 67 0
177 65 0
178 55 0
179 44 0
180 50 0
181 73 0
182 95 0
183 103 0
184 97 0
185 91 0
186 108 0
187 89 0
188 59 0
189 51 0
190 45 0
191 60 0
192 92 0
193 113 0
194 53 0
195 2 0
196 1 0
197 33 0
198 81 0
199 173 0
200 248 0
201 210 0
202 136 0
203 47 0
204 2 0
205 5 0
206 6 0
207 7 0
208 5 0
209 5 0
210 4 0
211 4 0
212 3 0
213 3 0
214 2 0
215 2 0
216 5 0
217 4 0
218 2 0
219 0 0
220 0 0
221 2 0
222 4 0
223 5 0
224 6 0
225 6 0
226 6 0
227 7 0
228 7 0
229 7 0
230 8 0
231 8 0
232 5 0
233 5 0
234 4 0
235 4 0
236 3 0
237 2 0
238 2 0
239 1 0
240 2 0
241 3 0
242 3 0
243 4 0
244 4 0
245 4 0
246 4 0
247 3 0
248 3 0
249 7 0
250 8 0
251 5 0
252 3 0
253 5 0
254 6 0
255 5 0

0 0 0
1 1 0
2 3 0
3 4 0
4 4 0
5 4 0
6 3 0
7 2 0
8 4 0
9 4 0
10 4 0
11 4 0
12 4 0
13 4 0
14 4 0
15 4 0
16 2 0
17 3 0
18 5 0
19 7 0
20 8 0
21 7 0
22 5 0
23 4 0
24 5 0
25 4 0
26 4 0
27 4 0
28 3 0
29 3 0
30 2 0
31 2 0
32 12 0
33 7 0
34 7 0
35 0 0
36 17 0
37 3 0
38 0 0
39 89 0
40 191 0
41 208 0
42 130 0
43 71 0
44 17 0
45 16 0
46 55 0
47 59 0
48 21 0
49 49 0
50 100 0
51 132 0
52 139 0
53 153 0
54 161 0
55 146 0
56 121 0
57 116 0
58 109 0
59 117 0
60 133 0
61 132 0
62 125 0
63 127 0
64 112 0
65 114 0
66 109 0
67 108 0
68 113 0
69 105 0
70 89 0
71 84 0
72 83 0
73 85 0
74 94 0
75 100 0
76 108 0
77 131 0
78 153 0
79 158 0
80 134 0
81 146 0
82 146 0
83 151 0
84 171 0
85 173 0
86 160 0
87 158 0
88 158 0
89 151 0
90 148 0
91 146 0
92 144 0
93 150 0
94 150 0
95 142 0
96 149 0
97 151 0
98 151 0
99 146 0
100 135 0
101 126 0
102 123 0
103 124 0
104 128 0
105 135 0
106 142 0
107 143 0
108 157 0
109 157 0
110 142 0
111 158 0
112 129 0
113 121 0
114 117 0
115 132 0
116 130 0
117 118 0
118 121 0
119 111 0
120 105 0
121 113 0
122 121 0
123 114 0
124 102 0
125 109 0
126 124 0
127 127 0
128 132 0
129 130 0
130 117 0
131 106 0
132 106 0
133 106 0
134 113 0
135 126 0
136 129 0
137 135 0
138 126 0
139 112 0
140 115 0
141 124 0
142 124 0
143 121 0
144 145 0
145 135 0
146 131 0
147 141 0
148 152 0
149 155 0
150 152 0
151 150 0
152 139 0
153 133 0
154 118 0
155 106 0
156 112 0
157 134 0
158 152 0
159 158 0
160 150 0
161 163 0
162 143 0
163 120 0
164 132 0
165 143 0
166 138 0
167 140 0
168 136 0
169 116 0
170 106 0
171 105 0
172 101 0
173 101 0
174 103 0
175 100 0
176 92 0
177 93 0
178 89 0
179 76 0
180 61 0
181 52 0
182 52 0
183 56 0
184 71 0
185 54 0
186 52 0
187 53 0
188 48 0
189 59 0
190 70 0
191 61 0
192 79 0
193 74 0
194 40 0
195 0 0
196 1 0
197 58 0
198 90 0
199 179 0
200 255 0
201 206 0
202 116 0
203 44 0
204 15 0
205 7 0
206 2 0
207 3 0
208 3 0
209 3 0
210 4 0
211 4 0
212 5 0
213 5 0
214 5 0
215 6 0
216 7 0
217 6 0
218 6 0
219 5 0
220 4 0
221 3 0
222 2 0
223 2 0
224 3 0
225 3 0
226 3 0
227 3 0
228 3 0
229 3 0
230 3 0
231 3 0
232 1 0
233 2 0
234 3 0
235 4 0
236 4 0
237 3 0
238 2 0
239 1 0
240 6 0
241 5 0
242 4 0
243 3 0
244 3 0
245 4 0
246 5 0
247 6 0
248 2 0
249 5 0
250 5 0
251 3 0
252 3 0
253 4 0
254 4 0
255 0 0

0 0 0
1 1 0
2 3 0
3 4 0
4 4 0
5 4 0
6 3 0
7 2 0
8 4 0
9 4 0
10 4 0
11 4 0
12 4 0
13 4 0
14 4 0
15 4 0
16 3 0
17 4 0
18 6 0
19 7 0
20 7 0
21 6 0
22 5 0
23 4 0
24 4 0
25 4 0
26 4 0
27 4 0
28 3 0
29 3 0
30 3 0
31 2 0
32 17 0
33 5 0
34 11 0
35 4 0
36 11 0
37 8 0
38 12 0
39 87 0
40 175 0
41 189 0
42 132 0
43 85 0
44 25 0
45 12 0
46 42 0
47 55 0
48 43 0
49 63 0
50 101 0
51 121 0
52 122 0
53 130 0
54 133 0
55 117 0
56 133 0
57 106 0
58 75 0
59 73 0
60 98 0
61 114 0
62 118 0
63 123 0
64 122 0
65 130 0
66 124 0
67 109 0
68 92 0
69 70 0
70 56 0
71 57 0
72 58 0
73 65 0
74 84 0
75 101 0
76 114 0
77 135 0
78 150 0
79 149 0
80 150 0
81 153 0
82 151 0
83 153 0
84 162 0
85 160 0
86 152 0
87 148 0
88 145 0
89 138 0
90 143 0
91 160 0
92 164 0
93 150 0
94 146 0
95 156 0
96 141 0
97 138 0
98 135 0
99 133 0
100 132 0
101 131 0
102 133 0
103 135 0
104 156 0
105 150 0
106 138 0
107 120 0
108 124 0
109 120 0
110 106 0
111 123 0
112 143 0
113 136 0
114 120 0
115 118 0
116 116 0
117 118 0
118 130 0
119 121 0
120 128 0
121 120 0
122 120 0
123 122 0
124 117 0
125 117 0
126 118 0
127 111 0
128 123 0
129 137 0
130 132 0
131 106 0
132 86 0
133 79 0
134 83 0
135 91 0
136 79 0
137 61 0
138 57 0
139 68 0
140 72 0
141 76 0
142 100 0
143 128 0
144 143 0
145 147 0
146 153 0
147 155 0
148 147 0
149 132 0
150 123 0
151 122 0
152 107 0
153 85 0
154 71 0
155 81 0
156 106 0
157 128 0
158 147 0
159 159 0
160 152 0
161 149 0
162 143 0
163 131 0
164 123 0
165 132 0
166 145 0
167 149 0
168 152 0
169 135 0
170 128 0
171 125 0
172 116 0
173 111 0
174 111 0
175 106 0
176 107 0
177 109 0
178 106 0
179 93 0
180 76 0
181 61 0
182 56 0
183 55 0
184 74 0
185 79 0
186 93 0
187 86 0
188 55 0
189 43 0
190 52 0
191 56 0
192 47 0
193 56 0
194 38 0
195 9 0
196 25 0
197 73 0
198 92 0
199 172 0
200 255 0
201 234 0
202 153 0
203 52 0
204 2 0
205 4 0
206 13 0
207 10 0
208 4 0
209 4 0
210 4 0
211 5 0
212 5 0
213 6 0
214 6 0
215 6 0
216 0 0
217 0 0
218 1 0
219 3 0
220 6 0
221 8 0
222 9 0
223 10 0
224 4 0
225 4 0
226 4 0
227 4 0
228 4 0
229 4 0
230 4 0
231 4 0
232 3 0
233 3 0
234 2 0
235 2 0
236 2 0
237 2 0
238 3 0
239 3 0
240 7 0
241 7 0
242 6 0
243 5 0
244 5 0
245 6 0
246 7 0
247 7 0
248 2 0
249 5 0
250 5 0
251 3 0
252 2 0
253 4 0
254 3 0
255 0 0

0 0 0
1 1 0
2 3 0
3 4 0
4 4 0
5 4 0
6 3 0
7 2 0
8 5 0
9 5 0
10 5 0
11 5 0
12 5 0
13 5 0
14 5 0
15 5 0
16 4 0
17 5 0
18 6 0
19 7 0
20 6 0
21 5 0
22 4 0
23 3 0
24 4 0
25 4 0
26 4 0
27 4 0
28 3 0
29 3 0
30 3 0
31 3 0
32 17 0
33 1 0
34 11 0
35 6 0
36 3 0
37 5 0
38 19 0
39 80 0
40 199 0
41 185 0
42 127 0
43 87 0
44 28 0
45 5 0
46 19 0
47 39 0
48 28 0
49 51 0
50 90 0
51 119 0
52 131 0
53 139 0
54 134 0
55 116 0
56 90 0
57 74 0
58 48 0
59 40 0
60 53 0
61 64 0
62 72 0
63 83 0
64 91 0
65 86 0
66 71 0
67 64 0
68 73 0
69 80 0
70 85 0
71 95 0
72 96 0
73 96 0
74 105 0
75 114 0
76 123 0
77 140 0
78 153 0
79 152 0
80 147 0
81 139 0
82 143 0
83 156 0
84 163 0
85 165 0
86 158 0
87 146 0
88 152 0
89 135 0
90 121 0
91 143 0
92 172 0
93 164 0
94 144 0
95 146 0
96 135 0
97 135 0
98 136 0
99 139 0
100 141 0
101 138 0
102 130 0
103 122 0
104 95 0
105 96 0
106 90 0
107 70 0
108 66 0
109 60 0
110 53 0
111 79 0
112 122 0
113 134 0
114 130 0
115 130 0
116 129 0
117 125 0
118 122 0
119 102 0
120 115 0
121 106 0
122 113 0
123 125 0
124 119 0
125 112 0
126 115 0
127 120 0
128 130 0
129 146 0
130 137 0
131 95 0
132 57 0
133 45 0
134 44 0
135 42 0
136 35 0
137 23 0
138 52 0
139 94 0
140 93 0
141 69 0
142 60 0
143 59 0
144 89 0
145 106 0
146 125 0
147 130 0
148 121 0
149 118 0
150 131 0
151 148 0
152 142 0
153 116 0
154 99 0
155 95 0
156 86 0
157 82 0
158 113 0
159 156 0
160 160 0
161 140 0
162 141 0
163 140 0
164 122 0
165 131 0
166 154 0
167 153 0
168 162 0
169 147 0
170 136 0
171 127 0
172 113 0
173 111 0
174 116 0
175 116 0
176 114 0
177 116 0
178 117 0
179 112 0
180 104 0
181 98 0
182 96 0
183 97 0
184 99 0
185 103 0
186 115 0
187 110 0
188 81 0
189 60 0
190 59 0
191 59 0
192 32 0
193 33 0
194 7 0
195 0 0
196 25 0
197 78 0
198 110 0
199 203 0
200 246 0
201 255 0
202 222 0
203 107 0
204 16 0
205 0 0
206 8 0
207 8 0
208 4 0
209 4 0
210 5 0
211 5 0
212 5 0
213 5 0
214 6 0
215 6 0
216 10 0
217 9 0
218 8 0
219 6 0
220 3 0
221 1 0
222 0 0
223 0 0
224 4 0
225 4 0
226 4 0
227 4 0
228 4 0
229 4 0
230 4 0
231 4 0
232 5 0
233 3 0
234 2 0
235 1 0
236 1 0
237 2 0
238 3 0
239 5 0
240 4 0
241 4 0
242 3 0
243 2 0
244 2 0
245 3 0
246 4 0
247 4 0
248 2 0
249 4 0
250 5 0
251 3 0
252 2 0
253 4 0
254 3 0
255 0 0

0 0 0
1 1 0
2 3 0
3 4 0
4 4 0
5 4 0
6 3 0
7 2 0
8 5 0
9 5 0
10 5 0
11 5 0
12 5 0
13 5 0
14 5 0
15 5 0
16 5 0
17 5 0
18 6 0
19 6 0
20 5 0
21 4 0
22 3 0
23 2 0
24 4 0
25 4 0
26 4 0
27 4 0
28 3 0
29 3 0
30 3 0
31 3 0
32 9 0
33 1 0
34 5 0
35 3 0
36 2 0
37 0 0
38 7 0
39 69 0
40 180 0
41 162 0
42 111 0
43 82 0
44 29 0
45 4 0
46 20 0
47 55 0
48 45 0
49 58 0
50 82 0
51 103 0
52 117 0
53 119 0
54 106 0
55 87 0
56 70 0
57 78 0
58 73 0
59 56 0
60 43 0
61 38 0
62 51 0
63 74 0
64 68 0
65 72 0
66 74 0
67 87 0
68 110 0
69 117 0
70 110 0
71 108 0
72 108 0
73 106 0
74 113 0
75 120 0
76 126 0
77 142 0
78 160 0
79 163 0
80 161 0
81 147 0
82 151 0
83 160 0
84 153 0
85 143 0
86 127 0
87 103 0
88 79 0
89 102 0
90 102 0
91 101 0
92 119 0
93 123 0
94 125 0
95 144 0
96 152 0
97 146 0
98 135 0
99 119 0
100 101 0
101 80 0
102 55 0
103 38 0
104 48 0
105 70 0
106 87 0
107 76 0
108 66 0
109 52 0
110 45 0
111 75 0
112 117 0
113 130 0
114 122 0
115 122 0
116 124 0
117 118 0
118 117 0
119 107 0
120 85 0
121 68 0
122 79 0
123 107 0
124 115 0
125 113 0
126 125 0
127 140 0
128 136 0
129 138 0
130 125 0
131 87 0
132 53 0
133 48 0
134 54 0
135 52 0
136 42 0
137 47 0
138 82 0
139 101 0
140 76 0
141 55 0
142 40 0
143 15 0
144 28 0
145 41 0
146 53 0
147 54 0
148 53 0
149 68 0
150 102 0
151 133 0
152 140 0
153 128 0
154 122 0
155 110 0
156 76 0
157 51 0
158 78 0
159 128 0
160 155 0
161 142 0
162 140 0
163 139 0
164 134 0
165 143 0
166 154 0
167 149 0
168 154 0
169 146 0
170 143 0
171 136 0
172 121 0
173 117 0
174 122 0
175 121 0
176 118 0
177 116 0
178 112 0
179 106 0
180 102 0
181 101 0
182 103 0
183 105 0
184 115 0
185 107 0
186 104 0
187 100 0
188 83 0
189 64 0
190 56 0
191 55 0
192 19 0
193 16 0
194 7 0
195 33 0
196 73 0
197 101 0
198 118 0
199 203 0
200 255 0
201 255 0
202 226 0
203 142 0
204 50 0
205 6 0
206 6 0
207 13 0
208 4 0
209 4 0
210 4 0
211 4 0
212 4 0
213 4 0
214 4 0
215 4 0
216 2 0
217 2 0
218 3 0
219 4 0
220 5 0
221 6 0
222 6 0
223 7 0
224 5 0
225 5 0
226 5 0
227 5 0
228 5 0
229 5 0
230 5 0
231 5 0
232 4 0
233 3 0
234 2 0
235 1 0
236 1 0
237 2 0
238 3 0
239 4 0
240 1 0
241 1 0
242 1 0
243 1 0
244 1 0
245 1 0
246 1 0
247 1 0
248 3 0
249 6 0
250 6 0
251 4 0
252 3 0
253 5 0
254 4 0
255 1 0

0 0 0
1 1 0
2 3 0
3 4 0
4 4 0
5 4 0
6 3 0
7 2 0
8 5 0
9 5 0
10 5 0
11 5 0
12 5 0
13 5 0
14 5 0
15 5 0
16 5 0
17 5 0
18 5 0
19 5 0
20 4 0
21 4 0
22 3 0
23 2 0
24 3 0
25 3 0
26 3 0
27 3 0
28 4 0
29 4 0
30 4 0
31 4 0
32 1 0
33 5 0
34 1 0
35 1 0
36 8 0
37 0 0
38 0 0
39 59 0
40 167 0
41 170 0
42 119 0
43 89 0
44 35 0
45 0 0
46 8 0
47 47 0
48 66 0
49 65 0
50 62 0
51 65 0
52 74 0
53 76 0
54 67 0
55 58 0
56 81 0
57 85 0
58 73 0
59 54 0
60 48 0
61 55 0
62 76 0
63 102 0
64 89 0
65 103 0
66 113 0
67 118 0
68 122 0
69 114 0
70 104 0
71 105 0
72 113 0
73 115 0
74 128 0
75 137 0
76 136 0
77 142 0
78 152 0
79 154 0
80 158 0
81 154 0
82 160 0
83 151 0
84 123 0
85 106 0
86 99 0
87 83 0
88 97 0
89 126 0
90 131 0
91 126 0
92 130 0
93 116 0
94 102 0
95 114 0
96 116 0
97 110 0
98 97 0
99 80 0
100 68 0
101 62 0
102 55 0
103 47 0
104 52 0
105 73 0
106 91 0
107 85 0
108 79 0
109 64 0
110 50 0
111 72 0
112 117 0
113 127 0
114 118 0
115 126 0
116 130 0
117 115 0
118 113 0
119 117 0
120 90 0
121 49 0
122 45 0
123 87 0
124 119 0
125 127 0
126 133 0
127 140 0
128 139 0
129 132 0
130 122 0
131 92 0
132 51 0
133 39 0
134 53 0
135 61 0
136 37 0
137 46 0
138 69 0
139 61 0
140 28 0
141 28 0
142 45 0
143 38 0
144 40 0
145 48 0
146 53 0
147 54 0
148 57 0
149 72 0
150 98 0
151 117 0
152 113 0
153 107 0
154 111 0
155 116 0
156 101 0
157 71 0
158 60 0
159 67 0
160 118 0
161 141 0
162 144 0
163 135 0
164 144 0
165 150 0
166 149 0
167 151 0
168 145 0
169 149 0
170 160 0
171 160 0
172 145 0
173 136 0
174 132 0
175 124 0
176 125 0
177 122 0
178 119 0
179 117 0
180 118 0
181 119 0
182 120 0
183 120 0
184 129 0
185 119 0
186 108 0
187 101 0
188 83 0
189 58 0
190 48 0
191 56 0
192 21 0
193 8 0
194 13 0
195 70 0
196 103 0
197 102 0
198 107 0
199 179 0
200 248 0
201 185 0
202 145 0
203 129 0
204 81 0
205 22 0
206 2 0
207 10 0
208 3 0
209 3 0
210 3 0
211 3 0
212 3 0
213 3 0
214 3 0
215 3 0
216 2 0
217 2 0
218 3 0
219 4 0
220 5 0
221 6 0
222 6 0
223 7 0
224 5 0
225 5 0
226 5 0
227 5 0
228 5 0
229 5 0
230 5 0
231 5 0
232 1 0
233 2 0
234 3 0
235 4 0
236 4 0
237 3 0
238 2 0
239 1 0
240 4 0
241 4 0
242 4 0
243 4 0
244 4 0
245 4 0
246 4 0
247 4 0
248 4 0
249 7 0
250 7 0
251 5 0
252 4 0
253 6 0
254 5 0
255 2 0

0 0 0
1 1 0
2 3 0
3 4 0
4 4 0
5 4 0
6 3 0
7 2 0
8 6 0
9 6 0
10 6 0
11 6 0
12 6 0
13 6 0
14 6 0
15 6 0
16 4 0
17 4 0
18 4 0
19 4 0
20 4 0
21 4 0
22 3 0
23 3 0
24 3 0
25 3 0
26 3 0
27 3 0
28 4 0
29 4 0
30 4 0
31 4 0
32 0 0
33 7 0
34 2 0
35 2 0
36 13 0
37 12 0
38 20 0
39 52 0
40 214 0
41 229 0
42 138 0
43 95 0
44 56 0
45 8 0
46 0 0
47 6 0
48 45 0
49 54 0
50 57 0
51 62 0
52 73 0
53 74 0
54 69 0
55 72 0
56 69 0
57 55 0
58 33 0
59 31 0
60 61 0
61 91 0
62 108 0
63 119 0
64 116 0
65 118 0
66 112 0
67 111 0
68 119 0
69 120 0
70 117 0
71 120 0
72 144 0
73 140 0
74 147 0
75 151 0
76 144 0
77 144 0
78 151 0
79 152 0
80 140 0
81 153 0
82 155 0
83 128 0
84 95 0
85 92 0
86 107 0
87 115 0
88 130 0
89 127 0
90 124 0
91 135 0
92 133 0
93 89 0
94 43 0
95 33 0
96 41 0
97 46 0
98 47 0
99 46 0
100 50 0
101 56 0
102 54 0
103 48 0
104 45 0
105 48 0
106 53 0
107 55 0
108 73 0
109 77 0
110 64 0
111 80 0
112 120 0
113 133 0
114 125 0
115 135 0
116 142 0
117 119 0
118 113 0
119 123 0
120 108 0
121 65 0
122 58 0
123 93 0
124 117 0
125 121 0
126 128 0
127 138 0
128 134 0
129 136 0
130 142 0
131 114 0
132 56 0
133 35 0
134 56 0
135 73 0
136 47 0
137 31 0
138 36 0
139 46 0
140 46 0
141 57 0
142 75 0
143 79 0
144 89 0
145 99 0
146 109 0
147 114 0
148 117 0
149 120 0
150 120 0
151 118 0
152 116 0
153 109 0
154 112 0
155 121 0
156 114 0
157 86 0
158 56 0
159 40 0
160 70 0
161 123 0
162 144 0
163 138 0
164 146 0
165 147 0
166 144 0
167 157 0
168 152 0
169 154 0
170 161 0
171 157 0
172 143 0
173 140 0
174 142 0
175 137 0
176 144 0
177 144 0
178 146 0
179 152 0
180 157 0
181 158 0
182 153 0
183 147 0
184 138 0
185 124 0
186 108 0
187 106 0
188 100 0
189 71 0
190 51 0
191 56 0
192 44 0
193 17 0
194 19 0
195 77 0
196 91 0
197 90 0
198 114 0
199 180 0
200 193 0
201 137 0
202 144 0
203 186 0
204 143 0
205 46 0
206 0 0
207 0 0
208 4 0
209 3 0
210 3 0
211 3 0
212 3 0
213 3 0
214 2 0
215 2 0
216 10 0
217 9 0
218 8 0
219 6 0
220 3 0
221 1 0
222 0 0
223 0 0
224 6 0
225 6 0
226 6 0
227 6 0
228 6 0
229 6 0
230 6 0
231 6 0
232 1 0
233 2 0
234 3 0
235 5 0
236 5 0
237 3 0
238 2 0
239 1 0
240 2 0
241 3 0
242 3 0
243 4 0
244 4 0
245 3 0
246 3 0
247 2 0
248 4 0
249 7 0
250 7 0
251 5 0
252 4 0
253 6 0
254 5 0
255 2 0

0 0 0
1 1 0
2 3 0
3 4 0
4 4 0
5 4 0
6 3 0
7 2 0
8 6 0
9 6 0
10 6 0
11 6 0
12 6 0
13 6 0
14 6 0
15 6 0
16 3 0
17 3 0
18 3 0
19 3 0
20 3 0
21 4 0
22 4 0
23 5 0
24 2 0
25 3 0
26 3 0
27 3 0
28 4 0
29 4 0
30 4 0
31 4 0
32 2 0
33 2 0
34 5 0
35 5 0
36 10 0
37 46 0
38 70 0
39 46 0
40 201 0
41 255 0
42 155 0
43 116 0
44 100 0
45 46 0
46 22 0
47 2 0
48 37 0
49 67 0
50 89 0
51 99 0
52 103 0
53 91 0
54 84 0
55 96 0
56 80 0
57 71 0
58 55 0
59 60 0
60 93 0
61 120 0
62 126 0
63 126 0
64 128 0
65 126 0
66 120 0
67 129 0
68 148 0
69 149 0
70 135 0
71 127 0
72 155 0
73 144 0
74 146 0
75 153 0
76 153 0
77 156 0
78 161 0
79 160 0
80 156 0
81 165 0
82 143 0
83 100 0
84 81 0
85 91 0
86 107 0
87 115 0
88 102 0
89 108 0
90 120 0
91 124 0
92 100 0
93 65 0
94 57 0
95 72 0
96 91 0
97 96 0
98 97 0
99 92 0
100 87 0
101 76 0
102 52 0
103 28 0
104 44 0
105 42 0
106 43 0
107 47 0
108 74 0
109 87 0
110 79 0
111 96 0
112 139 0
113 151 0
114 127 0
115 119 0
116 124 0
117 113 0
118 118 0
119 134 0
120 110 0
121 81 0
122 81 0
123 107 0
124 113 0
125 107 0
126 118 0
127 136 0
128 124 0
129 136 0
130 153 0
131 127 0
132 70 0
133 58 0
134 86 0
135 99 0
136 79 0
137 54 0
138 46 0
139 68 0
140 92 0
141 103 0
142 108 0
143 113 0
144 106 0
145 113 0
146 119 0
147 117 0
148 114 0
149 109 0
150 102 0
151 94 0
152 104 0
153 99 0
154 105 0
155 114 0
156 105 0
157 80 0
158 64 0
159 63 0
160 51 0
161 94 0
162 133 0
163 147 0
164 148 0
165 147 0
166 148 0
167 151 0
168 157 0
169 155 0
170 156 0
171 148 0
172 137 0
173 141 0
174 150 0
175 148 0
176 152 0
177 149 0
178 147 0
179 149 0
180 150 0
181 144 0
182 132 0
183 121 0
184 121 0
185 111 0
186 98 0
187 100 0
188 96 0
189 64 0
190 41 0
191 52 0
192 53 0
193 41 0
194 63 0
195 117 0
196 104 0
197 100 0
198 127 0
199 167 0
200 135 0
201 142 0
202 210 0
203 255 0
204 175 0
205 54 0
206 2 0
207 4 0
208 6 0
209 5 0
210 5 0
211 5 0
212 4 0
213 4 0
214 4 0
215 4 0
216 0 0
217 0 0
218 1 0
219 3 0
220 6 0
221 8 0
222 9 0
223 10 0
224 7 0
225 7 0
226 7 0
227 7 0
228 7 0
229 7 0
230 7 0
231 7 0
232 2 0
233 2 0
234 3 0
235 3 0
236 3 0
237 3 0
238 2 0
239 2 0
240 0 0
241 1 0
242 2 0
243 3 0
244 3 0
245 2 0
246 1 0
247 0 0
248 2 0
249 5 0
250 5 0
251 3 0
252 3 0
253 4 0
254 3 0
255 0 0

0 0 0
1 1 0
2 3 0
3 4 0
4 4 0
5 4 0
6 3 0
7 2 0
8 6 0
9 6 0
10 6 0
11 6 0
12 6 0
13 6 0
14 6 0
15 6 0
16 3 0
17 3 0
18 2 0
19 3 0
20 3 0
21 4 0
22 5 0
23 5 0
24 2 0
25 2 0
26 3 0
27 3 0
28 4 0
29 4 0
30 4 0
31 5 0
32 5 0
33 0 0
34 7 0
35 6 0
36 3 0
37 73 0
38 112 0
39 42 0
40 134 0
41 255 0
42 189 0
43 160 0
44 134 0
45 58 0
46 29 0
47 4 0
48 38 0
49 79 0
50 109 0
51 118 0
52 116 0
53 101 0
54 103 0
55 127 0
56 121 0
57 127 0
58 118 0
59 106 0
60 109 0
61 115 0
62 120 0
63 127 0
64 123 0
65 125 0
66 121 0
67 122 0
68 135 0
69 144 0
70 150 0
71 161 0
72 178 0
73 166 0
74 169 0
75 180 0
76 178 0
77 169 0
78 157 0
79 142 0
80 165 0
81 162 0
82 118 0
83 73 0
84 79 0
85 104 0
86 107 0
87 101 0
88 115 0
89 115 0
90 113 0
91 97 0
92 79 0
93 87 0
94 113 0
95 130 0
96 119 0
97 123 0
98 123 0
99 124 0
100 128 0
101 125 0
102 102 0
103 77 0
104 45 0
105 49 0
106 51 0
107 46 0
108 56 0
109 54 0
110 42 0
111 60 0
112 124 0
113 153 0
114 138 0
115 126 0
116 130 0
117 116 0
118 108 0
119 110 0
120 107 0
121 76 0
122 75 0
123 105 0
124 117 0
125 112 0
126 116 0
127 124 0
128 130 0
129 138 0
130 145 0
131 109 0
132 51 0
133 46 0
134 68 0
135 63 0
136 55 0
137 73 0
138 96 0
139 118 0
140 128 0
141 117 0
142 105 0
143 106 0
144 101 0
145 105 0
146 104 0
147 97 0
148 97 0
149 106 0
150 116 0
151 120 0
152 104 0
153 96 0
154 105 0
155 121 0
156 113 0
157 83 0
158 66 0
159 71 0
160 58 0
161 72 0
162 119 0
163 154 0
164 154 0
165 154 0
166 154 0
167 139 0
168 148 0
169 154 0
170 164 0
171 164 0
172 156 0
173 156 0
174 157 0
175 148 0
176 125 0
177 120 0
178 116 0
179 119 0
180 124 0
181 123 0
182 116 0
183 107 0
184 108 0
185 118 0
186 118 0
187 110 0
188 84 0
189 40 0
190 32 0
191 67 0
192 58 0
193 60 0
194 90 0
195 130 0
196 93 0
197 88 0
198 118 0
199 137 0
200 97 0
201 134 0
202 209 0
203 223 0
204 123 0
205 19 0
206 0 0
207 0 0
208 7 0
209 7 0
210 7 0
211 6 0
212 6 0
213 6 0
214 5 0
215 5 0
216 7 0
217 6 0
218 6 0
219 5 0
220 4 0
221 3 0
222 2 0
223 2 0
224 7 0
225 7 0
226 7 0
227 7 0
228 7 0
229 7 0
230 7 0
231 7 0
232 4 0
233 3 0
234 2 0
235 1 0
236 1 0
237 2 0
238 3 0
239 4 0
240 3 0
241 4 0
242 5 0
243 6 0
244 6 0
245 5 0
246 4 0
247 3 0
248 0 0
249 3 0
250 4 0
251 1 0
252 1 0
253 3 0
254 2 0
255 0 0

0 2 0
1 4 0
2 5 0
3 6 0
4 5 0
5 4 0
6 5 0
7 6 0
8 4 0
9 4 0
10 4 0
11 4 0
12 4 0
13 4 0
14 4 0
15 4 0
16 3 0
17 2 0
18 2 0
19 2 0
20 2 0
21 1 0
22 1 0
23 1 0
24 0 0
25 0 0
26 1 0
27 2 0
28 3 0
29 4 0
30 5 0
31 6 0
32 7 0
33 4 0
34 6 0
35 0 0
36 50 0
37 178 0
38 238 0
39 209 0
40 187 0
41 240 0
42 244 0
43 170 0
44 113 0
45 93 0
46 55 0
47 20 0
48 3 0
49 77 0
50 121 0
51 114 0
52 126 0
53 112 0
54 115 0
55 113 0
56 102 0
57 104 0
58 102 0
59 109 0
60 123 0
61 126 0
62 124 0
63 128 0
64 139 0
65 136 0
66 136 0
67 141 0
68 149 0
69 156 0
70 162 0
71 166 0
72 164 0
73 165 0
74 165 0
75 166 0
76 168 0
77 168 0
78 161 0
79 153 0
80 175 0
81 148 0
82 93 0
83 71 0
84 96 0
85 109 0
86 104 0
87 113 0
88 97 0
89 99 0
90 98 0
91 104 0
92 116 0
93 116 0
94 112 0
95 117 0
96 114 0
97 119 0
98 118 0
99 117 0
100 123 0
101 130 0
102 123 0
103 109 0
104 73 0
105 52 0
106 39 0
107 36 0
108 30 0
109 34 0
110 46 0
111 52 0
112 116 0
113 136 0
114 128 0
115 127 0
116 128 0
117 111 0
118 108 0
119 115 0
120 103 0
121 93 0
122 99 0
123 113 0
124 117 0
125 120 0
126 125 0
127 125 0
128 130 0
129 141 0
130 125 0
131 80 0
132 48 0
133 45 0
134 47 0
135 41 0
136 55 0
137 95 0
138 117 0
139 114 0
140 115 0
141 124 0
142 128 0
143 131 0
144 142 0
145 141 0
146 137 0
147 127 0
148 110 0
149 99 0
150 102 0
151 111 0
152 111 0
153 106 0
154 109 0
155 113 0
156 98 0
157 69 0
158 51 0
159 50 0
160 58 0
161 100 0
162 142 0
163 156 0
164 156 0
165 157 0
166 156 0
167 152 0
168 145 0
169 153 0
170 159 0
171 157 0
172 152 0
173 148 0
174 142 0
175 137 0
176 118 0
177 117 0
178 116 0
179 117 0
180 118 0
181 116 0
182 111 0
183 106 0
184 109 0
185 104 0
186 88 0
187 74 0
188 57 0
189 32 0
190 43 0
191 90 0
192 81 0
193 51 0
194 74 0
195 91 0
196 66 0
197 84 0
198 116 0
199 100 0
200 97 0
201 142 0
202 157 0
203 125 0
204 58 0
205 11 0
206 9 0
207 5 0
208 0 0
209 4 0
210 6 0
211 3 0
212 1 0
213 3 0
214 5 0
215 5 0
216 7 0
217 5 0
218 7 0
219 10 0
220 6 0
221 1 0
222 3 0
223 9 0
224 7 0
225 6 0
226 5 0
227 4 0
228 4 0
229 4 0
230 5 0
231 6 0
232 7 0
233 7 0
234 6 0
235 5 0
236 5 0
237 4 0
238 4 0
239 3 0
240 6 0
241 6 0
242 6 0
243 6 0
244 6 0
245 6 0
246 6 0
247 6 0
248 4 0
249 4 0
250 4 0
251 4 0
252 4 0
253 5 0
254 5 0
255 5 0

0 1 0
1 3 0
2 5 0
3 5 0
4 4 0
5 3 0
6 4 0
7 5 0
8 3 0
9 3 0
10 3 0
11 3 0
12 3 0
13 3 0
14 3 0
15 3 0
16 4 0
17 4 0
18 3 0
19 3 0
20 3 0
21 2 0
22 2 0
23 2 0
24 1 0
25 1 0
26 2 0
27 2 0
28 3 0
29 3 0
30 4 0
31 4 0
32 6 0
33 0 0
34 15 0
35 43 0
36 146 0
37 252 0
38 249 0
39 237 0
40 166 0
41 179 0
42 192 0
43 154 0
44 109 0
45 113 0
46 87 0
47 17 0
48 7 0
49 73 0
50 124 0
51 122 0
52 134 0
53 132 0
54 144 0
55 141 0
56 138 0
57 139 0
58 137 0
59 140 0
60 150 0
61 152 0
62 151 0
63 154 0
64 154 0
65 150 0
66 148 0
67 151 0
68 156 0
69 162 0
70 166 0
71 169 0
72 170 0
73 172 0
74 168 0
75 161 0
76 163 0
77 169 0
78 166 0
79 156 0
80 169 0
81 146 0
82 82 0
83 37 0
84 64 0
85 112 0
86 122 0
87 112 0
88 124 0
89 123 0
90 114 0
91 109 0
92 113 0
93 111 0
94 113 0
95 124 0
96 134 0
97 137 0
98 139 0
99 139 0
100 142 0
101 142 0
102 131 0
103 117 0
104 101 0
105 73 0
106 48 0
107 34 0
108 34 0
109 48 0
110 54 0
111 46 0
112 97 0
113 138 0
114 130 0
115 109 0
116 113 0
117 122 0
118 123 0
119 111 0
120 106 0
121 94 0
122 97 0
123 108 0
124 111 0
125 116 0
126 124 0
127 126 0
128 112 0
129 139 0
130 135 0
131 89 0
132 52 0
133 43 0
134 42 0
135 36 0
136 74 0
137 104 0
138 127 0
139 136 0
140 143 0
141 144 0
142 142 0
143 146 0
144 154 0
145 147 0
146 139 0
147 133 0
148 125 0
149 117 0
150 115 0
151 117 0
152 115 0
153 116 0
154 123 0
155 126 0
156 112 0
157 94 0
158 94 0
159 107 0
160 117 0
161 135 0
162 150 0
163 154 0
164 153 0
165 153 0
166 151 0
167 146 0
168 151 0
169 156 0
170 158 0
171 157 0
172 153 0
173 143 0
174 127 0
175 113 0
176 96 0
177 94 0
178 93 0
179 94 0
180 93 0
181 87 0
182 76 0
183 68 0
184 74 0
185 71 0
186 61 0
187 68 0
188 84 0
189 74 0
190 54 0
191 51 0
192 61 0
193 68 0
194 103 0
195 98 0
196 64 0
197 95 0
198 132 0
199 106 0
200 127 0
201 149 0
202 122 0
203 88 0
204 62 0
205 22 0
206 4 0
207 7 0
208 0 0
209 4 0
210 6 0
211 3 0
212 2 0
213 5 0
214 7 0
215 6 0
216 9 0
217 5 0
218 4 0
219 7 0
220 8 0
221 4 0
222 4 0
223 6 0
224 10 0
225 9 0
226 7 0
227 6 0
228 6 0
229 6 0
230 7 0
231 7 0
232 5 0
233 5 0
234 5 0
235 5 0
236 5 0
237 5 0
238 5 0
239 5 0
240 3 0
241 3 0
242 3 0
243 3 0
244 3 0
245 3 0
246 3 0
247 3 0
248 4 0
249 4 0
250 4 0
251 4 0
252 4 0
253 4 0
254 4 0
255 4 0

0 0 0
1 2 0
2 4 0
3 4 0
4 3 0
5 2 0
6 3 0
7 4 0
8 2 0
9 2 0
10 2 0
11 2 0
12 2 0
13 2 0
14 2 0
15 2 0
16 5 0
17 4 0
18 4 0
19 4 0
20 3 0
21 3 0
22 3 0
23 3 0
24 3 0
25 3 0
26 3 0
27 3 0
28 3 0
29 3 0
30 3 0
31 3 0
32 14 0
33 0 0
34 3 0
35 18 0
36 104 0
37 146 0
38 83 0
39 92 0
40 85 0
41 91 0
42 147 0
43 151 0
44 98 0
45 115 0
46 127 0
47 57 0
48 13 0
49 65 0
50 124 0
51 127 0
52 131 0
53 138 0
54 158 0
55 153 0
56 167 0
57 168 0
58 167 0
59 167 0
60 169 0
61 169 0
62 167 0
63 166 0
64 167 0
65 168 0
66 169 0
67 171 0
68 174 0
69 178 0
70 182 0
71 184 0
72 176 0
73 175 0
74 166 0
75 155 0
76 155 0
77 163 0
78 161 0
79 150 0
80 147 0
81 154 0
82 124 0
83 71 0
84 58 0
85 87 0
86 107 0
87 102 0
88 105 0
89 107 0
90 102 0
91 101 0
92 107 0
93 109 0
94 117 0
95 133 0
96 151 0
97 151 0
98 151 0
99 151 0
100 149 0
101 139 0
102 124 0
103 112 0
104 106 0
105 94 0
106 76 0
107 54 0
108 40 0
109 47 0
110 52 0
111 42 0
112 92 0
113 141 0
114 136 0
115 111 0
116 117 0
117 135 0
118 141 0
119 126 0
120 116 0
121 102 0
122 102 0
123 110 0
124 112 0
125 117 0
126 127 0
127 129 0
128 123 0
129 133 0
130 109 0
131 64 0
132 45 0
133 49 0
134 46 0
135 38 0
136 85 0
137 115 0
138 136 0
139 146 0
140 156 0
141 157 0
142 148 0
143 142 0
144 151 0
145 142 0
146 135 0
147 137 0
148 140 0
149 139 0
150 136 0
151 134 0
152 147 0
153 145 0
154 149 0
155 152 0
156 143 0
157 133 0
158 139 0
159 153 0
160 149 0
161 147 0
162 145 0
163 146 0
164 149 0
165 150 0
166 147 0
167 143 0
168 152 0
169 153 0
170 155 0
171 157 0
172 157 0
173 148 0
174 127 0
175 108 0
176 92 0
177 89 0
178 88 0
179 91 0
180 95 0
181 93 0
182 85 0
183 78 0
184 93 0
185 104 0
186 103 0
187 103 0
188 117 0
189 118 0
190 99 0
191 83 0
192 43 0
193 70 0
194 118 0
195 111 0
196 72 0
197 101 0
198 140 0
199 119 0
200 150 0
201 141 0
202 71 0
203 43 0
204 64 0
205 38 0
206 8 0
207 17 0
208 0 0
209 4 0
210 5 0
211 4 0
212 4 0
213 7 0
214 8 0
215 8 0
216 10 0
217 4 0
218 2 0
219 5 0
220 8 0
221 7 0
222 4 0
223 3 0
224 10 0
225 10 0
226 9 0
227 9 0
228 8 0
229 8 0
230 9 0
231 9 0
232 3 0
233 3 0
234 4 0
235 5 0
236 5 0
237 6 0
238 7 0
239 7 0
240 0 0
241 0 0
242 0 0
243 0 0
244 0 0
245 0 0
246 0 0
247 0 0
248 5 0
249 5 0
250 4 0
251 4 0
252 4 0
253 4 0
254 4 0
255 4 0

0 0 0
1 1 0
2 3 0
3 3 0
4 2 0
5 1 0
6 2 0
7 3 0
8 3 0
9 3 0
10 3 0
11 3 0
12 3 0
13 3 0
14 3 0
15 3 0
16 4 0
17 4 0
18 4 0
19 3 0
20 3 0
21 3 0
22 2 0
23 2 0
24 2 0
25 2 0
26 2 0
27 2 0
28 3 0
29 3 0
30 3 0
31 3 0
32 4 0
33 1 0
34 2 0
35 0 0
36 45 0
37 59 0
38 23 0
39 49 0
40 7 0
41 33 0
42 115 0
43 144 0
44 85 0
45 91 0
46 130 0
47 90 0
48 13 0
49 48 0
50 117 0
51 125 0
52 122 0
53 132 0
54 156 0
55 152 0
56 158 0
57 161 0
58 166 0
59 164 0
60 156 0
61 151 0
62 146 0
63 138 0
64 138 0
65 150 0
66 162 0
67 167 0
68 167 0
69 170 0
70 175 0
71 178 0
72 183 0
73 176 0
74 166 0
75 161 0
76 161 0
77 161 0
78 157 0
79 151 0
80 147 0
81 141 0
82 137 0
83 131 0
84 126 0
85 132 0
86 134 0
87 126 0
88 111 0
89 119 0
90 124 0
91 132 0
92 143 0
93 144 0
94 146 0
95 157 0
96 156 0
97 154 0
98 152 0
99 151 0
100 147 0
101 136 0
102 124 0
103 117 0
104 105 0
105 92 0
106 78 0
107 60 0
108 42 0
109 42 0
110 47 0
111 43 0
112 83 0
113 122 0
114 124 0
115 118 0
116 122 0
117 121 0
118 128 0
119 133 0
120 125 0
121 112 0
122 113 0
123 122 0
124 123 0
125 125 0
126 131 0
127 131 0
128 145 0
129 134 0
130 91 0
131 51 0
132 45 0
133 48 0
134 45 0
135 48 0
136 75 0
137 110 0
138 130 0
139 132 0
140 144 0
141 154 0
142 147 0
143 136 0
144 142 0
145 136 0
146 133 0
147 137 0
148 141 0
149 141 0
150 140 0
151 140 0
152 136 0
153 126 0
154 121 0
155 126 0
156 126 0
157 120 0
158 117 0
159 120 0
160 139 0
161 138 0
162 141 0
163 149 0
164 153 0
165 150 0
166 147 0
167 147 0
168 149 0
169 150 0
170 151 0
171 155 0
172 161 0
173 161 0
174 149 0
175 135 0
176 123 0
177 116 0
178 111 0
179 112 0
180 116 0
181 117 0
182 113 0
183 107 0
184 101 0
185 119 0
186 125 0
187 113 0
188 107 0
189 108 0
190 106 0
191 101 0
192 48 0
193 53 0
194 94 0
195 107 0
196 78 0
197 90 0
198 125 0
199 124 0
200 124 0
201 95 0
202 15 0
203 0 0
204 39 0
205 27 0
206 2 0
207 8 0
208 0 0
209 3 0
210 5 0
211 4 0
212 5 0
213 8 0
214 10 0
215 8 0
216 7 0
217 5 0
218 3 0
219 4 0
220 6 0
221 5 0
222 4 0
223 3 0
224 9 0
225 9 0
226 8 0
227 7 0
228 7 0
229 7 0
230 7 0
231 7 0
232 1 0
233 2 0
234 3 0
235 4 0
236 6 0
237 7 0
238 9 0
239 9 0
240 2 0
241 2 0
242 2 0
243 2 0
244 2 0
245 2 0
246 2 0
247 2 0
248 5 0
249 5 0
250 5 0
251 4 0
252 4 0
253 4 0
254 4 0
255 4 0

0 0 0
1 1 0
2 2 0
3 3 0
4 2 0
5 1 0
6 2 0
7 3 0
8 4 0
9 4 0
10 4 0
11 4 0
12 4 0
13 4 0
14 4 0
15 4 0
16 3 0
17 3 0
18 2 0
19 2 0
20 2 0
21 2 0
22 1 0
23 1 0
24 0 0
25 0 0
26 1 0
27 2 0
28 3 0
29 4 0
30 5 0
31 5 0
32 2 0
33 14 0
34 3 0
35 0 0
36 8 0
37 17 0
38 24 0
39 23 0
40 3 0
41 32 0
42 89 0
43 126 0
44 94 0
45 86 0
46 119 0
47 107 0
48 14 0
49 28 0
50 102 0
51 121 0
52 121 0
53 130 0
54 150 0
55 151 0
56 136 0
57 139 0
58 149 0
59 145 0
60 128 0
61 122 0
62 119 0
63 106 0
64 112 0
65 135 0
66 158 0
67 166 0
68 165 0
69 165 0
70 168 0
71 171 0
72 179 0
73 166 0
74 161 0
75 169 0
76 173 0
77 165 0
78 158 0
79 159 0
80 147 0
81 135 0
82 137 0
83 146 0
84 144 0
85 140 0
86 144 0
87 149 0
88 135 0
89 140 0
90 142 0
91 149 0
92 157 0
93 149 0
94 139 0
95 140 0
96 141 0
97 139 0
98 136 0
99 131 0
100 126 0
101 121 0
102 116 0
103 113 0
104 104 0
105 70 0
106 49 0
107 47 0
108 46 0
109 47 0
110 49 0
111 47 0
112 79 0
113 116 0
114 124 0
115 128 0
116 127 0
117 113 0
118 119 0
119 132 0
120 126 0
121 116 0
122 121 0
123 132 0
124 131 0
125 129 0
126 129 0
127 125 0
128 143 0
129 138 0
130 106 0
131 75 0
132 61 0
133 42 0
134 37 0
135 59 0
136 68 0
137 87 0
138 103 0
139 116 0
140 129 0
141 134 0
142 136 0
143 144 0
144 139 0
145 137 0
146 137 0
147 134 0
148 128 0
149 122 0
150 123 0
151 128 0
152 128 0
153 118 0
154 112 0
155 114 0
156 115 0
157 111 0
158 110 0
159 113 0
160 129 0
161 139 0
162 154 0
163 163 0
164 159 0
165 151 0
166 152 0
167 159 0
168 153 0
169 153 0
170 151 0
171 152 0
172 158 0
173 164 0
174 164 0
175 160 0
176 146 0
177 139 0
178 131 0
179 126 0
180 124 0
181 119 0
182 110 0
183 103 0
184 126 0
185 130 0
186 136 0
187 136 0
188 132 0
189 128 0
190 122 0
191 112 0
192 78 0
193 50 0
194 61 0
195 79 0
196 68 0
197 79 0
198 109 0
199 114 0
200 105 0
201 74 0
202 8 0
203 0 0
204 20 0
205 16 0
206 4 0
207 1 0
208 0 0
209 3 0
210 4 0
211 3 0
212 5 0
213 9 0
214 10 0
215 8 0
216 3 0
217 5 0
218 6 0
219 5 0
220 3 0
221 2 0
222 3 0
223 4 0
224 5 0
225 5 0
226 5 0
227 5 0
228 5 0
229 4 0
230 4 0
231 3 0
232 1 0
233 2 0
234 3 0
235 4 0
236 6 0
237 7 0
238 9 0
239 9 0
240 5 0
241 5 0
242 5 0
243 5 0
244 5 0
245 5 0
246 5 0
247 5 0
248 5 0
249 5 0
250 5 0
251 5 0
252 4 0
253 4 0
254 3 0
255 3 0

0 0 0
1 1 0
2 3 0
3 3 0
4 2 0
5 1 0
6 2 0
7 3 0
8 5 0
9 5 0
10 5 0
11 5 0
12 5 0
13 5 0
14 5 0
15 5 0
16 2 0
17 2 0
18 2 0
19 2 0
20 1 0
21 1 0
22 1 0
23 1 0
24 0 0
25 0 0
26 1 0
27 2 0
28 3 0
29 5 0
30 5 0
31 6 0
32 0 0
33 6 0
34 0 0
35 4 0
36 12 0
37 25 0
38 42 0
39 11 0
40 8 0
41 34 0
42 58 0
43 97 0
44 95 0
45 78 0
46 112 0
47 131 0
48 31 0
49 18 0
50 83 0
51 111 0
52 123 0
53 126 0
54 132 0
55 136 0
56 132 0
57 130 0
58 137 0
59 129 0
60 106 0
61 107 0
62 116 0
63 105 0
64 118 0
65 145 0
66 172 0
67 181 0
68 179 0
69 176 0
70 173 0
71 169 0
72 148 0
73 138 0
74 137 0
75 151 0
76 161 0
77 157 0
78 153 0
79 153 0
80 143 0
81 150 0
82 148 0
83 133 0
84 114 0
85 105 0
86 112 0
87 125 0
88 142 0
89 143 0
90 141 0
91 145 0
92 152 0
93 144 0
94 133 0
95 133 0
96 134 0
97 136 0
98 130 0
99 116 0
100 106 0
101 103 0
102 97 0
103 90 0
104 73 0
105 53 0
106 52 0
107 63 0
108 57 0
109 45 0
110 45 0
111 50 0
112 82 0
113 128 0
114 134 0
115 127 0
116 128 0
117 124 0
118 128 0
119 129 0
120 125 0
121 116 0
122 122 0
123 133 0
124 131 0
125 126 0
126 123 0
127 117 0
128 136 0
129 131 0
130 97 0
131 72 0
132 70 0
133 51 0
134 44 0
135 70 0
136 82 0
137 71 0
138 76 0
139 101 0
140 113 0
141 100 0
142 108 0
143 142 0
144 130 0
145 130 0
146 129 0
147 124 0
148 114 0
149 106 0
150 108 0
151 115 0
152 105 0
153 104 0
154 101 0
155 94 0
156 84 0
157 80 0
158 90 0
159 103 0
160 122 0
161 142 0
162 162 0
163 163 0
164 152 0
165 146 0
166 154 0
167 165 0
168 158 0
169 157 0
170 154 0
171 149 0
172 151 0
173 157 0
174 161 0
175 161 0
176 179 0
177 177 0
178 175 0
179 174 0
180 173 0
181 167 0
182 160 0
183 154 0
184 144 0
185 134 0
186 136 0
187 140 0
188 133 0
189 127 0
190 123 0
191 114 0
192 100 0
193 62 0
194 49 0
195 54 0
196 60 0
197 88 0
198 113 0
199 107 0
200 122 0
201 106 0
202 45 0
203 14 0
204 20 0
205 17 0
206 11 0
207 4 0
208 1 0
209 3 0
210 3 0
211 2 0
212 5 0
213 9 0
214 9 0
215 6 0
216 1 0
217 6 0
218 8 0
219 4 0
220 0 0
221 1 0
222 3 0
223 4 0
224 4 0
225 4 0
226 4 0
227 4 0
228 4 0
229 3 0
230 2 0
231 2 0
232 3 0
233 3 0
234 4 0
235 5 0
236 5 0
237 6 0
238 7 0
239 7 0
240 7 0
241 7 0
242 7 0
243 7 0
244 7 0
245 7 0
246 7 0
247 7 0
248 6 0
249 6 0
250 5 0
251 5 0
252 4 0
253 3 0
254 3 0
255 3 0

0 0 0
1 1 0
2 3 0
3 4 0
4 3 0
5 2 0
6 2 0
7 3 0
8 4 0
9 4 0
10 4 0
11 4 0
12 4 0
13 4 0
14 4 0
15 4 0
16 3 0
17 3 0
18 3 0
19 3 0
20 2 0
21 2 0
22 2 0
23 2 0
24 1 0
25 1 0
26 1 0
27 2 0
28 3 0
29 4 0
30 4 0
31 5 0
32 12 0
33 10 0
34 2 0
35 7 0
36 9 0
37 9 0
38 18 0
39 13 0
40 28 0
41 43 0
42 47 0
43 87 0
44 90 0
45 63 0
46 97 0
47 129 0
48 55 0
49 14 0
50 61 0
51 99 0
52 130 0
53 128 0
54 116 0
55 124 0
56 134 0
57 123 0
58 120 0
59 102 0
60 77 0
61 93 0
62 122 0
63 121 0
64 124 0
65 146 0
66 168 0
67 177 0
68 178 0
69 174 0
70 163 0
71 150 0
72 121 0
73 119 0
74 117 0
75 122 0
76 136 0
77 149 0
78 149 0
79 142 0
80 152 0
81 154 0
82 134 0
83 116 0
84 119 0
85 115 0
86 104 0
87 104 0
88 103 0
89 106 0
90 105 0
91 109 0
92 116 0
93 113 0
94 108 0
95 114 0
96 130 0
97 141 0
98 138 0
99 118 0
100 105 0
101 102 0
102 93 0
103 79 0
104 59 0
105 65 0
106 82 0
107 85 0
108 59 0
109 38 0
110 43 0
111 54 0
112 87 0
113 129 0
114 126 0
115 112 0
116 120 0
117 128 0
118 132 0
119 124 0
120 131 0
121 120 0
122 124 0
123 132 0
124 129 0
125 124 0
126 122 0
127 118 0
128 137 0
129 133 0
130 87 0
131 51 0
132 58 0
133 55 0
134 50 0
135 72 0
136 91 0
137 73 0
138 65 0
139 81 0
140 94 0
141 87 0
142 97 0
143 128 0
144 122 0
145 116 0
146 110 0
147 107 0
148 103 0
149 99 0
150 98 0
151 100 0
152 97 0
153 101 0
154 102 0
155 95 0
156 83 0
157 79 0
158 89 0
159 102 0
160 119 0
161 141 0
162 155 0
163 148 0
164 133 0
165 130 0
166 137 0
167 144 0
168 148 0
169 150 0
170 150 0
171 148 0
172 150 0
173 154 0
174 155 0
175 152 0
176 161 0
177 161 0
178 161 0
179 161 0
180 161 0
181 161 0
182 161 0
183 162 0
184 149 0
185 137 0
186 136 0
187 134 0
188 121 0
189 120 0
190 123 0
191 113 0
192 77 0
193 48 0
194 41 0
195 51 0
196 68 0
197 101 0
198 121 0
199 109 0
200 138 0
201 144 0
202 66 0
203 6 0
204 14 0
205 12 0
206 0 0
207 0 0
208 2 0
209 3 0
210 2 0
211 1 0
212 4 0
213 8 0
214 7 0
215 3 0
216 2 0
217 5 0
218 6 0
219 2 0
220 1 0
221 3 0
222 4 0
223 1 0
224 5 0
225 5 0
226 6 0
227 6 0
228 6 0
229 5 0
230 4 0
231 3 0
232 5 0
233 5 0
234 5 0
235 5 0
236 5 0
237 5 0
238 5 0
239 5 0
240 4 0
241 4 0
242 4 0
243 4 0
244 4 0
245 4 0
246 4 0
247 4 0
248 6 0
249 6 0
250 5 0
251 5 0
252 4 0
253 3 0
254 3 0
255 2 0

0 0 0
1 2 0
2 4 0
3 4 0
4 3 0
5 2 0
6 3 0
7 4 0
8 3 0
9 3 0
10 3 0
11 3 0
12 3 0
13 3 0
14 3 0
15 3 0
16 4 0
17 4 0
18 4 0
19 4 0
20 3 0
21 3 0
22 3 0
23 3 0
24 2 0
25 2 0
26 2 0
27 3 0
28 3 0
29 3 0
30 3 0
31 3 0
32 12 0
33 8 0
34 14 0
35 9 0
36 7 0
37 5 0
38 22 0
39 78 0
40 106 0
41 97 0
42 81 0
43 120 0
44 119 0
45 79 0
46 97 0
47 112 0
48 67 0
49 9 0
50 45 0
51 92 0
52 141 0
53 141 0
54 120 0
55 129 0
56 127 0
57 108 0
58 96 0
59 71 0
60 46 0
61 74 0
62 119 0
63 127 0
64 129 0
65 145 0
66 162 0
67 171 0
68 176 0
69 174 0
70 157 0
71 137 0
72 118 0
73 124 0
74 119 0
75 111 0
76 126 0
77 153 0
78 158 0
79 142 0
80 146 0
81 155 0
82 136 0
83 111 0
84 101 0
85 82 0
86 80 0
87 108 0
88 102 0
89 108 0
90 109 0
91 110 0
92 113 0
93 106 0
94 103 0
95 111 0
96 97 0
97 117 0
98 121 0
99 105 0
100 95 0
101 97 0
102 88 0
103 68 0
104 90 0
105 90 0
106 91 0
107 76 0
108 49 0
109 40 0
110 50 0
111 57 0
112 108 0
113 134 0
114 122 0
115 114 0
116 129 0
117 137 0
118 142 0
119 138 0
120 140 0
121 127 0
122 127 0
123 133 0
124 129 0
125 126 0
126 127 0
127 124 0
128 135 0
129 152 0
130 111 0
131 56 0
132 45 0
133 41 0
134 40 0
135 63 0
136 85 0
137 80 0
138 66 0
139 64 0
140 83 0
141 102 0
142 114 0
143 125 0
144 126 0
145 111 0
146 98 0
147 94 0
148 95 0
149 91 0
150 84 0
151 79 0
152 93 0
153 96 0
154 100 0
155 103 0
156 103 0
157 102 0
158 104 0
159 107 0
160 125 0
161 145 0
162 152 0
163 136 0
164 117 0
165 112 0
166 112 0
167 110 0
168 132 0
169 137 0
170 143 0
171 149 0
172 156 0
173 159 0
174 155 0
175 148 0
176 157 0
177 151 0
178 142 0
179 132 0
180 125 0
181 125 0
182 131 0
183 136 0
184 121 0
185 109 0
186 110 0
187 113 0
188 111 0
189 118 0
190 111 0
191 83 0
192 33 0
193 13 0
194 24 0
195 57 0
196 79 0
197 102 0
198 117 0
199 112 0
200 154 0
201 176 0
202 77 0
203 0 0
204 17 0
205 18 0
206 0 0
207 7 0
208 2 0
209 3 0
210 2 0
211 1 0
212 3 0
213 7 0
214 6 0
215 2 0
216 4 0
217 5 0
218 3 0
219 0 0
220 2 0
221 6 0
222 4 0
223 0 0
224 6 0
225 7 0
226 9 0
227 9 0
228 9 0
229 7 0
230 6 0
231 5 0
232 7 0
233 7 0
234 6 0
235 5 0
236 5 0
237 4 0
238 4 0
239 3 0
240 1 0
241 1 0
242 1 0
243 1 0
244 1 0
245 1 0
246 1 0
247 1 0
248 6 0
249 6 0
250 6 0
251 5 0
252 4 0
253 3 0
254 3 0
255 2 0

0 1 0
1 1 0
2 3 0
3 5 0
4 5 0
5 5 0
6 4 0
7 3 0
8 4 0
9 4 0
10 4 0
11 4 0
12 3 0
13 3 0
14 3 0
15 3 0
16 3 0
17 3 0
18 3 0
19 3 0
20 3 0
21 3 0
22 3 0
23 3 0
24 4 0
25 3 0
26 2 0
27 2 0
28 2 0
29 3 0
30 5 0
31 6 0
32 6 0
33 13 0
34 0 0
35 10 0
36 0 0
37 6 0
38 16 0
39 98 0
40 150 0
41 109 0
42 95 0
43 110 0
44 102 0
45 84 0
46 96 0
47 125 0
48 92 0
49 66 0
50 54 0
51 81 0
52 120 0
53 136 0
54 136 0
55 137 0
56 113 0
57 78 0
58 72 0
59 81 0
60 73 0
61 83 0
62 106 0
63 111 0
64 112 0
65 127 0
66 150 0
67 170 0
68 173 0
69 159 0
70 140 0
71 127 0
72 100 0
73 87 0
74 111 0
75 126 0
76 126 0
77 141 0
78 148 0
79 150 0
80 160 0
81 144 0
82 129 0
83 117 0
84 94 0
85 68 0
86 62 0
87 71 0
88 79 0
89 89 0
90 86 0
91 78 0
92 86 0
93 96 0
94 102 0
95 107 0
96 91 0
97 95 0
98 109 0
99 120 0
100 110 0
101 87 0
102 71 0
103 69 0
104 87 0
105 93 0
106 114 0
107 116 0
108 77 0
109 38 0
110 42 0
111 66 0
112 114 0
113 145 0
114 128 0
115 110 0
116 125 0
117 141 0
118 140 0
119 122 0
120 112 0
121 134 0
122 134 0
123 122 0
124 135 0
125 151 0
126 140 0
127 118 0
128 130 0
129 143 0
130 130 0
131 65 0
132 35 0
133 65 0
134 89 0
135 99 0
136 97 0
137 96 0
138 91 0
139 84 0
140 86 0
141 99 0
142 107 0
143 105 0
144 101 0
145 104 0
146 99 0
147 84 0
148 72 0
149 77 0
150 96 0
151 112 0
152 112 0
153 109 0
154 109 0
155 109 0
156 102 0
157 98 0
158 110 0
159 128 0
160 151 0
161 145 0
162 134 0
163 115 0
164 97 0
165 97 0
166 105 0
167 104 0
168 117 0
169 128 0
170 138 0
171 152 0
172 165 0
173 164 0
174 156 0
175 158 0
176 167 0
177 145 0
178 125 0
179 119 0
180 119 0
181 118 0
182 119 0
183 123 0
184 117 0
185 117 0
186 104 0
187 96 0
188 108 0
189 111 0
190 85 0
191 57 0
192 36 0
193 31 0
194 63 0
195 48 0
196 49 0
197 97 0
198 112 0
199 122 0
200 153 0
201 178 0
202 95 0
203 12 0
204 0 0
205 19 0
206 0 0
207 4 0
208 1 0
209 1 0
210 1 0
211 4 0
212 7 0
213 7 0
214 5 0
215 2 0
216 2 0
217 4 0
218 6 0
219 6 0
220 4 0
221 2 0
222 2 0
223 2 0
224 3 0
225 3 0
226 3 0
227 3 0
228 3 0
229 3 0
230 3 0
231 3 0
232 2 0
233 2 0
234 2 0
235 2 0
236 3 0
237 3 0
238 3 0
239 4 0
240 4 0
241 4 0
242 3 0
243 3 0
244 2 0
245 2 0
246 2 0
247 1 0
248 3 0
249 3 0
250 3 0
251 3 0
252 3 0
253 3 0
254 3 0
255 3 0

0 1 0
1 1 0
2 3 0
3 5 0
4 5 0
5 5 0
6 4 0
7 3 0
8 3 0
9 3 0
10 3 0
11 3 0
12 3 0
13 3 0
14 3 0
15 3 0
16 3 0
17 3 0
18 3 0
19 3 0
20 3 0
21 3 0
22 3 0
23 3 0
24 4 0
25 3 0
26 2 0
27 2 0
28 2 0
29 3 0
30 5 0
31 6 0
32 7 0
33 15 0
34 1 0
35 14 0
36 4 0
37 17 0
38 23 0
39 97 0
40 138 0
41 111 0
42 100 0
43 115 0
44 118 0
45 100 0
46 100 0
47 122 0
48 124 0
49 96 0
50 96 0
51 107 0
52 104 0
53 111 0
54 117 0
55 103 0
56 75 0
57 72 0
58 82 0
59 89 0
60 92 0
61 110 0
62 121 0
63 111 0
64 109 0
65 133 0
66 162 0
67 175 0
68 166 0
69 146 0
70 131 0
71 124 0
72 94 0
73 94 0
74 134 0
75 144 0
76 124 0
77 133 0
78 154 0
79 166 0
80 165 0
81 145 0
82 125 0
83 116 0
84 110 0
85 101 0
86 96 0
87 98 0
88 70 0
89 80 0
90 79 0
91 71 0
92 64 0
93 56 0
94 60 0
95 76 0
96 92 0
97 96 0
98 100 0
99 96 0
100 85 0
101 76 0
102 77 0
103 84 0
104 87 0
105 100 0
106 118 0
107 123 0
108 98 0
109 61 0
110 50 0
111 63 0
112 115 0
113 141 0
114 128 0
115 120 0
116 128 0
117 130 0
118 134 0
119 133 0
120 126 0
121 129 0
122 126 0
123 128 0
124 140 0
125 146 0
126 141 0
127 136 0
128 117 0
129 130 0
130 123 0
131 65 0
132 41 0
133 83 0
134 116 0
135 122 0
136 110 0
137 95 0
138 86 0
139 86 0
140 93 0
141 109 0
142 115 0
143 107 0
144 116 0
145 97 0
146 77 0
147 70 0
148 78 0
149 92 0
150 103 0
151 108 0
152 104 0
153 101 0
154 103 0
155 109 0
156 115 0
157 120 0
158 132 0
159 145 0
160 148 0
161 135 0
162 115 0
163 100 0
164 93 0
165 94 0
166 105 0
167 119 0
168 114 0
169 133 0
170 139 0
171 140 0
172 156 0
173 171 0
174 171 0
175 167 0
176 171 0
177 160 0
178 140 0
179 120 0
180 110 0
181 105 0
182 97 0
183 88 0
184 104 0
185 102 0
186 100 0
187 93 0
188 78 0
189 60 0
190 54 0
191 59 0
192 30 0
193 36 0
194 67 0
195 53 0
196 61 0
197 113 0
198 127 0
199 135 0
200 162 0
201 177 0
202 92 0
203 2 0
204 0 0
205 19 0
206 2 0
207 0 0
208 2 0
209 2 0
210 3 0
211 5 0
212 8 0
213 9 0
214 6 0
215 3 0
216 2 0
217 4 0
218 6 0
219 5 0
220 4 0
221 2 0
222 2 0
223 2 0
224 3 0
225 3 0
226 3 0
227 3 0
228 3 0
229 3 0
230 3 0
231 3 0
232 1 0
233 1 0
234 2 0
235 2 0
236 3 0
237 3 0
238 4 0
239 4 0
240 4 0
241 3 0
242 3 0
243 3 0
244 2 0
245 2 0
246 2 0
247 2 0
248 3 0
249 3 0
250 3 0
251 3 0
252 3 0
253 3 0
254 3 0
255 3 0

0 1 0
1 1 0
2 3 0
3 5 0
4 5 0
5 5 0
6 4 0
7 3 0
8 2 0
9 2 0
10 2 0
11 2 0
12 3 0
13 3 0
14 3 0
15 3 0
16 3 0
17 3 0
18 3 0
19 3 0
20 3 0
21 3 0
22 3 0
23 3 0
24 4 0
25 3 0
26 2 0
27 2 0
28 2 0
29 3 0
30 5 0
31 6 0
32 0 0
33 6 0
34 0 0
35 5 0
36 0 0
37 12 0
38 15 0
39 81 0
40 141 0
41 108 0
42 92 0
43 115 0
44 127 0
45 96 0
46 90 0
47 127 0
48 144 0
49 65 0
50 55 0
51 90 0
52 79 0
53 67 0
54 79 0
55 76 0
56 81 0
57 90 0
58 101 0
59 108 0
60 116 0
61 127 0
62 129 0
63 124 0
64 132 0
65 149 0
66 168 0
67 172 0
68 159 0
69 140 0
70 125 0
71 118 0
72 85 0
73 86 0
74 137 0
75 157 0
76 137 0
77 146 0
78 159 0
79 157 0
80 139 0
81 150 0
82 154 0
83 142 0
84 120 0
85 106 0
86 108 0
87 115 0
88 106 0
89 109 0
90 108 0
91 106 0
92 95 0
93 72 0
94 62 0
95 73 0
96 99 0
97 99 0
98 90 0
99 77 0
100 76 0
101 87 0
102 96 0
103 97 0
104 101 0
105 120 0
106 125 0
107 117 0
108 99 0
109 68 0
110 53 0
111 68 0
112 124 0
113 135 0
114 121 0
115 124 0
116 136 0
117 127 0
118 129 0
119 137 0
120 116 0
121 113 0
122 110 0
123 115 0
124 123 0
125 125 0
126 122 0
127 118 0
128 131 0
129 141 0
130 136 0
131 74 0
132 40 0
133 80 0
134 109 0
135 105 0
136 104 0
137 99 0
138 108 0
139 106 0
140 85 0
141 83 0
142 98 0
143 102 0
144 98 0
145 74 0
146 64 0
147 86 0
148 119 0
149 131 0
150 117 0
151 100 0
152 144 0
153 141 0
154 139 0
155 143 0
156 149 0
157 153 0
158 155 0
159 155 0
160 145 0
161 134 0
162 111 0
163 97 0
164 90 0
165 76 0
166 87 0
167 124 0
168 126 0
169 137 0
170 138 0
171 140 0
172 156 0
173 168 0
174 168 0
175 169 0
176 171 0
177 174 0
178 161 0
179 134 0
180 117 0
181 110 0
182 94 0
183 75 0
184 70 0
185 72 0
186 80 0
187 76 0
188 52 0
189 39 0
190 48 0
191 59 0
192 37 0
193 64 0
194 96 0
195 80 0
196 92 0
197 138 0
198 142 0
199 139 0
200 171 0
201 185 0
202 113 0
203 7 0
204 0 0
205 8 0
206 9 0
207 7 0
208 3 0
209 3 0
210 4 0
211 6 0
212 9 0
213 9 0
214 6 0
215 4 0
216 2 0
217 4 0
218 5 0
219 5 0
220 3 0
221 2 0
222 2 0
223 3 0
224 3 0
225 3 0
226 3 0
227 3 0
228 3 0
229 3 0
230 3 0
231 3 0
232 1 0
233 1 0
234 2 0
235 2 0
236 3 0
237 4 0
238 4 0
239 5 0
240 3 0
241 3 0
242 3 0
243 3 0
244 2 0
245 2 0
246 2 0
247 2 0
248 3 0
249 3 0
250 3 0
251 3 0
252 3 0
253 3 0
254 3 0
255 3 0

0 1 0
1 1 0
2 3 0
3 5 0
4 5 0
5 5 0
6 4 0
7 3 0
8 1 0
9 1 0
10 1 0
11 2 0
12 2 0
13 3 0
14 3 0
15 3 0
16 3 0
17 3 0
18 3 0
19 3 0
20 3 0
21 3 0
22 3 0
23 3 0
24 4 0
25 3 0
26 2 0
27 2 0
28 2 0
29 3 0
30 5 0
31 6 0
32 0 0
33 10 0
34 3 0
35 4 0
36 0 0
37 9 0
38 18 0
39 84 0
40 147 0
41 126 0
42 98 0
43 101 0
44 113 0
45 91 0
46 86 0
47 121 0
48 142 0
49 44 0
50 12 0
51 48 0
52 55 0
53 55 0
54 81 0
55 102 0
56 118 0
57 113 0
58 112 0
59 122 0
60 131 0
61 126 0
62 132 0
63 150 0
64 166 0
65 162 0
66 158 0
67 156 0
68 156 0
69 148 0
70 130 0
71 113 0
72 95 0
73 93 0
74 145 0
75 168 0
76 151 0
77 160 0
78 166 0
79 153 0
80 144 0
81 146 0
82 143 0
83 139 0
84 139 0
85 136 0
86 122 0
87 105 0
88 106 0
89 103 0
90 99 0
91 107 0
92 115 0
93 100 0
94 76 0
95 66 0
96 53 0
97 81 0
98 92 0
99 71 0
100 58 0
101 74 0
102 101 0
103 114 0
104 106 0
105 131 0
106 128 0
107 108 0
108 94 0
109 68 0
110 56 0
111 75 0
112 133 0
113 133 0
114 111 0
115 121 0
116 142 0
117 136 0
118 131 0
119 131 0
120 131 0
121 135 0
122 137 0
123 133 0
124 135 0
125 144 0
126 139 0
127 119 0
128 120 0
129 135 0
130 137 0
131 78 0
132 42 0
133 81 0
134 110 0
135 104 0
136 103 0
137 107 0
138 131 0
139 133 0
140 98 0
141 81 0
142 94 0
143 102 0
144 89 0
145 79 0
146 80 0
147 100 0
148 120 0
149 130 0
150 134 0
151 139 0
152 150 0
153 147 0
154 144 0
155 142 0
156 144 0
157 145 0
158 140 0
159 134 0
160 136 0
161 135 0
162 119 0
163 109 0
164 96 0
165 64 0
166 70 0
167 121 0
168 141 0
169 132 0
170 132 0
171 151 0
172 167 0
173 159 0
174 154 0
175 168 0
176 160 0
177 171 0
178 172 0
179 156 0
180 142 0
181 132 0
182 116 0
183 99 0
184 75 0
185 76 0
186 75 0
187 65 0
188 57 0
189 65 0
190 64 0
191 45 0
192 35 0
193 82 0
194 111 0
195 90 0
196 103 0
197 142 0
198 138 0
199 129 0
200 164 0
201 178 0
202 122 0
203 12 0
204 0 0
205 0 0
206 8 0
207 0 0
208 3 0
209 3 0
210 4 0
211 5 0
212 6 0
213 6 0
214 5 0
215 5 0
216 2 0
217 4 0
218 5 0
219 4 0
220 3 0
221 2 0
222 3 0
223 4 0
224 3 0
225 3 0
226 3 0
227 3 0
228 3 0
229 3 0
230 3 0
231 3 0
232 1 0
233 1 0
234 2 0
235 2 0
236 3 0
237 4 0
238 4 0
239 4 0
240 3 0
241 3 0
242 3 0
243 3 0
244 3 0
245 2 0
246 2 0
247 2 0
248 3 0
249 3 0
250 3 0
251 3 0
252 3 0
253 3 0
254 3 0
255 3 0

0 1 0
1 1 0
2 3 0
3 5 0
4 5 0
5 5 0
6 4 0
7 3 0
8 1 0
9 1 0
10 1 0
11 2 0
12 3 0
13 4 0
14 4 0
15 5 0
16 3 0
17 3 0
18 3 0
19 3 0
20 3 0
21 3 0
22 3 0
23 3 0
24 4 0
25 3 0
26 2 0
27 2 0
28 2 0
29 3 0
30 5 0
31 6 0
32 0 0
33 10 0
34 8 0
35 3 0
36 0 0
37 3 0
38 27 0
39 103 0
40 142 0
41 148 0
42 122 0
43 99 0
44 104 0
45 98 0
46 86 0
47 94 0
48 112 0
49 65 0
50 21 0
51 11 0
52 26 0
53 59 0
54 100 0
55 129 0
56 128 0
57 124 0
58 125 0
59 137 0
60 147 0
61 144 0
62 150 0
63 169 0
64 173 0
65 161 0
66 148 0
67 145 0
68 154 0
69 155 0
70 138 0
71 117 0
72 96 0
73 103 0
74 154 0
75 170 0
76 150 0
77 156 0
78 162 0
79 156 0
80 145 0
81 137 0
82 125 0
83 123 0
84 139 0
85 153 0
86 146 0
87 129 0
88 122 0
89 118 0
90 105 0
91 101 0
92 111 0
93 104 0
94 74 0
95 51 0
96 46 0
97 73 0
98 82 0
99 67 0
100 68 0
101 95 0
102 114 0
103 112 0
104 106 0
105 121 0
106 109 0
107 92 0
108 91 0
109 75 0
110 60 0
111 72 0
112 129 0
113 137 0
114 117 0
115 119 0
116 139 0
117 139 0
118 135 0
119 129 0
120 126 0
121 121 0
122 126 0
123 128 0
124 128 0
125 136 0
126 134 0
127 116 0
128 114 0
129 131 0
130 132 0
131 77 0
132 46 0
133 84 0
134 114 0
135 118 0
136 109 0
137 97 0
138 105 0
139 120 0
140 119 0
141 113 0
142 106 0
143 94 0
144 79 0
145 92 0
146 110 0
147 117 0
148 110 0
149 109 0
150 127 0
151 150 0
152 118 0
153 115 0
154 112 0
155 112 0
156 117 0
157 123 0
158 129 0
159 132 0
160 131 0
161 128 0
162 115 0
163 114 0
164 111 0
165 79 0
166 76 0
167 117 0
168 144 0
169 134 0
170 131 0
171 148 0
172 162 0
173 153 0
174 147 0
175 161 0
176 149 0
177 161 0
178 172 0
179 173 0
180 164 0
181 151 0
182 137 0
183 127 0
184 98 0
185 82 0
186 57 0
187 40 0
188 42 0
189 51 0
190 36 0
191 8 0
192 55 0
193 106 0
194 112 0
195 79 0
196 100 0
197 142 0
198 146 0
199 145 0
200 170 0
201 185 0
202 148 0
203 48 0
204 14 0
205 9 0
206 16 0
207 0 0
208 2 0
209 3 0
210 4 0
211 4 0
212 4 0
213 4 0
214 4 0
215 4 0
216 2 0
217 3 0
218 4 0
219 4 0
220 2 0
221 2 0
222 3 0
223 5 0
224 3 0
225 3 0
226 3 0
227 3 0
228 3 0
229 3 0
230 3 0
231 3 0
232 2 0
233 2 0
234 2 0
235 2 0
236 3 0
237 3 0
238 3 0
239 3 0
240 2 0
241 2 0
242 2 0
243 3 0
244 3 0
245 3 0
246 3 0
247 3 0
248 3 0
249 3 0
250 3 0
251 3 0
252 3 0
253 3 0
254 3 0
255 3 0

0 1 0
1 1 0
2 3 0
3 5 0
4 5 0
5 5 0
6 4 0
7 3 0
8 1 0
9 1 0
10 2 0
11 3 0
12 4 0
13 5 0
14 6 0
15 7 0
16 3 0
17 3 0
18 3 0
19 3 0
20 3 0
21 3 0
22 3 0
23 3 0
24 4 0
25 3 0
26 2 0
27 2 0
28 2 0
29 3 0
30 5 0
31 6 0
32 0 0
33 4 0
34 7 0
35 0 0
36 0 0
37 0 0
38 40 0
39 130 0
40 144 0
41 135 0
42 123 0
43 126 0
44 123 0
45 89 0
46 62 0
47 69 0
48 82 0
49 52 0
50 12 0
51 0 0
52 20 0
53 55 0
54 94 0
55 126 0
56 125 0
57 139 0
58 156 0
59 168 0
60 176 0
61 182 0
62 178 0
63 168 0
64 152 0
65 149 0
66 142 0
67 138 0
68 142 0
69 143 0
70 130 0
71 114 0
72 81 0
73 93 0
74 138 0
75 161 0
76 164 0
77 171 0
78 160 0
79 147 0
80 122 0
81 125 0
82 126 0
83 125 0
84 131 0
85 140 0
86 142 0
87 137 0
88 139 0
89 141 0
90 126 0
91 111 0
92 112 0
93 109 0
94 92 0
95 77 0
96 82 0
97 98 0
98 96 0
99 77 0
100 81 0
101 109 0
102 119 0
103 106 0
104 126 0
105 110 0
106 76 0
107 60 0
108 72 0
109 73 0
110 64 0
111 67 0
112 117 0
113 143 0
114 132 0
115 124 0
116 130 0
117 130 0
118 135 0
119 138 0
120 140 0
121 112 0
122 116 0
123 138 0
124 136 0
125 133 0
126 141 0
127 142 0
128 132 0
129 144 0
130 131 0
131 76 0
132 54 0
133 81 0
134 101 0
135 115 0
136 118 0
137 102 0
138 91 0
139 103 0
140 126 0
141 129 0
142 111 0
143 94 0
144 85 0
145 91 0
146 100 0
147 109 0
148 115 0
149 117 0
150 115 0
151 113 0
152 118 0
153 110 0
154 106 0
155 110 0
156 115 0
157 122 0
158 136 0
159 151 0
160 145 0
161 129 0
162 109 0
163 112 0
164 121 0
165 103 0
166 88 0
167 99 0
168 134 0
169 143 0
170 137 0
171 128 0
172 131 0
173 134 0
174 133 0
175 135 0
176 146 0
177 158 0
178 173 0
179 180 0
180 175 0
181 162 0
182 149 0
183 142 0
184 142 0
185 116 0
186 76 0
187 58 0
188 62 0
189 56 0
190 47 0
191 52 0
192 99 0
193 137 0
194 107 0
195 60 0
196 90 0
197 139 0
198 153 0
199 160 0
200 171 0
201 209 0
202 205 0
203 119 0
204 41 0
205 10 0
206 13 0
207 4 0
208 2 0
209 3 0
210 4 0
211 4 0
212 3 0
213 2 0
214 3 0
215 4 0
216 2 0
217 3 0
218 4 0
219 3 0
220 2 0
221 2 0
222 4 0
223 6 0
224 3 0
225 3 0
226 3 0
227 3 0
228 3 0
229 3 0
230 3 0
231 3 0
232 3 0
233 3 0
234 3 0
235 3 0
236 2 0
237 2 0
238 2 0
239 2 0
240 2 0
241 2 0
242 2 0
243 2 0
244 3 0
245 3 0
246 3 0
247 3 0
248 3 0
249 3 0
250 3 0
251 3 0
252 3 0
253 3 0
254 3 0
255 3 0

0 1 0
1 1 0
2 3 0
3 5 0
4 5 0
5 5 0
6 4 0
7 3 0
8 1 0
9 1 0
10 2 0
11 4 0
12 5 0
13 7 0
14 9 0
15 9 0
16 3 0
17 3 0
18 3 0
19 3 0
20 3 0
21 3 0
22 3 0
23 3 0
24 4 0
25 3 0
26 2 0
27 2 0
28 2 0
29 3 0
30 5 0
31 6 0
32 4 0
33 8 0
34 13 0
35 9 0
36 10 0
37 10 0
38 59 0
39 159 0
40 157 0
41 128 0
42 120 0
43 139 0
44 130 0
45 82 0
46 47 0
47 46 0
48 52 0
49 16 0
50 1 0
51 10 0
52 20 0
53 47 0
54 89 0
55 117 0
56 121 0
57 134 0
58 167 0
59 190 0
60 193 0
61 194 0
62 183 0
63 156 0
64 131 0
65 128 0
66 117 0
67 106 0
68 102 0
69 100 0
70 86 0
71 70 0
72 62 0
73 66 0
74 85 0
75 101 0
76 127 0
77 144 0
78 129 0
79 121 0
80 124 0
81 117 0
82 113 0
83 119 0
84 130 0
85 132 0
86 119 0
87 105 0
88 102 0
89 107 0
90 103 0
91 101 0
92 107 0
93 105 0
94 98 0
95 97 0
96 80 0
97 115 0
98 125 0
99 93 0
100 69 0
101 83 0
102 109 0
103 121 0
104 131 0
105 100 0
106 67 0
107 59 0
108 69 0
109 76 0
110 78 0
111 80 0
112 114 0
113 143 0
114 136 0
115 128 0
116 129 0
117 124 0
118 134 0
119 144 0
120 147 0
121 112 0
122 116 0
123 140 0
124 135 0
125 129 0
126 138 0
127 140 0
128 130 0
129 140 0
130 120 0
131 74 0
132 70 0
133 84 0
134 83 0
135 99 0
136 123 0
137 128 0
138 113 0
139 110 0
140 130 0
141 128 0
142 110 0
143 107 0
144 117 0
145 103 0
146 84 0
147 78 0
148 93 0
149 112 0
150 113 0
151 102 0
152 110 0
153 99 0
154 100 0
155 114 0
156 121 0
157 119 0
158 126 0
159 141 0
160 150 0
161 133 0
162 117 0
163 117 0
164 123 0
165 114 0
166 93 0
167 79 0
168 103 0
169 127 0
170 130 0
171 111 0
172 101 0
173 102 0
174 106 0
175 113 0
176 136 0
177 155 0
178 171 0
179 174 0
180 173 0
181 171 0
182 162 0
183 149 0
184 143 0
185 133 0
186 89 0
187 57 0
188 58 0
189 48 0
190 46 0
191 76 0
192 105 0
193 134 0
194 83 0
195 37 0
196 82 0
197 127 0
198 133 0
199 136 0
200 152 0
201 204 0
202 225 0
203 167 0
204 67 0
205 24 0
206 12 0
207 4 0
208 3 0
209 5 0
210 6 0
211 5 0
212 3 0
213 2 0
214 4 0
215 6 0
216 2 0
217 3 0
218 3 0
219 3 0
220 2 0
221 2 0
222 4 0
223 7 0
224 3 0
225 3 0
226 3 0
227 3 0
228 3 0
229 3 0
230 3 0
231 3 0
232 5 0
233 5 0
234 4 0
235 3 0
236 2 0
237 1 0
238 0 0
239 0 0
240 2 0
241 2 0
242 2 0
243 2 0
244 3 0
245 3 0
246 3 0
247 4 0
248 3 0
249 3 0
250 3 0
251 3 0
252 3 0
253 3 0
254 3 0
255 3 0

0 1 0
1 1 0
2 3 0
3 5 0
4 5 0
5 5 0
6 4 0
7 3 0
8 1 0
9 2 0
10 3 0
11 4 0
12 6 0
13 9 0
14 9 0
15 10 0
16 3 0
17 3 0
18 3 0
19 3 0
20 3 0
21 3 0
22 3 0
23 3 0
24 4 0
25 3 0
26 2 0
27 2 0
28 2 0
29 3 0
30 5 0
31 6 0
32 4 0
33 2 0
34 7 0
35 5 0
36 9 0
37 6 0
38 57 0
39 161 0
40 164 0
41 154 0
42 139 0
43 122 0
44 110 0
45 99 0
46 65 0
47 22 0
48 2 0
49 0 0
50 16 0
51 11 0
52 0 0
53 27 0
54 89 0
55 100 0
56 111 0
57 106 0
58 143 0
59 185 0
60 186 0
61 176 0
62 167 0
63 147 0
64 121 0
65 107 0
66 83 0
67 62 0
68 56 0
69 53 0
70 35 0
71 13 0
72 32 0
73 29 0
74 17 0
75 0 0
76 16 0
77 43 0
78 56 0
79 82 0
80 118 0
81 124 0
82 127 0
83 120 0
84 106 0
85 98 0
86 106 0
87 117 0
88 113 0
89 109 0
90 104 0
91 110 0
92 114 0
93 97 0
94 76 0
95 73 0
96 99 0
97 111 0
98 107 0
99 90 0
100 95 0
101 120 0
102 131 0
103 122 0
104 103 0
105 87 0
106 85 0
107 94 0
108 96 0
109 96 0
110 99 0
111 101 0
112 121 0
113 140 0
114 129 0
115 128 0
116 134 0
117 127 0
118 132 0
119 142 0
120 147 0
121 124 0
122 131 0
123 142 0
124 131 0
125 131 0
126 135 0
127 120 0
128 134 0
129 144 0
130 119 0
131 78 0
132 80 0
133 76 0
134 50 0
135 60 0
136 105 0
137 125 0
138 111 0
139 101 0
140 123 0
141 118 0
142 94 0
143 96 0
144 110 0
145 120 0
146 116 0
147 95 0
148 83 0
149 88 0
150 94 0
151 93 0
152 77 0
153 69 0
154 82 0
155 113 0
156 126 0
157 118 0
158 117 0
159 128 0
160 136 0
161 131 0
162 130 0
163 128 0
164 122 0
165 115 0
166 98 0
167 74 0
168 63 0
169 91 0
170 109 0
171 105 0
172 91 0
173 78 0
174 87 0
175 112 0
176 119 0
177 146 0
178 163 0
179 161 0
180 165 0
181 177 0
182 170 0
183 151 0
184 140 0
185 154 0
186 105 0
187 49 0
188 44 0
189 36 0
190 29 0
191 53 0
192 89 0
193 119 0
194 68 0
195 37 0
196 96 0
197 136 0
198 127 0
199 118 0
200 151 0
201 189 0
202 209 0
203 190 0
204 114 0
205 82 0
206 46 0
207 15 0
208 4 0
209 6 0
210 7 0
211 6 0
212 3 0
213 3 0
214 5 0
215 7 0
216 2 0
217 3 0
218 3 0
219 2 0
220 2 0
221 2 0
222 5 0
223 7 0
224 3 0
225 3 0
226 3 0
227 3 0
228 3 0
229 3 0
230 3 0
231 3 0
232 6 0
233 6 0
234 5 0
235 3 0
236 2 0
237 0 0
238 0 0
239 0 0
240 1 0
241 2 0
242 2 0
243 2 0
244 3 0
245 3 0
246 4 0
247 4 0
248 3 0
249 3 0
250 3 0
251 3 0
252 3 0
253 3 0
254 3 0
255 3 0

0 2 0
1 3 0
2 3 0
3 3 0
4 4 0
5 4 0
6 4 0
7 4 0
8 5 0
9 5 0
10 5 0
11 5 0
12 5 0
13 5 0
14 5 0
15 5 0
16 4 0
17 4 0
18 4 0
19 4 0
20 5 0
21 6 0
22 8 0
23 8 0
24 7 0
25 7 0
26 6 0
27 6 0
28 5 0
29 4 0
30 4 0
31 3 0
32 6 0
33 6 0
34 0 0
35 5 0
36 8 0
37 0 0
38 82 0
39 133 0
40 147 0
41 159 0
42 134 0
43 123 0
44 113 0
45 114 0
46 103 0
47 22 0
48 24 0
49 9 0
50 2 0
51 15 0
52 0 0
53 13 0
54 35 0
55 52 0
56 74 0
57 105 0
58 139 0
59 166 0
60 181 0
61 171 0
62 146 0
63 130 0
64 107 0
65 73 0
66 53 0
67 66 0
68 75 0
69 53 0
70 17 0
71 0 0
72 7 0
73 19 0
74 32 0
75 32 0
76 17 0
77 4 0
78 6 0
79 16 0
80 74 0
81 104 0
82 118 0
83 117 0
84 113 0
85 99 0
86 91 0
87 102 0
88 101 0
89 106 0
90 104 0
91 100 0
92 87 0
93 60 0
94 63 0
95 98 0
96 112 0
97 116 0
98 99 0
99 79 0
100 93 0
101 125 0
102 124 0
103 98 0
104 76 0
105 89 0
106 112 0
107 121 0
108 116 0
109 119 0
110 125 0
111 122 0
112 114 0
113 122 0
114 126 0
115 122 0
116 121 0
117 127 0
118 134 0
119 137 0
120 129 0
121 126 0
122 132 0
123 135 0
124 129 0
125 128 0
126 132 0
127 129 0
128 125 0
129 139 0
130 125 0
131 102 0
132 99 0
133 86 0
134 61 0
135 49 0
136 82 0
137 95 0
138 109 0
139 118 0
140 126 0
141 125 0
142 106 0
143 83 0
144 88 0
145 109 0
146 119 0
147 122 0
148 118 0
149 94 0
150 74 0
151 78 0
152 83 0
153 69 0
154 67 0
155 87 0
156 111 0
157 121 0
158 115 0
159 109 0
160 113 0
161 117 0
162 127 0
163 132 0
164 118 0
165 90 0
166 65 0
167 54 0
168 36 0
169 41 0
170 61 0
171 83 0
172 87 0
173 76 0
174 74 0
175 84 0
176 117 0
177 136 0
178 147 0
179 147 0
180 159 0
181 177 0
182 168 0
183 145 0
184 157 0
185 159 0
186 109 0
187 49 0
188 68 0
189 44 0
190 53 0
191 101 0
192 127 0
193 119 0
194 27 0
195 14 0
196 100 0
197 141 0
198 106 0
199 128 0
200 151 0
201 169 0
202 184 0
203 183 0
204 148 0
205 111 0
206 79 0
207 28 0
208 10 0
209 5 0
210 4 0
211 0 0
212 6 0
213 12 0
214 1 0
215 7 0
216 3 0
217 4 0
218 5 0
219 5 0
220 5 0
221 5 0
222 4 0
223 3 0
224 6 0
225 6 0
226 6 0
227 6 0
228 5 0
229 5 0
230 5 0
231 4 0
232 4 0
233 3 0
234 3 0
235 3 0
236 2 0
237 2 0
238 1 0
239 1 0
240 3 0
241 3 0
242 3 0
243 3 0
244 3 0
245 3 0
246 3 0
247 3 0
248 4 0
249 5 0
250 6 0
251 7 0
252 7 0
253 6 0
254 5 0
255 4 0

0 2 0
1 3 0
2 3 0
3 3 0
4 4 0
5 4 0
6 4 0
7 4 0
8 5 0
9 5 0
10 5 0
11 5 0
12 5 0
13 5 0
14 5 0
15 5 0
16 4 0
17 4 0
18 4 0
19 4 0
20 5 0
21 6 0
22 7 0
23 8 0
24 7 0
25 7 0
26 6 0
27 6 0
28 5 0
29 4 0
30 4 0
31 3 0
32 5 0
33 6 0
34 1 0
35 5 0
36 7 0
37 19 0
38 121 0
39 170 0
40 155 0
41 120 0
42 107 0
43 147 0
44 145 0
45 127 0
46 119 0
47 57 0
48 12 0
49 0 0
50 0 0
51 14 0
52 2 0
53 4 0
54 7 0
55 5 0
56 42 0
57 70 0
58 104 0
59 106 0
60 110 0
61 156 0
62 170 0
63 123 0
64 90 0
65 67 0
66 48 0
67 43 0
68 35 0
69 20 0
70 10 0
71 10 0
72 9 0
73 7 0
74 8 0
75 10 0
76 8 0
77 1 0
78 0 0
79 0 0
80 35 0
81 69 0
82 109 0
83 126 0
84 108 0
85 73 0
86 65 0
87 83 0
88 105 0
89 113 0
90 96 0
91 64 0
92 55 0
93 74 0
94 102 0
95 123 0
96 118 0
97 121 0
98 108 0
99 88 0
100 92 0
101 116 0
102 125 0
103 116 0
104 130 0
105 128 0
106 133 0
107 137 0
108 136 0
109 141 0
110 139 0
111 128 0
112 115 0
113 123 0
114 129 0
115 128 0
116 129 0
117 135 0
118 142 0
119 144 0
120 130 0
121 118 0
122 120 0
123 130 0
124 135 0
125 139 0
126 138 0
127 129 0
128 127 0
129 139 0
130 128 0
131 113 0
132 118 0
133 117 0
134 101 0
135 93 0
136 88 0
137 100 0
138 114 0
139 123 0
140 130 0
141 129 0
142 111 0
143 91 0
144 121 0
145 115 0
146 117 0
147 127 0
148 124 0
149 93 0
150 67 0
151 63 0
152 64 0
153 82 0
154 96 0
155 94 0
156 81 0
157 76 0
158 86 0
159 98 0
160 107 0
161 109 0
162 121 0
163 130 0
164 111 0
165 70 0
166 36 0
167 23 0
168 19 0
169 23 0
170 35 0
171 50 0
172 57 0
173 60 0
174 71 0
175 85 0
176 115 0
177 142 0
178 154 0
179 137 0
180 123 0
181 125 0
182 122 0
183 111 0
184 135 0
185 140 0
186 101 0
187 63 0
188 29 0
189 19 0
190 47 0
191 118 0
192 158 0
193 122 0
194 16 0
195 4 0
196 89 0
197 134 0
198 105 0
199 123 0
200 127 0
201 143 0
202 155 0
203 156 0
204 130 0
205 105 0
206 80 0
207 29 0
208 13 0
209 5 0
210 5 0
211 0 0
212 5 0
213 10 0
214 1 0
215 7 0
216 3 0
217 4 0
218 5 0
219 5 0
220 5 0
221 5 0
222 4 0
223 3 0
224 6 0
225 5 0
226 5 0
227 5 0
228 5 0
229 4 0
230 4 0
231 4 0
232 5 0
233 5 0
234 4 0
235 4 0
236 3 0
237 3 0
238 3 0
239 3 0
240 3 0
241 3 0
242 3 0
243 3 0
244 3 0
245 3 0
246 3 0
247 3 0
248 3 0
249 4 0
250 6 0
251 7 0
252 7 0
253 6 0
254 4 0
255 3 0

0 2 0
1 3 0
2 3 0
3 3 0
4 4 0
5 4 0
6 4 0
7 4 0
8 5 0
9 5 0
10 5 0
11 5 0
12 5 0
13 5 0
14 5 0
15 5 0
16 5 0
17 4 0
18 4 0
19 4 0
20 5 0
21 6 0
22 7 0
23 7 0
24 7 0
25 7 0
26 6 0
27 6 0
28 5 0
29 4 0
30 4 0
31 3 0
32 1 0
33 2 0
34 2 0
35 2 0
36 0 0
37 35 0
38 141 0
39 179 0
40 158 0
41 82 0
42 65 0
43 136 0
44 158 0
45 145 0
46 141 0
47 91 0
48 48 0
49 13 0
50 6 0
51 8 0
52 6 0
53 0 0
54 5 0
55 0 0
56 18 0
57 8 0
58 4 0
59 1 0
60 11 0
61 54 0
62 88 0
63 86 0
64 61 0
65 57 0
66 50 0
67 39 0
68 22 0
69 8 0
70 4 0
71 7 0
72 18 0
73 11 0
74 7 0
75 10 0
76 12 0
77 10 0
78 6 0
79 5 0
80 0 0
81 26 0
82 64 0
83 78 0
84 59 0
85 46 0
86 59 0
87 76 0
88 86 0
89 83 0
90 64 0
91 38 0
92 45 0
93 91 0
94 123 0
95 122 0
96 99 0
97 125 0
98 130 0
99 106 0
100 98 0
101 120 0
102 139 0
103 138 0
104 143 0
105 134 0
106 131 0
107 131 0
108 130 0
109 136 0
110 136 0
111 124 0
112 115 0
113 122 0
114 129 0
115 131 0
116 134 0
117 140 0
118 144 0
119 146 0
120 136 0
121 124 0
122 126 0
123 137 0
124 142 0
125 145 0
126 144 0
127 135 0
128 132 0
129 139 0
130 131 0
131 123 0
132 135 0
133 144 0
134 138 0
135 133 0
136 139 0
137 144 0
138 146 0
139 143 0
140 141 0
141 136 0
142 120 0
143 104 0
144 118 0
145 121 0
146 128 0
147 121 0
148 98 0
149 85 0
150 92 0
151 100 0
152 82 0
153 69 0
154 75 0
155 92 0
156 81 0
157 49 0
158 43 0
159 62 0
160 81 0
161 102 0
162 102 0
163 76 0
164 60 0
165 57 0
166 38 0
167 7 0
168 6 0
169 9 0
170 11 0
171 13 0
172 16 0
173 26 0
174 40 0
175 50 0
176 65 0
177 79 0
178 84 0
179 79 0
180 85 0
181 99 0
182 95 0
183 79 0
184 51 0
185 62 0
186 48 0
187 64 0
188 11 0
189 15 0
190 25 0
191 82 0
192 133 0
193 91 0
194 10 0
195 25 0
196 105 0
197 143 0
198 111 0
199 118 0
200 114 0
201 145 0
202 167 0
203 161 0
204 123 0
205 102 0
206 100 0
207 71 0
208 19 0
209 6 0
210 5 0
211 1 0
212 5 0
213 9 0
214 0 0
215 6 0
216 3 0
217 4 0
218 5 0
219 5 0
220 5 0
221 5 0
222 4 0
223 3 0
224 5 0
225 5 0
226 4 0
227 4 0
228 4 0
229 3 0
230 3 0
231 3 0
232 6 0
233 6 0
234 6 0
235 6 0
236 5 0
237 5 0
238 5 0
239 5 0
240 3 0
241 3 0
242 3 0
243 3 0
244 3 0
245 3 0
246 3 0
247 3 0
248 3 0
249 4 0
250 5 0
251 6 0
252 6 0
253 5 0
254 4 0
255 3 0

0 2 0
1 3 0
2 3 0
3 3 0
4 4 0
5 4 0
6 4 0
7 4 0
8 5 0
9 5 0
10 5 0
11 5 0
12 5 0
13 5 0
14 5 0
15 5 0
16 6 0
17 5 0
18 5 0
19 4 0
20 4 0
21 5 0
22 6 0
23 7 0
24 7 0
25 7 0
26 6 0
27 6 0
28 5 0
29 4 0
30 4 0
31 3 0
32 1 0
33 2 0
34 7 0
35 5 0
36 0 0
37 44 0
38 136 0
39 156 0
40 141 0
41 87 0
42 63 0
43 105 0
44 131 0
45 137 0
46 141 0
47 110 0
48 85 0
49 35 0
50 16 0
51 4 0
52 8 0
53 2 0
54 19 0
55 12 0
56 0 0
57 7 0
58 10 0
59 39 0
60 71 0
61 38 0
62 5 0
63 28 0
64 42 0
65 45 0
66 44 0
67 36 0
68 25 0
69 15 0
70 3 0
71 0 0
72 4 0
73 6 0
74 9 0
75 10 0
76 5 0
77 2 0
78 6 0
79 14 0
80 8 0
81 20 0
82 33 0
83 26 0
84 19 0
85 47 0
86 75 0
87 72 0
88 62 0
89 51 0
90 50 0
91 51 0
92 56 0
93 87 0
94 120 0
95 127 0
96 105 0
97 124 0
98 120 0
99 98 0
100 106 0
101 142 0
102 154 0
103 138 0
104 138 0
105 135 0
106 137 0
107 134 0
108 127 0
109 132 0
110 137 0
111 132 0
112 117 0
113 121 0
114 126 0
115 130 0
116 134 0
117 137 0
118 139 0
119 140 0
120 137 0
121 130 0
122 137 0
123 143 0
124 137 0
125 133 0
126 136 0
127 137 0
128 135 0
129 137 0
130 131 0
131 127 0
132 138 0
133 149 0
134 148 0
135 142 0
136 145 0
137 146 0
138 143 0
139 138 0
140 137 0
141 139 0
142 135 0
143 128 0
144 101 0
145 120 0
146 127 0
147 95 0
148 64 0
149 86 0
150 125 0
151 133 0
152 95 0
153 59 0
154 43 0
155 63 0
156 75 0
157 54 0
158 24 0
159 11 0
160 39 0
161 63 0
162 56 0
163 19 0
164 13 0
165 38 0
166 40 0
167 14 0
168 0 0
169 5 0
170 6 0
171 0 0
172 0 0
173 2 0
174 8 0
175 8 0
176 12 0
177 10 0
178 4 0
179 6 0
180 26 0
181 44 0
182 35 0
183 12 0
184 16 0
185 24 0
186 2 0
187 27 0
188 2 0
189 34 0
190 50 0
191 105 0
192 108 0
193 62 0
194 14 0
195 67 0
196 154 0
197 193 0
198 153 0
199 132 0
200 143 0
201 151 0
202 156 0
203 159 0
204 146 0
205 139 0
206 128 0
207 85 0
208 28 0
209 6 0
210 5 0
211 4 0
212 4 0
213 6 0
214 1 0
215 5 0
216 3 0
217 4 0
218 5 0
219 5 0
220 5 0
221 5 0
222 4 0
223 3 0
224 4 0
225 4 0
226 4 0
227 4 0
228 3 0
229 3 0
230 3 0
231 2 0
232 7 0
233 7 0
234 7 0
235 7 0
236 7 0
237 7 0
238 7 0
239 7 0
240 3 0
241 3 0
242 3 0
243 3 0
244 3 0
245 3 0
246 3 0
247 3 0
248 2 0
249 3 0
250 5 0
251 5 0
252 5 0
253 5 0
254 3 0
255 2 0

0 2 0
1 3 0
2 3 0
3 3 0
4 4 0
5 4 0
6 4 0
7 4 0
8 5 0
9 5 0
10 5 0
11 5 0
12 5 0
13 5 0
14 5 0
15 5 0
16 7 0
17 6 0
18 5 0
19 4 0
20 4 0
21 5 0
22 5 0
23 6 0
24 7 0
25 7 0
26 6 0
27 6 0
28 5 0
29 4 0
30 4 0
31 3 0
32 5 0
33 3 0
34 10 0
35 13 0
36 7 0
37 65 0
38 142 0
39 157 0
40 152 0
41 138 0
42 115 0
43 118 0
44 131 0
45 131 0
46 130 0
47 123 0
48 66 0
49 22 0
50 13 0
51 9 0
52 14 0
53 3 0
54 16 0
55 8 0
56 3 0
57 20 0
58 7 0
59 7 0
60 35 0
61 24 0
62 1 0
63 14 0
64 33 0
65 33 0
66 27 0
67 16 0
68 9 0
69 7 0
70 3 0
71 0 0
72 0 0
73 2 0
74 8 0
75 9 0
76 3 0
77 0 0
78 3 0
79 11 0
80 14 0
81 16 0
82 19 0
83 9 0
84 4 0
85 30 0
86 48 0
87 36 0
88 36 0
89 35 0
90 47 0
91 50 0
92 40 0
93 57 0
94 96 0
95 118 0
96 126 0
97 100 0
98 73 0
99 78 0
100 116 0
101 150 0
102 148 0
103 126 0
104 139 0
105 138 0
106 142 0
107 141 0
108 135 0
109 138 0
110 141 0
111 133 0
112 125 0
113 125 0
114 127 0
115 131 0
116 134 0
117 136 0
118 136 0
119 137 0
120 132 0
121 124 0
122 131 0
123 139 0
124 132 0
125 127 0
126 130 0
127 132 0
128 133 0
129 131 0
130 130 0
131 130 0
132 135 0
133 146 0
134 146 0
135 138 0
136 137 0
137 138 0
138 137 0
139 134 0
140 134 0
141 137 0
142 137 0
143 135 0
144 116 0
145 113 0
146 107 0
147 88 0
148 80 0
149 106 0
150 121 0
151 103 0
152 101 0
153 106 0
154 83 0
155 52 0
156 56 0
157 78 0
158 59 0
159 14 0
160 12 0
161 11 0
162 11 0
163 11 0
164 10 0
165 10 0
166 12 0
167 15 0
168 0 0
169 5 0
170 7 0
171 1 0
172 0 0
173 4 0
174 5 0
175 0 0
176 6 0
177 13 0
178 14 0
179 8 0
180 6 0
181 12 0
182 12 0
183 7 0
184 5 0
185 26 0
186 4 0
187 6 0
188 15 0
189 45 0
190 62 0
191 111 0
192 95 0
193 35 0
194 2 0
195 71 0
196 158 0
197 215 0
198 186 0
199 144 0
200 126 0
201 130 0
202 136 0
203 146 0
204 138 0
205 131 0
206 126 0
207 90 0
208 36 0
209 5 0
210 5 0
211 7 0
212 3 0
213 4 0
214 1 0
215 6 0
216 3 0
217 4 0
218 5 0
219 5 0
220 5 0
221 5 0
222 4 0
223 3 0
224 4 0
225 4 0
226 4 0
227 4 0
228 3 0
229 3 0
230 3 0
231 2 0
232 7 0
233 7 0
234 7 0
235 7 0
236 7 0
237 7 0
238 8 0
239 8 0
240 3 0
241 3 0
242 3 0
243 3 0
244 3 0
245 3 0
246 3 0
247 3 0
248 1 0
249 2 0
250 4 0
251 5 0
252 5 0
253 4 0
254 2 0
255 1 0

0 2 0
1 3 0
2 3 0
3 3 0
4 4 0
5 4 0
6 4 0
7 4 0
8 5 0
9 5 0
10 5 0
11 5 0
12 5 0
13 5 0
14 5 0
15 5 0
16 7 0
17 7 0
18 6 0
19 5 0
20 4 0
21 4 0
22 4 0
23 5 0
24 7 0
25 7 0
26 6 0
27 6 0
28 5 0
29 4 0
30 4 0
31 3 0
32 5 0
33 0 0
34 4 0
35 16 0
36 20 0
37 86 0
38 157 0
39 189 0
40 193 0
41 152 0
42 119 0
43 130 0
44 152 0
45 142 0
46 113 0
47 96 0
48 42 0
49 7 0
50 5 0
51 14 0
52 13 0
53 4 0
54 11 0
55 7 0
56 1 0
57 0 0
58 10 0
59 15 0
60 11 0
61 18 0
62 17 0
63 0 0
64 18 0
65 22 0
66 20 0
67 10 0
68 0 0
69 0 0
70 1 0
71 4 0
72 12 0
73 8 0
74 7 0
75 11 0
76 13 0
77 9 0
78 5 0
79 3 0
80 4 0
81 0 0
82 3 0
83 6 0
84 0 0
85 0 0
86 6 0
87 14 0
88 23 0
89 33 0
90 39 0
91 33 0
92 36 0
93 61 0
94 77 0
95 71 0
96 85 0
97 51 0
98 50 0
99 98 0
100 135 0
101 134 0
102 126 0
103 132 0
104 133 0
105 125 0
106 126 0
107 132 0
108 138 0
109 146 0
110 144 0
111 129 0
112 136 0
113 131 0
114 128 0
115 132 0
116 136 0
117 137 0
118 138 0
119 140 0
120 139 0
121 123 0
122 124 0
123 139 0
124 144 0
125 143 0
126 142 0
127 138 0
128 126 0
129 123 0
130 129 0
131 134 0
132 136 0
133 145 0
134 149 0
135 140 0
136 139 0
137 142 0
138 145 0
139 146 0
140 143 0
141 140 0
142 136 0
143 134 0
144 134 0
145 108 0
146 100 0
147 114 0
148 125 0
149 119 0
150 102 0
151 85 0
152 124 0
153 136 0
154 111 0
155 62 0
156 53 0
157 80 0
158 76 0
159 42 0
160 13 0
161 9 0
162 8 0
163 11 0
164 8 0
165 1 0
166 0 0
167 6 0
168 0 0
169 5 0
170 6 0
171 1 0
172 0 0
173 5 0
174 6 0
175 3 0
176 0 0
177 1 0
178 10 0
179 5 0
180 0 0
181 0 0
182 6 0
183 11 0
184 0 0
185 18 0
186 11 0
187 13 0
188 44 0
189 47 0
190 29 0
191 37 0
192 41 0
193 7 0
194 9 0
195 71 0
196 123 0
197 189 0
198 192 0
199 153 0
200 86 0
201 104 0
202 127 0
203 139 0
204 114 0
205 97 0
206 112 0
207 106 0
208 43 0
209 4 0
210 4 0
211 10 0
212 2 0
213 3 0
214 3 0
215 7 0
216 3 0
217 4 0
218 5 0
219 5 0
220 5 0
221 5 0
222 4 0
223 3 0
224 5 0
225 5 0
226 4 0
227 4 0
228 4 0
229 3 0
230 3 0
231 3 0
232 6 0
233 6 0
234 6 0
235 6 0
236 7 0
237 7 0
238 7 0
239 7 0
240 3 0
241 3 0
242 3 0
243 3 0
244 3 0
245 3 0
246 3 0
247 3 0
248 1 0
249 2 0
250 3 0
251 4 0
252 4 0
253 3 0
254 2 0
255 1 0

0 2 0
1 3 0
2 3 0
3 3 0
4 4 0
5 4 0
6 4 0
7 4 0
8 5 0
9 5 0
10 5 0
11 5 0
12 5 0
13 5 0
14 5 0
15 5 0
16 8 0
17 7 0
18 6 0
19 5 0
20 4 0
21 4 0
22 4 0
23 4 0
24 7 0
25 7 0
26 6 0
27 6 0
28 5 0
29 4 0
30 4 0
31 3 0
32 4 0
33 0 0
34 0 0
35 16 0
36 23 0
37 86 0
38 153 0
39 209 0
40 224 0
41 122 0
42 80 0
43 115 0
44 150 0
45 157 0
46 126 0
47 83 0
48 51 0
49 15 0
50 2 0
51 17 0
52 6 0
53 6 0
54 10 0
55 13 0
56 10 0
57 0 0
58 6 0
59 24 0
60 9 0
61 6 0
62 12 0
63 0 0
64 13 0
65 14 0
66 16 0
67 14 0
68 8 0
69 2 0
70 2 0
71 5 0
72 13 0
73 5 0
74 0 0
75 5 0
76 9 0
77 7 0
78 0 0
79 0 0
80 6 0
81 3 0
82 3 0
83 9 0
84 10 0
85 0 0
86 3 0
87 21 0
88 19 0
89 38 0
90 38 0
91 29 0
92 49 0
93 76 0
94 72 0
95 50 0
96 33 0
97 26 0
98 60 0
99 123 0
100 147 0
101 126 0
102 121 0
103 141 0
104 133 0
105 125 0
106 125 0
107 130 0
108 135 0
109 146 0
110 148 0
111 137 0
112 137 0
113 128 0
114 123 0
115 127 0
116 133 0
117 137 0
118 140 0
119 144 0
120 143 0
121 125 0
122 127 0
123 143 0
124 148 0
125 146 0
126 145 0
127 142 0
128 123 0
129 120 0
130 130 0
131 137 0
132 134 0
133 142 0
134 151 0
135 143 0
136 124 0
137 129 0
138 136 0
139 141 0
140 143 0
141 142 0
142 144 0
143 146 0
144 138 0
145 109 0
146 94 0
147 113 0
148 130 0
149 118 0
150 106 0
151 114 0
152 129 0
153 115 0
154 86 0
155 60 0
156 55 0
157 60 0
158 50 0
159 30 0
160 15 0
161 17 0
162 14 0
163 4 0
164 0 0
165 4 0
166 6 0
167 4 0
168 4 0
169 5 0
170 5 0
171 3 0
172 1 0
173 0 0
174 0 0
175 0 0
176 8 0
177 11 0
178 12 0
179 11 0
180 9 0
181 8 0
182 6 0
183 5 0
184 17 0
185 14 0
186 6 0
187 14 0
188 30 0
189 32 0
190 16 0
191 8 0
192 5 0
193 2 0
194 41 0
195 94 0
196 111 0
197 178 0
198 197 0
199 153 0
200 106 0
201 98 0
202 106 0
203 132 0
204 125 0
205 109 0
206 114 0
207 101 0
208 48 0
209 2 0
210 3 0
211 12 0
212 1 0
213 2 0
214 4 0
215 9 0
216 3 0
217 4 0
218 5 0
219 5 0
220 5 0
221 5 0
222 4 0
223 3 0
224 6 0
225 5 0
226 5 0
227 5 0
228 5 0
229 4 0
230 4 0
231 4 0
232 4 0
233 4 0
234 5 0
235 5 0
236 5 0
237 6 0
238 6 0
239 6 0
240 3 0
241 3 0
242 3 0
243 3 0
244 3 0
245 3 0
246 3 0
247 3 0
248 0 0
249 1 0
250 3 0
251 4 0
252 4 0
253 3 0
254 1 0
255 0 0

0 2 0
1 3 0
2 3 0
3 3 0
4 4 0
5 4 0
6 4 0
7 4 0
8 5 0
9 5 0
10 5 0
11 5 0
12 5 0
13 5 0
14 5 0
15 5 0
16 8 0
17 8 0
18 6 0
19 5 0
20 4 0
21 4 0
22 4 0
23 4 0
24 7 0
25 7 0
26 6 0
27 6 0
28 5 0
29 4 0
30 4 0
31 3 0
32 9 0
33 5 0
34 4 0
35 21 0
36 24 0
37 77 0
38 137 0
39 207 0
40 250 0
41 122 0
42 88 0
43 127 0
44 150 0
45 183 0
46 184 0
47 136 0
48 61 0
49 25 0
50 4 0
51 21 0
52 2 0
53 5 0
54 2 0
55 6 0
56 7 0
57 10 0
58 6 0
59 3 0
60 7 0
61 6 0
62 4 0
63 8 0
64 25 0
65 12 0
66 3 0
67 5 0
68 9 0
69 8 0
70 7 0
71 8 0
72 12 0
73 8 0
74 7 0
75 9 0
76 9 0
77 6 0
78 4 0
79 5 0
80 0 0
81 9 0
82 5 0
83 5 0
84 17 0
85 15 0
86 3 0
87 4 0
88 0 0
89 28 0
90 32 0
91 17 0
92 26 0
93 45 0
94 55 0
95 63 0
96 39 0
97 39 0
98 66 0
99 114 0
100 142 0
101 140 0
102 132 0
103 134 0
104 134 0
105 132 0
106 133 0
107 127 0
108 119 0
109 124 0
110 134 0
111 133 0
112 132 0
113 121 0
114 115 0
115 119 0
116 127 0
117 133 0
118 138 0
119 144 0
120 132 0
121 121 0
122 128 0
123 139 0
124 132 0
125 124 0
126 127 0
127 132 0
128 123 0
129 119 0
130 131 0
131 137 0
132 129 0
133 136 0
134 147 0
135 140 0
136 145 0
137 145 0
138 145 0
139 143 0
140 140 0
141 138 0
142 142 0
143 148 0
144 144 0
145 112 0
146 75 0
147 76 0
148 103 0
149 114 0
150 120 0
151 140 0
152 118 0
153 112 0
154 89 0
155 64 0
156 61 0
157 67 0
158 46 0
159 13 0
160 5 0
161 0 0
162 0 0
163 13 0
164 12 0
165 0 0
166 0 0
167 10 0
168 3 0
169 3 0
170 6 0
171 8 0
172 7 0
173 3 0
174 1 0
175 1 0
176 3 0
177 6 0
178 9 0
179 9 0
180 7 0
181 3 0
182 1 0
183 0 0
184 8 0
185 0 0
186 6 0
187 24 0
188 0 0
189 3 0
190 10 0
191 16 0
192 14 0
193 6 0
194 43 0
195 93 0
196 109 0
197 182 0
198 193 0
199 123 0
200 123 0
201 110 0
202 118 0
203 143 0
204 130 0
205 106 0
206 113 0
207 110 0
208 49 0
209 1 0
210 2 0
211 13 0
212 1 0
213 2 0
214 5 0
215 10 0
216 3 0
217 4 0
218 5 0
219 5 0
220 5 0
221 5 0
222 4 0
223 3 0
224 6 0
225 6 0
226 6 0
227 6 0
228 5 0
229 5 0
230 5 0
231 4 0
232 3 0
233 3 0
234 3 0
235 4 0
236 4 0
237 5 0
238 5 0
239 5 0
240 3 0
241 3 0
242 3 0
243 3 0
244 3 0
245 3 0
246 3 0
247 3 0
248 0 0
249 1 0
250 2 0
251 3 0
252 3 0
253 2 0
254 1 0
255 0 0

0 4 0
1 4 0
2 4 0
3 3 0
4 2 0
5 2 0
6 1 0
7 1 0
8 4 0
9 4 0
10 4 0
11 4 0
12 4 0
13 4 0
14 4 0
15 4 0
16 2 0
17 1 0
18 0 0
19 2 0
20 5 0
21 5 0
22 3 0
23 1 0
24 5 0
25 5 0
26 5 0
27 4 0
28 3 0
29 2 0
30 2 0
31 2 0
32 10 0
33 9 0
34 3 0
35 11 0
36 39 0
37 123 0
38 121 0
39 188 0
40 215 0
41 157 0
42 131 0
43 135 0
44 147 0
45 187 0
46 205 0
47 173 0
48 96 0
49 48 0
50 2 0
51 16 0
52 18 0
53 0 0
54 2 0
55 0 0
56 5 0
57 6 0
58 7 0
59 8 0
60 8 0
61 7 0
62 5 0
63 4 0
64 9 0
65 6 0
66 9 0
67 17 0
68 16 0
69 8 0
70 7 0
71 13 0
72 1 0
73 4 0
74 5 0
75 2 0
76 2 0
77 6 0
78 7 0
79 6 0
80 5 0
81 1 0
82 8 0
83 3 0
84 4 0
85 13 0
86 13 0
87 22 0
88 19 0
89 13 0
90 7 0
91 11 0
92 30 0
93 49 0
94 54 0
95 48 0
96 32 0
97 39 0
98 63 0
99 117 0
100 141 0
101 128 0
102 130 0
103 135 0
104 135 0
105 139 0
106 137 0
107 135 0
108 138 0
109 134 0
110 132 0
111 140 0
112 130 0
113 123 0
114 120 0
115 125 0
116 131 0
117 133 0
118 137 0
119 142 0
120 134 0
121 118 0
122 123 0
123 137 0
124 129 0
125 116 0
126 120 0
127 129 0
128 124 0
129 135 0
130 136 0
131 134 0
132 137 0
133 136 0
134 141 0
135 153 0
136 139 0
137 140 0
138 139 0
139 140 0
140 147 0
141 149 0
142 139 0
143 124 0
144 159 0
145 128 0
146 69 0
147 31 0
148 47 0
149 84 0
150 102 0
151 105 0
152 100 0
153 90 0
154 71 0
155 43 0
156 36 0
157 60 0
158 55 0
159 13 0
160 6 0
161 5 0
162 7 0
163 11 0
164 11 0
165 8 0
166 3 0
167 1 0
168 6 0
169 8 0
170 10 0
171 10 0
172 7 0
173 3 0
174 3 0
175 5 0
176 0 0
177 6 0
178 12 0
179 15 0
180 13 0
181 8 0
182 4 0
183 3 0
184 0 0
185 6 0
186 4 0
187 22 0
188 19 0
189 8 0
190 24 0
191 18 0
192 12 0
193 6 0
194 41 0
195 107 0
196 141 0
197 174 0
198 186 0
199 124 0
200 109 0
201 106 0
202 101 0
203 127 0
204 138 0
205 114 0
206 104 0
207 105 0
208 65 0
209 14 0
210 4 0
211 8 0
212 0 0
213 0 0
214 3 0
215 15 0
216 9 0
217 10 0
218 10 0
219 6 0
220 3 0
221 3 0
222 7 0
223 10 0
224 2 0
225 2 0
226 2 0
227 2 0
228 2 0
229 2 0
230 2 0
231 2 0
232 1 0
233 2 0
234 4 0
235 6 0
236 6 0
237 4 0
238 2 0
239 1 0
240 1 0
241 1 0
242 1 0
243 1 0
244 1 0
245 1 0
246 1 0
247 1 0
248 5 0
249 5 0
250 5 0
251 5 0
252 5 0
253 5 0
254 5 0
255 5 0

0 4 0
1 4 0
2 4 0
3 3 0
4 2 0
5 2 0
6 1 0
7 1 0
8 5 0
9 5 0
10 5 0
11 5 0
12 5 0
13 5 0
14 5 0
15 5 0
16 3 0
17 2 0
18 1 0
19 3 0
20 5 0
21 6 0
22 4 0
23 2 0
24 4 0
25 4 0
26 4 0
27 4 0
28 3 0
29 3 0
30 3 0
31 3 0
32 1 0
33 5 0
34 16 0
35 26 0
36 61 0
37 128 0
38 129 0
39 194 0
40 217 0
41 135 0
42 97 0
43 113 0
44 145 0
45 198 0
46 208 0
47 157 0
48 121 0
49 75 0
50 13 0
51 4 0
52 10 0
53 2 0
54 9 0
55 5 0
56 4 0
57 4 0
58 4 0
59 4 0
60 4 0
61 4 0
62 5 0
63 5 0
64 8 0
65 4 0
66 6 0
67 11 0
68 9 0
69 2 0
70 1 0
71 8 0
72 5 0
73 6 0
74 4 0
75 0 0
76 0 0
77 2 0
78 5 0
79 6 0
80 7 0
81 0 0
82 4 0
83 2 0
84 10 0
85 22 0
86 19 0
87 25 0
88 9 0
89 1 0
90 2 0
91 16 0
92 27 0
93 34 0
94 44 0
95 56 0
96 40 0
97 43 0
98 61 0
99 110 0
100 132 0
101 124 0
102 132 0
103 140 0
104 135 0
105 141 0
106 139 0
107 134 0
108 131 0
109 128 0
110 133 0
111 145 0
112 118 0
113 117 0
114 121 0
115 130 0
116 136 0
117 134 0
118 132 0
119 132 0
120 130 0
121 117 0
122 123 0
123 138 0
124 135 0
125 126 0
126 126 0
127 128 0
128 123 0
129 131 0
130 133 0
131 137 0
132 147 0
133 147 0
134 145 0
135 149 0
136 143 0
137 137 0
138 132 0
139 134 0
140 143 0
141 148 0
142 142 0
143 133 0
144 160 0
145 129 0
146 80 0
147 44 0
148 35 0
149 33 0
150 33 0
151 40 0
152 53 0
153 54 0
154 60 0
155 63 0
156 61 0
157 62 0
158 56 0
159 41 0
160 27 0
161 26 0
162 15 0
163 2 0
164 3 0
165 15 0
166 17 0
167 10 0
168 12 0
169 9 0
170 7 0
171 7 0
172 8 0
173 7 0
174 5 0
175 4 0
176 6 0
177 7 0
178 9 0
179 8 0
180 7 0
181 5 0
182 3 0
183 3 0
184 22 0
185 9 0
186 19 0
187 17 0
188 10 0
189 34 0
190 38 0
191 7 0
192 13 0
193 9 0
194 75 0
195 154 0
196 174 0
197 180 0
198 169 0
199 123 0
200 124 0
201 112 0
202 98 0
203 113 0
204 117 0
205 101 0
206 109 0
207 118 0
208 63 0
209 12 0
210 4 0
211 15 0
212 10 0
213 5 0
214 3 0
215 13 0
216 5 0
217 5 0
218 4 0
219 2 0
220 1 0
221 1 0
222 3 0
223 5 0
224 4 0
225 4 0
226 4 0
227 4 0
228 4 0
229 4 0
230 4 0
231 4 0
232 3 0
233 3 0
234 4 0
235 4 0
236 4 0
237 4 0
238 3 0
239 3 0
240 1 0
241 1 0
242 1 0
243 1 0
244 1 0
245 1 0
246 1 0
247 1 0
248 1 0
249 1 0
250 1 0
251 1 0
252 1 0
253 1 0
254 1 0
255 1 0

0 4 0
1 4 0
2 4 0
3 3 0
4 2 0
5 2 0
6 1 0
7 1 0
8 6 0
9 6 0
10 6 0
11 6 0
12 6 0
13 6 0
14 6 0
15 6 0
16 3 0
17 3 0
18 3 0
19 4 0
20 5 0
21 6 0
22 4 0
23 3 0
24 1 0
25 2 0
26 2 0
27 3 0
28 4 0
29 5 0
30 5 0
31 5 0
32 2 0
33 0 0
34 12 0
35 14 0
36 62 0
37 120 0
38 143 0
39 212 0
40 216 0
41 126 0
42 89 0
43 107 0
44 134 0
45 188 0
46 204 0
47 153 0
48 125 0
49 103 0
50 40 0
51 3 0
52 2 0
53 1 0
54 5 0
55 6 0
56 5 0
57 4 0
58 3 0
59 2 0
60 2 0
61 4 0
62 6 0
63 8 0
64 10 0
65 6 0
66 5 0
67 8 0
68 6 0
69 1 0
70 3 0
71 9 0
72 8 0
73 9 0
74 7 0
75 2 0
76 2 0
77 9 0
78 17 0
79 20 0
80 15 0
81 3 0
82 4 0
83 1 0
84 10 0
85 20 0
86 11 0
87 12 0
88 5 0
89 2 0
90 4 0
91 14 0
92 25 0
93 31 0
94 35 0
95 38 0
96 42 0
97 44 0
98 60 0
99 109 0
100 134 0
101 127 0
102 133 0
103 139 0
104 142 0
105 136 0
106 132 0
107 138 0
108 149 0
109 150 0
110 138 0
111 125 0
112 117 0
113 118 0
114 123 0
115 132 0
116 136 0
117 134 0
118 131 0
119 130 0
120 131 0
121 120 0
122 126 0
123 141 0
124 144 0
125 140 0
126 134 0
127 125 0
128 119 0
129 124 0
130 124 0
131 130 0
132 143 0
133 142 0
134 133 0
135 132 0
136 151 0
137 139 0
138 132 0
139 136 0
140 145 0
141 147 0
142 140 0
143 133 0
144 145 0
145 129 0
146 92 0
147 60 0
148 50 0
149 44 0
150 38 0
151 38 0
152 46 0
153 52 0
154 57 0
155 69 0
156 85 0
157 93 0
158 99 0
159 109 0
160 87 0
161 55 0
162 29 0
163 26 0
164 22 0
165 10 0
166 9 0
167 19 0
168 32 0
169 22 0
170 10 0
171 5 0
172 7 0
173 10 0
174 9 0
175 6 0
176 6 0
177 6 0
178 5 0
179 3 0
180 2 0
181 4 0
182 7 0
183 10 0
184 5 0
185 0 0
186 28 0
187 19 0
188 0 0
189 28 0
190 28 0
191 3 0
192 26 0
193 29 0
194 102 0
195 140 0
196 150 0
197 183 0
198 163 0
199 111 0
200 103 0
201 100 0
202 103 0
203 127 0
204 128 0
205 121 0
206 137 0
207 143 0
208 70 0
209 12 0
210 1 0
211 15 0
212 14 0
213 7 0
214 3 0
215 12 0
216 7 0
217 5 0
218 3 0
219 2 0
220 3 0
221 4 0
222 4 0
223 4 0
224 7 0
225 7 0
226 7 0
227 7 0
228 7 0
229 7 0
230 7 0
231 7 0
232 5 0
233 4 0
234 3 0
235 2 0
236 2 0
237 3 0
238 4 0
239 5 0
240 2 0
241 2 0
242 2 0
243 2 0
244 2 0
245 2 0
246 2 0
247 2 0
248 1 0
249 1 0
250 1 0
251 1 0
252 1 0
253 1 0
254 1 0
255 1 0

0 4 0
1 4 0
2 4 0
3 3 0
4 2 0
5 2 0
6 1 0
7 1 0
8 5 0
9 5 0
10 5 0
11 5 0
12 5 0
13 5 0
14 5 0
15 5 0
16 3 0
17 3 0
18 4 0
19 5 0
20 6 0
21 6 0
22 5 0
23 4 0
24 0 0
25 0 0
26 1 0
27 3 0
28 4 0
29 6 0
30 7 0
31 7 0
32 8 0
33 0 0
34 4 0
35 0 0
36 55 0
37 98 0
38 130 0
39 192 0
40 194 0
41 110 0
42 83 0
43 100 0
44 114 0
45 161 0
46 184 0
47 143 0
48 103 0
49 116 0
50 74 0
51 21 0
52 10 0
53 11 0
54 10 0
55 15 0
56 5 0
57 5 0
58 4 0
59 5 0
60 5 0
61 7 0
62 9 0
63 10 0
64 10 0
65 6 0
66 5 0
67 6 0
68 5 0
69 2 0
70 5 0
71 11 0
72 5 0
73 8 0
74 9 0
75 7 0
76 9 0
77 19 0
78 28 0
79 33 0
80 17 0
81 7 0
82 9 0
83 5 0
84 10 0
85 16 0
86 3 0
87 1 0
88 6 0
89 13 0
90 10 0
91 8 0
92 29 0
93 55 0
94 50 0
95 24 0
96 36 0
97 38 0
98 55 0
99 108 0
100 142 0
101 140 0
102 142 0
103 141 0
104 143 0
105 132 0
106 130 0
107 141 0
108 154 0
109 158 0
110 141 0
111 116 0
112 129 0
113 127 0
114 126 0
115 128 0
116 130 0
117 132 0
118 135 0
119 137 0
120 131 0
121 119 0
122 123 0
123 136 0
124 143 0
125 144 0
126 135 0
127 119 0
128 129 0
129 134 0
130 131 0
131 131 0
132 139 0
133 137 0
134 132 0
135 135 0
136 148 0
137 139 0
138 136 0
139 146 0
140 155 0
141 152 0
142 143 0
143 137 0
144 150 0
145 144 0
146 100 0
147 48 0
148 40 0
149 55 0
150 55 0
151 43 0
152 44 0
153 50 0
154 36 0
155 28 0
156 51 0
157 73 0
158 81 0
159 88 0
160 62 0
161 29 0
162 12 0
163 25 0
164 32 0
165 19 0
166 18 0
167 31 0
168 37 0
169 27 0
170 13 0
171 3 0
172 4 0
173 12 0
174 17 0
175 18 0
176 5 0
177 7 0
178 9 0
179 6 0
180 1 0
181 1 0
182 5 0
183 10 0
184 20 0
185 7 0
186 32 0
187 29 0
188 6 0
189 13 0
190 19 0
191 17 0
192 31 0
193 28 0
194 95 0
195 100 0
196 111 0
197 175 0
198 157 0
199 108 0
200 101 0
201 106 0
202 125 0
203 148 0
204 140 0
205 138 0
206 157 0
207 150 0
208 82 0
209 18 0
210 0 0
211 10 0
212 9 0
213 5 0
214 4 0
215 14 0
216 13 0
217 10 0
218 6 0
219 6 0
220 9 0
221 10 0
222 9 0
223 7 0
224 7 0
225 7 0
226 7 0
227 7 0
228 7 0
229 7 0
230 7 0
231 7 0
232 6 0
233 4 0
234 2 0
235 1 0
236 1 0
237 2 0
238 4 0
239 6 0
240 2 0
241 2 0
242 2 0
243 2 0
244 2 0
245 2 0
246 2 0
247 2 0
248 5 0
249 5 0
250 5 0
251 5 0
252 5 0
253 5 0
254 5 0
255 5 0

0 4 0
1 4 0
2 4 0
3 3 0
4 2 0
5 2 0
6 1 0
7 1 0
8 2 0
9 2 0
10 2 0
11 2 0
12 2 0
13 2 0
14 2 0
15 2 0
16 2 0
17 3 0
18 5 0
19 5 0
20 5 0
21 5 0
22 5 0
23 5 0
24 0 0
25 0 0
26 1 0
27 3 0
28 4 0
29 6 0
30 7 0
31 7 0
32 8 0
33 0 0
34 9 0
35 5 0
36 64 0
37 84 0
38 97 0
39 132 0
40 165 0
41 90 0
42 68 0
43 86 0
44 97 0
45 133 0
46 154 0
47 122 0
48 87 0
49 108 0
50 77 0
51 17 0
52 4 0
53 12 0
54 6 0
55 9 0
56 3 0
57 4 0
58 5 0
59 7 0
60 8 0
61 8 0
62 8 0
63 7 0
64 8 0
65 6 0
66 5 0
67 4 0
68 2 0
69 0 0
70 1 0
71 5 0
72 0 0
73 5 0
74 8 0
75 7 0
76 8 0
77 14 0
78 22 0
79 25 0
80 9 0
81 5 0
82 13 0
83 10 0
84 12 0
85 15 0
86 3 0
87 4 0
88 6 0
89 11 0
90 7 0
91 5 0
92 30 0
93 65 0
94 71 0
95 53 0
96 51 0
97 43 0
98 48 0
99 95 0
100 132 0
101 139 0
102 147 0
103 147 0
104 129 0
105 130 0
106 139 0
107 141 0
108 133 0
109 137 0
110 139 0
111 128 0
112 135 0
113 133 0
114 129 0
115 126 0
116 126 0
117 130 0
118 135 0
119 139 0
120 122 0
121 109 0
122 110 0
123 123 0
124 132 0
125 137 0
126 132 0
127 118 0
128 125 0
129 132 0
130 131 0
131 127 0
132 131 0
133 132 0
134 136 0
135 148 0
136 140 0
137 138 0
138 140 0
139 149 0
140 156 0
141 155 0
142 150 0
143 147 0
144 153 0
145 155 0
146 119 0
147 65 0
148 44 0
149 47 0
150 46 0
151 39 0
152 37 0
153 47 0
154 37 0
155 24 0
156 33 0
157 36 0
158 31 0
159 35 0
160 27 0
161 25 0
162 17 0
163 12 0
164 24 0
165 40 0
166 39 0
167 27 0
168 15 0
169 16 0
170 12 0
171 5 0
172 4 0
173 11 0
174 18 0
175 20 0
176 2 0
177 8 0
178 13 0
179 10 0
180 2 0
181 0 0
182 0 0
183 3 0
184 17 0
185 22 0
186 3 0
187 2 0
188 10 0
189 11 0
190 25 0
191 27 0
192 18 0
193 9 0
194 92 0
195 115 0
196 120 0
197 166 0
198 144 0
199 117 0
200 109 0
201 111 0
202 126 0
203 137 0
204 125 0
205 150 0
206 192 0
207 178 0
208 83 0
209 22 0
210 4 0
211 10 0
212 7 0
213 5 0
214 4 0
215 12 0
216 12 0
217 9 0
218 6 0
219 6 0
220 9 0
221 10 0
222 9 0
223 6 0
224 4 0
225 4 0
226 4 0
227 4 0
228 4 0
229 4 0
230 4 0
231 4 0
232 5 0
233 4 0
234 3 0
235 2 0
236 2 0
237 3 0
238 4 0
239 5 0
240 3 0
241 3 0
242 3 0
243 3 0
244 3 0
245 3 0
246 3 0
247 3 0
248 5 0
249 5 0
250 5 0
251 5 0
252 5 0
253 5 0
254 5 0
255 5 0

0 4 0
1 4 0
2 4 0
3 3 0
4 2 0
5 2 0
6 1 0
7 1 0
8 2 0
9 2 0
10 2 0
11 2 0
12 2 0
13 2 0
14 2 0
15 2 0
16 1 0
17 3 0
18 5 0
19 5 0
20 4 0
21 4 0
22 4 0
23 5 0
24 1 0
25 2 0
26 2 0
27 3 0
28 4 0
29 5 0
30 5 0
31 5 0
32 6 0
33 3 0
34 8 0
35 7 0
36 67 0
37 86 0
38 88 0
39 104 0
40 150 0
41 104 0
42 94 0
43 99 0
44 88 0
45 100 0
46 125 0
47 123 0
48 114 0
49 116 0
50 80 0
51 14 0
52 0 0
53 8 0
54 0 0
55 0 0
56 1 0
57 2 0
58 4 0
59 6 0
60 7 0
61 6 0
62 5 0
63 4 0
64 10 0
65 11 0
66 10 0
67 8 0
68 4 0
69 1 0
70 0 0
71 0 0
72 2 0
73 9 0
74 12 0
75 8 0
76 4 0
77 6 0
78 9 0
79 11 0
80 5 0
81 4 0
82 14 0
83 9 0
84 5 0
85 6 0
86 0 0
87 1 0
88 11 0
89 4 0
90 0 0
91 5 0
92 22 0
93 45 0
94 71 0
95 89 0
96 101 0
97 79 0
98 60 0
99 83 0
100 107 0
101 115 0
102 130 0
103 135 0
104 116 0
105 121 0
106 140 0
107 144 0
108 131 0
109 134 0
110 137 0
111 122 0
112 127 0
113 131 0
114 132 0
115 129 0
116 128 0
117 130 0
118 130 0
119 129 0
120 113 0
121 98 0
122 100 0
123 116 0
124 126 0
125 132 0
126 134 0
127 128 0
128 120 0
129 128 0
130 128 0
131 127 0
132 132 0
133 134 0
134 138 0
135 149 0
136 142 0
137 146 0
138 148 0
139 144 0
140 140 0
141 139 0
142 139 0
143 138 0
144 127 0
145 143 0
146 145 0
147 125 0
148 90 0
149 50 0
150 31 0
151 35 0
152 33 0
153 43 0
154 51 0
155 53 0
156 46 0
157 34 0
158 39 0
159 60 0
160 60 0
161 50 0
162 36 0
163 26 0
164 25 0
165 29 0
166 29 0
167 25 0
168 9 0
169 20 0
170 25 0
171 17 0
172 9 0
173 7 0
174 7 0
175 6 0
176 0 0
177 1 0
178 7 0
179 8 0
180 7 0
181 6 0
182 7 0
183 9 0
184 9 0
185 55 0
186 32 0
187 14 0
188 20 0
189 18 0
190 30 0
191 25 0
192 12 0
193 23 0
194 116 0
195 131 0
196 124 0
197 165 0
198 148 0
199 117 0
200 108 0
201 113 0
202 132 0
203 134 0
204 122 0
205 170 0
206 222 0
207 191 0
208 65 0
209 18 0
210 10 0
211 15 0
212 10 0
213 10 0
214 4 0
215 5 0
216 5 0
217 4 0
218 3 0
219 3 0
220 3 0
221 3 0
222 2 0
223 1 0
224 3 0
225 3 0
226 3 0
227 3 0
228 3 0
229 3 0
230 3 0
231 3 0
232 3 0
233 3 0
234 4 0
235 4 0
236 4 0
237 4 0
238 3 0
239 3 0
240 4 0
241 4 0
242 4 0
243 4 0
244 4 0
245 4 0
246 4 0
247 4 0
248 1 0
249 1 0
250 1 0
251 1 0
252 1 0
253 1 0
254 1 0
255 1 0

0 4 0
1 4 0
2 4 0
3 3 0
4 2 0
5 2 0
6 1 0
7 1 0
8 4 0
9 4 0
10 4 0
11 4 0
12 4 0
13 4 0
14 4 0
15 4 0
16 0 0
17 2 0
18 5 0
19 5 0
20 3 0
21 2 0
22 3 0
23 5 0
24 4 0
25 4 0
26 4 0
27 4 0
28 3 0
29 3 0
30 3 0
31 3 0
32 6 0
33 8 0
34 0 0
35 0 0
36 57 0
37 89 0
38 94 0
39 105 0
40 132 0
41 114 0
42 110 0
43 104 0
44 77 0
45 70 0
46 99 0
47 126 0
48 134 0
49 128 0
50 104 0
51 39 0
52 6 0
53 13 0
54 6 0
55 7 0
56 3 0
57 4 0
58 4 0
59 5 0
60 5 0
61 5 0
62 4 0
63 4 0
64 6 0
65 10 0
66 12 0
67 11 0
68 8 0
69 5 0
70 2 0
71 0 0
72 4 0
73 10 0
74 13 0
75 8 0
76 3 0
77 4 0
78 7 0
79 9 0
80 10 0
81 6 0
82 13 0
83 5 0
84 1 0
85 4 0
86 0 0
87 4 0
88 17 0
89 6 0
90 2 0
91 11 0
92 26 0
93 47 0
94 77 0
95 105 0
96 133 0
97 113 0
98 88 0
99 95 0
100 101 0
101 98 0
102 111 0
103 117 0
104 112 0
105 111 0
106 127 0
107 131 0
108 120 0
109 129 0
110 135 0
111 115 0
112 117 0
113 126 0
114 133 0
115 134 0
116 133 0
117 132 0
118 128 0
119 122 0
120 105 0
121 88 0
122 93 0
123 113 0
124 121 0
125 123 0
126 130 0
127 134 0
128 136 0
129 139 0
130 136 0
131 138 0
132 145 0
133 137 0
134 122 0
135 117 0
136 132 0
137 148 0
138 153 0
139 137 0
140 121 0
141 118 0
142 118 0
143 116 0
144 115 0
145 128 0
146 134 0
147 124 0
148 94 0
149 52 0
150 33 0
151 43 0
152 49 0
153 53 0
154 62 0
155 60 0
156 45 0
157 47 0
158 71 0
159 91 0
160 81 0
161 51 0
162 33 0
163 36 0
164 28 0
165 12 0
166 18 0
167 42 0
168 34 0
169 45 0
170 49 0
171 37 0
172 23 0
173 18 0
174 15 0
175 11 0
176 14 0
177 9 0
178 4 0
179 6 0
180 13 0
181 16 0
182 15 0
183 11 0
184 44 0
185 87 0
186 90 0
187 58 0
188 35 0
189 32 0
190 39 0
191 41 0
192 16 0
193 31 0
194 102 0
195 104 0
196 102 0
197 160 0
198 158 0
199 117 0
200 121 0
201 137 0
202 164 0
203 159 0
204 135 0
205 179 0
206 210 0
207 145 0
208 36 0
209 6 0
210 10 0
211 13 0
212 6 0
213 10 0
214 4 0
215 1 0
216 2 0
217 3 0
218 3 0
219 3 0
220 2 0
221 1 0
222 1 0
223 2 0
224 4 0
225 4 0
226 4 0
227 4 0
228 4 0
229 4 0
230 4 0
231 4 0
232 0 0
233 2 0
234 5 0
235 7 0
236 7 0
237 5 0
238 2 0
239 0 0
240 4 0
241 4 0
242 4 0
243 4 0
244 4 0
245 4 0
246 4 0
247 4 0
248 1 0
249 1 0
250 1 0
251 1 0
252 1 0
253 1 0
254 1 0
255 1 0

0 4 0
1 4 0
2 4 0
3 3 0
4 2 0
5 2 0
6 1 0
7 1 0
8 7 0
9 7 0
10 7 0
11 7 0
12 7 0
13 7 0
14 7 0
15 7 0
16 0 0
17 2 0
18 4 0
19 4 0
20 2 0
21 1 0
22 3 0
23 4 0
24 5 0
25 5 0
26 5 0
27 4 0
28 3 0
29 2 0
30 2 0
31 2 0
32 5 0
33 14 0
34 2 0
35 1 0
36 51 0
37 86 0
38 87 0
39 94 0
40 105 0
41 87 0
42 77 0
43 75 0
44 64 0
45 58 0
46 80 0
47 109 0
48 96 0
49 100 0
50 103 0
51 49 0
52 2 0
53 2 0
54 2 0
55 12 0
56 8 0
57 7 0
58 6 0
59 5 0
60 4 0
61 5 0
62 7 0
63 7 0
64 0 0
65 1 0
66 7 0
67 8 0
68 8 0
69 6 0
70 3 0
71 0 0
72 0 0
73 4 0
74 8 0
75 5 0
76 2 0
77 5 0
78 11 0
79 14 0
80 13 0
81 7 0
82 12 0
83 6 0
84 8 0
85 16 0
86 15 0
87 23 0
88 16 0
89 14 0
90 11 0
91 19 0
92 45 0
93 79 0
94 103 0
95 112 0
96 128 0
97 120 0
98 107 0
99 116 0
100 115 0
101 102 0
102 110 0
103 115 0
104 111 0
105 108 0
106 116 0
107 103 0
108 78 0
109 97 0
110 132 0
111 135 0
112 113 0
113 124 0
114 134 0
115 135 0
116 134 0
117 134 0
118 129 0
119 123 0
120 97 0
121 79 0
122 85 0
123 107 0
124 112 0
125 110 0
126 119 0
127 129 0
128 140 0
129 137 0
130 128 0
131 130 0
132 136 0
133 118 0
134 81 0
135 58 0
136 108 0
137 136 0
138 150 0
139 133 0
140 113 0
141 110 0
142 109 0
143 104 0
144 123 0
145 117 0
146 91 0
147 66 0
148 62 0
149 70 0
150 86 0
151 103 0
152 110 0
153 113 0
154 110 0
155 84 0
156 64 0
157 82 0
158 103 0
159 95 0
160 95 0
161 76 0
162 56 0
163 44 0
164 30 0
165 21 0
166 30 0
167 47 0
168 59 0
169 67 0
170 65 0
171 50 0
172 39 0
173 39 0
174 42 0
175 40 0
176 48 0
177 31 0
178 13 0
179 9 0
180 15 0
181 18 0
182 10 0
183 0 0
184 26 0
185 21 0
186 41 0
187 24 0
188 9 0
189 33 0
190 48 0
191 67 0
192 18 0
193 0 0
194 48 0
195 77 0
196 95 0
197 148 0
198 156 0
199 127 0
200 117 0
201 141 0
202 176 0
203 171 0
204 143 0
205 187 0
206 205 0
207 118 0
208 15 0
209 0 0
210 3 0
211 3 0
212 0 0
213 5 0
214 4 0
215 0 0
216 4 0
217 6 0
218 9 0
219 7 0
220 4 0
221 3 0
222 4 0
223 6 0
224 5 0
225 5 0
226 5 0
227 5 0
228 5 0
229 5 0
230 5 0
231 5 0
232 0 0
233 1 0
234 6 0
235 9 0
236 9 0
237 6 0
238 1 0
239 0 0
240 4 0
241 4 0
242 4 0
243 4 0
244 4 0
245 4 0
246 4 0
247 4 0
248 5 0
249 5 0
250 5 0
251 5 0
252 5 0
253 5 0
254 5 0
255 5 0

0 0 0
1 5 0
2 7 0
3 4 0
4 2 0
5 4 0
6 6 0
7 6 0
8 3 0
9 4 0
10 4 0
11 4 0
12 5 0
13 5 0
14 5 0
15 5 0
16 4 0
17 5 0
18 7 0
19 9 0
20 8 0
21 5 0
22 2 0
23 0 0
24 2 0
25 1 0
26 0 0
27 3 0
28 6 0
29 6 0
30 3 0
31 0 0
32 0 0
33 20 0
34 0 0
35 12 0
36 87 0
37 99 0
38 73 0
39 88 0
40 96 0
41 65 0
42 52 0
43 43 0
44 61 0
45 59 0
46 89 0
47 110 0
48 96 0
49 110 0
50 114 0
51 42 0
52 0 0
53 15 0
54 17 0
55 10 0
56 15 0
57 1 0
58 1 0
59 3 0
60 0 0
61 3 0
62 12 0
63 4 0
64 2 0
65 3 0
66 4 0
67 5 0
68 6 0
69 7 0
70 8 0
71 8 0
72 4 0
73 3 0
74 1 0
75 1 0
76 7 0
77 17 0
78 20 0
79 16 0
80 3 0
81 10 0
82 14 0
83 6 0
84 7 0
85 29 0
86 41 0
87 29 0
88 36 0
89 44 0
90 42 0
91 50 0
92 69 0
93 77 0
94 90 0
95 120 0
96 129 0
97 125 0
98 120 0
99 113 0
100 111 0
101 123 0
102 125 0
103 110 0
104 104 0
105 112 0
106 115 0
107 77 0
108 31 0
109 49 0
110 103 0
111 129 0
112 131 0
113 134 0
114 147 0
115 151 0
116 136 0
117 120 0
118 115 0
119 114 0
120 73 0
121 63 0
122 69 0
123 87 0
124 102 0
125 118 0
126 125 0
127 120 0
128 132 0
129 129 0
130 134 0
131 148 0
132 139 0
133 90 0
134 38 0
135 17 0
136 53 0
137 86 0
138 103 0
139 112 0
140 129 0
141 128 0
142 111 0
143 106 0
144 116 0
145 87 0
146 60 0
147 72 0
148 112 0
149 133 0
150 131 0
151 130 0
152 123 0
153 127 0
154 133 0
155 103 0
156 62 0
157 73 0
158 104 0
159 104 0
160 95 0
161 104 0
162 77 0
163 44 0
164 59 0
165 47 0
166 35 0
167 108 0
168 118 0
169 109 0
170 83 0
171 52 0
172 38 0
173 42 0
174 42 0
175 34 0
176 42 0
177 40 0
178 26 0
179 6 0
180 0 0
181 11 0
182 17 0
183 14 0
184 0 0
185 7 0
186 17 0
187 14 0
188 3 0
189 4 0
190 26 0
191 50 0
192 22 0
193 2 0
194 24 0
195 66 0
196 113 0
197 144 0
198 133 0
199 118 0
200 119 0
201 159 0
202 182 0
203 168 0
204 188 0
205 220 0
206 166 0
207 77 0
208 15 0
209 12 0
210 5 0
211 0 0
212 2 0
213 9 0
214 7 0
215 0 0
216 7 0
217 6 0
218 4 0
219 3 0
220 2 0
221 1 0
222 1 0
223 1 0
224 3 0
225 3 0
226 3 0
227 3 0
228 3 0
229 3 0
230 3 0
231 3 0
232 4 0
233 4 0
234 4 0
235 5 0
236 5 0
237 6 0
238 6 0
239 7 0
240 9 0
241 8 0
242 7 0
243 6 0
244 6 0
245 7 0
246 8 0
247 9 0
248 6 0
249 4 0
250 3 0
251 4 0
252 6 0
253 7 0
254 4 0
255 1 0

0 0 0
1 5 0
2 8 0
3 4 0
4 2 0
5 3 0
6 5 0
7 6 0
8 3 0
9 4 0
10 4 0
11 4 0
12 5 0
13 5 0
14 5 0
15 5 0
16 6 0
17 6 0
18 7 0
19 7 0
20 6 0
21 5 0
22 3 0
23 2 0
24 0 0
25 1 0
26 3 0
27 5 0
28 4 0
29 3 0
30 3 0
31 2 0
32 5 0
33 1 0
34 8 0
35 25 0
36 93 0
37 125 0
38 108 0
39 80 0
40 84 0
41 72 0
42 64 0
43 58 0
44 54 0
45 97 0
46 126 0
47 118 0
48 100 0
49 112 0
50 138 0
51 78 0
52 5 0
53 0 0
54 5 0
55 14 0
56 12 0
57 1 0
58 4 0
59 6 0
60 0 0
61 5 0
62 11 0
63 3 0
64 0 0
65 0 0
66 0 0
67 2 0
68 3 0
69 4 0
70 4 0
71 4 0
72 0 0
73 0 0
74 5 0
75 7 0
76 11 0
77 24 0
78 26 0
79 11 0
80 6 0
81 2 0
82 8 0
83 15 0
84 15 0
85 22 0
86 34 0
87 38 0
88 56 0
89 64 0
90 57 0
91 51 0
92 56 0
93 55 0
94 57 0
95 74 0
96 100 0
97 100 0
98 107 0
99 110 0
100 106 0
101 112 0
102 120 0
103 117 0
104 123 0
105 110 0
106 80 0
107 47 0
108 28 0
109 36 0
110 74 0
111 115 0
112 129 0
113 136 0
114 144 0
115 147 0
116 140 0
117 122 0
118 109 0
119 108 0
120 74 0
121 51 0
122 47 0
123 65 0
124 84 0
125 104 0
126 121 0
127 126 0
128 120 0
129 116 0
130 123 0
131 126 0
132 99 0
133 57 0
134 33 0
135 32 0
136 41 0
137 62 0
138 63 0
139 64 0
140 91 0
141 111 0
142 111 0
143 113 0
144 98 0
145 112 0
146 115 0
147 115 0
148 121 0
149 121 0
150 117 0
151 118 0
152 132 0
153 125 0
154 123 0
155 105 0
156 70 0
157 60 0
158 81 0
159 98 0
160 104 0
161 98 0
162 88 0
163 49 0
164 35 0
165 59 0
166 90 0
167 134 0
168 149 0
169 127 0
170 89 0
171 56 0
172 50 0
173 59 0
174 58 0
175 46 0
176 64 0
177 32 0
178 9 0
179 9 0
180 9 0
181 1 0
182 4 0
183 18 0
184 2 0
185 5 0
186 10 0
187 12 0
188 8 0
189 2 0
190 2 0
191 7 0
192 18 0
193 1 0
194 19 0
195 63 0
196 125 0
197 169 0
198 147 0
199 109 0
200 133 0
201 184 0
202 197 0
203 172 0
204 185 0
205 189 0
206 110 0
207 18 0
208 12 0
209 10 0
210 5 0
211 1 0
212 3 0
213 8 0
214 7 0
215 2 0
216 7 0
217 6 0
218 5 0
219 4 0
220 2 0
221 2 0
222 2 0
223 2 0
224 3 0
225 3 0
226 3 0
227 3 0
228 3 0
229 3 0
230 3 0
231 3 0
232 5 0
233 5 0
234 5 0
235 6 0
236 7 0
237 7 0
238 8 0
239 8 0
240 3 0
241 2 0
242 2 0
243 1 0
244 1 0
245 2 0
246 2 0
247 3 0
248 6 0
249 4 0
250 3 0
251 4 0
252 6 0
253 7 0
254 4 0
255 1 0

0 1 0
1 6 0
2 8 0
3 4 0
4 1 0
5 2 0
6 4 0
7 4 0
8 3 0
9 4 0
10 4 0
11 4 0
12 5 0
13 5 0
14 5 0
15 5 0
16 8 0
17 7 0
18 6 0
19 4 0
20 4 0
21 4 0
22 4 0
23 5 0
24 0 0
25 2 0
26 6 0
27 6 0
28 3 0
29 1 0
30 2 0
31 5 0
32 6 0
33 0 0
34 13 0
35 33 0
36 116 0
37 175 0
38 162 0
39 133 0
40 121 0
41 116 0
42 97 0
43 82 0
44 88 0
45 128 0
46 152 0
47 152 0
48 114 0
49 113 0
50 157 0
51 121 0
52 28 0
53 0 0
54 0 0
55 10 0
56 6 0
57 1 0
58 5 0
59 8 0
60 4 0
61 6 0
62 8 0
63 1 0
64 1 0
65 3 0
66 4 0
67 6 0
68 7 0
69 7 0
70 7 0
71 6 0
72 8 0
73 2 0
74 5 0
75 2 0
76 4 0
77 32 0
78 56 0
79 52 0
80 27 0
81 1 0
82 0 0
83 13 0
84 10 0
85 3 0
86 19 0
87 40 0
88 43 0
89 42 0
90 35 0
91 39 0
92 56 0
93 62 0
94 58 0
95 59 0
96 59 0
97 54 0
98 62 0
99 69 0
100 62 0
101 61 0
102 77 0
103 90 0
104 88 0
105 76 0
106 56 0
107 63 0
108 80 0
109 63 0
110 55 0
111 84 0
112 118 0
113 130 0
114 132 0
115 135 0
116 138 0
117 118 0
118 94 0
119 92 0
120 70 0
121 39 0
122 33 0
123 58 0
124 77 0
125 89 0
126 105 0
127 116 0
128 112 0
129 107 0
130 114 0
131 102 0
132 59 0
133 37 0
134 52 0
135 67 0
136 48 0
137 75 0
138 71 0
139 46 0
140 48 0
141 64 0
142 84 0
143 106 0
144 126 0
145 127 0
146 124 0
147 127 0
148 129 0
149 115 0
150 103 0
151 106 0
152 140 0
153 122 0
154 111 0
155 109 0
156 90 0
157 63 0
158 75 0
159 114 0
160 109 0
161 97 0
162 113 0
163 75 0
164 26 0
165 76 0
166 136 0
167 134 0
168 106 0
169 99 0
170 84 0
171 73 0
172 79 0
173 91 0
174 87 0
175 74 0
176 76 0
177 30 0
178 0 0
179 5 0
180 10 0
181 0 0
182 0 0
183 14 0
184 22 0
185 12 0
186 2 0
187 0 0
188 0 0
189 3 0
190 10 0
191 17 0
192 10 0
193 1 0
194 18 0
195 46 0
196 101 0
197 155 0
198 148 0
199 118 0
200 157 0
201 192 0
202 193 0
203 194 0
204 204 0
205 145 0
206 45 0
207 0 0
208 6 0
209 8 0
210 6 0
211 4 0
212 3 0
213 6 0
214 7 0
215 5 0
216 9 0
217 7 0
218 6 0
219 4 0
220 3 0
221 3 0
222 3 0
223 3 0
224 3 0
225 3 0
226 3 0
227 3 0
228 3 0
229 3 0
230 3 0
231 3 0
232 5 0
233 5 0
234 6 0
235 7 0
236 7 0
237 8 0
238 9 0
239 9 0
240 2 0
241 1 0
242 1 0
243 0 0
244 0 0
245 1 0
246 1 0
247 2 0
248 6 0
249 4 0
250 3 0
251 4 0
252 6 0
253 7 0
254 4 0
255 1 0

0 2 0
1 7 0
2 8 0
3 4 0
4 1 0
5 2 0
6 3 0
7 3 0
8 3 0
9 4 0
10 4 0
11 4 0
12 5 0
13 5 0
14 5 0
15 5 0
16 10 0
17 8 0
18 5 0
19 3 0
20 2 0
21 3 0
22 5 0
23 6 0
24 0 0
25 2 0
26 5 0
27 6 0
28 4 0
29 3 0
30 3 0
31 4 0
32 0 0
33 8 0
34 7 0
35 29 0
36 136 0
37 231 0
38 215 0
39 211 0
40 243 0
41 232 0
42 181 0
43 136 0
44 175 0
45 195 0
46 195 0
47 193 0
48 131 0
49 105 0
50 150 0
51 130 0
52 41 0
53 8 0
54 3 0
55 0 0
56 2 0
57 1 0
58 4 0
59 6 0
60 4 0
61 5 0
62 5 0
63 2 0
64 7 0
65 8 0
66 9 0
67 9 0
68 9 0
69 9 0
70 8 0
71 7 0
72 15 0
73 3 0
74 8 0
75 12 0
76 11 0
77 42 0
78 88 0
79 107 0
80 70 0
81 30 0
82 12 0
83 18 0
84 11 0
85 4 0
86 26 0
87 54 0
88 51 0
89 34 0
90 29 0
91 58 0
92 97 0
93 112 0
94 107 0
95 102 0
96 99 0
97 83 0
98 83 0
99 88 0
100 73 0
101 54 0
102 54 0
103 60 0
104 58 0
105 50 0
106 56 0
107 92 0
108 118 0
109 96 0
110 65 0
111 66 0
112 103 0
113 120 0
114 120 0
115 122 0
116 134 0
117 113 0
118 81 0
119 77 0
120 74 0
121 40 0
122 34 0
123 57 0
124 70 0
125 76 0
126 94 0
127 113 0
128 107 0
129 99 0
130 98 0
131 73 0
132 33 0
133 42 0
134 80 0
135 91 0
136 68 0
137 107 0
138 110 0
139 82 0
140 72 0
141 83 0
142 108 0
143 138 0
144 158 0
145 120 0
146 99 0
147 122 0
148 139 0
149 116 0
150 97 0
151 107 0
152 141 0
153 127 0
154 111 0
155 115 0
156 113 0
157 81 0
158 80 0
159 123 0
160 112 0
161 108 0
162 140 0
163 113 0
164 52 0
165 89 0
166 135 0
167 98 0
168 71 0
169 83 0
170 90 0
171 88 0
172 85 0
173 83 0
174 74 0
175 63 0
176 65 0
177 36 0
178 6 0
179 0 0
180 4 0
181 10 0
182 6 0
183 1 0
184 0 0
185 0 0
186 2 0
187 5 0
188 3 0
189 0 0
190 2 0
191 8 0
192 10 0
193 3 0
194 26 0
195 58 0
196 100 0
197 141 0
198 139 0
199 126 0
200 173 0
201 202 0
202 190 0
203 201 0
204 206 0
205 112 0
206 18 0
207 10 0
208 2 0
209 5 0
210 7 0
211 5 0
212 4 0
213 5 0
214 7 0
215 9 0
216 9 0
217 9 0
218 6 0
219 5 0
220 4 0
221 3 0
222 3 0
223 3 0
224 3 0
225 3 0
226 3 0
227 3 0
228 3 0
229 3 0
230 3 0
231 3 0
232 4 0
233 5 0
234 5 0
235 6 0
236 7 0
237 8 0
238 9 0
239 9 0
240 5 0
241 5 0
242 5 0
243 5 0
244 5 0
245 5 0
246 5 0
247 5 0
248 6 0
249 4 0
250 3 0
251 4 0
252 6 0
253 7 0
254 4 0
255 1 0

0 1 0
1 6 0
2 8 0
3 4 0
4 0 0
5 1 0
6 3 0
7 3 0
8 3 0
9 4 0
10 4 0
11 4 0
12 5 0
13 5 0
14 5 0
15 5 0
16 10 0
17 8 0
18 5 0
19 3 0
20 2 0
21 3 0
22 5 0
23 6 0
24 3 0
25 2 0
26 2 0
27 4 0
28 6 0
29 6 0
30 4 0
31 1 0
32 0 0
33 15 0
34 2 0
35 22 0
36 110 0
37 255 0
38 251 0
39 208 0
40 216 0
41 254 0
42 255 0
43 248 0
44 243 0
45 242 0
46 210 0
47 194 0
48 148 0
49 104 0
50 136 0
51 113 0
52 28 0
53 7 0
54 9 0
55 0 0
56 3 0
57 5 0
58 4 0
59 4 0
60 6 0
61 5 0
62 5 0
63 7 0
64 6 0
65 6 0
66 5 0
67 5 0
68 4 0
69 3 0
70 3 0
71 2 0
72 0 0
73 1 0
74 27 0
75 53 0
76 55 0
77 64 0
78 95 0
79 121 0
80 124 0
81 86 0
82 60 0
83 50 0
84 39 0
85 39 0
86 59 0
87 79 0
88 84 0
89 57 0
90 57 0
91 92 0
92 120 0
93 124 0
94 122 0
95 123 0
96 132 0
97 114 0
98 118 0
99 136 0
100 135 0
101 118 0
102 103 0
103 92 0
104 89 0
105 69 0
106 71 0
107 87 0
108 91 0
109 90 0
110 83 0
111 67 0
112 87 0
113 109 0
114 111 0
115 116 0
116 129 0
117 110 0
118 76 0
119 70 0
120 78 0
121 46 0
122 35 0
123 46 0
124 53 0
125 67 0
126 100 0
127 129 0
128 104 0
129 91 0
130 78 0
131 48 0
132 26 0
133 55 0
134 89 0
135 81 0
136 91 0
137 119 0
138 119 0
139 104 0
140 108 0
141 115 0
142 124 0
143 139 0
144 139 0
145 111 0
146 100 0
147 125 0
148 141 0
149 118 0
150 101 0
151 113 0
152 132 0
153 137 0
154 125 0
155 124 0
156 129 0
157 100 0
158 79 0
159 98 0
160 119 0
161 127 0
162 146 0
163 130 0
164 87 0
165 96 0
166 111 0
167 74 0
168 84 0
169 91 0
170 92 0
171 83 0
172 74 0
173 68 0
174 61 0
175 53 0
176 49 0
177 36 0
178 14 0
179 0 0
180 4 0
181 14 0
182 10 0
183 0 0
184 6 0
185 5 0
186 6 0
187 8 0
188 5 0
189 0 0
190 0 0
191 0 0
192 18 0
193 2 0
194 44 0
195 112 0
196 158 0
197 163 0
198 136 0
199 123 0
200 176 0
201 222 0
202 195 0
203 174 0
204 163 0
205 84 0
206 16 0
207 9 0
208 1 0
209 3 0
210 5 0
211 6 0
212 4 0
213 3 0
214 7 0
215 10 0
216 9 0
217 9 0
218 6 0
219 5 0
220 4 0
221 3 0
222 3 0
223 3 0
224 3 0
225 3 0
226 3 0
227 3 0
228 3 0
229 3 0
230 3 0
231 3 0
232 3 0
233 3 0
234 4 0
235 5 0
236 6 0
237 7 0
238 8 0
239 8 0
240 6 0
241 6 0
242 6 0
243 6 0
244 6 0
245 6 0
246 6 0
247 6 0
248 6 0
249 4 0
250 3 0
251 4 0
252 6 0
253 7 0
254 4 0
255 1 0

0 0 0
1 5 0
2 7 0
3 3 0
4 0 0
5 2 0
6 3 0
7 3 0
8 3 0
9 4 0
10 4 0
11 4 0
12 5 0
13 5 0
14 5 0
15 5 0
16 8 0
17 7 0
18 6 0
19 4 0
20 4 0
21 4 0
22 4 0
23 5 0
24 4 0
25 2 0
26 1 0
27 4 0
28 7 0
29 8 0
30 5 0
31 1 0
32 2 0
33 5 0
34 7 0
35 18 0
36 51 0
37 223 0
38 255 0
39 149 0
40 106 0
41 123 0
42 164 0
43 255 0
44 250 0
45 253 0
46 208 0
47 197 0
48 175 0
49 128 0
50 148 0
51 111 0
52 19 0
53 0 0
54 14 0
55 18 0
56 5 0
57 10 0
58 7 0
59 4 0
60 9 0
61 8 0
62 6 0
63 14 0
64 6 0
65 5 0
66 3 0
67 2 0
68 1 0
69 2 0
70 3 0
71 4 0
72 1 0
73 12 0
74 41 0
75 78 0
76 96 0
77 93 0
78 98 0
79 117 0
80 155 0
81 132 0
82 110 0
83 88 0
84 66 0
85 64 0
86 77 0
87 84 0
88 86 0
89 71 0
90 82 0
91 108 0
92 110 0
93 102 0
94 108 0
95 117 0
96 116 0
97 98 0
98 97 0
99 115 0
100 133 0
101 145 0
102 141 0
103 126 0
104 111 0
105 97 0
106 98 0
107 92 0
108 77 0
109 84 0
110 84 0
111 55 0
112 65 0
113 87 0
114 99 0
115 106 0
116 114 0
117 99 0
118 72 0
119 63 0
120 58 0
121 42 0
122 38 0
123 42 0
124 48 0
125 70 0
126 105 0
127 127 0
128 104 0
129 87 0
130 69 0
131 49 0
132 46 0
133 71 0
134 83 0
135 64 0
136 95 0
137 113 0
138 111 0
139 101 0
140 104 0
141 101 0
142 99 0
143 112 0
144 117 0
145 112 0
146 102 0
147 107 0
148 124 0
149 127 0
150 115 0
151 109 0
152 117 0
153 142 0
154 139 0
155 133 0
156 144 0
157 128 0
158 93 0
159 80 0
160 130 0
161 140 0
162 129 0
163 114 0
164 100 0
165 96 0
166 100 0
167 83 0
168 98 0
169 96 0
170 92 0
171 88 0
172 87 0
173 85 0
174 75 0
175 64 0
176 49 0
177 31 0
178 15 0
179 11 0
180 12 0
181 8 0
182 4 0
183 4 0
184 29 0
185 15 0
186 4 0
187 2 0
188 7 0
189 8 0
190 8 0
191 8 0
192 18 0
193 0 0
194 63 0
195 158 0
196 196 0
197 168 0
198 137 0
199 145 0
200 187 0
201 213 0
202 178 0
203 157 0
204 126 0
205 45 0
206 6 0
207 12 0
208 2 0
209 1 0
210 3 0
211 5 0
212 4 0
213 3 0
214 6 0
215 12 0
216 9 0
217 7 0
218 6 0
219 4 0
220 3 0
221 3 0
222 3 0
223 3 0
224 3 0
225 3 0
226 3 0
227 3 0
228 3 0
229 3 0
230 3 0
231 3 0
232 2 0
233 2 0
234 3 0
235 4 0
236 6 0
237 7 0
238 8 0
239 8 0
240 1 0
241 2 0
242 2 0
243 3 0
244 3 0
245 2 0
246 2 0
247 1 0
248 6 0
249 4 0
250 3 0
251 4 0
252 6 0
253 7 0
254 4 0
255 1 0

0 0 0
1 4 0
2 6 0
3 3 0
4 0 0
5 2 0
6 4 0
7 4 0
8 3 0
9 4 0
10 4 0
11 4 0
12 5 0
13 5 0
14 5 0
15 5 0
16 6 0
17 6 0
18 7 0
19 7 0
20 6 0
21 5 0
22 3 0
23 2 0
24 2 0
25 3 0
26 4 0
27 5 0
28 6 0
29 6 0
30 4 0
31 3 0
32 11 0
33 0 0
34 12 0
35 10 0
36 10 0
37 143 0
38 253 0
39 156 0
40 91 0
41 70 0
42 65 0
43 155 0
44 240 0
45 255 0
46 222 0
47 227 0
48 210 0
49 162 0
50 179 0
51 139 0
52 40 0
53 3 0
54 10 0
55 25 0
56 2 0
57 11 0
58 6 0
59 3 0
60 10 0
61 7 0
62 4 0
63 14 0
64 8 0
65 6 0
66 3 0
67 2 0
68 3 0
69 6 0
70 10 0
71 13 0
72 10 0
73 22 0
74 29 0
75 58 0
76 105 0
77 119 0
78 110 0
79 115 0
80 132 0
81 125 0
82 117 0
83 94 0
84 65 0
85 60 0
86 74 0
87 82 0
88 79 0
89 79 0
90 100 0
91 116 0
92 109 0
93 108 0
94 116 0
95 116 0
96 120 0
97 104 0
98 92 0
99 89 0
100 103 0
101 128 0
102 131 0
103 112 0
104 102 0
105 112 0
106 115 0
107 103 0
108 93 0
109 89 0
110 68 0
111 36 0
112 42 0
113 64 0
114 87 0
115 98 0
116 97 0
117 86 0
118 69 0
119 57 0
120 44 0
121 42 0
122 43 0
123 40 0
124 46 0
125 74 0
126 102 0
127 107 0
128 86 0
129 69 0
130 59 0
131 64 0
132 73 0
133 76 0
134 69 0
135 60 0
136 84 0
137 95 0
138 95 0
139 100 0
140 111 0
141 106 0
142 103 0
143 121 0
144 121 0
145 119 0
146 101 0
147 92 0
148 113 0
149 130 0
150 120 0
151 104 0
152 112 0
153 141 0
154 143 0
155 133 0
156 148 0
157 151 0
158 118 0
159 87 0
160 132 0
161 141 0
162 106 0
163 88 0
164 92 0
165 91 0
166 99 0
167 96 0
168 105 0
169 105 0
170 105 0
171 105 0
172 105 0
173 100 0
174 90 0
175 79 0
176 58 0
177 34 0
178 16 0
179 15 0
180 12 0
181 2 0
182 1 0
183 9 0
184 0 0
185 0 0
186 1 0
187 10 0
188 15 0
189 10 0
190 2 0
191 0 0
192 25 0
193 2 0
194 71 0
195 175 0
196 205 0
197 166 0
198 144 0
199 176 0
200 211 0
201 201 0
202 165 0
203 164 0
204 117 0
205 23 0
206 4 0
207 18 0
208 4 0
209 1 0
210 1 0
211 3 0
212 4 0
213 3 0
214 6 0
215 13 0
216 7 0
217 6 0
218 5 0
219 4 0
220 2 0
221 2 0
222 2 0
223 2 0
224 3 0
225 3 0
226 3 0
227 3 0
228 3 0
229 3 0
230 3 0
231 3 0
232 2 0
233 3 0
234 4 0
235 5 0
236 7 0
237 8 0
238 9 0
239 10 0
240 0 0
241 0 0
242 1 0
243 2 0
244 2 0
245 1 0
246 0 0
247 0 0
248 6 0
249 4 0
250 3 0
251 4 0
252 6 0
253 7 0
254 4 0
255 1 0

0 0 0
1 3 0
2 5 0
3 2 0
4 0 0
5 2 0
6 5 0
7 5 0
8 3 0
9 4 0
10 4 0
11 4 0
12 5 0
13 5 0
14 5 0
15 5 0
16 4 0
17 5 0
18 7 0
19 9 0
20 8 0
21 5 0
22 2 0
23 0 0
24 0 0
25 3 0
26 7 0
27 7 0
28 5 0
29 3 0
30 4 0
31 6 0
32 16 0
33 0 0
34 12 0
35 0 0
36 2 0
37 76 0
38 241 0
39 222 0
40 49 0
41 137 0
42 152 0
43 118 0
44 241 0
45 221 0
46 202 0
47 229 0
48 231 0
49 181 0
50 198 0
51 166 0
52 67 0
53 10 0
54 0 0
55 14 0
56 0 0
57 8 0
58 4 0
59 1 0
60 9 0
61 5 0
62 0 0
63 10 0
64 6 0
65 4 0
66 2 0
67 1 0
68 3 0
69 8 0
70 14 0
71 18 0
72 2 0
73 15 0
74 5 0
75 28 0
76 101 0
77 134 0
78 116 0
79 107 0
80 85 0
81 89 0
82 94 0
83 79 0
84 52 0
85 51 0
86 76 0
87 94 0
88 78 0
89 83 0
90 102 0
91 112 0
92 110 0
93 121 0
94 122 0
95 102 0
96 106 0
97 107 0
98 103 0
99 97 0
100 107 0
101 133 0
102 132 0
103 105 0
104 104 0
105 124 0
106 110 0
107 88 0
108 92 0
109 83 0
110 52 0
111 33 0
112 32 0
113 54 0
114 84 0
115 97 0
116 90 0
117 82 0
118 72 0
119 58 0
120 55 0
121 53 0
122 44 0
123 28 0
124 32 0
125 70 0
126 100 0
127 98 0
128 53 0
129 39 0
130 41 0
131 67 0
132 84 0
133 67 0
134 52 0
135 59 0
136 91 0
137 82 0
138 72 0
139 90 0
140 122 0
141 119 0
142 102 0
143 105 0
144 124 0
145 125 0
146 116 0
147 112 0
148 121 0
149 122 0
150 113 0
151 108 0
152 120 0
153 144 0
154 140 0
155 125 0
156 140 0
157 154 0
158 130 0
159 95 0
160 126 0
161 135 0
162 95 0
163 75 0
164 82 0
165 85 0
166 98 0
167 94 0
168 89 0
169 98 0
170 106 0
171 107 0
172 106 0
173 108 0
174 116 0
175 122 0
176 64 0
177 43 0
178 20 0
179 10 0
180 6 0
181 3 0
182 3 0
183 7 0
184 0 0
185 4 0
186 10 0
187 10 0
188 4 0
189 2 0
190 11 0
191 23 0
192 45 0
193 8 0
194 68 0
195 181 0
196 225 0
197 188 0
198 157 0
199 180 0
200 227 0
201 217 0
202 182 0
203 171 0
204 112 0
205 31 0
206 18 0
207 6 0
208 6 0
209 1 0
210 0 0
211 2 0
212 4 0
213 3 0
214 6 0
215 13 0
216 7 0
217 6 0
218 4 0
219 3 0
220 2 0
221 1 0
222 1 0
223 1 0
224 3 0
225 3 0
226 3 0
227 3 0
228 3 0
229 3 0
230 3 0
231 3 0
232 3 0
233 4 0
234 5 0
235 6 0
236 8 0
237 9 0
238 10 0
239 11 0
240 2 0
241 3 0
242 4 0
243 5 0
244 5 0
245 4 0
246 3 0
247 2 0
248 6 0
249 4 0
250 3 0
251 4 0
252 6 0
253 7 0
254 4 0
255 1 0

0 0 0
1 1 0
2 3 0
3 4 0
4 3 0
5 4 0
6 5 0
7 7 0
8 3 0
9 3 0
10 4 0
11 5 0
12 6 0
13 6 0
14 7 0
15 7 0
16 4 0
17 4 0
18 6 0
19 6 0
20 6 0
21 5 0
22 3 0
23 2 0
24 1 0
25 3 0
26 4 0
27 6 0
28 6 0
29 6 0
30 5 0
31 4 0
32 0 0
33 2 0
34 7 0
35 0 0
36 0 0
37 37 0
38 148 0
39 254 0
40 251 0
41 135 0
42 166 0
43 237 0
44 222 0
45 193 0
46 190 0
47 221 0
48 246 0
49 225 0
50 186 0
51 133 0
52 56 0
53 8 0
54 8 0
55 0 0
56 12 0
57 6 0
58 1 0
59 1 0
60 5 0
61 6 0
62 1 0
63 0 0
64 2 0
65 4 0
66 4 0
67 2 0
68 0 0
69 0 0
70 3 0
71 7 0
72 2 0
73 4 0
74 1 0
75 16 0
76 70 0
77 126 0
78 128 0
79 95 0
80 60 0
81 78 0
82 84 0
83 63 0
84 53 0
85 76 0
86 92 0
87 80 0
88 69 0
89 66 0
90 101 0
91 113 0
92 103 0
93 113 0
94 117 0
95 111 0
96 122 0
97 112 0
98 102 0
99 110 0
100 124 0
101 121 0
102 116 0
103 123 0
104 110 0
105 101 0
106 101 0
107 103 0
108 91 0
109 74 0
110 50 0
111 25 0
112 48 0
113 67 0
114 88 0
115 105 0
116 104 0
117 80 0
118 59 0
119 59 0
120 53 0
121 37 0
122 31 0
123 36 0
124 45 0
125 65 0
126 85 0
127 89 0
128 56 0
129 41 0
130 45 0
131 78 0
132 76 0
133 55 0
134 72 0
135 88 0
136 109 0
137 102 0
138 93 0
139 98 0
140 109 0
141 106 0
142 102 0
143 110 0
144 128 0
145 124 0
146 114 0
147 114 0
148 123 0
149 118 0
150 106 0
151 104 0
152 118 0
153 122 0
154 119 0
155 121 0
156 137 0
157 145 0
158 121 0
159 89 0
160 103 0
161 98 0
162 87 0
163 81 0
164 90 0
165 105 0
166 106 0
167 96 0
168 93 0
169 100 0
170 109 0
171 99 0
172 132 0
173 135 0
174 115 0
175 61 0
176 24 0
177 22 0
178 10 0
179 14 0
180 14 0
181 5 0
182 5 0
183 0 0
184 8 0
185 9 0
186 2 0
187 3 0
188 9 0
189 4 0
190 12 0
191 41 0
192 27 0
193 10 0
194 60 0
195 198 0
196 227 0
197 173 0
198 172 0
199 192 0
200 217 0
201 202 0
202 183 0
203 150 0
204 57 0
205 5 0
206 27 0
207 10 0
208 4 0
209 3 0
210 1 0
211 0 0
212 1 0
213 3 0
214 6 0
215 8 0
216 7 0
217 8 0
218 8 0
219 9 0
220 9 0
221 10 0
222 10 0
223 10 0
224 5 0
225 5 0
226 5 0
227 5 0
228 5 0
229 5 0
230 5 0
231 5 0
232 2 0
233 2 0
234 3 0
235 3 0
236 4 0
237 4 0
238 5 0
239 5 0
240 5 0
241 5 0
242 5 0
243 5 0
244 5 0
245 5 0
246 5 0
247 5 0
248 3 0
249 3 0
250 3 0
251 4 0
252 3 0
253 2 0
254 2 0
255 1 0

0 0 0
1 1 0
2 3 0
3 4 0
4 3 0
5 4 0
6 5 0
7 7 0
8 10 0
9 9 0
10 8 0
11 6 0
12 5 0
13 3 0
14 2 0
15 2 0
16 3 0
17 4 0
18 5 0
19 6 0
20 5 0
21 4 0
22 2 0
23 1 0
24 2 0
25 3 0
26 4 0
27 6 0
28 6 0
29 5 0
30 4 0
31 4 0
32 10 0
33 0 0
34 0 0
35 24 0
36 17 0
37 8 0
38 72 0
39 164 0
40 255 0
41 253 0
42 251 0
43 250 0
44 226 0
45 179 0
46 170 0
47 202 0
48 255 0
49 238 0
50 183 0
51 114 0
52 33 0
53 0 0
54 7 0
55 4 0
56 3 0
57 7 0
58 9 0
59 7 0
60 2 0
61 1 0
62 3 0
63 7 0
64 1 0
65 2 0
66 4 0
67 4 0
68 3 0
69 2 0
70 2 0
71 3 0
72 0 0
73 8 0
74 9 0
75 4 0
76 19 0
77 61 0
78 100 0
79 118 0
80 63 0
81 53 0
82 51 0
83 57 0
84 68 0
85 85 0
86 88 0
87 75 0
88 59 0
89 65 0
90 101 0
91 115 0
92 111 0
93 114 0
94 107 0
95 102 0
96 122 0
97 111 0
98 100 0
99 107 0
100 117 0
101 111 0
102 109 0
103 121 0
104 121 0
105 109 0
106 107 0
107 106 0
108 90 0
109 73 0
110 58 0
111 43 0
112 75 0
113 79 0
114 82 0
115 95 0
116 106 0
117 91 0
118 62 0
119 47 0
120 40 0
121 39 0
122 44 0
123 47 0
124 54 0
125 69 0
126 72 0
127 58 0
128 54 0
129 55 0
130 67 0
131 96 0
132 94 0
133 83 0
134 102 0
135 113 0
136 114 0
137 116 0
138 104 0
139 92 0
140 96 0
141 103 0
142 105 0
143 108 0
144 128 0
145 118 0
146 104 0
147 108 0
148 130 0
149 134 0
150 115 0
151 99 0
152 92 0
153 117 0
154 123 0
155 116 0
156 126 0
157 132 0
158 110 0
159 82 0
160 82 0
161 82 0
162 87 0
163 96 0
164 102 0
165 98 0
166 89 0
167 81 0
168 80 0
169 78 0
170 85 0
171 102 0
172 132 0
173 141 0
174 81 0
175 20 0
176 7 0
177 18 0
178 9 0
179 7 0
180 13 0
181 22 0
182 29 0
183 13 0
184 18 0
185 16 0
186 12 0
187 14 0
188 18 0
189 14 0
190 14 0
191 23 0
192 24 0
193 4 0
194 123 0
195 208 0
196 237 0
197 175 0
198 148 0
199 172 0
200 179 0
201 137 0
202 147 0
203 106 0
204 29 0
205 14 0
206 12 0
207 1 0
208 4 0
209 3 0
210 2 0
211 1 0
212 2 0
213 4 0
214 6 0
215 8 0
216 8 0
217 8 0
218 8 0
219 8 0
220 8 0
221 8 0
222 8 0
223 8 0
224 6 0
225 6 0
226 6 0
227 6 0
228 6 0
229 6 0
230 6 0
231 6 0
232 4 0
233 4 0
234 4 0
235 4 0
236 3 0
237 3 0
238 3 0
239 3 0
240 5 0
241 5 0
242 5 0
243 5 0
244 5 0
245 5 0
246 5 0
247 5 0
248 2 0
249 2 0
250 3 0
251 3 0
252 2 0
253 2 0
254 1 0
255 0 0

0 0 0
1 1 0
2 3 0
3 4 0
4 3 0
5 4 0
6 5 0
7 7 0
8 10 0
9 10 0
10 9 0
11 7 0
12 6 0
13 4 0
14 3 0
15 3 0
16 3 0
17 3 0
18 5 0
19 5 0
20 5 0
21 4 0
22 2 0
23 1 0
24 2 0
25 3 0
26 5 0
27 6 0
28 6 0
29 5 0
30 4 0
31 3 0
32 6 0
33 12 0
34 3 0
35 0 0
36 8 0
37 38 0
38 42 0
39 24 0
40 119 0
41 246 0
42 255 0
43 249 0
44 245 0
45 189 0
46 167 0
47 191 0
48 255 0
49 254 0
50 221 0
51 150 0
52 51 0
53 0 0
54 5 0
55 2 0
56 4 0
57 8 0
58 11 0
59 9 0
60 4 0
61 1 0
62 4 0
63 9 0
64 1 0
65 2 0
66 4 0
67 6 0
68 7 0
69 5 0
70 2 0
71 0 0
72 1 0
73 8 0
74 9 0
75 2 0
76 1 0
77 18 0
78 48 0
79 70 0
80 62 0
81 34 0
82 27 0
83 42 0
84 50 0
85 54 0
86 68 0
87 79 0
88 73 0
89 86 0
90 111 0
91 116 0
92 117 0
93 114 0
94 99 0
95 104 0
96 117 0
97 105 0
98 97 0
99 107 0
100 117 0
101 110 0
102 112 0
103 130 0
104 127 0
105 115 0
106 116 0
107 115 0
108 96 0
109 76 0
110 69 0
111 67 0
112 83 0
113 79 0
114 67 0
115 68 0
116 84 0
117 81 0
118 58 0
119 40 0
120 37 0
121 39 0
122 39 0
123 32 0
124 37 0
125 62 0
126 72 0
127 58 0
128 32 0
129 50 0
130 74 0
131 103 0
132 103 0
133 99 0
134 118 0
135 122 0
136 109 0
137 124 0
138 114 0
139 91 0
140 92 0
141 108 0
142 112 0
143 109 0
144 127 0
145 120 0
146 106 0
147 108 0
148 131 0
149 136 0
150 113 0
151 91 0
152 101 0
153 129 0
154 125 0
155 107 0
156 117 0
157 128 0
158 112 0
159 94 0
160 86 0
161 77 0
162 74 0
163 81 0
164 82 0
165 78 0
166 81 0
167 90 0
168 68 0
169 65 0
170 81 0
171 110 0
172 101 0
173 93 0
174 26 0
175 9 0
176 16 0
177 19 0
178 8 0
179 10 0
180 12 0
181 12 0
182 21 0
183 15 0
184 12 0
185 7 0
186 5 0
187 6 0
188 14 0
189 27 0
190 24 0
191 7 0
192 13 0
193 69 0
194 195 0
195 255 0
196 238 0
197 208 0
198 132 0
199 136 0
200 132 0
201 108 0
202 92 0
203 36 0
204 1 0
205 13 0
206 5 0
207 5 0
208 3 0
209 3 0
210 2 0
211 2 0
212 2 0
213 4 0
214 6 0
215 7 0
216 8 0
217 8 0
218 8 0
219 7 0
220 6 0
221 6 0
222 5 0
223 5 0
224 7 0
225 7 0
226 7 0
227 7 0
228 6 0
229 6 0
230 6 0
231 6 0
232 5 0
233 5 0
234 4 0
235 4 0
236 3 0
237 3 0
238 2 0
239 2 0
240 5 0
241 5 0
242 5 0
243 5 0
244 5 0
245 5 0
246 5 0
247 5 0
248 2 0
249 2 0
250 2 0
251 2 0
252 2 0
253 1 0
254 0 0
255 0 0

0 0 0
1 1 0
2 3 0
3 4 0
4 3 0
5 4 0
6 5 0
7 7 0
8 5 0
9 5 0
10 6 0
11 7 0
12 8 0
13 8 0
14 9 0
15 9 0
16 2 0
17 3 0
18 4 0
19 5 0
20 5 0
21 3 0
22 2 0
23 1 0
24 2 0
25 3 0
26 5 0
27 6 0
28 6 0
29 5 0
30 4 0
31 3 0
32 0 0
33 10 0
34 12 0
35 3 0
36 0 0
37 8 0
38 15 0
39 15 0
40 9 0
41 128 0
42 157 0
43 170 0
44 208 0
45 194 0
46 174 0
47 175 0
48 209 0
49 248 0
50 255 0
51 201 0
52 83 0
53 8 0
54 7 0
55 4 0
56 13 0
57 9 0
58 6 0
59 6 0
60 8 0
61 7 0
62 3 0
63 0 0
64 3 0
65 2 0
66 3 0
67 5 0
68 7 0
69 6 0
70 2 0
71 0 0
72 2 0
73 4 0
74 5 0
75 5 0
76 9 0
77 13 0
78 11 0
79 7 0
80 38 0
81 20 0
82 29 0
83 52 0
84 51 0
85 41 0
86 50 0
87 67 0
88 85 0
89 105 0
90 117 0
91 111 0
92 116 0
93 112 0
94 99 0
95 121 0
96 123 0
97 110 0
98 101 0
99 112 0
100 124 0
101 117 0
102 116 0
103 132 0
104 122 0
105 116 0
106 123 0
107 125 0
108 103 0
109 81 0
110 80 0
111 85 0
112 90 0
113 90 0
114 73 0
115 59 0
116 61 0
117 61 0
118 50 0
119 42 0
120 33 0
121 41 0
122 49 0
123 44 0
124 40 0
125 49 0
126 50 0
127 34 0
128 21 0
129 41 0
130 69 0
131 102 0
132 104 0
133 99 0
134 116 0
135 118 0
136 100 0
137 117 0
138 113 0
139 98 0
140 104 0
141 118 0
142 120 0
143 117 0
144 125 0
145 128 0
146 119 0
147 113 0
148 123 0
149 121 0
150 100 0
151 82 0
152 119 0
153 133 0
154 119 0
155 105 0
156 120 0
157 125 0
158 104 0
159 91 0
160 81 0
161 78 0
162 79 0
163 83 0
164 83 0
165 77 0
166 74 0
167 76 0
168 56 0
169 49 0
170 68 0
171 83 0
172 45 0
173 24 0
174 0 0
175 23 0
176 20 0
177 3 0
178 0 0
179 28 0
180 28 0
181 0 0
182 0 0
183 13 0
184 16 0
185 11 0
186 5 0
187 0 0
188 18 0
189 62 0
190 72 0
191 37 0
192 28 0
193 143 0
194 254 0
195 255 0
196 247 0
197 164 0
198 112 0
199 89 0
200 175 0
201 176 0
202 79 0
203 7 0
204 3 0
205 1 0
206 5 0
207 4 0
208 2 0
209 2 0
210 2 0
211 3 0
212 3 0
213 4 0
214 5 0
215 6 0
216 8 0
217 8 0
218 7 0
219 6 0
220 5 0
221 4 0
222 3 0
223 2 0
224 8 0
225 8 0
226 7 0
227 7 0
228 7 0
229 7 0
230 7 0
231 6 0
232 4 0
233 4 0
234 4 0
235 4 0
236 3 0
237 3 0
238 3 0
239 3 0
240 5 0
241 5 0
242 5 0
243 5 0
244 5 0
245 5 0
246 5 0
247 5 0
248 3 0
249 3 0
250 3 0
251 4 0
252 3 0
253 2 0
254 1 0
255 1 0

0 0 0
1 1 0
2 3 0
3 4 0
4 3 0
5 4 0
6 5 0
7 7 0
8 5 0
9 5 0
10 6 0
11 7 0
12 8 0
13 8 0
14 9 0
15 9 0
16 3 0
17 3 0
18 5 0
19 5 0
20 5 0
21 4 0
22 2 0
23 1 0
24 3 0
25 4 0
26 5 0
27 6 0
28 6 0
29 5 0
30 3 0
31 2 0
32 8 0
33 0 0
34 3 0
35 15 0
36 6 0
37 0 0
38 0 0
39 29 0
40 19 0
41 31 0
42 31 0
43 44 0
44 106 0
45 186 0
46 218 0
47 202 0
48 179 0
49 229 0
50 254 0
51 203 0
52 83 0
53 4 0
54 5 0
55 7 0
56 11 0
57 8 0
58 6 0
59 6 0
60 7 0
61 6 0
62 2 0
63 0 0
64 7 0
65 4 0
66 2 0
67 3 0
68 5 0
69 5 0
70 3 0
71 1 0
72 0 0
73 7 0
74 8 0
75 0 0
76 0 0
77 8 0
78 9 0
79 3 0
80 19 0
81 5 0
82 12 0
83 32 0
84 39 0
85 41 0
86 52 0
87 61 0
88 72 0
89 101 0
90 117 0
91 111 0
92 120 0
93 112 0
94 98 0
95 124 0
96 137 0
97 122 0
98 109 0
99 118 0
100 130 0
101 122 0
102 113 0
103 118 0
104 124 0
105 119 0
106 125 0
107 123 0
108 100 0
109 84 0
110 89 0
111 99 0
112 114 0
113 118 0
114 104 0
115 83 0
116 74 0
117 63 0
118 48 0
119 41 0
120 34 0
121 36 0
122 46 0
123 49 0
124 43 0
125 47 0
126 56 0
127 55 0
128 49 0
129 56 0
130 74 0
131 105 0
132 106 0
133 97 0
134 115 0
135 122 0
136 106 0
137 112 0
138 108 0
139 104 0
140 114 0
141 120 0
142 120 0
143 123 0
144 123 0
145 128 0
146 120 0
147 113 0
148 118 0
149 113 0
150 93 0
151 79 0
152 109 0
153 113 0
154 111 0
155 113 0
156 118 0
157 101 0
158 75 0
159 67 0
160 86 0
161 88 0
162 84 0
163 78 0
164 77 0
165 78 0
166 72 0
167 64 0
168 50 0
169 39 0
170 41 0
171 30 0
172 10 0
173 7 0
174 0 0
175 18 0
176 17 0
177 9 0
178 20 0
179 64 0
180 66 0
181 22 0
182 7 0
183 11 0
184 21 0
185 17 0
186 7 0
187 0 0
188 20 0
189 81 0
190 104 0
191 74 0
192 109 0
193 244 0
194 255 0
195 244 0
196 155 0
197 136 0
198 98 0
199 146 0
200 215 0
201 160 0
202 49 0
203 4 0
204 7 0
205 1 0
206 8 0
207 4 0
208 1 0
209 2 0
210 3 0
211 4 0
212 4 0
213 5 0
214 5 0
215 5 0
216 7 0
217 7 0
218 6 0
219 5 0
220 4 0
221 3 0
222 3 0
223 2 0
224 8 0
225 8 0
226 8 0
227 7 0
228 7 0
229 6 0
230 6 0
231 6 0
232 3 0
233 3 0
234 3 0
235 3 0
236 4 0
237 4 0
238 4 0
239 4 0
240 5 0
241 5 0
242 5 0
243 5 0
244 5 0
245 5 0
246 5 0
247 5 0
248 4 0
249 5 0
250 5 0
251 5 0
252 5 0
253 4 0
254 3 0
255 3 0

0 0 0
1 1 0
2 3 0
3 4 0
4 3 0
5 4 0
6 5 0
7 7 0
8 10 0
9 10 0
10 9 0
11 7 0
12 6 0
13 4 0
14 3 0
15 3 0
16 4 0
17 4 0
18 5 0
19 6 0
20 6 0
21 4 0
22 3 0
23 2 0
24 3 0
25 4 0
26 5 0
27 6 0
28 6 0
29 5 0
30 3 0
31 2 0
32 6 0
33 6 0
34 1 0
35 0 0
36 5 0
37 13 0
38 7 0
39 0 0
40 20 0
41 0 0
42 0 0
43 2 0
44 41 0
45 163 0
46 250 0
47 236 0
48 186 0
49 223 0
50 245 0
51 205 0
52 97 0
53 16 0
54 5 0
55 0 0
56 0 0
57 8 0
58 14 0
59 11 0
60 4 0
61 0 0
62 3 0
63 9 0
64 9 0
65 6 0
66 3 0
67 2 0
68 2 0
69 3 0
70 4 0
71 4 0
72 6 0
73 12 0
74 8 0
75 0 0
76 0 0
77 8 0
78 10 0
79 3 0
80 6 0
81 10 0
82 26 0
83 38 0
84 38 0
85 46 0
86 62 0
87 70 0
88 66 0
89 98 0
90 123 0
91 125 0
92 133 0
93 118 0
94 91 0
95 106 0
96 132 0
97 122 0
98 109 0
99 113 0
100 129 0
101 127 0
102 115 0
103 112 0
104 131 0
105 125 0
106 123 0
107 113 0
108 91 0
109 86 0
110 100 0
111 110 0
112 118 0
113 123 0
114 116 0
115 106 0
116 99 0
117 79 0
118 52 0
119 38 0
120 48 0
121 40 0
122 40 0
123 42 0
124 40 0
125 51 0
126 70 0
127 80 0
128 77 0
129 75 0
130 82 0
131 104 0
132 101 0
133 93 0
134 114 0
135 125 0
136 121 0
137 115 0
138 106 0
139 106 0
140 114 0
141 111 0
142 111 0
143 122 0
144 120 0
145 117 0
146 108 0
147 110 0
148 121 0
149 117 0
150 100 0
151 91 0
152 108 0
153 105 0
154 110 0
155 113 0
156 95 0
157 73 0
158 67 0
159 73 0
160 89 0
161 89 0
162 80 0
163 67 0
164 66 0
165 75 0
166 77 0
167 70 0
168 68 0
169 71 0
170 46 0
171 16 0
172 5 0
173 21 0
174 23 0
175 11 0
176 2 0
177 35 0
178 67 0
179 102 0
180 117 0
181 103 0
182 79 0
183 46 0
184 18 0
185 21 0
186 20 0
187 16 0
188 32 0
189 70 0
190 94 0
191 91 0
192 184 0
193 255 0
194 254 0
195 100 0
196 38 0
197 106 0
198 175 0
199 228 0
200 174 0
201 45 0
202 1 0
203 5 0
204 2 0
205 10 0
206 6 0
207 5 0
208 0 0
209 1 0
210 3 0
211 5 0
212 5 0
213 5 0
214 4 0
215 4 0
216 5 0
217 5 0
218 5 0
219 5 0
220 5 0
221 4 0
222 4 0
223 4 0
224 8 0
225 8 0
226 7 0
227 7 0
228 6 0
229 6 0
230 5 0
231 5 0
232 2 0
233 2 0
234 3 0
235 3 0
236 4 0
237 4 0
238 5 0
239 5 0
240 5 0
241 5 0
242 5 0
243 5 0
244 5 0
245 5 0
246 5 0
247 5 0
248 6 0
249 6 0
250 6 0
251 6 0
252 6 0
253 5 0
254 4 0
255 4 0

0 0 0
1 1 0
2 3 0
3 4 0
4 3 0
5 4 0
6 5 0
7 7 0
8 10 0
9 9 0
10 8 0
11 6 0
12 5 0
13 3 0
14 2 0
15 2 0
16 5 0
17 5 0
18 7 0
19 7 0
20 7 0
21 6 0
22 4 0
23 3 0
24 4 0
25 4 0
26 5 0
27 6 0
28 6 0
29 4 0
30 3 0
31 2 0
32 2 0
33 4 0
34 9 0
35 10 0
36 2 0
37 0 0
38 0 0
39 10 0
40 3 0
41 9 0
42 17 0
43 42 0
44 63 0
45 132 0
46 212 0
47 198 0
48 174 0
49 214 0
50 252 0
51 238 0
52 143 0
53 54 0
54 28 0
55 14 0
56 1 0
57 9 0
58 16 0
59 13 0
60 5 0
61 1 0
62 4 0
63 10 0
64 7 0
65 7 0
66 5 0
67 3 0
68 1 0
69 1 0
70 3 0
71 5 0
72 11 0
73 7 0
74 3 0
75 4 0
76 7 0
77 7 0
78 3 0
79 0 0
80 0 0
81 16 0
82 51 0
83 73 0
84 71 0
85 72 0
86 78 0
87 77 0
88 78 0
89 99 0
90 121 0
91 128 0
92 138 0
93 128 0
94 99 0
95 102 0
96 116 0
97 116 0
98 106 0
99 105 0
100 121 0
101 129 0
102 122 0
103 116 0
104 129 0
105 125 0
106 121 0
107 106 0
108 90 0
109 96 0
110 113 0
111 119 0
112 106 0
113 113 0
114 114 0
115 113 0
116 106 0
117 81 0
118 54 0
119 46 0
120 51 0
121 48 0
122 51 0
123 52 0
124 50 0
125 53 0
126 50 0
127 35 0
128 70 0
129 81 0
130 91 0
131 105 0
132 99 0
133 96 0
134 118 0
135 122 0
136 117 0
137 116 0
138 109 0
139 108 0
140 111 0
141 105 0
142 105 0
143 116 0
144 114 0
145 111 0
146 108 0
147 115 0
148 123 0
149 115 0
150 107 0
151 113 0
152 123 0
153 107 0
154 109 0
155 105 0
156 76 0
157 68 0
158 84 0
159 89 0
160 70 0
161 77 0
162 85 0
163 89 0
164 91 0
165 93 0
166 93 0
167 93 0
168 109 0
169 103 0
170 40 0
171 31 0
172 6 0
173 19 0
174 27 0
175 19 0
176 13 0
177 73 0
178 105 0
179 117 0
180 140 0
181 162 0
182 142 0
183 81 0
184 26 0
185 40 0
186 64 0
187 86 0
188 84 0
189 69 0
190 82 0
191 116 0
192 193 0
193 247 0
194 202 0
195 59 0
196 0 0
197 143 0
198 255 0
199 235 0
200 92 0
201 7 0
202 0 0
203 14 0
204 13 0
205 10 0
206 0 0
207 2 0
208 0 0
209 1 0
210 3 0
211 5 0
212 6 0
213 5 0
214 4 0
215 3 0
216 3 0
217 3 0
218 4 0
219 5 0
220 5 0
221 6 0
222 7 0
223 7 0
224 8 0
225 7 0
226 7 0
227 6 0
228 5 0
229 5 0
230 4 0
231 4 0
232 3 0
233 3 0
234 3 0
235 3 0
236 4 0
237 4 0
238 4 0
239 4 0
240 5 0
241 5 0
242 5 0
243 5 0
244 5 0
245 5 0
246 5 0
247 5 0
248 5 0
249 6 0
250 6 0
251 6 0
252 6 0
253 5 0
254 4 0
255 3 0

0 0 0
1 1 0
2 3 0
3 4 0
4 3 0
5 4 0
6 5 0
7 7 0
8 3 0
9 3 0
10 4 0
11 5 0
12 6 0
13 6 0
14 7 0
15 7 0
16 5 0
17 6 0
18 7 0
19 9 0
20 8 0
21 6 0
22 5 0
23 4 0
24 4 0
25 5 0
26 6 0
27 6 0
28 6 0
29 4 0
30 3 0
31 1 0
32 11 0
33 7 0
34 0 0
35 0 0
36 0 0
37 9 0
38 14 0
39 14 0
40 4 0
41 17 0
42 1 0
43 64 0
44 112 0
45 128 0
46 177 0
47 155 0
48 138 0
49 191 0
50 252 0
51 255 0
52 177 0
53 86 0
54 61 0
55 52 0
56 11 0
57 11 0
58 11 0
59 11 0
60 10 0
61 8 0
62 4 0
63 2 0
64 6 0
65 7 0
66 7 0
67 5 0
68 2 0
69 0 0
70 3 0
71 5 0
72 2 0
73 0 0
74 1 0
75 8 0
76 4 0
77 0 0
78 2 0
79 18 0
80 12 0
81 2 0
82 7 0
83 27 0
84 49 0
85 75 0
86 94 0
87 96 0
88 84 0
89 91 0
90 106 0
91 114 0
92 132 0
93 136 0
94 117 0
95 119 0
96 113 0
97 119 0
98 109 0
99 100 0
100 113 0
101 125 0
102 121 0
103 114 0
104 120 0
105 121 0
106 120 0
107 107 0
108 96 0
109 108 0
110 123 0
111 122 0
112 107 0
113 117 0
114 121 0
115 118 0
116 102 0
117 72 0
118 54 0
119 60 0
120 40 0
121 36 0
122 32 0
123 28 0
124 37 0
125 59 0
126 59 0
127 36 0
128 51 0
129 81 0
130 104 0
131 116 0
132 108 0
133 110 0
134 128 0
135 122 0
136 101 0
137 111 0
138 113 0
139 112 0
140 112 0
141 106 0
142 103 0
143 112 0
144 109 0
145 114 0
146 119 0
147 124 0
148 120 0
149 105 0
150 108 0
151 131 0
152 122 0
153 99 0
154 103 0
155 100 0
156 73 0
157 78 0
158 93 0
159 80 0
160 87 0
161 83 0
162 85 0
163 92 0
164 98 0
165 108 0
166 131 0
167 154 0
168 142 0
169 99 0
170 0 0
171 30 0
172 3 0
173 7 0
174 13 0
175 26 0
176 84 0
177 136 0
178 141 0
179 119 0
180 122 0
181 141 0
182 115 0
183 43 0
184 27 0
185 50 0
186 98 0
187 144 0
188 130 0
189 71 0
190 72 0
191 134 0
192 121 0
193 130 0
194 113 0
195 49 0
196 29 0
197 102 0
198 236 0
199 112 0
200 0 0
201 18 0
202 0 0
203 1 0
204 22 0
205 1 0
206 0 0
207 11 0
208 0 0
209 1 0
210 4 0
211 6 0
212 7 0
213 6 0
214 4 0
215 2 0
216 1 0
217 2 0
218 3 0
219 5 0
220 6 0
221 8 0
222 9 0
223 9 0
224 7 0
225 7 0
226 6 0
227 6 0
228 5 0
229 4 0
230 3 0
231 3 0
232 5 0
233 5 0
234 4 0
235 4 0
236 3 0
237 3 0
238 2 0
239 2 0
240 5 0
241 5 0
242 5 0
243 5 0
244 5 0
245 5 0
246 5 0
247 5 0
248 4 0
249 5 0
250 5 0
251 5 0
252 5 0
253 4 0
254 3 0
255 3 0

0 1 0
1 4 0
2 7 0
3 9 0
4 8 0
5 7 0
6 6 0
7 6 0
8 4 0
9 4 0
10 4 0
11 4 0
12 4 0
13 4 0
14 4 0
15 4 0
16 7 0
17 6 0
18 6 0
19 6 0
20 6 0
21 6 0
22 6 0
23 6 0
24 3 0
25 4 0
26 6 0
27 8 0
28 8 0
29 6 0
30 4 0
31 3 0
32 0 0
33 0 0
34 1 0
35 2 0
36 4 0
37 6 0
38 8 0
39 9 0
40 0 0
41 9 0
42 15 0
43 89 0
44 183 0
45 137 0
46 102 0
47 110 0
48 139 0
49 190 0
50 255 0
51 252 0
52 194 0
53 123 0
54 91 0
55 85 0
56 66 0
57 20 0
58 7 0
59 1 0
60 10 0
61 23 0
62 8 0
63 5 0
64 0 0
65 20 0
66 3 0
67 10 0
68 2 0
69 3 0
70 1 0
71 8 0
72 5 0
73 12 0
74 7 0
75 5 0
76 5 0
77 7 0
78 11 0
79 3 0
80 16 0
81 41 0
82 30 0
83 0 0
84 3 0
85 25 0
86 32 0
87 62 0
88 51 0
89 82 0
90 106 0
91 110 0
92 119 0
93 133 0
94 127 0
95 106 0
96 115 0
97 104 0
98 98 0
99 94 0
100 94 0
101 107 0
102 113 0
103 102 0
104 100 0
105 108 0
106 116 0
107 116 0
108 111 0
109 109 0
110 115 0
111 123 0
112 117 0
113 99 0
114 100 0
115 118 0
116 111 0
117 73 0
118 44 0
119 40 0
120 34 0
121 37 0
122 43 0
123 29 0
124 23 0
125 60 0
126 75 0
127 40 0
128 53 0
129 64 0
130 93 0
131 110 0
132 106 0
133 114 0
134 123 0
135 115 0
136 105 0
137 105 0
138 96 0
139 102 0
140 125 0
141 125 0
142 115 0
143 121 0
144 119 0
145 106 0
146 116 0
147 139 0
148 140 0
149 125 0
150 120 0
151 125 0
152 113 0
153 106 0
154 88 0
155 91 0
156 105 0
157 91 0
158 83 0
159 106 0
160 133 0
161 117 0
162 138 0
163 137 0
164 134 0
165 144 0
166 121 0
167 104 0
168 71 0
169 27 0
170 0 0
171 18 0
172 19 0
173 10 0
174 19 0
175 0 0
176 57 0
177 87 0
178 62 0
179 48 0
180 60 0
181 65 0
182 67 0
183 46 0
184 52 0
185 46 0
186 90 0
187 147 0
188 118 0
189 90 0
190 118 0
191 107 0
192 77 0
193 81 0
194 74 0
195 48 0
196 9 0
197 30 0
198 65 0
199 19 0
200 3 0
201 3 0
202 4 0
203 4 0
204 3 0
205 2 0
206 1 0
207 0 0
208 6 0
209 10 0
210 13 0
211 12 0
212 8 0
213 4 0
214 2 0
215 2 0
216 9 0
217 7 0
218 5 0
219 3 0
220 3 0
221 5 0
222 7 0
223 9 0
224 8 0
225 6 0
226 4 0
227 3 0
228 4 0
229 6 0
230 8 0
231 10 0
232 2 0
233 2 0
234 2 0
235 3 0
236 3 0
237 3 0
238 3 0
239 4 0
240 4 0
241 1 0
242 0 0
243 1 0
244 6 0
245 9 0
246 6 0
247 2 0
248 3 0
249 2 0
250 1 0
251 2 0
252 3 0
253 3 0
254 1 0
255 0 0

0 2 0
1 4 0
2 7 0
3 7 0
4 7 0
5 6 0
6 7 0
7 8 0
8 5 0
9 5 0
10 5 0
11 5 0
12 5 0
13 5 0
14 5 0
15 5 0
16 5 0
17 5 0
18 5 0
19 5 0
20 5 0
21 5 0
22 6 0
23 6 0
24 8 0
25 6 0
26 4 0
27 3 0
28 3 0
29 4 0
30 6 0
31 8 0
32 1 0
33 1 0
34 1 0
35 1 0
36 2 0
37 3 0
38 4 0
39 5 0
40 15 0
41 11 0
42 0 0
43 52 0
44 114 0
45 131 0
46 105 0
47 61 0
48 77 0
49 125 0
50 215 0
51 229 0
52 177 0
53 90 0
54 75 0
55 115 0
56 108 0
57 39 0
58 0 0
59 3 0
60 15 0
61 16 0
62 7 0
63 8 0
64 10 0
65 0 0
66 19 0
67 10 0
68 8 0
69 0 0
70 22 0
71 0 0
72 11 0
73 22 0
74 16 0
75 2 0
76 0 0
77 6 0
78 9 0
79 0 0
80 27 0
81 53 0
82 71 0
83 43 0
84 12 0
85 0 0
86 3 0
87 44 0
88 38 0
89 53 0
90 69 0
91 81 0
92 91 0
93 104 0
94 115 0
95 121 0
96 108 0
97 89 0
98 85 0
99 90 0
100 91 0
101 105 0
102 113 0
103 100 0
104 97 0
105 109 0
106 115 0
107 108 0
108 98 0
109 98 0
110 105 0
111 110 0
112 120 0
113 109 0
114 102 0
115 104 0
116 101 0
117 82 0
118 54 0
119 34 0
120 46 0
121 44 0
122 47 0
123 37 0
124 33 0
125 66 0
126 84 0
127 59 0
128 30 0
129 49 0
130 87 0
131 109 0
132 107 0
133 114 0
134 125 0
135 120 0
136 97 0
137 116 0
138 118 0
139 113 0
140 117 0
141 110 0
142 104 0
143 116 0
144 102 0
145 77 0
146 99 0
147 131 0
148 122 0
149 119 0
150 126 0
151 112 0
152 125 0
153 106 0
154 107 0
155 108 0
156 97 0
157 111 0
158 133 0
159 131 0
160 143 0
161 132 0
162 121 0
163 115 0
164 99 0
165 75 0
166 50 0
167 22 0
168 74 0
169 90 0
170 34 0
171 13 0
172 51 0
173 28 0
174 0 0
175 17 0
176 28 0
177 20 0
178 17 0
179 6 0
180 13 0
181 47 0
182 61 0
183 50 0
184 45 0
185 92 0
186 139 0
187 140 0
188 101 0
189 90 0
190 100 0
191 79 0
192 86 0
193 113 0
194 60 0
195 10 0
196 9 0
197 6 0
198 6 0
199 7 0
200 5 0
201 5 0
202 5 0
203 5 0
204 4 0
205 3 0
206 2 0
207 1 0
208 6 0
209 9 0
210 11 0
211 10 0
212 6 0
213 4 0
214 4 0
215 5 0
216 6 0
217 6 0
218 6 0
219 6 0
220 6 0
221 6 0
222 6 0
223 6 0
224 9 0
225 7 0
226 6 0
227 5 0
228 5 0
229 7 0
230 9 0
231 11 0
232 2 0
233 2 0
234 2 0
235 2 0
236 3 0
237 3 0
238 3 0
239 3 0
240 0 0
241 5 0
242 8 0
243 7 0
244 4 0
245 3 0
246 7 0
247 11 0
248 4 0
249 3 0
250 2 0
251 3 0
252 4 0
253 3 0
254 1 0
255 0 0

0 5 0
1 5 0
2 6 0
3 5 0
4 5 0
5 5 0
6 8 0
7 10 0
8 7 0
9 7 0
10 7 0
11 7 0
12 7 0
13 7 0
14 7 0
15 7 0
16 4 0
17 4 0
18 4 0
19 5 0
20 5 0
21 6 0
22 6 0
23 7 0
24 9 0
25 7 0
26 4 0
27 3 0
28 3 0
29 4 0
30 7 0
31 9 0
32 3 0
33 2 0
34 2 0
35 1 0
36 1 0
37 1 0
38 1 0
39 2 0
40 12 0
41 6 0
42 0 0
43 17 0
44 39 0
45 122 0
46 133 0
47 64 0
48 47 0
49 59 0
50 116 0
51 148 0
52 141 0
53 71 0
54 60 0
55 113 0
56 143 0
57 89 0
58 26 0
59 2 0
60 2 0
61 14 0
62 23 0
63 8 0
64 10 0
65 0 0
66 13 0
67 21 0
68 0 0
69 12 0
70 9 0
71 0 0
72 21 0
73 0 0
74 0 0
75 24 0
76 20 0
77 0 0
78 6 0
79 43 0
80 30 0
81 18 0
82 63 0
83 96 0
84 65 0
85 22 0
86 27 0
87 76 0
88 79 0
89 59 0
90 49 0
91 56 0
92 65 0
93 73 0
94 94 0
95 120 0
96 112 0
97 98 0
98 107 0
99 111 0
100 97 0
101 104 0
102 115 0
103 102 0
104 90 0
105 102 0
106 107 0
107 101 0
108 96 0
109 100 0
110 107 0
111 109 0
112 111 0
113 123 0
114 119 0
115 95 0
116 76 0
117 70 0
118 59 0
119 42 0
120 46 0
121 39 0
122 40 0
123 35 0
124 33 0
125 59 0
126 77 0
127 64 0
128 67 0
129 59 0
130 67 0
131 88 0
132 109 0
133 126 0
134 122 0
135 100 0
136 111 0
137 122 0
138 109 0
139 95 0
140 106 0
141 107 0
142 92 0
143 86 0
144 73 0
145 67 0
146 59 0
147 72 0
148 95 0
149 96 0
150 93 0
151 107 0
152 92 0
153 87 0
154 87 0
155 68 0
156 42 0
157 57 0
158 78 0
159 69 0
160 71 0
161 58 0
162 17 0
163 24 0
164 36 0
165 25 0
166 32 0
167 21 0
168 57 0
169 161 0
170 168 0
171 55 0
172 3 0
173 28 0
174 30 0
175 18 0
176 4 0
177 26 0
178 78 0
179 106 0
180 141 0
181 152 0
182 98 0
183 72 0
184 105 0
185 148 0
186 146 0
187 90 0
188 80 0
189 111 0
190 108 0
191 90 0
192 115 0
193 130 0
194 52 0
195 0 0
196 16 0
197 5 0
198 0 0
199 15 0
200 7 0
201 7 0
202 6 0
203 5 0
204 4 0
205 4 0
206 4 0
207 4 0
208 5 0
209 7 0
210 8 0
211 7 0
212 4 0
213 4 0
214 7 0
215 10 0
216 3 0
217 5 0
218 7 0
219 9 0
220 9 0
221 7 0
222 5 0
223 3 0
224 8 0
225 7 0
226 6 0
227 6 0
228 6 0
229 7 0
230 9 0
231 10 0
232 1 0
233 1 0
234 2 0
235 2 0
236 2 0
237 3 0
238 3 0
239 3 0
240 3 0
241 7 0
242 10 0
243 9 0
244 5 0
245 4 0
246 8 0
247 12 0
248 4 0
249 3 0
250 3 0
251 4 0
252 5 0
253 5 0
254 3 0
255 1 0

0 6 0
1 6 0
2 5 0
3 4 0
4 3 0
5 5 0
6 8 0
7 11 0
8 8 0
9 8 0
10 8 0
11 8 0
12 8 0
13 8 0
14 8 0
15 8 0
16 4 0
17 5 0
18 5 0
19 6 0
20 7 0
21 9 0
22 9 0
23 10 0
24 3 0
25 5 0
26 7 0
27 9 0
28 9 0
29 7 0
30 5 0
31 3 0
32 3 0
33 3 0
34 2 0
35 1 0
36 1 0
37 1 0
38 2 0
39 2 0
40 0 0
41 0 0
42 4 0
43 4 0
44 2 0
45 88 0
46 145 0
47 120 0
48 73 0
49 27 0
50 27 0
51 75 0
52 149 0
53 129 0
54 90 0
55 97 0
56 135 0
57 142 0
58 88 0
59 23 0
60 0 0
61 13 0
62 40 0
63 8 0
64 1 0
65 16 0
66 14 0
67 24 0
68 20 0
69 37 0
70 8 0
71 19 0
72 0 0
73 6 0
74 23 0
75 20 0
76 12 0
77 19 0
78 36 0
79 63 0
80 34 0
81 27 0
82 106 0
83 175 0
84 157 0
85 115 0
86 100 0
87 111 0
88 90 0
89 38 0
90 0 0
91 10 0
92 44 0
93 69 0
94 86 0
95 101 0
96 105 0
97 96 0
98 105 0
99 104 0
100 89 0
101 100 0
102 104 0
103 74 0
104 114 0
105 119 0
106 119 0
107 107 0
108 90 0
109 87 0
110 104 0
111 123 0
112 106 0
113 123 0
114 116 0
115 80 0
116 54 0
117 53 0
118 52 0
119 42 0
120 41 0
121 33 0
122 35 0
123 36 0
124 34 0
125 46 0
126 59 0
127 56 0
128 80 0
129 52 0
130 34 0
131 53 0
132 99 0
133 137 0
134 140 0
135 122 0
136 118 0
137 138 0
138 120 0
139 81 0
140 70 0
141 71 0
142 68 0
143 71 0
144 82 0
145 81 0
146 69 0
147 69 0
148 76 0
149 47 0
150 11 0
151 7 0
152 26 0
153 46 0
154 33 0
155 13 0
156 22 0
157 25 0
158 17 0
159 21 0
160 22 0
161 21 0
162 6 0
163 33 0
164 62 0
165 46 0
166 27 0
167 16 0
168 33 0
169 67 0
170 117 0
171 70 0
172 23 0
173 67 0
174 71 0
175 17 0
176 50 0
177 139 0
178 212 0
179 246 0
180 252 0
181 162 0
182 73 0
183 104 0
184 202 0
185 166 0
186 103 0
187 60 0
188 106 0
189 147 0
190 122 0
191 120 0
192 129 0
193 92 0
194 32 0
195 0 0
196 0 0
197 1 0
198 3 0
199 7 0
200 8 0
201 7 0
202 5 0
203 4 0
204 3 0
205 4 0
206 5 0
207 5 0
208 5 0
209 6 0
210 6 0
211 4 0
212 2 0
213 4 0
214 9 0
215 14 0
216 3 0
217 5 0
218 7 0
219 9 0
220 9 0
221 7 0
222 5 0
223 3 0
224 6 0
225 5 0
226 5 0
227 5 0
228 5 0
229 5 0
230 6 0
231 6 0
232 1 0
233 1 0
234 2 0
235 2 0
236 2 0
237 3 0
238 3 0
239 3 0
240 9 0
241 5 0
242 2 0
243 4 0
244 9 0
245 11 0
246 8 0
247 4 0
248 5 0
249 4 0
250 4 0
251 4 0
252 6 0
253 6 0
254 4 0
255 2 0

0 5 0
1 6 0
2 6 0
3 5 0
4 4 0
5 5 0
6 8 0
7 11 0
8 8 0
9 8 0
10 8 0
11 8 0
12 8 0
13 8 0
14 8 0
15 8 0
16 7 0
17 7 0
18 8 0
19 9 0
20 10 0
21 10 0
22 10 0
23 12 0
24 4 0
25 5 0
26 7 0
27 9 0
28 9 0
29 7 0
30 5 0
31 4 0
32 3 0
33 2 0
34 2 0
35 2 0
36 3 0
37 4 0
38 5 0
39 5 0
40 2 0
41 0 0
42 16 0
43 3 0
44 0 0
45 34 0
46 107 0
47 150 0
48 110 0
49 27 0
50 0 0
51 65 0
52 189 0
53 196 0
54 135 0
55 107 0
56 110 0
57 153 0
58 148 0
59 101 0
60 37 0
61 14 0
62 34 0
63 22 0
64 1 0
65 7 0
66 22 0
67 10 0
68 41 0
69 29 0
70 27 0
71 23 0
72 17 0
73 35 0
74 52 0
75 21 0
76 0 0
77 3 0
78 9 0
79 25 0
80 58 0
81 110 0
82 219 0
83 255 0
84 241 0
85 212 0
86 176 0
87 142 0
88 95 0
89 66 0
90 45 0
91 59 0
92 90 0
93 106 0
94 99 0
95 86 0
96 95 0
97 88 0
98 86 0
99 78 0
100 82 0
101 114 0
102 118 0
103 80 0
104 87 0
105 100 0
106 122 0
107 134 0
108 120 0
109 98 0
110 98 0
111 114 0
112 108 0
113 99 0
114 78 0
115 55 0
116 46 0
117 46 0
118 39 0
119 26 0
120 39 0
121 35 0
122 39 0
123 44 0
124 41 0
125 41 0
126 44 0
127 46 0
128 48 0
129 42 0
130 33 0
131 38 0
132 66 0
133 97 0
134 118 0
135 128 0
136 120 0
137 118 0
138 76 0
139 36 0
140 51 0
141 87 0
142 103 0
143 109 0
144 139 0
145 82 0
146 74 0
147 71 0
148 31 0
149 29 0
150 44 0
151 20 0
152 19 0
153 57 0
154 66 0
155 47 0
156 30 0
157 11 0
158 16 0
159 48 0
160 59 0
161 52 0
162 53 0
163 50 0
164 55 0
165 40 0
166 12 0
167 25 0
168 27 0
169 0 0
170 6 0
171 38 0
172 94 0
173 137 0
174 127 0
175 125 0
176 160 0
177 239 0
178 251 0
179 220 0
180 153 0
181 56 0
182 77 0
183 189 0
184 215 0
185 123 0
186 72 0
187 102 0
188 164 0
189 154 0
190 106 0
191 126 0
192 123 0
193 55 0
194 15 0
195 3 0
196 0 0
197 1 0
198 7 0
199 0 0
200 6 0
201 5 0
202 3 0
203 2 0
204 2 0
205 3 0
206 4 0
207 4 0
208 4 0
209 5 0
210 5 0
211 4 0
212 2 0
213 4 0
214 9 0
215 14 0
216 6 0
217 6 0
218 6 0
219 6 0
220 6 0
221 6 0
222 6 0
223 6 0
224 3 0
225 3 0
226 3 0
227 4 0
228 3 0
229 3 0
230 3 0
231 2 0
232 2 0
233 2 0
234 2 0
235 3 0
236 3 0
237 3 0
238 4 0
239 4 0
240 8 0
241 4 0
242 0 0
243 2 0
244 6 0
245 8 0
246 4 0
247 0 0
248 5 0
249 4 0
250 4 0
251 5 0
252 6 0
253 6 0
254 5 0
255 3 0

0 3 0
1 5 0
2 6 0
3 7 0
4 6 0
5 6 0
6 7 0
7 9 0
8 7 0
9 7 0
10 7 0
11 7 0
12 7 0
13 7 0
14 7 0
15 7 0
16 10 0
17 10 0
18 10 0
19 10 0
20 10 0
21 12 0
22 12 0
23 12 0
24 10 0
25 7 0
26 5 0
27 4 0
28 4 0
29 5 0
30 7 0
31 10 0
32 2 0
33 2 0
34 2 0
35 2 0
36 3 0
37 5 0
38 6 0
39 7 0
40 14 0
41 1 0
42 14 0
43 5 0
44 14 0
45 4 0
46 53 0
47 127 0
48 125 0
49 38 0
50 7 0
51 60 0
52 158 0
53 163 0
54 127 0
55 118 0
56 110 0
57 133 0
58 171 0
59 184 0
60 116 0
61 34 0
62 26 0
63 49 0
64 41 0
65 24 0
66 29 0
67 48 0
68 49 0
69 51 0
70 59 0
71 16 0
72 4 0
73 0 0
74 20 0
75 20 0
76 11 0
77 9 0
78 6 0
79 39 0
80 115 0
81 150 0
82 215 0
83 236 0
84 211 0
85 178 0
86 135 0
87 107 0
88 103 0
89 147 0
90 185 0
91 184 0
92 155 0
93 124 0
94 100 0
95 86 0
96 96 0
97 108 0
98 101 0
99 74 0
100 72 0
101 107 0
102 132 0
103 127 0
104 81 0
105 73 0
106 82 0
107 108 0
108 121 0
109 108 0
110 89 0
111 80 0
112 87 0
113 70 0
114 51 0
115 41 0
116 37 0
117 32 0
118 29 0
119 29 0
120 33 0
121 34 0
122 38 0
123 43 0
124 41 0
125 34 0
126 32 0
127 36 0
128 30 0
129 43 0
130 43 0
131 38 0
132 41 0
133 48 0
134 58 0
135 73 0
136 75 0
137 74 0
138 48 0
139 47 0
140 98 0
141 135 0
142 115 0
143 85 0
144 41 0
145 13 0
146 25 0
147 52 0
148 52 0
149 63 0
150 88 0
151 93 0
152 95 0
153 83 0
154 89 0
155 79 0
156 39 0
157 21 0
158 29 0
159 28 0
160 8 0
161 13 0
162 41 0
163 33 0
164 21 0
165 12 0
166 0 0
167 15 0
168 4 0
169 0 0
170 30 0
171 92 0
172 142 0
173 151 0
174 175 0
175 243 0
176 255 0
177 255 0
178 185 0
179 94 0
180 40 0
181 83 0
182 186 0
183 218 0
184 134 0
185 62 0
186 76 0
187 156 0
188 171 0
189 114 0
190 89 0
191 127 0
192 92 0
193 38 0
194 9 0
195 4 0
196 10 0
197 12 0
198 4 0
199 9 0
200 3 0
201 3 0
202 2 0
203 2 0
204 2 0
205 2 0
206 2 0
207 3 0
208 3 0
209 5 0
210 6 0
211 5 0
212 3 0
213 4 0
214 7 0
215 11 0
216 8 0
217 7 0
218 6 0
219 5 0
220 5 0
221 6 0
222 7 0
223 8 0
224 2 0
225 3 0
226 4 0
227 5 0
228 5 0
229 3 0
230 2 0
231 1 0
232 3 0
233 3 0
234 4 0
235 4 0
236 4 0
237 5 0
238 5 0
239 5 0
240 1 0
241 5 0
242 8 0
243 6 0
244 1 0
245 0 0
246 1 0
247 5 0
248 4 0
249 3 0
250 3 0
251 4 0
252 6 0
253 6 0
254 5 0
255 3 0

0 0 0
1 4 0
2 8 0
3 10 0
4 9 0
5 7 0
6 6 0
7 6 0
8 5 0
9 5 0
10 5 0
11 5 0
12 5 0
13 5 0
14 5 0
15 5 0
16 10 0
17 10 0
18 10 0
19 10 0
20 10 0
21 10 0
22 10 0
23 10 0
24 10 0
25 8 0
26 6 0
27 4 0
28 4 0
29 6 0
30 8 0
31 10 0
32 1 0
33 1 0
34 1 0
35 1 0
36 2 0
37 4 0
38 5 0
39 6 0
40 13 0
41 1 0
42 9 0
43 9 0
44 15 0
45 5 0
46 16 0
47 75 0
48 87 0
49 33 0
50 19 0
51 33 0
52 83 0
53 98 0
54 106 0
55 120 0
56 126 0
57 115 0
58 154 0
59 185 0
60 145 0
61 72 0
62 40 0
63 60 0
64 71 0
65 61 0
66 37 0
67 107 0
68 121 0
69 153 0
70 152 0
71 93 0
72 64 0
73 41 0
74 48 0
75 36 0
76 33 0
77 33 0
78 0 0
79 0 0
80 37 0
81 38 0
82 45 0
83 57 0
84 101 0
85 135 0
86 130 0
87 132 0
88 137 0
89 186 0
90 214 0
91 183 0
92 131 0
93 103 0
94 103 0
95 107 0
96 123 0
97 134 0
98 110 0
99 64 0
100 44 0
101 52 0
102 75 0
103 99 0
104 106 0
105 93 0
106 78 0
107 71 0
108 74 0
109 77 0
110 72 0
111 64 0
112 60 0
113 49 0
114 42 0
115 40 0
116 35 0
117 30 0
118 36 0
119 47 0
120 32 0
121 37 0
122 39 0
123 41 0
124 40 0
125 34 0
126 33 0
127 40 0
128 29 0
129 40 0
130 37 0
131 34 0
132 44 0
133 44 0
134 37 0
135 41 0
136 41 0
137 85 0
138 105 0
139 102 0
140 103 0
141 84 0
142 42 0
143 13 0
144 26 0
145 41 0
146 37 0
147 65 0
148 117 0
149 118 0
150 129 0
151 190 0
152 228 0
153 170 0
154 140 0
155 151 0
156 167 0
157 178 0
158 159 0
159 116 0
160 90 0
161 84 0
162 85 0
163 76 0
164 66 0
165 75 0
166 89 0
167 101 0
168 57 0
169 48 0
170 110 0
171 199 0
172 194 0
173 155 0
174 194 0
175 252 0
176 255 0
177 200 0
178 118 0
179 56 0
180 80 0
181 190 0
182 222 0
183 135 0
184 73 0
185 55 0
186 115 0
187 176 0
188 121 0
189 71 0
190 105 0
191 133 0
192 53 0
193 13 0
194 4 0
195 5 0
196 8 0
197 6 0
198 0 0
199 10 0
200 1 0
201 2 0
202 2 0
203 3 0
204 3 0
205 2 0
206 2 0
207 2 0
208 2 0
209 5 0
210 8 0
211 8 0
212 5 0
213 3 0
214 4 0
215 6 0
216 7 0
217 7 0
218 6 0
219 5 0
220 5 0
221 6 0
222 7 0
223 7 0
224 5 0
225 6 0
226 8 0
227 9 0
228 9 0
229 7 0
230 5 0
231 3 0
232 4 0
233 5 0
234 5 0
235 5 0
236 6 0
237 6 0
238 6 0
239 6 0
240 3 0
241 7 0
242 10 0
243 7 0
244 2 0
245 0 0
246 2 0
247 6 0
248 3 0
249 2 0
250 2 0
251 4 0
252 5 0
253 6 0
254 5 0
255 3 0

0 0 0
1 3 0
2 8 0
3 12 0
4 11 0
5 8 0
6 5 0
7 4 0
8 4 0
9 4 0
10 4 0
11 4 0
12 4 0
13 4 0
14 4 0
15 4 0
16 10 0
17 10 0
18 10 0
19 10 0
20 10 0
21 10 0
22 10 0
23 10 0
24 4 0
25 6 0
26 9 0
27 10 0
28 10 0
29 9 0
30 6 0
31 4 0
32 1 0
33 1 0
34 0 0
35 1 0
36 1 0
37 2 0
38 3 0
39 4 0
40 4 0
41 3 0
42 8 0
43 12 0
44 2 0
45 9 0
46 0 0
47 29 0
48 22 0
49 12 0
50 26 0
51 18 0
52 50 0
53 90 0
54 122 0
55 129 0
56 133 0
57 109 0
58 124 0
59 129 0
60 119 0
61 101 0
62 61 0
63 50 0
64 42 0
65 49 0
66 28 0
67 104 0
68 216 0
69 237 0
70 253 0
71 194 0
72 142 0
73 62 0
74 58 0
75 87 0
76 96 0
77 57 0
78 3 0
79 25 0
80 92 0
81 116 0
82 86 0
83 52 0
84 134 0
85 245 0
86 255 0
87 255 0
88 255 0
89 229 0
90 168 0
91 104 0
92 80 0
93 102 0
94 131 0
95 142 0
96 175 0
97 157 0
98 100 0
99 49 0
100 31 0
101 12 0
102 2 0
103 19 0
104 31 0
105 87 0
106 129 0
107 118 0
108 84 0
109 66 0
110 66 0
111 69 0
112 55 0
113 39 0
114 29 0
115 35 0
116 47 0
117 51 0
118 51 0
119 52 0
120 43 0
121 50 0
122 49 0
123 47 0
124 48 0
125 46 0
126 47 0
127 58 0
128 47 0
129 55 0
130 44 0
131 37 0
132 47 0
133 46 0
134 36 0
135 40 0
136 105 0
137 123 0
138 98 0
139 49 0
140 23 0
141 14 0
142 14 0
143 25 0
144 30 0
145 56 0
146 80 0
147 126 0
148 165 0
149 143 0
150 132 0
151 177 0
152 250 0
153 253 0
154 236 0
155 231 0
156 252 0
157 255 0
158 250 0
159 255 0
160 253 0
161 250 0
162 240 0
163 255 0
164 255 0
165 250 0
166 252 0
167 215 0
168 220 0
169 241 0
170 244 0
171 230 0
172 193 0
173 200 0
174 249 0
175 249 0
176 189 0
177 115 0
178 90 0
179 112 0
180 181 0
181 232 0
182 174 0
183 99 0
184 74 0
185 93 0
186 163 0
187 181 0
188 81 0
189 59 0
190 132 0
191 128 0
192 48 0
193 2 0
194 18 0
195 23 0
196 0 0
197 0 0
198 1 0
199 4 0
200 1 0
201 1 0
202 3 0
203 4 0
204 4 0
205 3 0
206 2 0
207 1 0
208 2 0
209 6 0
210 10 0
211 10 0
212 7 0
213 3 0
214 2 0
215 3 0
216 6 0
217 6 0
218 6 0
219 6 0
220 6 0
221 6 0
222 6 0
223 6 0
224 8 0
225 10 0
226 12 0
227 13 0
228 12 0
229 10 0
230 8 0
231 6 0
232 5 0
233 5 0
234 6 0
235 6 0
236 6 0
237 7 0
238 7 0
239 7 0
240 13 0
241 8 0
242 4 0
243 5 0
244 9 0
245 10 0
246 6 0
247 1 0
248 2 0
249 2 0
250 2 0
251 3 0
252 5 0
253 6 0
254 4 0
255 3 0

0 0 0
1 1 0
2 3 0
3 3 0
4 2 0
5 2 0
6 4 0
7 5 0
8 3 0
9 3 0
10 3 0
11 2 0
12 3 0
13 4 0
14 5 0
15 5 0
16 14 0
17 12 0
18 7 0
19 4 0
20 3 0
21 4 0
22 6 0
23 8 0
24 6 0
25 6 0
26 5 0
27 1 0
28 0 0
29 0 0
30 1 0
31 5 0
32 5 0
33 4 0
34 2 0
35 1 0
36 1 0
37 2 0
38 3 0
39 4 0
40 0 0
41 3 0
42 5 0
43 6 0
44 8 0
45 10 0
46 8 0
47 3 0
48 6 0
49 0 0
50 14 0
51 19 0
52 29 0
53 95 0
54 97 0
55 111 0
56 138 0
57 117 0
58 74 0
59 98 0
60 97 0
61 117 0
62 107 0
63 35 0
64 14 0
65 23 0
66 56 0
67 88 0
68 83 0
69 81 0
70 116 0
71 148 0
72 89 0
73 9 0
74 22 0
75 104 0
76 154 0
77 145 0
78 145 0
79 207 0
80 251 0
81 255 0
82 252 0
83 207 0
84 166 0
85 208 0
86 255 0
87 243 0
88 255 0
89 249 0
90 232 0
91 135 0
92 105 0
93 95 0
94 103 0
95 151 0
96 201 0
97 192 0
98 139 0
99 94 0
100 67 0
101 37 0
102 31 0
103 38 0
104 41 0
105 26 0
106 45 0
107 129 0
108 143 0
109 75 0
110 52 0
111 57 0
112 46 0
113 35 0
114 39 0
115 43 0
116 38 0
117 51 0
118 57 0
119 37 0
120 37 0
121 31 0
122 32 0
123 42 0
124 46 0
125 41 0
126 42 0
127 50 0
128 49 0
129 61 0
130 41 0
131 33 0
132 50 0
133 38 0
134 29 0
135 60 0
136 116 0
137 108 0
138 19 0
139 0 0
140 32 0
141 41 0
142 70 0
143 95 0
144 42 0
145 79 0
146 215 0
147 225 0
148 163 0
149 103 0
150 81 0
151 102 0
152 184 0
153 255 0
154 255 0
155 249 0
156 255 0
157 250 0
158 254 0
159 255 0
160 244 0
161 255 0
162 225 0
163 241 0
164 255 0
165 255 0
166 252 0
167 186 0
168 225 0
169 253 0
170 247 0
171 212 0
172 186 0
173 242 0
174 239 0
175 179 0
176 88 0
177 57 0
178 64 0
179 152 0
180 227 0
181 194 0
182 113 0
183 70 0
184 88 0
185 141 0
186 180 0
187 136 0
188 124 0
189 144 0
190 140 0
191 68 0
192 17 0
193 11 0
194 11 0
195 16 0
196 14 0
197 5 0
198 2 0
199 6 0
200 7 0
201 7 0
202 7 0
203 7 0
204 7 0
205 7 0
206 7 0
207 7 0
208 7 0
209 7 0
210 7 0
211 7 0
212 7 0
213 7 0
214 7 0
215 7 0
216 7 0
217 6 0
218 5 0
219 5 0
220 4 0
221 5 0
222 5 0
223 5 0
224 5 0
225 5 0
226 5 0
227 6 0
228 6 0
229 7 0
230 7 0
231 7 0
232 10 0
233 9 0
234 7 0
235 7 0
236 7 0
237 7 0
238 6 0
239 5 0
240 8 0
241 6 0
242 4 0
243 3 0
244 3 0
245 4 0
246 6 0
247 8 0
248 10 0
249 10 0
250 9 0
251 8 0
252 6 0
253 4 0
254 2 0
255 1 0

0 0 0
1 1 0
2 3 0
3 3 0
4 2 0
5 2 0
6 4 0
7 5 0
8 3 0
9 3 0
10 3 0
11 2 0
12 3 0
13 4 0
14 5 0
15 5 0
16 5 0
17 5 0
18 5 0
19 4 0
20 3 0
21 2 0
22 1 0
23 0 0
24 4 0
25 5 0
26 6 0
27 5 0
28 4 0
29 4 0
30 6 0
31 7 0
32 2 0
33 3 0
34 3 0
35 3 0
36 3 0
37 3 0
38 2 0
39 2 0
40 0 0
41 5 0
42 8 0
43 7 0
44 6 0
45 8 0
46 9 0
47 8 0
48 13 0
49 4 0
50 9 0
51 7 0
52 43 0
53 74 0
54 76 0
55 99 0
56 159 0
57 142 0
58 79 0
59 94 0
60 83 0
61 73 0
62 95 0
63 94 0
64 42 0
65 0 0
66 45 0
67 71 0
68 50 0
69 31 0
70 18 0
71 46 0
72 41 0
73 0 0
74 12 0
75 114 0
76 204 0
77 240 0
78 255 0
79 255 0
80 251 0
81 249 0
82 249 0
83 255 0
84 232 0
85 196 0
86 218 0
87 252 0
88 255 0
89 255 0
90 247 0
91 145 0
92 99 0
93 87 0
94 81 0
95 100 0
96 138 0
97 121 0
98 151 0
99 187 0
100 167 0
101 160 0
102 160 0
103 107 0
104 49 0
105 16 0
106 3 0
107 22 0
108 49 0
109 58 0
110 47 0
111 44 0
112 51 0
113 48 0
114 42 0
115 43 0
116 47 0
117 44 0
118 41 0
119 45 0
120 40 0
121 38 0
122 31 0
123 29 0
124 41 0
125 55 0
126 50 0
127 35 0
128 37 0
129 44 0
130 47 0
131 38 0
132 27 0
133 31 0
134 58 0
135 87 0
136 98 0
137 35 0
138 0 0
139 54 0
140 113 0
141 127 0
142 170 0
143 190 0
144 88 0
145 80 0
146 246 0
147 255 0
148 131 0
149 65 0
150 76 0
151 113 0
152 178 0
153 245 0
154 255 0
155 240 0
156 253 0
157 255 0
158 252 0
159 250 0
160 255 0
161 168 0
162 123 0
163 138 0
164 172 0
165 194 0
166 173 0
167 138 0
168 154 0
169 215 0
170 252 0
171 244 0
172 250 0
173 244 0
174 182 0
175 103 0
176 76 0
177 50 0
178 63 0
179 92 0
180 132 0
181 138 0
182 93 0
183 77 0
184 98 0
185 161 0
186 162 0
187 102 0
188 113 0
189 151 0
190 129 0
191 62 0
192 18 0
193 16 0
194 12 0
195 7 0
196 5 0
197 7 0
198 9 0
199 9 0
200 7 0
201 7 0
202 7 0
203 7 0
204 7 0
205 7 0
206 7 0
207 7 0
208 7 0
209 7 0
210 7 0
211 7 0
212 7 0
213 7 0
214 7 0
215 7 0
216 5 0
217 5 0
218 5 0
219 5 0
220 5 0
221 6 0
222 7 0
223 8 0
224 5 0
225 5 0
226 5 0
227 6 0
228 6 0
229 7 0
230 7 0
231 7 0
232 6 0
233 4 0
234 3 0
235 4 0
236 5 0
237 5 0
238 4 0
239 3 0
240 7 0
241 6 0
242 4 0
243 2 0
244 2 0
245 4 0
246 6 0
247 7 0
248 10 0
249 10 0
250 10 0
251 9 0
252 7 0
253 5 0
254 3 0
255 2 0

0 0 0
1 1 0
2 3 0
3 3 0
4 2 0
5 2 0
6 4 0
7 5 0
8 3 0
9 3 0
10 3 0
11 2 0
12 3 0
13 4 0
14 5 0
15 5 0
16 0 0
17 2 0
18 6 0
19 8 0
20 7 0
21 4 0
22 0 0
23 0 0
24 5 0
25 5 0
26 7 0
27 9 0
28 11 0
29 10 0
30 7 0
31 5 0
32 0 0
33 2 0
34 3 0
35 5 0
36 5 0
37 4 0
38 2 0
39 1 0
40 1 0
41 8 0
42 11 0
43 7 0
44 3 0
45 6 0
46 11 0
47 14 0
48 12 0
49 12 0
50 6 0
51 0 0
52 46 0
53 47 0
54 67 0
55 107 0
56 140 0
57 135 0
58 103 0
59 88 0
60 67 0
61 49 0
62 62 0
63 121 0
64 101 0
65 34 0
66 44 0
67 95 0
68 120 0
69 106 0
70 44 0
71 0 0
72 0 0
73 47 0
74 90 0
75 132 0
76 142 0
77 150 0
78 167 0
79 131 0
80 138 0
81 224 0
82 255 0
83 251 0
84 255 0
85 249 0
86 250 0
87 255 0
88 251 0
89 254 0
90 241 0
91 150 0
92 104 0
93 101 0
94 90 0
95 85 0
96 80 0
97 78 0
98 126 0
99 167 0
100 153 0
101 182 0
102 211 0
103 154 0
104 88 0
105 34 0
106 10 0
107 1 0
108 31 0
109 61 0
110 37 0
111 30 0
112 42 0
113 59 0
114 49 0
115 38 0
116 47 0
117 41 0
118 31 0
119 44 0
120 43 0
121 41 0
122 33 0
123 28 0
124 38 0
125 50 0
126 47 0
127 34 0
128 40 0
129 32 0
130 45 0
131 41 0
132 17 0
133 43 0
134 93 0
135 107 0
136 82 0
137 12 0
138 25 0
139 130 0
140 173 0
141 191 0
142 231 0
143 213 0
144 90 0
145 54 0
146 160 0
147 198 0
148 128 0
149 103 0
150 83 0
151 105 0
152 156 0
153 223 0
154 255 0
155 248 0
156 255 0
157 255 0
158 242 0
159 227 0
160 136 0
161 96 0
162 117 0
163 143 0
164 127 0
165 113 0
166 115 0
167 127 0
168 104 0
169 167 0
170 252 0
171 255 0
172 241 0
173 153 0
174 100 0
175 72 0
176 93 0
177 87 0
178 113 0
179 100 0
180 101 0
181 110 0
182 85 0
183 105 0
184 165 0
185 173 0
186 121 0
187 101 0
188 148 0
189 161 0
190 85 0
191 27 0
192 13 0
193 18 0
194 14 0
195 3 0
196 2 0
197 10 0
198 11 0
199 5 0
200 6 0
201 6 0
202 6 0
203 6 0
204 6 0
205 6 0
206 6 0
207 6 0
208 6 0
209 6 0
210 6 0
211 6 0
212 6 0
213 6 0
214 6 0
215 6 0
216 4 0
217 4 0
218 4 0
219 4 0
220 5 0
221 7 0
222 9 0
223 10 0
224 5 0
225 5 0
226 6 0
227 6 0
228 6 0
229 6 0
230 7 0
231 7 0
232 7 0
233 6 0
234 5 0
235 6 0
236 7 0
237 9 0
238 7 0
239 6 0
240 7 0
241 6 0
242 4 0
243 2 0
244 2 0
245 4 0
246 6 0
247 7 0
248 10 0
249 10 0
250 10 0
251 9 0
252 7 0
253 6 0
254 4 0
255 3 0

0 0 0
1 1 0
2 3 0
3 3 0
4 2 0
5 2 0
6 4 0
7 5 0
8 3 0
9 3 0
10 3 0
11 2 0
12 3 0
13 4 0
14 5 0
15 5 0
16 5 0
17 6 0
18 9 0
19 10 0
20 10 0
21 8 0
22 6 0
23 4 0
24 8 0
25 7 0
26 7 0
27 9 0
28 10 0
29 9 0
30 4 0
31 0 0
32 1 0
33 2 0
34 3 0
35 4 0
36 4 0
37 3 0
38 3 0
39 2 0
40 4 0
41 8 0
42 9 0
43 4 0
44 2 0
45 6 0
46 12 0
47 14 0
48 2 0
49 12 0
50 4 0
51 1 0
52 26 0
53 31 0
54 76 0
55 124 0
56 117 0
57 102 0
58 108 0
59 71 0
60 67 0
61 80 0
62 48 0
63 87 0
64 137 0
65 100 0
66 17 0
67 45 0
68 129 0
69 186 0
70 194 0
71 111 0
72 78 0
73 136 0
74 156 0
75 113 0
76 56 0
77 63 0
78 98 0
79 81 0
80 81 0
81 122 0
82 120 0
83 141 0
84 206 0
85 247 0
86 253 0
87 244 0
88 255 0
89 250 0
90 234 0
91 156 0
92 90 0
93 80 0
94 90 0
95 107 0
96 113 0
97 151 0
98 141 0
99 90 0
100 55 0
101 72 0
102 106 0
103 101 0
104 90 0
105 71 0
106 63 0
107 55 0
108 72 0
109 86 0
110 53 0
111 25 0
112 24 0
113 50 0
114 50 0
115 34 0
116 35 0
117 39 0
118 34 0
119 33 0
120 42 0
121 38 0
122 39 0
123 41 0
124 36 0
125 29 0
126 35 0
127 49 0
128 47 0
129 27 0
130 31 0
131 37 0
132 40 0
133 80 0
134 117 0
135 110 0
136 58 0
137 57 0
138 109 0
139 149 0
140 114 0
141 121 0
142 159 0
143 118 0
144 39 0
145 14 0
146 19 0
147 39 0
148 56 0
149 109 0
150 102 0
151 96 0
152 107 0
153 182 0
154 251 0
155 252 0
156 255 0
157 243 0
158 176 0
159 144 0
160 102 0
161 129 0
162 139 0
163 151 0
164 113 0
165 68 0
166 83 0
167 84 0
168 92 0
169 177 0
170 255 0
171 225 0
172 145 0
173 93 0
174 92 0
175 81 0
176 89 0
177 168 0
178 217 0
179 180 0
180 146 0
181 120 0
182 87 0
183 101 0
184 179 0
185 149 0
186 100 0
187 135 0
188 183 0
189 162 0
190 61 0
191 13 0
192 9 0
193 12 0
194 13 0
195 9 0
196 9 0
197 10 0
198 9 0
199 3 0
200 5 0
201 5 0
202 5 0
203 5 0
204 5 0
205 5 0
206 5 0
207 5 0
208 5 0
209 5 0
210 5 0
211 5 0
212 5 0
213 5 0
214 5 0
215 5 0
216 4 0
217 3 0
218 3 0
219 4 0
220 4 0
221 5 0
222 7 0
223 7 0
224 6 0
225 6 0
226 6 0
227 6 0
228 6 0
229 6 0
230 6 0
231 6 0
232 7 0
233 6 0
234 5 0
235 7 0
236 9 0
237 10 0
238 10 0
239 9 0
240 7 0
241 5 0
242 3 0
243 2 0
244 2 0
245 3 0
246 5 0
247 7 0
248 9 0
249 9 0
250 9 0
251 7 0
252 6 0
253 5 0
254 3 0
255 2 0

0 0 0
1 1 0
2 3 0
3 3 0
4 2 0
5 2 0
6 4 0
7 5 0
8 3 0
9 3 0
10 3 0
11 2 0
12 3 0
13 4 0
14 5 0
15 5 0
16 9 0
17 8 0
18 7 0
19 6 0
20 6 0
21 7 0
22 7 0
23 8 0
24 8 0
25 5 0
26 3 0
27 4 0
28 5 0
29 5 0
30 2 0
31 0 0
32 3 0
33 2 0
34 1 0
35 1 0
36 2 0
37 3 0
38 4 0
39 5 0
40 6 0
41 7 0
42 5 0
43 2 0
44 3 0
45 8 0
46 11 0
47 10 0
48 0 0
49 6 0
50 0 0
51 9 0
52 2 0
53 29 0
54 74 0
55 107 0
56 122 0
57 95 0
58 86 0
59 72 0
60 87 0
61 101 0
62 75 0
63 55 0
64 120 0
65 160 0
66 77 0
67 31 0
68 76 0
69 152 0
70 231 0
71 233 0
72 203 0
73 154 0
74 113 0
75 75 0
76 72 0
77 105 0
78 115 0
79 113 0
80 113 0
81 114 0
82 92 0
83 91 0
84 125 0
85 183 0
86 238 0
87 252 0
88 255 0
89 255 0
90 249 0
91 188 0
92 92 0
93 40 0
94 46 0
95 86 0
96 114 0
97 180 0
98 163 0
99 92 0
100 38 0
101 6 0
102 10 0
103 27 0
104 39 0
105 85 0
106 90 0
107 76 0
108 80 0
109 100 0
110 97 0
111 51 0
112 20 0
113 22 0
114 36 0
115 40 0
116 30 0
117 32 0
118 38 0
119 29 0
120 39 0
121 38 0
122 42 0
123 44 0
124 34 0
125 25 0
126 33 0
127 49 0
128 42 0
129 33 0
130 27 0
131 39 0
132 73 0
133 105 0
134 111 0
135 98 0
136 81 0
137 90 0
138 110 0
139 92 0
140 37 0
141 43 0
142 71 0
143 40 0
144 47 0
145 42 0
146 12 0
147 33 0
148 69 0
149 134 0
150 125 0
151 54 0
152 48 0
153 131 0
154 227 0
155 253 0
156 250 0
157 219 0
158 147 0
159 116 0
160 168 0
161 159 0
162 107 0
163 100 0
164 121 0
165 101 0
166 63 0
167 22 0
168 93 0
169 208 0
170 214 0
171 121 0
172 75 0
173 117 0
174 111 0
175 74 0
176 137 0
177 245 0
178 237 0
179 164 0
180 125 0
181 100 0
182 101 0
183 115 0
184 156 0
185 144 0
186 141 0
187 171 0
188 150 0
189 107 0
190 38 0
191 7 0
192 10 0
193 6 0
194 7 0
195 12 0
196 12 0
197 6 0
198 5 0
199 9 0
200 5 0
201 5 0
202 5 0
203 5 0
204 5 0
205 5 0
206 5 0
207 5 0
208 5 0
209 5 0
210 5 0
211 5 0
212 5 0
213 5 0
214 5 0
215 5 0
216 4 0
217 4 0
218 3 0
219 3 0
220 3 0
221 3 0
222 4 0
223 4 0
224 6 0
225 6 0
226 6 0
227 6 0
228 6 0
229 6 0
230 6 0
231 6 0
232 4 0
233 3 0
234 2 0
235 4 0
236 5 0
237 6 0
238 6 0
239 5 0
240 7 0
241 5 0
242 3 0
243 2 0
244 2 0
245 3 0
246 5 0
247 7 0
248 6 0
249 6 0
250 6 0
251 5 0
252 4 0
253 3 0
254 2 0
255 1 0

0 0 0
1 1 0
2 3 0
3 3 0
4 2 0
5 2 0
6 4 0
7 5 0
8 3 0
9 3 0
10 3 0
11 2 0
12 3 0
13 4 0
14 5 0
15 5 0
16 7 0
17 5 0
18 3 0
19 1 0
20 0 0
21 2 0
22 3 0
23 5 0
24 4 0
25 2 0
26 0 0
27 0 0
28 1 0
29 3 0
30 4 0
31 4 0
32 3 0
33 2 0
34 1 0
35 0 0
36 1 0
37 3 0
38 5 0
39 6 0
40 5 0
41 6 0
42 4 0
43 2 0
44 5 0
45 10 0
46 11 0
47 8 0
48 7 0
49 0 0
50 0 0
51 10 0
52 0 0
53 29 0
54 54 0
55 75 0
56 115 0
57 118 0
58 89 0
59 111 0
60 113 0
61 72 0
62 95 0
63 62 0
64 71 0
65 161 0
66 190 0
67 126 0
68 97 0
69 114 0
70 155 0
71 231 0
72 255 0
73 156 0
74 98 0
75 91 0
76 117 0
77 112 0
78 63 0
79 57 0
80 97 0
81 80 0
82 109 0
83 152 0
84 105 0
85 58 0
86 137 0
87 240 0
88 237 0
89 247 0
90 251 0
91 241 0
92 172 0
93 94 0
94 40 0
95 37 0
96 71 0
97 123 0
98 151 0
99 145 0
100 101 0
101 52 0
102 35 0
103 26 0
104 32 0
105 79 0
106 87 0
107 89 0
108 83 0
109 86 0
110 109 0
111 94 0
112 41 0
113 10 0
114 20 0
115 45 0
116 35 0
117 26 0
118 36 0
119 38 0
120 36 0
121 41 0
122 40 0
123 33 0
124 35 0
125 42 0
126 41 0
127 31 0
128 38 0
129 49 0
130 47 0
131 58 0
132 88 0
133 93 0
134 76 0
135 72 0
136 74 0
137 67 0
138 68 0
139 44 0
140 0 0
141 9 0
142 70 0
143 109 0
144 171 0
145 196 0
146 154 0
147 149 0
148 174 0
149 159 0
150 94 0
151 28 0
152 67 0
153 136 0
154 221 0
155 255 0
156 244 0
157 200 0
158 156 0
159 148 0
160 151 0
161 126 0
162 105 0
163 66 0
164 80 0
165 94 0
166 54 0
167 63 0
168 146 0
169 191 0
170 128 0
171 81 0
172 99 0
173 116 0
174 89 0
175 122 0
176 233 0
177 231 0
178 143 0
179 104 0
180 98 0
181 77 0
182 114 0
183 150 0
184 166 0
185 146 0
186 168 0
187 186 0
188 112 0
189 37 0
190 10 0
191 12 0
192 14 0
193 5 0
194 2 0
195 9 0
196 9 0
197 3 0
198 6 0
199 15 0
200 4 0
201 4 0
202 4 0
203 4 0
204 4 0
205 4 0
206 4 0
207 4 0
208 4 0
209 4 0
210 4 0
211 4 0
212 4 0
213 4 0
214 4 0
215 4 0
216 5 0
217 5 0
218 4 0
219 3 0
220 3 0
221 3 0
222 3 0
223 4 0
224 7 0
225 7 0
226 6 0
227 6 0
228 6 0
229 6 0
230 5 0
231 5 0
232 6 0
233 5 0
234 4 0
235 5 0
236 6 0
237 7 0
238 6 0
239 5 0
240 6 0
241 5 0
242 3 0
243 1 0
244 1 0
245 3 0
246 5 0
247 6 0
248 4 0
249 4 0
250 5 0
251 4 0
252 4 0
253 2 0
254 1 0
255 1 0

0 0 0
1 1 0
2 3 0
3 3 0
4 2 0
5 2 0
6 4 0
7 5 0
8 3 0
9 3 0
10 3 0
11 2 0
12 3 0
13 4 0
14 5 0
15 5 0
16 4 0
17 5 0
18 5 0
19 5 0
20 4 0
21 2 0
22 1 0
23 0 0
24 2 0
25 3 0
26 3 0
27 2 0
28 1 0
29 2 0
30 4 0
31 5 0
32 1 0
33 1 0
34 1 0
35 2 0
36 3 0
37 4 0
38 4 0
39 5 0
40 2 0
41 6 0
42 8 0
43 7 0
44 8 0
45 10 0
46 10 0
47 8 0
48 11 0
49 0 0
50 6 0
51 5 0
52 7 0
53 25 0
54 41 0
55 87 0
56 119 0
57 137 0
58 111 0
59 124 0
60 128 0
61 67 0
62 89 0
63 88 0
64 50 0
65 107 0
66 179 0
67 159 0
68 113 0
69 94 0
70 104 0
71 176 0
72 232 0
73 211 0
74 180 0
75 165 0
76 162 0
77 123 0
78 69 0
79 57 0
80 41 0
81 73 0
82 121 0
83 149 0
84 107 0
85 70 0
86 116 0
87 170 0
88 219 0
89 241 0
90 243 0
91 255 0
92 253 0
93 206 0
94 119 0
95 71 0
96 105 0
97 132 0
98 155 0
99 168 0
100 154 0
101 138 0
102 125 0
103 91 0
104 82 0
105 79 0
106 81 0
107 89 0
108 76 0
109 58 0
110 74 0
111 99 0
112 69 0
113 39 0
114 23 0
115 32 0
116 37 0
117 36 0
118 39 0
119 45 0
120 36 0
121 37 0
122 34 0
123 32 0
124 41 0
125 50 0
126 41 0
127 24 0
128 32 0
129 51 0
130 67 0
131 81 0
132 89 0
133 74 0
134 55 0
135 53 0
136 12 0
137 32 0
138 68 0
139 54 0
140 9 0
141 39 0
142 140 0
143 222 0
144 247 0
145 251 0
146 197 0
147 138 0
148 157 0
149 138 0
150 102 0
151 127 0
152 174 0
153 205 0
154 239 0
155 255 0
156 211 0
157 143 0
158 126 0
159 140 0
160 124 0
161 108 0
162 115 0
163 54 0
164 27 0
165 76 0
166 113 0
167 162 0
168 187 0
169 139 0
170 88 0
171 110 0
172 138 0
173 103 0
174 105 0
175 190 0
176 221 0
177 138 0
178 82 0
179 116 0
180 118 0
181 90 0
182 122 0
183 154 0
184 158 0
185 130 0
186 155 0
187 166 0
188 103 0
189 23 0
190 13 0
191 28 0
192 10 0
193 7 0
194 4 0
195 4 0
196 5 0
197 6 0
198 9 0
199 12 0
200 4 0
201 4 0
202 4 0
203 4 0
204 4 0
205 4 0
206 4 0
207 4 0
208 4 0
209 4 0
210 4 0
211 4 0
212 4 0
213 4 0
214 4 0
215 4 0
216 6 0
217 5 0
218 5 0
219 4 0
220 5 0
221 5 0
222 6 0
223 7 0
224 7 0
225 7 0
226 7 0
227 6 0
228 6 0
229 5 0
230 5 0
231 5 0
232 10 0
233 9 0
234 7 0
235 7 0
236 9 0
237 9 0
238 7 0
239 6 0
240 6 0
241 5 0
242 2 0
243 1 0
244 1 0
245 2 0
246 5 0
247 6 0
248 4 0
249 4 0
250 5 0
251 5 0
252 4 0
253 3 0
254 2 0
255 1 0

0 0 0
1 1 0
2 3 0
3 3 0
4 2 0
5 2 0
6 4 0
7 5 0
8 3 0
9 3 0
10 3 0
11 2 0
12 3 0
13 4 0
14 5 0
15 5 0
16 5 0
17 8 0
18 11 0
19 14 0
20 12 0
21 8 0
22 2 0
23 0 0
24 5 0
25 7 0
26 8 0
27 6 0
28 3 0
29 1 0
30 2 0
31 4 0
32 0 0
33 0 0
34 2 0
35 4 0
36 5 0
37 4 0
38 4 0
39 3 0
40 0 0
41 7 0
42 13 0
43 12 0
44 9 0
45 9 0
46 10 0
47 10 0
48 7 0
49 0 0
50 19 0
51 0 0
52 19 0
53 18 0
54 42 0
55 127 0
56 157 0
57 144 0
58 118 0
59 91 0
60 131 0
61 109 0
62 82 0
63 106 0
64 78 0
65 85 0
66 120 0
67 136 0
68 93 0
69 59 0
70 74 0
71 96 0
72 154 0
73 242 0
74 253 0
75 234 0
76 224 0
77 187 0
78 140 0
79 93 0
80 45 0
81 72 0
82 101 0
83 123 0
84 100 0
85 70 0
86 117 0
87 183 0
88 227 0
89 255 0
90 247 0
91 253 0
92 255 0
93 255 0
94 203 0
95 161 0
96 145 0
97 174 0
98 158 0
99 142 0
100 164 0
101 196 0
102 197 0
103 164 0
104 114 0
105 86 0
106 76 0
107 50 0
108 34 0
109 37 0
110 38 0
111 66 0
112 85 0
113 77 0
114 37 0
115 12 0
116 34 0
117 52 0
118 47 0
119 45 0
120 37 0
121 28 0
122 29 0
123 42 0
124 49 0
125 42 0
126 34 0
127 32 0
128 20 0
129 35 0
130 69 0
131 94 0
132 90 0
133 73 0
134 61 0
135 56 0
136 22 0
137 28 0
138 63 0
139 72 0
140 89 0
141 170 0
142 236 0
143 241 0
144 191 0
145 100 0
146 70 0
147 38 0
148 107 0
149 195 0
150 227 0
151 255 0
152 255 0
153 255 0
154 254 0
155 253 0
156 192 0
157 111 0
158 115 0
159 144 0
160 141 0
161 111 0
162 91 0
163 73 0
164 82 0
165 171 0
166 239 0
167 213 0
168 144 0
169 88 0
170 93 0
171 108 0
172 114 0
173 119 0
174 165 0
175 178 0
176 142 0
177 74 0
178 91 0
179 124 0
180 91 0
181 94 0
182 145 0
183 165 0
184 134 0
185 141 0
186 164 0
187 137 0
188 89 0
189 29 0
190 17 0
191 6 0
192 1 0
193 9 0
194 10 0
195 5 0
196 6 0
197 12 0
198 11 0
199 4 0
200 3 0
201 3 0
202 3 0
203 3 0
204 3 0
205 3 0
206 3 0
207 3 0
208 3 0
209 3 0
210 3 0
211 3 0
212 3 0
213 3 0
214 3 0
215 3 0
216 5 0
217 5 0
218 5 0
219 6 0
220 7 0
221 9 0
222 10 0
223 10 0
224 7 0
225 7 0
226 7 0
227 6 0
228 6 0
229 5 0
230 5 0
231 5 0
232 7 0
233 6 0
234 5 0
235 5 0
236 5 0
237 5 0
238 4 0
239 3 0
240 6 0
241 4 0
242 2 0
243 1 0
244 1 0
245 2 0
246 4 0
247 6 0
248 5 0
249 5 0
250 5 0
251 5 0
252 5 0
253 4 0
254 3 0
255 2 0

0 0 0
1 2 0
2 3 0
3 3 0
4 2 0
5 2 0
6 3 0
7 4 0
8 2 0
9 3 0
10 5 0
11 7 0
12 7 0
13 5 0
14 3 0
15 2 0
16 6 0
17 6 0
18 7 0
19 6 0
20 6 0
21 5 0
22 3 0
23 3 0
24 1 0
25 1 0
26 0 0
27 0 0
28 1 0
29 2 0
30 4 0
31 5 0
32 9 0
33 8 0
34 8 0
35 7 0
36 6 0
37 5 0
38 4 0
39 4 0
40 7 0
41 11 0
42 13 0
43 10 0
44 4 0
45 0 0
46 0 0
47 3 0
48 4 0
49 3 0
50 7 0
51 15 0
52 13 0
53 13 0
54 23 0
55 143 0
56 188 0
57 174 0
58 136 0
59 119 0
60 159 0
61 140 0
62 76 0
63 91 0
64 124 0
65 80 0
66 84 0
67 93 0
68 97 0
69 87 0
70 45 0
71 29 0
72 77 0
73 155 0
74 233 0
75 255 0
76 253 0
77 245 0
78 219 0
79 183 0
80 143 0
81 101 0
82 60 0
83 78 0
84 107 0
85 84 0
86 98 0
87 177 0
88 198 0
89 156 0
90 219 0
91 255 0
92 228 0
93 191 0
94 159 0
95 162 0
96 181 0
97 208 0
98 211 0
99 206 0
100 183 0
101 175 0
102 199 0
103 195 0
104 147 0
105 102 0
106 54 0
107 9 0
108 29 0
109 80 0
110 77 0
111 64 0
112 87 0
113 76 0
114 48 0
115 27 0
116 31 0
117 38 0
118 35 0
119 33 0
120 43 0
121 41 0
122 37 0
123 33 0
124 33 0
125 33 0
126 31 0
127 27 0
128 38 0
129 67 0
130 86 0
131 94 0
132 89 0
133 74 0
134 95 0
135 152 0
136 161 0
137 155 0
138 160 0
139 180 0
140 242 0
141 255 0
142 199 0
143 171 0
144 129 0
145 69 0
146 94 0
147 176 0
148 225 0
149 255 0
150 252 0
151 195 0
152 226 0
153 255 0
154 250 0
155 232 0
156 168 0
157 114 0
158 79 0
159 96 0
160 85 0
161 76 0
162 90 0
163 125 0
164 190 0
165 245 0
166 252 0
167 141 0
168 88 0
169 81 0
170 107 0
171 129 0
172 127 0
173 146 0
174 161 0
175 143 0
176 84 0
177 98 0
178 135 0
179 106 0
180 73 0
181 111 0
182 143 0
183 145 0
184 152 0
185 186 0
186 177 0
187 113 0
188 54 0
189 24 0
190 15 0
191 15 0
192 4 0
193 4 0
194 6 0
195 7 0
196 7 0
197 7 0
198 7 0
199 6 0
200 5 0
201 5 0
202 5 0
203 5 0
204 5 0
205 5 0
206 5 0
207 5 0
208 2 0
209 3 0
210 5 0
211 6 0
212 7 0
213 6 0
214 5 0
215 5 0
216 9 0
217 7 0
218 6 0
219 6 0
220 8 0
221 9 0
222 7 0
223 6 0
224 1 0
225 3 0
226 5 0
227 8 0
228 9 0
229 9 0
230 7 0
231 6 0
232 2 0
233 2 0
234 2 0
235 2 0
236 2 0
237 2 0
238 2 0
239 2 0
240 15 0
241 4 0
242 1 0
243 9 0
244 14 0
245 10 0
246 6 0
247 7 0
248 7 0
249 4 0
250 2 0
251 3 0
252 5 0
253 5 0
254 2 0
255 0 0

0 1 0
1 3 0
2 4 0
3 4 0
4 3 0
5 3 0
6 4 0
7 5 0
8 11 0
9 8 0
10 3 0
11 0 0
12 0 0
13 3 0
14 8 0
15 11 0
16 6 0
17 6 0
18 6 0
19 6 0
20 6 0
21 4 0
22 3 0
23 3 0
24 1 0
25 1 0
26 0 0
27 0 0
28 1 0
29 2 0
30 4 0
31 5 0
32 7 0
33 6 0
34 6 0
35 5 0
36 4 0
37 3 0
38 3 0
39 3 0
40 13 0
41 9 0
42 5 0
43 6 0
44 8 0
45 8 0
46 2 0
47 0 0
48 0 0
49 1 0
50 10 0
51 13 0
52 2 0
53 4 0
54 21 0
55 126 0
56 218 0
57 149 0
58 116 0
59 151 0
60 201 0
61 162 0
62 80 0
63 72 0
64 152 0
65 130 0
66 84 0
67 78 0
68 128 0
69 160 0
70 128 0
71 71 0
72 44 0
73 99 0
74 151 0
75 187 0
76 214 0
77 221 0
78 226 0
79 244 0
80 230 0
81 125 0
82 52 0
83 64 0
84 81 0
85 72 0
86 98 0
87 152 0
88 92 0
89 56 0
90 108 0
91 154 0
92 147 0
93 128 0
94 121 0
95 159 0
96 233 0
97 255 0
98 255 0
99 255 0
100 250 0
101 243 0
102 252 0
103 241 0
104 204 0
105 150 0
106 116 0
107 111 0
108 140 0
109 152 0
110 104 0
111 67 0
112 81 0
113 98 0
114 91 0
115 58 0
116 26 0
117 11 0
118 17 0
119 33 0
120 41 0
121 31 0
122 26 0
123 26 0
124 20 0
125 19 0
126 40 0
127 66 0
128 79 0
129 86 0
130 84 0
131 70 0
132 33 0
133 63 0
134 156 0
135 253 0
136 255 0
137 246 0
138 244 0
139 241 0
140 214 0
141 157 0
142 130 0
143 163 0
144 251 0
145 255 0
146 248 0
147 248 0
148 244 0
149 172 0
150 96 0
151 83 0
152 121 0
153 207 0
154 255 0
155 206 0
156 146 0
157 123 0
158 50 0
159 0 0
160 7 0
161 66 0
162 130 0
163 206 0
164 250 0
165 253 0
166 165 0
167 98 0
168 110 0
169 124 0
170 127 0
171 117 0
172 118 0
173 131 0
174 125 0
175 101 0
176 86 0
177 138 0
178 129 0
179 68 0
180 95 0
181 157 0
182 139 0
183 109 0
184 163 0
185 197 0
186 173 0
187 91 0
188 34 0
189 22 0
190 14 0
191 0 0
192 3 0
193 4 0
194 6 0
195 7 0
196 7 0
197 7 0
198 6 0
199 6 0
200 5 0
201 5 0
202 5 0
203 5 0
204 5 0
205 5 0
206 5 0
207 5 0
208 2 0
209 4 0
210 5 0
211 7 0
212 7 0
213 6 0
214 5 0
215 4 0
216 7 0
217 6 0
218 5 0
219 5 0
220 6 0
221 7 0
222 6 0
223 5 0
224 2 0
225 4 0
226 6 0
227 8 0
228 9 0
229 8 0
230 6 0
231 6 0
232 2 0
233 2 0
234 2 0
235 2 0
236 2 0
237 2 0
238 2 0
239 2 0
240 7 0
241 7 0
242 5 0
243 5 0
244 7 0
245 10 0
246 8 0
247 4 0
248 7 0
249 4 0
250 2 0
251 3 0
252 5 0
253 5 0
254 2 0
255 0 0

0 3 0
1 4 0
2 5 0
3 5 0
4 4 0
5 4 0
6 5 0
7 7 0
8 8 0
9 7 0
10 7 0
11 7 0
12 7 0
13 7 0
14 7 0
15 8 0
16 6 0
17 6 0
18 6 0
19 6 0
20 5 0
21 4 0
22 3 0
23 2 0
24 1 0
25 1 0
26 1 0
27 1 0
28 2 0
29 3 0
30 4 0
31 5 0
32 4 0
33 4 0
34 4 0
35 3 0
36 3 0
37 2 0
38 2 0
39 2 0
40 12 0
41 8 0
42 5 0
43 5 0
44 8 0
45 8 0
46 3 0
47 0 0
48 8 0
49 0 0
50 2 0
51 7 0
52 4 0
53 12 0
54 15 0
55 71 0
56 150 0
57 71 0
58 44 0
59 107 0
60 193 0
61 203 0
62 130 0
63 75 0
64 99 0
65 152 0
66 124 0
67 76 0
68 102 0
69 202 0
70 248 0
71 173 0
72 64 0
73 57 0
74 97 0
75 135 0
76 144 0
77 188 0
78 237 0
79 238 0
80 223 0
81 173 0
82 145 0
83 120 0
84 82 0
85 97 0
86 156 0
87 189 0
88 102 0
89 64 0
90 50 0
91 30 0
92 50 0
93 126 0
94 194 0
95 253 0
96 245 0
97 255 0
98 252 0
99 255 0
100 255 0
101 242 0
102 248 0
103 255 0
104 255 0
105 218 0
106 200 0
107 202 0
108 214 0
109 194 0
110 127 0
111 79 0
112 61 0
113 78 0
114 81 0
115 72 0
116 70 0
117 69 0
118 70 0
119 76 0
120 86 0
121 77 0
122 71 0
123 76 0
124 84 0
125 94 0
126 111 0
127 126 0
128 101 0
129 80 0
130 63 0
131 52 0
132 30 0
133 93 0
134 192 0
135 255 0
136 255 0
137 245 0
138 216 0
139 193 0
140 180 0
141 189 0
142 231 0
143 255 0
144 255 0
145 255 0
146 255 0
147 228 0
148 158 0
149 99 0
150 81 0
151 84 0
152 50 0
153 128 0
154 215 0
155 191 0
156 205 0
157 241 0
158 161 0
159 62 0
160 82 0
161 159 0
162 219 0
163 251 0
164 255 0
165 217 0
166 100 0
167 87 0
168 128 0
169 136 0
170 116 0
171 99 0
172 116 0
173 127 0
174 108 0
175 89 0
176 118 0
177 144 0
178 87 0
179 54 0
180 144 0
181 177 0
182 116 0
183 106 0
184 172 0
185 187 0
186 147 0
187 67 0
188 23 0
189 22 0
190 20 0
191 9 0
192 3 0
193 4 0
194 6 0
195 7 0
196 7 0
197 7 0
198 5 0
199 5 0
200 5 0
201 5 0
202 5 0
203 5 0
204 5 0
205 5 0
206 5 0
207 5 0
208 3 0
209 4 0
210 5 0
211 7 0
212 7 0
213 6 0
214 5 0
215 4 0
216 6 0
217 5 0
218 4 0
219 4 0
220 6 0
221 6 0
222 5 0
223 4 0
224 4 0
225 5 0
226 7 0
227 8 0
228 8 0
229 7 0
230 5 0
231 4 0
232 4 0
233 4 0
234 4 0
235 4 0
236 4 0
237 4 0
238 4 0
239 4 0
240 1 0
241 10 0
242 12 0
243 3 0
244 1 0
245 8 0
246 10 0
247 4 0
248 7 0
249 4 0
250 3 0
251 4 0
252 6 0
253 6 0
254 3 0
255 0 0

0 4 0
1 5 0
2 6 0
3 6 0
4 5 0
5 5 0
6 6 0
7 8 0
8 6 0
9 7 0
10 10 0
11 12 0
12 12 0
13 10 0
14 7 0
15 6 0
16 5 0
17 6 0
18 6 0
19 6 0
20 5 0
21 4 0
22 3 0
23 2 0
24 1 0
25 1 0
26 1 0
27 2 0
28 2 0
29 3 0
30 4 0
31 4 0
32 3 0
33 3 0
34 3 0
35 3 0
36 3 0
37 3 0
38 2 0
39 2 0
40 4 0
41 9 0
42 12 0
43 10 0
44 4 0
45 1 0
46 3 0
47 6 0
48 10 0
49 0 0
50 6 0
51 10 0
52 9 0
53 15 0
54 6 0
55 17 0
56 93 0
57 96 0
58 77 0
59 73 0
60 142 0
61 212 0
62 182 0
63 109 0
64 40 0
65 99 0
66 156 0
67 148 0
68 104 0
69 149 0
70 235 0
71 236 0
72 147 0
73 86 0
74 80 0
75 100 0
76 104 0
77 157 0
78 230 0
79 248 0
80 239 0
81 221 0
82 212 0
83 193 0
84 181 0
85 219 0
86 249 0
87 230 0
88 175 0
89 132 0
90 94 0
91 47 0
92 66 0
93 171 0
94 245 0
95 255 0
96 255 0
97 221 0
98 186 0
99 208 0
100 255 0
101 255 0
102 253 0
103 246 0
104 255 0
105 255 0
106 255 0
107 235 0
108 213 0
109 186 0
110 141 0
111 107 0
112 96 0
113 86 0
114 70 0
115 77 0
116 113 0
117 137 0
118 131 0
119 119 0
120 108 0
121 125 0
122 132 0
123 124 0
124 119 0
125 117 0
126 98 0
127 72 0
128 53 0
129 35 0
130 38 0
131 65 0
132 125 0
133 180 0
134 189 0
135 152 0
136 157 0
137 163 0
138 178 0
139 230 0
140 254 0
141 248 0
142 255 0
143 244 0
144 253 0
145 176 0
146 156 0
147 140 0
148 93 0
149 111 0
150 124 0
151 60 0
152 43 0
153 87 0
154 158 0
155 149 0
156 169 0
157 219 0
158 254 0
159 248 0
160 243 0
161 241 0
162 255 0
163 251 0
164 240 0
165 153 0
166 96 0
167 113 0
168 143 0
169 134 0
170 118 0
171 108 0
172 105 0
173 101 0
174 97 0
175 100 0
176 133 0
177 87 0
178 46 0
179 109 0
180 198 0
181 153 0
182 99 0
183 155 0
184 213 0
185 189 0
186 128 0
187 59 0
188 21 0
189 8 0
190 3 0
191 5 0
192 3 0
193 4 0
194 6 0
195 7 0
196 9 0
197 6 0
198 5 0
199 3 0
200 5 0
201 5 0
202 5 0
203 5 0
204 5 0
205 5 0
206 5 0
207 5 0
208 3 0
209 4 0
210 6 0
211 7 0
212 7 0
213 6 0
214 5 0
215 4 0
216 6 0
217 5 0
218 4 0
219 5 0
220 6 0
221 7 0
222 6 0
223 4 0
224 6 0
225 6 0
226 7 0
227 7 0
228 7 0
229 6 0
230 5 0
231 4 0
232 5 0
233 5 0
234 5 0
235 5 0
236 5 0
237 5 0
238 5 0
239 5 0
240 1 0
241 10 0
242 13 0
243 7 0
244 2 0
245 4 0
246 7 0
247 9 0
248 6 0
249 4 0
250 3 0
251 4 0
252 6 0
253 6 0
254 3 0
255 1 0

0 3 0
1 5 0
2 6 0
3 6 0
4 5 0
5 5 0
6 6 0
7 7 0
8 14 0
9 11 0
10 7 0
11 5 0
12 5 0
13 7 0
14 11 0
15 14 0
16 5 0
17 5 0
18 5 0
19 5 0
20 5 0
21 4 0
22 2 0
23 2 0
24 1 0
25 1 0
26 2 0
27 3 0
28 3 0
29 4 0
30 4 0
31 4 0
32 3 0
33 4 0
34 4 0
35 4 0
36 4 0
37 4 0
38 4 0
39 4 0
40 3 0
41 7 0
42 11 0
43 9 0
44 4 0
45 2 0
46 4 0
47 8 0
48 0 0
49 2 0
50 21 0
51 15 0
52 3 0
53 2 0
54 3 0
55 2 0
56 73 0
57 171 0
58 172 0
59 101 0
60 109 0
61 173 0
62 191 0
63 166 0
64 90 0
65 45 0
66 100 0
67 179 0
68 165 0
69 106 0
70 111 0
71 182 0
72 228 0
73 180 0
74 110 0
75 87 0
76 104 0
77 114 0
78 161 0
79 245 0
80 255 0
81 233 0
82 203 0
83 204 0
84 235 0
85 255 0
86 246 0
87 220 0
88 192 0
89 169 0
90 199 0
91 226 0
92 231 0
93 254 0
94 242 0
95 189 0
96 116 0
97 97 0
98 87 0
99 115 0
100 188 0
101 252 0
102 255 0
103 253 0
104 244 0
105 255 0
106 255 0
107 238 0
108 200 0
109 153 0
110 112 0
111 84 0
112 85 0
113 74 0
114 49 0
115 37 0
116 50 0
117 61 0
118 55 0
119 48 0
120 56 0
121 77 0
122 79 0
123 54 0
124 34 0
125 35 0
126 39 0
127 35 0
128 27 0
129 37 0
130 62 0
131 98 0
132 220 0
133 255 0
134 224 0
135 138 0
136 117 0
137 177 0
138 226 0
139 255 0
140 255 0
141 244 0
142 249 0
143 225 0
144 118 0
145 108 0
146 96 0
147 73 0
148 60 0
149 76 0
150 72 0
151 35 0
152 27 0
153 106 0
154 174 0
155 153 0
156 96 0
157 81 0
158 182 0
159 241 0
160 255 0
161 222 0
162 238 0
163 255 0
164 213 0
165 112 0
166 115 0
167 131 0
168 121 0
169 118 0
170 132 0
171 126 0
172 92 0
173 86 0
174 108 0
175 115 0
176 86 0
177 53 0
178 93 0
179 200 0
180 215 0
181 125 0
182 111 0
183 187 0
184 227 0
185 184 0
186 109 0
187 45 0
188 20 0
189 12 0
190 6 0
191 5 0
192 2 0
193 4 0
194 6 0
195 9 0
196 9 0
197 6 0
198 4 0
199 2 0
200 5 0
201 5 0
202 5 0
203 5 0
204 5 0
205 5 0
206 5 0
207 5 0
208 4 0
209 5 0
210 6 0
211 7 0
212 7 0
213 6 0
214 4 0
215 3 0
216 8 0
217 6 0
218 5 0
219 6 0
220 7 0
221 9 0
222 7 0
223 6 0
224 7 0
225 7 0
226 7 0
227 7 0
228 6 0
229 5 0
230 4 0
231 4 0
232 6 0
233 6 0
234 6 0
235 6 0
236 6 0
237 6 0
238 6 0
239 6 0
240 6 0
241 6 0
242 10 0
243 13 0
244 7 0
245 1 0
246 4 0
247 14 0
248 6 0
249 4 0
250 3 0
251 4 0
252 6 0
253 7 0
254 4 0
255 1 0

0 2 0
1 3 0
2 5 0
3 4 0
4 3 0
5 3 0
6 4 0
7 6 0
8 8 0
9 8 0
10 9 0
11 9 0
12 9 0
13 9 0
14 8 0
15 8 0
16 5 0
17 5 0
18 5 0
19 5 0
20 4 0
21 3 0
22 2 0
23 1 0
24 1 0
25 1 0
26 2 0
27 4 0
28 4 0
29 4 0
30 4 0
31 4 0
32 4 0
33 4 0
34 4 0
35 5 0
36 5 0
37 6 0
38 6 0
39 6 0
40 8 0
41 5 0
42 2 0
43 5 0
44 9 0
45 10 0
46 7 0
47 2 0
48 4 0
49 4 0
50 13 0
51 3 0
52 4 0
53 5 0
54 12 0
55 0 0
56 48 0
57 158 0
58 179 0
59 126 0
60 109 0
61 134 0
62 177 0
63 205 0
64 172 0
65 86 0
66 34 0
67 65 0
68 146 0
69 144 0
70 86 0
71 109 0
72 195 0
73 206 0
74 175 0
75 127 0
76 106 0
77 101 0
78 116 0
79 148 0
80 237 0
81 255 0
82 255 0
83 242 0
84 243 0
85 242 0
86 233 0
87 234 0
88 184 0
89 187 0
90 237 0
91 255 0
92 250 0
93 226 0
94 183 0
95 114 0
96 45 0
97 69 0
98 97 0
99 96 0
100 133 0
101 218 0
102 255 0
103 254 0
104 255 0
105 254 0
106 249 0
107 255 0
108 222 0
109 137 0
110 69 0
111 30 0
112 41 0
113 58 0
114 61 0
115 53 0
116 48 0
117 38 0
118 25 0
119 20 0
120 15 0
121 11 0
122 11 0
123 17 0
124 25 0
125 38 0
126 62 0
127 83 0
128 72 0
129 91 0
130 93 0
131 85 0
132 182 0
133 242 0
134 255 0
135 234 0
136 228 0
137 249 0
138 239 0
139 234 0
140 255 0
141 255 0
142 193 0
143 87 0
144 59 0
145 86 0
146 73 0
147 44 0
148 44 0
149 40 0
150 16 0
151 4 0
152 101 0
153 207 0
154 242 0
155 185 0
156 88 0
157 64 0
158 182 0
159 250 0
160 212 0
161 234 0
162 251 0
163 249 0
164 139 0
165 103 0
166 138 0
167 136 0
168 106 0
169 103 0
170 122 0
171 121 0
172 97 0
173 109 0
174 119 0
175 90 0
176 48 0
177 111 0
178 205 0
179 251 0
180 184 0
181 109 0
182 129 0
183 173 0
184 210 0
185 169 0
186 88 0
187 22 0
188 12 0
189 26 0
190 22 0
191 9 0
192 2 0
193 4 0
194 6 0
195 9 0
196 9 0
197 6 0
198 3 0
199 1 0
200 5 0
201 5 0
202 5 0
203 5 0
204 5 0
205 5 0
206 5 0
207 5 0
208 4 0
209 5 0
210 6 0
211 7 0
212 7 0
213 5 0
214 4 0
215 3 0
216 9 0
217 7 0
218 6 0
219 6 0
220 8 0
221 9 0
222 7 0
223 6 0
224 7 0
225 7 0
226 7 0
227 6 0
228 6 0
229 5 0
230 5 0
231 5 0
232 6 0
233 6 0
234 6 0
235 6 0
236 6 0
237 6 0
238 6 0
239 6 0
240 10 0
241 5 0
242 6 0
243 13 0
244 10 0
245 2 0
246 4 0
247 14 0
248 6 0
249 4 0
250 3 0
251 4 0
252 7 0
253 7 0
254 5 0
255 2 0

0 0 0
1 1 0
2 3 0
3 2 0
4 1 0
5 1 0
6 2 0
7 4 0
8 0 0
9 3 0
10 10 0
11 16 0
12 16 0
13 10 0
14 3 0
15 0 0
16 5 0
17 5 0
18 5 0
19 5 0
20 4 0
21 3 0
22 2 0
23 1 0
24 0 0
25 1 0
26 3 0
27 4 0
28 5 0
29 5 0
30 4 0
31 4 0
32 3 0
33 3 0
34 4 0
35 5 0
36 5 0
37 6 0
38 7 0
39 7 0
40 7 0
41 4 0
42 2 0
43 4 0
44 9 0
45 11 0
46 8 0
47 3 0
48 10 0
49 5 0
50 1 0
51 0 0
52 13 0
53 15 0
54 18 0
55 0 0
56 52 0
57 132 0
58 163 0
59 140 0
60 105 0
61 110 0
62 169 0
63 207 0
64 208 0
65 180 0
66 96 0
67 28 0
68 65 0
69 134 0
70 137 0
71 110 0
72 115 0
73 143 0
74 180 0
75 163 0
76 118 0
77 123 0
78 130 0
79 95 0
80 151 0
81 213 0
82 253 0
83 251 0
84 243 0
85 236 0
86 222 0
87 212 0
88 229 0
89 242 0
90 239 0
91 211 0
92 167 0
93 137 0
94 137 0
95 143 0
96 106 0
97 79 0
98 86 0
99 91 0
100 130 0
101 221 0
102 255 0
103 247 0
104 255 0
105 250 0
106 243 0
107 255 0
108 232 0
109 148 0
110 88 0
111 52 0
112 42 0
113 67 0
114 83 0
115 86 0
116 86 0
117 77 0
118 61 0
119 54 0
120 36 0
121 28 0
122 39 0
123 74 0
124 102 0
125 107 0
126 101 0
127 100 0
128 111 0
129 110 0
130 79 0
131 54 0
132 83 0
133 163 0
134 232 0
135 255 0
136 255 0
137 247 0
138 237 0
139 238 0
140 240 0
141 198 0
142 126 0
143 95 0
144 67 0
145 108 0
146 134 0
147 118 0
148 86 0
149 77 0
150 106 0
151 142 0
152 225 0
153 241 0
154 214 0
155 218 0
156 235 0
157 248 0
158 237 0
159 195 0
160 217 0
161 255 0
162 245 0
163 154 0
164 82 0
165 128 0
166 155 0
167 135 0
168 124 0
169 114 0
170 110 0
171 107 0
172 105 0
173 109 0
174 90 0
175 51 0
176 94 0
177 204 0
178 255 0
179 226 0
180 142 0
181 95 0
182 136 0
183 181 0
184 214 0
185 161 0
186 72 0
187 7 0
188 2 0
189 15 0
190 9 0
191 0 0
192 2 0
193 4 0
194 6 0
195 9 0
196 9 0
197 5 0
198 2 0
199 1 0
200 5 0
201 5 0
202 5 0
203 5 0
204 5 0
205 5 0
206 5 0
207 5 0
208 4 0
209 5 0
210 6 0
211 7 0
212 7 0
213 5 0
214 4 0
215 2 0
216 7 0
217 6 0
218 5 0
219 5 0
220 7 0
221 7 0
222 6 0
223 5 0
224 7 0
225 6 0
226 6 0
227 6 0
228 6 0
229 6 0
230 6 0
231 6 0
232 5 0
233 5 0
234 5 0
235 5 0
236 5 0
237 5 0
238 5 0
239 5 0
240 10 0
241 6 0
242 4 0
243 7 0
244 10 0
245 9 0
246 7 0
247 6 0
248 6 0
249 4 0
250 3 0
251 4 0
252 7 0
253 9 0
254 5 0
255 2 0

0 0 0
1 0 0
2 1 0
3 1 0
4 0 0
5 0 0
6 1 0
7 3 0
8 4 0
9 5 0
10 7 0
11 8 0
12 8 0
13 7 0
14 5 0
15 4 0
16 4 0
17 5 0
18 5 0
19 5 0
20 4 0
21 3 0
22 2 0
23 1 0
24 0 0
25 1 0
26 3 0
27 4 0
28 5 0
29 5 0
30 4 0
31 4 0
32 2 0
33 2 0
34 3 0
35 4 0
36 5 0
37 6 0
38 6 0
39 7 0
40 0 0
41 5 0
42 9 0
43 9 0
44 5 0
45 4 0
46 7 0
47 10 0
48 1 0
49 8 0
50 8 0
51 0 0
52 15 0
53 8 0
54 15 0
55 2 0
56 51 0
57 128 0
58 172 0
59 143 0
60 78 0
61 90 0
62 176 0
63 209 0
64 222 0
65 237 0
66 225 0
67 150 0
68 37 0
69 41 0
70 133 0
71 144 0
72 124 0
73 117 0
74 135 0
75 153 0
76 138 0
77 121 0
78 123 0
79 130 0
80 95 0
81 135 0
82 203 0
83 255 0
84 255 0
85 231 0
86 214 0
87 208 0
88 222 0
89 237 0
90 218 0
91 193 0
92 151 0
93 97 0
94 135 0
95 235 0
96 232 0
97 135 0
98 101 0
99 95 0
100 102 0
101 153 0
102 182 0
103 183 0
104 192 0
105 205 0
106 205 0
107 216 0
108 193 0
109 147 0
110 131 0
111 116 0
112 110 0
113 119 0
114 111 0
115 93 0
116 84 0
117 78 0
118 74 0
119 77 0
120 73 0
121 67 0
122 63 0
123 71 0
124 91 0
125 110 0
126 118 0
127 118 0
128 118 0
129 101 0
130 69 0
131 76 0
132 63 0
133 143 0
134 199 0
135 233 0
136 249 0
137 252 0
138 255 0
139 253 0
140 249 0
141 201 0
142 119 0
143 100 0
144 114 0
145 144 0
146 166 0
147 176 0
148 174 0
149 161 0
150 178 0
151 223 0
152 239 0
153 231 0
154 212 0
155 237 0
156 255 0
157 254 0
158 202 0
159 182 0
160 255 0
161 253 0
162 175 0
163 54 0
164 99 0
165 168 0
166 157 0
167 129 0
168 113 0
169 109 0
170 100 0
171 101 0
172 106 0
173 89 0
174 70 0
175 72 0
176 167 0
177 254 0
178 240 0
179 175 0
180 122 0
181 85 0
182 137 0
183 227 0
184 207 0
185 136 0
186 46 0
187 1 0
188 2 0
189 5 0
190 2 0
191 4 0
192 2 0
193 4 0
194 6 0
195 9 0
196 9 0
197 5 0
198 2 0
199 0 0
200 5 0
201 5 0
202 5 0
203 5 0
204 5 0
205 5 0
206 5 0
207 5 0
208 5 0
209 5 0
210 6 0
211 7 0
212 6 0
213 5 0
214 3 0
215 2 0
216 6 0
217 5 0
218 4 0
219 4 0
220 6 0
221 6 0
222 5 0
223 4 0
224 6 0
225 6 0
226 6 0
227 5 0
228 5 0
229 6 0
230 6 0
231 7 0
232 5 0
233 5 0
234 5 0
235 5 0
236 5 0
237 5 0
238 5 0
239 5 0
240 7 0
241 9 0
242 5 0
243 1 0
244 5 0
245 14 0
246 10 0
247 0 0
248 6 0
249 4 0
250 3 0
251 4 0
252 7 0
253 9 0
254 5 0
255 3 0

0 2 0
1 3 0
2 4 0
3 6 0
4 6 0
5 5 0
6 4 0
7 3 0
8 5 0
9 4 0
10 3 0
11 4 0
12 6 0
13 7 0
14 7 0
15 5 0
16 10 0
17 9 0
18 7 0
19 6 0
20 5 0
21 4 0
22 4 0
23 4 0
24 5 0
25 5 0
26 5 0
27 5 0
28 5 0
29 5 0
30 5 0
31 5 0
32 2 0
33 0 0
34 0 0
35 1 0
36 6 0
37 8 0
38 5 0
39 2 0
40 4 0
41 5 0
42 7 0
43 9 0
44 9 0
45 7 0
46 5 0
47 3 0
48 3 0
49 2 0
50 3 0
51 8 0
52 14 0
53 15 0
54 11 0
55 7 0
56 38 0
57 118 0
58 198 0
59 166 0
60 84 0
61 71 0
62 132 0
63 206 0
64 235 0
65 238 0
66 239 0
67 220 0
68 127 0
69 34 0
70 61 0
71 135 0
72 165 0
73 128 0
74 117 0
75 125 0
76 131 0
77 121 0
78 108 0
79 125 0
80 109 0
81 93 0
82 134 0
83 234 0
84 255 0
85 233 0
86 235 0
87 220 0
88 221 0
89 209 0
90 211 0
91 229 0
92 216 0
93 171 0
94 176 0
95 233 0
96 255 0
97 195 0
98 116 0
99 86 0
100 91 0
101 81 0
102 74 0
103 92 0
104 90 0
105 102 0
106 114 0
107 116 0
108 112 0
109 117 0
110 137 0
111 158 0
112 164 0
113 152 0
114 142 0
115 130 0
116 127 0
117 143 0
118 136 0
119 100 0
120 108 0
121 119 0
122 103 0
123 76 0
124 86 0
125 119 0
126 141 0
127 149 0
128 153 0
129 106 0
130 86 0
131 124 0
132 175 0
133 207 0
134 235 0
135 255 0
136 254 0
137 255 0
138 255 0
139 255 0
140 255 0
141 223 0
142 148 0
143 77 0
144 111 0
145 156 0
146 194 0
147 217 0
148 231 0
149 185 0
150 144 0
151 184 0
152 196 0
153 207 0
154 214 0
155 240 0
156 247 0
157 223 0
158 227 0
159 251 0
160 247 0
161 189 0
162 67 0
163 104 0
164 201 0
165 185 0
166 145 0
167 109 0
168 101 0
169 91 0
170 99 0
171 77 0
172 83 0
173 82 0
174 70 0
175 145 0
176 250 0
177 255 0
178 215 0
179 155 0
180 93 0
181 70 0
182 158 0
183 237 0
184 204 0
185 107 0
186 31 0
187 12 0
188 7 0
189 5 0
190 6 0
191 0 0
192 1 0
193 1 0
194 2 0
195 3 0
196 4 0
197 4 0
198 5 0
199 5 0
200 8 0
201 7 0
202 5 0
203 4 0
204 4 0
205 4 0
206 5 0
207 6 0
208 2 0
209 3 0
210 4 0
211 5 0
212 7 0
213 9 0
214 10 0
215 10 0
216 4 0
217 7 0
218 10 0
219 8 0
220 3 0
221 1 0
222 3 0
223 7 0
224 6 0
225 7 0
226 9 0
227 9 0
228 7 0
229 5 0
230 4 0
231 2 0
232 3 0
233 3 0
234 3 0
235 3 0
236 3 0
237 3 0
238 3 0
239 3 0
240 10 0
241 8 0
242 6 0
243 5 0
244 5 0
245 7 0
246 10 0
247 12 0
248 9 0
249 8 0
250 7 0
251 5 0
252 3 0
253 2 0
254 0 0
255 0 0

0 2 0
1 3 0
2 4 0
3 6 0
4 6 0
5 5 0
6 4 0
7 3 0
8 6 0
9 5 0
10 4 0
11 4 0
12 6 0
13 6 0
14 5 0
15 4 0
16 7 0
17 6 0
18 5 0
19 5 0
20 5 0
21 5 0
22 6 0
23 6 0
24 5 0
25 5 0
26 5 0
27 5 0
28 5 0
29 5 0
30 5 0
31 5 0
32 3 0
33 1 0
34 0 0
35 1 0
36 4 0
37 6 0
38 4 0
39 3 0
40 2 0
41 3 0
42 6 0
43 8 0
44 9 0
45 8 0
46 7 0
47 6 0
48 2 0
49 1 0
50 2 0
51 4 0
52 6 0
53 8 0
54 9 0
55 9 0
56 21 0
57 113 0
58 213 0
59 198 0
60 116 0
61 87 0
62 125 0
63 181 0
64 233 0
65 234 0
66 228 0
67 231 0
68 195 0
69 121 0
70 69 0
71 41 0
72 97 0
73 137 0
74 144 0
75 118 0
76 115 0
77 104 0
78 94 0
79 135 0
80 141 0
81 106 0
82 103 0
83 183 0
84 244 0
85 222 0
86 202 0
87 216 0
88 241 0
89 220 0
90 208 0
91 223 0
92 235 0
93 217 0
94 196 0
95 194 0
96 199 0
97 165 0
98 116 0
99 86 0
100 82 0
101 84 0
102 84 0
103 87 0
104 79 0
105 73 0
106 70 0
107 74 0
108 83 0
109 95 0
110 108 0
111 117 0
112 113 0
113 113 0
114 122 0
115 141 0
116 168 0
117 188 0
118 174 0
119 141 0
120 156 0
121 159 0
122 150 0
123 140 0
124 144 0
125 149 0
126 154 0
127 163 0
128 131 0
129 109 0
130 121 0
131 182 0
132 241 0
133 255 0
134 255 0
135 250 0
136 253 0
137 251 0
138 250 0
139 253 0
140 251 0
141 221 0
142 157 0
143 99 0
144 101 0
145 153 0
146 220 0
147 241 0
148 230 0
149 206 0
150 186 0
151 199 0
152 217 0
153 221 0
154 214 0
155 251 0
156 247 0
157 214 0
158 243 0
159 255 0
160 234 0
161 77 0
162 108 0
163 221 0
164 216 0
165 142 0
166 78 0
167 67 0
168 65 0
169 73 0
170 84 0
171 86 0
172 80 0
173 63 0
174 102 0
175 206 0
176 250 0
177 245 0
178 182 0
179 130 0
180 90 0
181 98 0
182 185 0
183 241 0
184 192 0
185 95 0
186 23 0
187 10 0
188 7 0
189 4 0
190 6 0
191 3 0
192 6 0
193 6 0
194 6 0
195 7 0
196 7 0
197 8 0
198 8 0
199 9 0
200 6 0
201 6 0
202 5 0
203 4 0
204 4 0
205 4 0
206 4 0
207 4 0
208 2 0
209 3 0
210 4 0
211 5 0
212 7 0
213 9 0
214 10 0
215 10 0
216 1 0
217 5 0
218 8 0
219 7 0
220 3 0
221 3 0
222 5 0
223 10 0
224 6 0
225 7 0
226 8 0
227 9 0
228 7 0
229 6 0
230 4 0
231 2 0
232 6 0
233 6 0
234 6 0
235 6 0
236 6 0
237 6 0
238 6 0
239 6 0
240 8 0
241 7 0
242 7 0
243 6 0
244 6 0
245 8 0
246 9 0
247 10 0
248 6 0
249 6 0
250 6 0
251 5 0
252 5 0
253 5 0
254 4 0
255 4 0

0 1 0
1 2 0
2 4 0
3 5 0
4 6 0
5 5 0
6 4 0
7 3 0
8 9 0
9 6 0
10 5 0
11 5 0
12 5 0
13 5 0
14 4 0
15 2 0
16 3 0
17 3 0
18 3 0
19 4 0
20 4 0
21 6 0
22 7 0
23 8 0
24 5 0
25 5 0
26 5 0
27 5 0
28 5 0
29 5 0
30 5 0
31 5 0
32 4 0
33 3 0
34 2 0
35 1 0
36 1 0
37 2 0
38 3 0
39 4 0
40 3 0
41 4 0
42 6 0
43 7 0
44 7 0
45 7 0
46 6 0
47 5 0
48 3 0
49 3 0
50 3 0
51 2 0
52 1 0
53 4 0
54 10 0
55 14 0
56 4 0
57 90 0
58 197 0
59 193 0
60 114 0
61 82 0
62 115 0
63 165 0
64 235 0
65 239 0
66 218 0
67 217 0
68 225 0
69 198 0
70 133 0
71 60 0
72 27 0
73 79 0
74 112 0
75 102 0
76 104 0
77 105 0
78 99 0
79 124 0
80 159 0
81 120 0
82 84 0
83 131 0
84 223 0
85 213 0
86 161 0
87 186 0
88 253 0
89 241 0
90 235 0
91 240 0
92 250 0
93 251 0
94 225 0
95 189 0
96 154 0
97 135 0
98 119 0
99 106 0
100 96 0
101 91 0
102 87 0
103 77 0
104 95 0
105 97 0
106 104 0
107 109 0
108 106 0
109 96 0
110 90 0
111 89 0
112 106 0
113 114 0
114 114 0
115 110 0
116 116 0
117 125 0
118 136 0
119 148 0
120 171 0
121 164 0
122 157 0
123 159 0
124 154 0
125 133 0
126 126 0
127 142 0
128 131 0
129 138 0
130 163 0
131 200 0
132 220 0
133 212 0
134 192 0
135 179 0
136 175 0
137 161 0
138 150 0
139 152 0
140 158 0
141 149 0
142 124 0
143 100 0
144 89 0
145 151 0
146 248 0
147 255 0
148 230 0
149 237 0
150 252 0
151 246 0
152 237 0
153 254 0
154 236 0
155 249 0
156 228 0
157 216 0
158 255 0
159 229 0
160 108 0
161 120 0
162 240 0
163 244 0
164 148 0
165 93 0
166 57 0
167 69 0
168 102 0
169 96 0
170 114 0
171 127 0
172 107 0
173 152 0
174 243 0
175 255 0
176 255 0
177 214 0
178 138 0
179 104 0
180 88 0
181 113 0
182 191 0
183 224 0
184 158 0
185 67 0
186 7 0
187 8 0
188 10 0
189 4 0
190 4 0
191 3 0
192 7 0
193 7 0
194 7 0
195 7 0
196 7 0
197 7 0
198 7 0
199 8 0
200 4 0
201 4 0
202 5 0
203 5 0
204 4 0
205 4 0
206 3 0
207 2 0
208 2 0
209 3 0
210 4 0
211 5 0
212 6 0
213 7 0
214 9 0
215 10 0
216 0 0
217 2 0
218 5 0
219 5 0
220 5 0
221 5 0
222 9 0
223 12 0
224 6 0
225 7 0
226 8 0
227 9 0
228 7 0
229 6 0
230 4 0
231 3 0
232 5 0
233 5 0
234 5 0
235 5 0
236 5 0
237 5 0
238 5 0
239 5 0
240 5 0
241 6 0
242 7 0
243 8 0
244 8 0
245 8 0
246 7 0
247 7 0
248 5 0
249 5 0
250 6 0
251 6 0
252 7 0
253 7 0
254 8 0
255 8 0

0 1 0
1 2 0
2 4 0
3 5 0
4 5 0
5 5 0
6 4 0
7 3 0
8 7 0
9 6 0
10 4 0
11 5 0
12 6 0
13 6 0
14 5 0
15 3 0
16 3 0
17 3 0
18 3 0
19 3 0
20 4 0
21 5 0
22 7 0
23 7 0
24 5 0
25 5 0
26 5 0
27 5 0
28 5 0
29 5 0
30 5 0
31 5 0
32 5 0
33 5 0
34 3 0
35 1 0
36 0 0
37 0 0
38 2 0
39 5 0
40 8 0
41 8 0
42 7 0
43 7 0
44 5 0
45 4 0
46 3 0
47 2 0
48 8 0
49 6 0
50 4 0
51 3 0
52 4 0
53 8 0
54 12 0
55 16 0
56 7 0
57 87 0
58 204 0
59 217 0
60 136 0
61 85 0
62 96 0
63 129 0
64 189 0
65 227 0
66 226 0
67 220 0
68 229 0
69 226 0
70 203 0
71 167 0
72 68 0
73 32 0
74 50 0
75 79 0
76 93 0
77 116 0
78 122 0
79 112 0
80 144 0
81 133 0
82 105 0
83 116 0
84 207 0
85 231 0
86 173 0
87 174 0
88 205 0
89 217 0
90 243 0
91 251 0
92 237 0
93 231 0
94 222 0
95 200 0
96 162 0
97 129 0
98 120 0
99 125 0
100 110 0
101 94 0
102 91 0
103 88 0
104 94 0
105 90 0
106 90 0
107 92 0
108 91 0
109 88 0
110 92 0
111 100 0
112 113 0
113 131 0
114 130 0
115 112 0
116 88 0
117 60 0
118 56 0
119 79 0
120 81 0
121 81 0
122 86 0
123 102 0
124 107 0
125 96 0
126 102 0
127 129 0
128 159 0
129 164 0
130 163 0
131 150 0
132 131 0
133 115 0
134 106 0
135 104 0
136 99 0
137 83 0
138 72 0
139 78 0
140 90 0
141 97 0
142 100 0
143 103 0
144 106 0
145 154 0
146 227 0
147 220 0
148 181 0
149 211 0
150 254 0
151 255 0
152 255 0
153 234 0
154 209 0
155 228 0
156 238 0
157 251 0
158 248 0
159 165 0
160 130 0
161 203 0
162 209 0
163 152 0
164 94 0
165 67 0
166 98 0
167 144 0
168 164 0
169 153 0
170 154 0
171 153 0
172 154 0
173 215 0
174 255 0
175 229 0
176 249 0
177 164 0
178 93 0
179 85 0
180 87 0
181 121 0
182 186 0
183 203 0
184 117 0
185 36 0
186 0 0
187 10 0
188 15 0
189 5 0
190 1 0
191 1 0
192 4 0
193 4 0
194 3 0
195 3 0
196 3 0
197 3 0
198 3 0
199 3 0
200 3 0
201 3 0
202 4 0
203 5 0
204 5 0
205 3 0
206 2 0
207 1 0
208 2 0
209 3 0
210 4 0
211 5 0
212 6 0
213 7 0
214 8 0
215 9 0
216 1 0
217 2 0
218 4 0
219 5 0
220 5 0
221 7 0
222 9 0
223 10 0
224 5 0
225 6 0
226 7 0
227 9 0
228 7 0
229 6 0
230 4 0
231 3 0
232 4 0
233 4 0
234 4 0
235 4 0
236 4 0
237 4 0
238 4 0
239 4 0
240 3 0
241 4 0
242 7 0
243 9 0
244 10 0
245 8 0
246 6 0
247 4 0
248 7 0
249 7 0
250 7 0
251 7 0
252 7 0
253 7 0
254 7 0
255 8 0

0 1 0
1 2 0
2 3 0
3 5 0
4 5 0
5 4 0
6 3 0
7 2 0
8 5 0
9 4 0
10 3 0
11 4 0
12 6 0
13 7 0
14 6 0
15 5 0
16 5 0
17 4 0
18 4 0
19 3 0
20 3 0
21 4 0
22 5 0
23 5 0
24 5 0
25 5 0
26 5 0
27 5 0
28 5 0
29 5 0
30 5 0
31 5 0
32 6 0
33 5 0
34 4 0
35 1 0
36 0 0
37 0 0
38 2 0
39 4 0
40 8 0
41 8 0
42 6 0
43 5 0
44 4 0
45 3 0
46 3 0
47 3 0
48 10 0
49 6 0
50 3 0
51 4 0
52 8 0
53 12 0
54 13 0
55 12 0
56 9 0
57 69 0
58 186 0
59 219 0
60 146 0
61 93 0
62 102 0
63 135 0
64 166 0
65 212 0
66 220 0
67 218 0
68 223 0
69 219 0
70 228 0
71 238 0
72 183 0
73 99 0
74 66 0
75 71 0
76 80 0
77 106 0
78 121 0
79 122 0
80 130 0
81 147 0
82 139 0
83 115 0
84 174 0
85 246 0
86 230 0
87 206 0
88 200 0
89 203 0
90 235 0
91 255 0
92 243 0
93 206 0
94 175 0
95 150 0
96 158 0
97 130 0
98 122 0
99 123 0
100 105 0
101 96 0
102 107 0
103 115 0
104 111 0
105 91 0
106 80 0
107 89 0
108 104 0
109 109 0
110 108 0
111 107 0
112 114 0
113 114 0
114 106 0
115 104 0
116 100 0
117 68 0
118 37 0
119 35 0
120 23 0
121 40 0
122 54 0
123 66 0
124 73 0
125 71 0
126 78 0
127 96 0
128 144 0
129 139 0
130 122 0
131 100 0
132 88 0
133 90 0
134 93 0
135 91 0
136 87 0
137 83 0
138 89 0
139 105 0
140 113 0
141 110 0
142 109 0
143 112 0
144 121 0
145 137 0
146 162 0
147 144 0
148 134 0
149 178 0
150 226 0
151 253 0
152 211 0
153 167 0
154 187 0
155 239 0
156 255 0
157 243 0
158 202 0
159 158 0
160 190 0
161 178 0
162 120 0
163 109 0
164 97 0
165 91 0
166 152 0
167 179 0
168 184 0
169 208 0
170 200 0
171 201 0
172 236 0
173 207 0
174 165 0
175 208 0
176 201 0
177 132 0
178 86 0
179 87 0
180 105 0
181 162 0
182 213 0
183 201 0
184 95 0
185 25 0
186 0 0
187 12 0
188 16 0
189 6 0
190 5 0
191 7 0
192 4 0
193 4 0
194 3 0
195 3 0
196 3 0
197 3 0
198 3 0
199 3 0
200 3 0
201 3 0
202 4 0
203 5 0
204 5 0
205 3 0
206 2 0
207 1 0
208 3 0
209 3 0
210 4 0
211 4 0
212 5 0
213 6 0
214 7 0
215 7 0
216 4 0
217 4 0
218 4 0
219 4 0
220 6 0
221 7 0
222 6 0
223 6 0
224 5 0
225 6 0
226 7 0
227 8 0
228 7 0
229 6 0
230 5 0
231 4 0
232 9 0
233 9 0
234 9 0
235 9 0
236 9 0
237 9 0
238 9 0
239 9 0
240 2 0
241 4 0
242 6 0
243 9 0
244 9 0
245 7 0
246 5 0
247 4 0
248 11 0
249 10 0
250 9 0
251 8 0
252 6 0
253 5 0
254 4 0
255 3 0

0 1 0
1 1 0
2 3 0
3 4 0
4 5 0
5 4 0
6 3 0
7 2 0
8 4 0
9 3 0
10 3 0
11 4 0
12 6 0
13 7 0
14 7 0
15 6 0
16 7 0
17 6 0
18 5 0
19 4 0
20 4 0
21 4 0
22 4 0
23 5 0
24 5 0
25 5 0
26 5 0
27 5 0
28 5 0
29 5 0
30 5 0
31 5 0
32 6 0
33 4 0
34 2 0
35 1 0
36 1 0
37 2 0
38 2 0
39 3 0
40 5 0
41 5 0
42 4 0
43 3 0
44 3 0
45 5 0
46 6 0
47 7 0
48 8 0
49 3 0
50 0 0
51 2 0
52 8 0
53 11 0
54 10 0
55 6 0
56 9 0
57 42 0
58 151 0
59 202 0
60 140 0
61 88 0
62 103 0
63 144 0
64 179 0
65 211 0
66 209 0
67 216 0
68 232 0
69 219 0
70 212 0
71 220 0
72 225 0
73 198 0
74 149 0
75 104 0
76 100 0
77 97 0
78 93 0
79 128 0
80 139 0
81 150 0
82 143 0
83 105 0
84 124 0
85 209 0
86 248 0
87 227 0
88 220 0
89 193 0
90 203 0
91 247 0
92 255 0
93 222 0
94 152 0
95 101 0
96 111 0
97 121 0
98 130 0
99 121 0
100 106 0
101 107 0
102 117 0
103 119 0
104 101 0
105 91 0
106 90 0
107 102 0
108 110 0
109 105 0
110 100 0
111 100 0
112 128 0
113 106 0
114 84 0
115 86 0
116 95 0
117 85 0
118 66 0
119 59 0
120 68 0
121 91 0
122 98 0
123 88 0
124 80 0
125 71 0
126 58 0
127 53 0
128 76 0
129 89 0
130 97 0
131 91 0
132 87 0
133 93 0
134 98 0
135 98 0
136 98 0
137 103 0
138 115 0
139 129 0
140 131 0
141 123 0
142 117 0
143 118 0
144 114 0
145 114 0
146 118 0
147 108 0
148 117 0
149 150 0
150 175 0
151 200 0
152 158 0
153 140 0
154 187 0
155 236 0
156 252 0
157 221 0
158 160 0
159 150 0
160 134 0
161 135 0
162 128 0
163 108 0
164 102 0
165 138 0
166 180 0
167 188 0
168 215 0
169 237 0
170 241 0
171 245 0
172 249 0
173 166 0
174 87 0
175 129 0
176 154 0
177 122 0
178 98 0
179 87 0
180 111 0
181 186 0
182 214 0
183 165 0
184 88 0
185 29 0
186 2 0
187 13 0
188 12 0
189 6 0
190 12 0
191 16 0
192 7 0
193 7 0
194 7 0
195 7 0
196 7 0
197 7 0
198 7 0
199 8 0
200 4 0
201 4 0
202 5 0
203 5 0
204 4 0
205 4 0
206 3 0
207 2 0
208 3 0
209 3 0
210 4 0
211 4 0
212 5 0
213 6 0
214 6 0
215 7 0
216 10 0
217 6 0
218 4 0
219 4 0
220 6 0
221 6 0
222 4 0
223 1 0
224 5 0
225 5 0
226 7 0
227 8 0
228 8 0
229 7 0
230 5 0
231 4 0
232 7 0
233 7 0
234 7 0
235 7 0
236 7 0
237 7 0
238 7 0
239 7 0
240 3 0
241 4 0
242 5 0
243 6 0
244 7 0
245 6 0
246 5 0
247 5 0
248 11 0
249 10 0
250 8 0
251 7 0
252 5 0
253 3 0
254 1 0
255 0 0

0 1 0
1 1 0
2 3 0
3 4 0
4 4 0
5 4 0
6 3 0
7 2 0
8 6 0
9 5 0
10 4 0
11 4 0
12 6 0
13 6 0
14 6 0
15 4 0
16 7 0
17 7 0
18 6 0
19 5 0
20 5 0
21 5 0
22 5 0
23 6 0
24 5 0
25 5 0
26 5 0
27 5 0
28 5 0
29 5 0
30 5 0
31 5 0
32 5 0
33 3 0
34 1 0
35 1 0
36 4 0
37 4 0
38 3 0
39 1 0
40 5 0
41 4 0
42 2 0
43 2 0
44 3 0
45 5 0
46 7 0
47 9 0
48 5 0
49 2 0
50 0 0
51 1 0
52 4 0
53 7 0
54 7 0
55 7 0
56 15 0
57 35 0
58 155 0
59 229 0
60 167 0
61 89 0
62 79 0
63 107 0
64 159 0
65 208 0
66 215 0
67 226 0
68 245 0
69 224 0
70 193 0
71 179 0
72 200 0
73 220 0
74 206 0
75 171 0
76 160 0
77 133 0
78 102 0
79 127 0
80 151 0
81 138 0
82 124 0
83 112 0
84 110 0
85 157 0
86 217 0
87 223 0
88 188 0
89 161 0
90 149 0
91 184 0
92 229 0
93 220 0
94 164 0
95 118 0
96 107 0
97 121 0
98 124 0
99 117 0
100 116 0
101 114 0
102 110 0
103 108 0
104 103 0
105 98 0
106 100 0
107 108 0
108 108 0
109 107 0
110 121 0
111 141 0
112 123 0
113 109 0
114 105 0
115 109 0
116 108 0
117 106 0
118 105 0
119 102 0
120 120 0
121 134 0
122 126 0
123 105 0
124 101 0
125 100 0
126 86 0
127 72 0
128 51 0
129 78 0
130 101 0
131 104 0
132 97 0
133 94 0
134 95 0
135 96 0
136 107 0
137 111 0
138 116 0
139 119 0
140 117 0
141 116 0
142 118 0
143 123 0
144 112 0
145 110 0
146 120 0
147 97 0
148 71 0
149 85 0
150 113 0
151 139 0
152 165 0
153 151 0
154 150 0
155 182 0
156 225 0
157 197 0
158 124 0
159 104 0
160 120 0
161 103 0
162 106 0
163 106 0
164 133 0
165 171 0
166 191 0
167 221 0
168 206 0
169 205 0
170 215 0
171 241 0
172 239 0
173 216 0
174 196 0
175 166 0
176 123 0
177 102 0
178 90 0
179 81 0
180 112 0
181 180 0
182 181 0
183 121 0
184 69 0
185 24 0
186 6 0
187 13 0
188 8 0
189 5 0
190 12 0
191 14 0
192 6 0
193 6 0
194 6 0
195 7 0
196 7 0
197 8 0
198 8 0
199 9 0
200 6 0
201 6 0
202 5 0
203 4 0
204 4 0
205 4 0
206 4 0
207 4 0
208 3 0
209 3 0
210 3 0
211 4 0
212 5 0
213 5 0
214 6 0
215 6 0
216 12 0
217 7 0
218 4 0
219 4 0
220 6 0
221 6 0
222 3 0
223 0 0
224 4 0
225 5 0
226 7 0
227 8 0
228 8 0
229 7 0
230 5 0
231 4 0
232 6 0
233 6 0
234 6 0
235 6 0
236 6 0
237 6 0
238 6 0
239 6 0
240 5 0
241 4 0
242 4 0
243 3 0
244 4 0
245 5 0
246 6 0
247 7 0
248 6 0
249 6 0
250 5 0
251 4 0
252 3 0
253 2 0
254 2 0
255 1 0

0 1 0
1 1 0
2 3 0
3 4 0
4 4 0
5 4 0
6 3 0
7 2 0
8 8 0
9 6 0
10 5 0
11 5 0
12 5 0
13 5 0
14 4 0
15 3 0
16 7 0
17 6 0
18 6 0
19 5 0
20 5 0
21 6 0
22 7 0
23 7 0
24 5 0
25 5 0
26 5 0
27 5 0
28 5 0
29 5 0
30 5 0
31 5 0
32 5 0
33 1 0
34 0 0
35 1 0
36 5 0
37 6 0
38 3 0
39 0 0
40 7 0
41 6 0
42 3 0
43 2 0
44 2 0
45 3 0
46 5 0
47 7 0
48 4 0
49 4 0
50 3 0
51 1 0
52 1 0
53 3 0
54 7 0
55 11 0
56 8 0
57 16 0
58 135 0
59 222 0
60 168 0
61 90 0
62 82 0
63 114 0
64 146 0
65 211 0
66 215 0
67 200 0
68 209 0
69 206 0
70 201 0
71 202 0
72 194 0
73 195 0
74 215 0
75 223 0
76 214 0
77 186 0
78 145 0
79 133 0
80 151 0
81 122 0
82 109 0
83 140 0
84 138 0
85 137 0
86 192 0
87 223 0
88 185 0
89 175 0
90 147 0
91 140 0
92 168 0
93 180 0
94 158 0
95 139 0
96 158 0
97 137 0
98 107 0
99 102 0
100 115 0
101 110 0
102 101 0
103 111 0
104 107 0
105 100 0
106 105 0
107 120 0
108 124 0
109 113 0
110 106 0
111 108 0
112 108 0
113 94 0
114 96 0
115 103 0
116 103 0
117 119 0
118 140 0
119 143 0
120 154 0
121 152 0
122 127 0
123 101 0
124 106 0
125 119 0
126 116 0
127 107 0
128 91 0
129 101 0
130 110 0
131 115 0
132 118 0
133 118 0
134 111 0
135 102 0
136 106 0
137 111 0
138 113 0
139 108 0
140 103 0
141 104 0
142 108 0
143 111 0
144 109 0
145 111 0
146 130 0
147 89 0
148 26 0
149 48 0
150 121 0
151 171 0
152 162 0
153 158 0
154 127 0
155 155 0
156 179 0
157 117 0
158 80 0
159 110 0
160 112 0
161 75 0
162 90 0
163 146 0
164 177 0
165 194 0
166 212 0
167 211 0
168 203 0
169 193 0
170 158 0
171 184 0
172 201 0
173 207 0
174 230 0
175 185 0
176 121 0
177 91 0
178 86 0
179 102 0
180 145 0
181 196 0
182 186 0
183 139 0
184 44 0
185 11 0
186 4 0
187 13 0
188 6 0
189 3 0
190 8 0
191 5 0
192 1 0
193 1 0
194 2 0
195 3 0
196 4 0
197 4 0
198 5 0
199 5 0
200 8 0
201 7 0
202 5 0
203 4 0
204 4 0
205 4 0
206 5 0
207 6 0
208 3 0
209 3 0
210 3 0
211 4 0
212 5 0
213 5 0
214 5 0
215 6 0
216 13 0
217 7 0
218 3 0
219 4 0
220 7 0
221 7 0
222 3 0
223 0 0
224 4 0
225 5 0
226 6 0
227 8 0
228 8 0
229 7 0
230 6 0
231 5 0
232 9 0
233 9 0
234 9 0
235 9 0
236 9 0
237 9 0
238 9 0
239 9 0
240 6 0
241 5 0
242 3 0
243 1 0
244 2 0
245 4 0
246 6 0
247 8 0
248 1 0
249 1 0
250 2 0
251 2 0
252 3 0
253 3 0
254 3 0
255 3 0

0 1 0
1 3 0
2 6 0
3 9 0
4 7 0
5 6 0
6 5 0
7 5 0
8 7 0
9 7 0
10 7 0
11 7 0
12 7 0
13 7 0
14 7 0
15 7 0
16 0 0
17 2 0
18 5 0
19 8 0
20 9 0
21 8 0
22 7 0
23 5 0
24 4 0
25 3 0
26 3 0
27 5 0
28 8 0
29 7 0
30 3 0
31 0 0
32 6 0
33 6 0
34 6 0
35 5 0
36 4 0
37 2 0
38 0 0
39 0 0
40 4 0
41 7 0
42 9 0
43 8 0
44 6 0
45 7 0
46 10 0
47 13 0
48 20 0
49 9 0
50 0 0
51 0 0
52 1 0
53 5 0
54 10 0
55 14 0
56 8 0
57 14 0
58 85 0
59 169 0
60 164 0
61 101 0
62 79 0
63 102 0
64 136 0
65 200 0
66 213 0
67 181 0
68 181 0
69 214 0
70 245 0
71 255 0
72 223 0
73 211 0
74 208 0
75 224 0
76 206 0
77 222 0
78 196 0
79 149 0
80 161 0
81 161 0
82 116 0
83 99 0
84 141 0
85 160 0
86 165 0
87 202 0
88 184 0
89 169 0
90 142 0
91 128 0
92 145 0
93 164 0
94 148 0
95 116 0
96 121 0
97 129 0
98 116 0
99 96 0
100 102 0
101 122 0
102 124 0
103 114 0
104 121 0
105 117 0
106 86 0
107 97 0
108 128 0
109 113 0
110 92 0
111 90 0
112 65 0
113 68 0
114 87 0
115 108 0
116 122 0
117 140 0
118 158 0
119 162 0
120 190 0
121 179 0
122 154 0
123 127 0
124 113 0
125 114 0
126 119 0
127 119 0
128 130 0
129 107 0
130 89 0
131 91 0
132 101 0
133 108 0
134 117 0
135 127 0
136 120 0
137 105 0
138 116 0
139 119 0
140 101 0
141 110 0
142 127 0
143 114 0
144 101 0
145 108 0
146 99 0
147 85 0
148 74 0
149 105 0
150 172 0
151 202 0
152 124 0
153 122 0
154 177 0
155 186 0
156 120 0
157 80 0
158 89 0
159 112 0
160 103 0
161 82 0
162 133 0
163 212 0
164 222 0
165 195 0
166 187 0
167 191 0
168 200 0
169 181 0
170 168 0
171 186 0
172 191 0
173 206 0
174 223 0
175 182 0
176 115 0
177 107 0
178 97 0
179 115 0
180 174 0
181 215 0
182 178 0
183 110 0
184 23 0
185 4 0
186 3 0
187 15 0
188 8 0
189 0 0
190 5 0
191 14 0
192 6 0
193 6 0
194 5 0
195 5 0
196 4 0
197 3 0
198 3 0
199 3 0
200 3 0
201 4 0
202 4 0
203 4 0
204 5 0
205 5 0
206 5 0
207 5 0
208 6 0
209 6 0
210 6 0
211 7 0
212 7 0
213 7 0
214 8 0
215 8 0
216 4 0
217 4 0
218 4 0
219 4 0
220 4 0
221 4 0
222 4 0
223 4 0
224 6 0
225 5 0
226 3 0
227 2 0
228 1 0
229 2 0
230 3 0
231 4 0
232 9 0
233 9 0
234 9 0
235 9 0
236 8 0
237 7 0
238 7 0
239 7 0
240 8 0
241 8 0
242 7 0
243 6 0
244 5 0
245 4 0
246 3 0
247 3 0
248 2 0
249 1 0
250 6 0
251 5 0
252 0 0
253 3 0
254 8 0
255 3 0

0 4 0
1 4 0
2 4 0
3 2 0
4 2 0
5 3 0
6 7 0
7 10 0
8 7 0
9 7 0
10 7 0
11 7 0
12 7 0
13 7 0
14 7 0
15 7 0
16 1 0
17 3 0
18 5 0
19 7 0
20 7 0
21 6 0
22 5 0
23 4 0
24 5 0
25 5 0
26 6 0
27 6 0
28 5 0
29 5 0
30 5 0
31 5 0
32 0 0
33 1 0
34 2 0
35 4 0
36 5 0
37 5 0
38 5 0
39 5 0
40 6 0
41 5 0
42 4 0
43 5 0
44 6 0
45 7 0
46 8 0
47 8 0
48 14 0
49 6 0
50 0 0
51 1 0
52 4 0
53 5 0
54 6 0
55 8 0
56 15 0
57 15 0
58 83 0
59 177 0
60 186 0
61 120 0
62 85 0
63 97 0
64 138 0
65 176 0
66 230 0
67 237 0
68 229 0
69 215 0
70 203 0
71 237 0
72 250 0
73 251 0
74 214 0
75 194 0
76 197 0
77 231 0
78 219 0
79 200 0
80 189 0
81 168 0
82 122 0
83 92 0
84 109 0
85 136 0
86 141 0
87 137 0
88 143 0
89 135 0
90 114 0
91 110 0
92 143 0
93 164 0
94 142 0
95 109 0
96 50 0
97 90 0
98 123 0
99 115 0
100 98 0
101 112 0
102 123 0
103 110 0
104 130 0
105 123 0
106 111 0
107 121 0
108 131 0
109 134 0
110 128 0
111 99 0
112 53 0
113 68 0
114 98 0
115 121 0
116 128 0
117 136 0
118 147 0
119 150 0
120 176 0
121 175 0
122 170 0
123 158 0
124 140 0
125 122 0
126 110 0
127 105 0
128 82 0
129 59 0
130 49 0
131 69 0
132 99 0
133 111 0
134 116 0
135 123 0
136 122 0
137 114 0
138 116 0
139 124 0
140 121 0
141 108 0
142 96 0
143 89 0
144 82 0
145 66 0
146 66 0
147 96 0
148 130 0
149 181 0
150 218 0
151 194 0
152 100 0
153 124 0
154 177 0
155 163 0
156 99 0
157 78 0
158 87 0
159 94 0
160 84 0
161 110 0
162 170 0
163 211 0
164 196 0
165 175 0
166 192 0
167 218 0
168 199 0
169 184 0
170 195 0
171 214 0
172 215 0
173 232 0
174 221 0
175 148 0
176 107 0
177 103 0
178 101 0
179 132 0
180 173 0
181 180 0
182 134 0
183 66 0
184 19 0
185 8 0
186 8 0
187 10 0
188 4 0
189 1 0
190 5 0
191 6 0
192 6 0
193 6 0
194 5 0
195 5 0
196 4 0
197 3 0
198 3 0
199 3 0
200 5 0
201 5 0
202 5 0
203 4 0
204 4 0
205 4 0
206 4 0
207 4 0
208 6 0
209 6 0
210 6 0
211 6 0
212 7 0
213 7 0
214 7 0
215 7 0
216 5 0
217 5 0
218 5 0
219 5 0
220 5 0
221 5 0
222 5 0
223 5 0
224 6 0
225 5 0
226 4 0
227 2 0
228 2 0
229 2 0
230 3 0
231 4 0
232 6 0
233 6 0
234 6 0
235 6 0
236 5 0
237 5 0
238 5 0
239 5 0
240 6 0
241 6 0
242 5 0
243 5 0
244 5 0
245 4 0
246 4 0
247 4 0
248 2 0
249 1 0
250 7 0
251 10 0
252 8 0
253 11 0
254 9 0
255 0 0

0 4 0
1 4 0
2 4 0
3 2 0
4 2 0
5 3 0
6 7 0
7 10 0
8 7 0
9 7 0
10 7 0
11 7 0
12 7 0
13 7 0
14 7 0
15 7 0
16 4 0
17 4 0
18 5 0
19 6 0
20 5 0
21 4 0
22 2 0
23 1 0
24 6 0
25 8 0
26 9 0
27 6 0
28 3 0
29 3 0
30 7 0
31 12 0
32 4 0
33 4 0
34 5 0
35 5 0
36 4 0
37 3 0
38 2 0
39 1 0
40 7 0
41 4 0
42 1 0
43 2 0
44 5 0
45 7 0
46 5 0
47 3 0
48 9 0
49 4 0
50 2 0
51 5 0
52 7 0
53 5 0
54 3 0
55 3 0
56 20 0
57 8 0
58 66 0
59 169 0
60 197 0
61 135 0
62 86 0
63 88 0
64 115 0
65 140 0
66 241 0
67 250 0
68 201 0
69 195 0
70 179 0
71 174 0
72 222 0
73 248 0
74 216 0
75 194 0
76 212 0
77 229 0
78 217 0
79 236 0
80 210 0
81 183 0
82 149 0
83 106 0
84 83 0
85 104 0
86 106 0
87 68 0
88 58 0
89 88 0
90 109 0
91 131 0
92 159 0
93 152 0
94 112 0
95 85 0
96 45 0
97 43 0
98 74 0
99 108 0
100 109 0
101 105 0
102 107 0
103 102 0
104 113 0
105 116 0
106 133 0
107 139 0
108 119 0
109 139 0
110 162 0
111 122 0
112 58 0
113 76 0
114 104 0
115 116 0
116 110 0
117 115 0
118 133 0
119 142 0
120 163 0
121 164 0
122 169 0
123 172 0
124 161 0
125 136 0
126 111 0
127 96 0
128 87 0
129 60 0
130 41 0
131 58 0
132 90 0
133 102 0
134 109 0
135 124 0
136 137 0
137 125 0
138 104 0
139 98 0
140 95 0
141 64 0
142 32 0
143 32 0
144 28 0
145 38 0
146 57 0
147 89 0
148 130 0
149 190 0
150 210 0
151 155 0
152 97 0
153 145 0
154 190 0
155 148 0
156 94 0
157 101 0
158 113 0
159 104 0
160 122 0
161 143 0
162 158 0
163 164 0
164 177 0
165 193 0
166 203 0
167 209 0
168 224 0
169 200 0
170 207 0
171 206 0
172 210 0
173 241 0
174 214 0
175 138 0
176 97 0
177 88 0
178 92 0
179 149 0
180 186 0
181 165 0
182 116 0
183 48 0
184 10 0
185 7 0
186 9 0
187 6 0
188 0 0
189 4 0
190 7 0
191 0 0
192 6 0
193 6 0
194 5 0
195 5 0
196 4 0
197 3 0
198 3 0
199 3 0
200 7 0
201 7 0
202 6 0
203 5 0
204 4 0
205 3 0
206 2 0
207 1 0
208 5 0
209 5 0
210 6 0
211 6 0
212 6 0
213 7 0
214 7 0
215 7 0
216 6 0
217 6 0
218 6 0
219 6 0
220 6 0
221 6 0
222 6 0
223 6 0
224 6 0
225 5 0
226 4 0
227 4 0
228 3 0
229 3 0
230 4 0
231 4 0
232 5 0
233 5 0
234 4 0
235 4 0
236 4 0
237 3 0
238 3 0
239 3 0
240 3 0
241 3 0
242 3 0
243 4 0
244 4 0
245 5 0
246 5 0
247 5 0
248 7 0
249 3 0
250 7 0
251 11 0
252 11 0
253 15 0
254 12 0
255 0 0

0 1 0
1 3 0
2 7 0
3 9 0
4 8 0
5 6 0
6 6 0
7 6 0
8 6 0
9 6 0
10 6 0
11 7 0
12 7 0
13 7 0
14 7 0
15 7 0
16 6 0
17 5 0
18 5 0
19 4 0
20 3 0
21 2 0
22 1 0
23 0 0
24 10 0
25 9 0
26 8 0
27 5 0
28 3 0
29 5 0
30 10 0
31 14 0
32 6 0
33 6 0
34 6 0
35 5 0
36 4 0
37 2 0
38 0 0
39 0 0
40 7 0
41 5 0
42 2 0
43 2 0
44 4 0
45 4 0
46 4 0
47 2 0
48 7 0
49 3 0
50 3 0
51 7 0
52 8 0
53 5 0
54 2 0
55 2 0
56 21 0
57 3 0
58 46 0
59 148 0
60 193 0
61 142 0
62 88 0
63 83 0
64 97 0
65 126 0
66 219 0
67 191 0
68 103 0
69 156 0
70 210 0
71 163 0
72 163 0
73 196 0
74 201 0
75 207 0
76 217 0
77 195 0
78 184 0
79 223 0
80 219 0
81 210 0
82 189 0
83 140 0
84 97 0
85 101 0
86 103 0
87 74 0
88 52 0
89 76 0
90 101 0
91 133 0
92 156 0
93 130 0
94 87 0
95 74 0
96 86 0
97 49 0
98 37 0
99 71 0
100 105 0
101 106 0
102 99 0
103 103 0
104 99 0
105 103 0
106 117 0
107 120 0
108 101 0
109 123 0
110 152 0
111 117 0
112 81 0
113 98 0
114 122 0
115 124 0
116 111 0
117 117 0
118 140 0
119 153 0
120 153 0
121 153 0
122 153 0
123 155 0
124 158 0
125 153 0
126 136 0
127 119 0
128 113 0
129 90 0
130 65 0
131 71 0
132 91 0
133 87 0
134 82 0
135 98 0
136 78 0
137 77 0
138 63 0
139 39 0
140 15 0
141 0 0
142 5 0
143 24 0
144 46 0
145 89 0
146 88 0
147 67 0
148 86 0
149 141 0
150 160 0
151 118 0
152 113 0
153 165 0
154 191 0
155 135 0
156 96 0
157 121 0
158 131 0
159 118 0
160 132 0
161 173 0
162 178 0
163 163 0
164 178 0
165 197 0
166 200 0
167 203 0
168 213 0
169 202 0
170 210 0
171 205 0
172 223 0
173 237 0
174 177 0
175 118 0
176 106 0
177 84 0
178 86 0
179 159 0
180 192 0
181 159 0
182 112 0
183 46 0
184 3 0
185 0 0
186 4 0
187 6 0
188 1 0
189 4 0
190 8 0
191 2 0
192 6 0
193 6 0
194 5 0
195 5 0
196 4 0
197 3 0
198 3 0
199 3 0
200 9 0
201 8 0
202 7 0
203 5 0
204 3 0
205 2 0
206 1 0
207 0 0
208 5 0
209 5 0
210 5 0
211 5 0
212 6 0
213 6 0
214 6 0
215 6 0
216 6 0
217 6 0
218 6 0
219 6 0
220 6 0
221 6 0
222 6 0
223 6 0
224 5 0
225 5 0
226 5 0
227 5 0
228 5 0
229 5 0
230 4 0
231 4 0
232 6 0
233 6 0
234 5 0
235 5 0
236 5 0
237 4 0
238 4 0
239 4 0
240 1 0
241 1 0
242 2 0
243 3 0
244 4 0
245 5 0
246 6 0
247 6 0
248 12 0
249 6 0
250 6 0
251 6 0
252 4 0
253 11 0
254 13 0
255 4 0

0 1 0
1 4 0
2 9 0
3 10 0
4 10 0
5 7 0
6 7 0
7 7 0
8 6 0
9 6 0
10 6 0
11 7 0
12 7 0
13 7 0
14 9 0
15 9 0
16 7 0
17 6 0
18 5 0
19 3 0
20 2 0
21 2 0
22 1 0
23 1 0
24 12 0
25 8 0
26 4 0
27 3 0
28 5 0
29 9 0
30 11 0
31 12 0
32 0 0
33 0 0
34 2 0
35 4 0
36 5 0
37 6 0
38 6 0
39 6 0
40 6 0
41 7 0
42 7 0
43 5 0
44 3 0
45 2 0
46 3 0
47 5 0
48 8 0
49 4 0
50 3 0
51 6 0
52 7 0
53 5 0
54 5 0
55 7 0
56 17 0
57 4 0
58 38 0
59 129 0
60 187 0
61 153 0
62 95 0
63 80 0
64 93 0
65 118 0
66 145 0
67 116 0
68 40 0
69 72 0
70 170 0
71 175 0
72 156 0
73 168 0
74 187 0
75 202 0
76 204 0
77 183 0
78 185 0
79 208 0
80 215 0
81 213 0
82 183 0
83 140 0
84 119 0
85 120 0
86 129 0
87 140 0
88 159 0
89 121 0
90 94 0
91 118 0
92 154 0
93 149 0
94 129 0
95 130 0
96 155 0
97 141 0
98 72 0
99 15 0
100 26 0
101 54 0
102 75 0
103 102 0
104 105 0
105 101 0
106 88 0
107 88 0
108 90 0
109 100 0
110 111 0
111 91 0
112 75 0
113 93 0
114 116 0
115 120 0
116 108 0
117 110 0
118 122 0
119 125 0
120 104 0
121 114 0
122 115 0
123 109 0
124 114 0
125 130 0
126 138 0
127 134 0
128 147 0
129 127 0
130 97 0
131 94 0
132 103 0
133 71 0
134 24 0
135 11 0
136 0 0
137 11 0
138 36 0
139 29 0
140 9 0
141 39 0
142 93 0
143 114 0
144 144 0
145 172 0
146 127 0
147 87 0
148 112 0
149 135 0
150 130 0
151 112 0
152 120 0
153 156 0
154 161 0
155 110 0
156 87 0
157 105 0
158 100 0
159 93 0
160 125 0
161 189 0
162 216 0
163 210 0
164 222 0
165 221 0
166 201 0
167 194 0
168 193 0
169 203 0
170 205 0
171 203 0
172 235 0
173 216 0
174 134 0
175 110 0
176 115 0
177 92 0
178 106 0
179 169 0
180 179 0
181 137 0
182 91 0
183 33 0
184 5 0
185 0 0
186 0 0
187 9 0
188 5 0
189 1 0
190 4 0
191 5 0
192 6 0
193 6 0
194 5 0
195 5 0
196 4 0
197 3 0
198 3 0
199 3 0
200 9 0
201 8 0
202 7 0
203 5 0
204 3 0
205 2 0
206 1 0
207 0 0
208 4 0
209 4 0
210 4 0
211 5 0
212 5 0
213 5 0
214 5 0
215 6 0
216 6 0
217 6 0
218 6 0
219 6 0
220 6 0
221 6 0
222 6 0
223 6 0
224 4 0
225 5 0
226 6 0
227 7 0
228 7 0
229 6 0
230 5 0
231 4 0
232 9 0
233 9 0
234 8 0
235 7 0
236 7 0
237 7 0
238 6 0
239 6 0
240 1 0
241 1 0
242 2 0
243 3 0
244 4 0
245 5 0
246 6 0
247 6 0
248 7 0
249 4 0
250 6 0
251 4 0
252 0 0
253 4 0
254 10 0
255 4 0

0 6 0
1 6 0
2 6 0
3 4 0
4 4 0
5 5 0
6 10 0
7 12 0
8 5 0
9 6 0
10 6 0
11 7 0
12 7 0
13 8 0
14 9 0
15 9 0
16 7 0
17 6 0
18 4 0
19 3 0
20 2 0
21 3 0
22 4 0
23 4 0
24 10 0
25 6 0
26 2 0
27 3 0
28 7 0
29 10 0
30 10 0
31 8 0
32 1 0
33 2 0
34 3 0
35 4 0
36 5 0
37 5 0
38 4 0
39 4 0
40 5 0
41 7 0
42 9 0
43 6 0
44 3 0
45 1 0
46 4 0
47 7 0
48 8 0
49 4 0
50 2 0
51 4 0
52 5 0
53 5 0
54 7 0
55 11 0
56 6 0
57 7 0
58 32 0
59 108 0
60 178 0
61 164 0
62 103 0
63 71 0
64 100 0
65 116 0
66 93 0
67 110 0
68 76 0
69 0 0
70 47 0
71 134 0
72 152 0
73 149 0
74 164 0
75 172 0
76 188 0
77 195 0
78 202 0
79 187 0
80 186 0
81 170 0
82 117 0
83 83 0
84 98 0
85 115 0
86 135 0
87 170 0
88 191 0
89 135 0
90 104 0
91 132 0
92 173 0
93 187 0
94 180 0
95 174 0
96 197 0
97 203 0
98 138 0
99 48 0
100 9 0
101 0 0
102 0 0
103 25 0
104 58 0
105 67 0
106 52 0
107 48 0
108 49 0
109 43 0
110 53 0
111 60 0
112 59 0
113 65 0
114 77 0
115 79 0
116 75 0
117 79 0
118 80 0
119 70 0
120 61 0
121 83 0
122 98 0
123 94 0
124 92 0
125 108 0
126 129 0
127 142 0
128 166 0
129 141 0
130 97 0
131 90 0
132 116 0
133 93 0
134 33 0
135 4 0
136 19 0
137 17 0
138 45 0
139 73 0
140 100 0
141 157 0
142 187 0
143 158 0
144 165 0
145 182 0
146 157 0
147 164 0
148 191 0
149 158 0
150 114 0
151 107 0
152 118 0
153 135 0
154 127 0
155 93 0
156 87 0
157 87 0
158 69 0
159 72 0
160 154 0
161 202 0
162 217 0
163 217 0
164 238 0
165 240 0
166 209 0
167 189 0
168 185 0
169 204 0
170 198 0
171 202 0
172 230 0
173 186 0
174 109 0
175 106 0
176 90 0
177 88 0
178 135 0
179 180 0
180 167 0
181 130 0
182 82 0
183 34 0
184 10 0
185 0 0
186 2 0
187 11 0
188 5 0
189 0 0
190 1 0
191 3 0
192 6 0
193 6 0
194 5 0
195 5 0
196 4 0
197 3 0
198 3 0
199 3 0
200 7 0
201 7 0
202 6 0
203 5 0
204 4 0
205 3 0
206 2 0
207 1 0
208 3 0
209 3 0
210 4 0
211 4 0
212 4 0
213 5 0
214 5 0
215 5 0
216 6 0
217 6 0
218 6 0
219 6 0
220 6 0
221 6 0
222 6 0
223 6 0
224 3 0
225 5 0
226 7 0
227 9 0
228 9 0
229 7 0
230 6 0
231 4 0
232 10 0
233 10 0
234 9 0
235 9 0
236 9 0
237 8 0
238 7 0
239 7 0
240 3 0
241 3 0
242 3 0
243 4 0
244 4 0
245 5 0
246 5 0
247 5 0
248 0 0
249 1 0
250 8 0
251 8 0
252 1 0
253 3 0
254 5 0
255 0 0

0 5 0
1 5 0
2 4 0
3 3 0
4 2 0
5 4 0
6 7 0
7 10 0
8 5 0
9 5 0
10 6 0
11 6 0
12 7 0
13 9 0
14 9 0
15 9 0
16 6 0
17 5 0
18 3 0
19 2 0
20 3 0
21 4 0
22 7 0
23 8 0
24 3 0
25 3 0
26 4 0
27 5 0
28 6 0
29 7 0
30 7 0
31 6 0
32 5 0
33 5 0
34 5 0
35 5 0
36 4 0
37 2 0
38 1 0
39 0 0
40 6 0
41 6 0
42 6 0
43 5 0
44 4 0
45 4 0
46 5 0
47 6 0
48 5 0
49 2 0
50 1 0
51 3 0
52 3 0
53 4 0
54 8 0
55 13 0
56 2 0
57 12 0
58 25 0
59 83 0
60 163 0
61 173 0
62 113 0
63 66 0
64 105 0
65 119 0
66 109 0
67 149 0
68 144 0
69 43 0
70 33 0
71 114 0
72 131 0
73 130 0
74 144 0
75 150 0
76 181 0
77 188 0
78 186 0
79 162 0
80 164 0
81 135 0
82 79 0
83 50 0
84 72 0
85 100 0
86 122 0
87 148 0
88 134 0
89 99 0
90 101 0
91 141 0
92 177 0
93 194 0
94 174 0
95 129 0
96 131 0
97 157 0
98 176 0
99 160 0
100 116 0
101 68 0
102 25 0
103 0 0
104 16 0
105 28 0
106 24 0
107 24 0
108 20 0
109 15 0
110 27 0
111 30 0
112 43 0
113 41 0
114 48 0
115 60 0
116 73 0
117 86 0
118 79 0
119 55 0
120 19 0
121 33 0
122 54 0
123 69 0
124 72 0
125 71 0
126 79 0
127 91 0
128 115 0
129 97 0
130 51 0
131 51 0
132 113 0
133 141 0
134 123 0
135 117 0
136 123 0
137 99 0
138 96 0
139 126 0
140 173 0
141 202 0
142 167 0
143 100 0
144 90 0
145 127 0
146 171 0
147 223 0
148 225 0
149 160 0
150 109 0
151 91 0
152 112 0
153 116 0
154 104 0
155 88 0
156 103 0
157 102 0
158 86 0
159 108 0
160 168 0
161 215 0
162 218 0
163 177 0
164 161 0
165 171 0
166 186 0
167 200 0
168 174 0
169 194 0
170 193 0
171 209 0
172 214 0
173 158 0
174 98 0
175 79 0
176 69 0
177 78 0
178 153 0
179 183 0
180 165 0
181 147 0
182 87 0
183 34 0
184 10 0
185 4 0
186 6 0
187 8 0
188 2 0
189 2 0
190 5 0
191 1 0
192 6 0
193 6 0
194 5 0
195 5 0
196 4 0
197 3 0
198 3 0
199 3 0
200 5 0
201 5 0
202 5 0
203 4 0
204 4 0
205 4 0
206 4 0
207 4 0
208 3 0
209 3 0
210 3 0
211 3 0
212 4 0
213 4 0
214 4 0
215 4 0
216 5 0
217 5 0
218 5 0
219 5 0
220 5 0
221 5 0
222 5 0
223 5 0
224 2 0
225 4 0
226 7 0
227 10 0
228 10 0
229 9 0
230 6 0
231 4 0
232 7 0
233 7 0
234 7 0
235 7 0
236 6 0
237 6 0
238 6 0
239 6 0
240 6 0
241 6 0
242 5 0
243 5 0
244 5 0
245 4 0
246 4 0
247 4 0
248 3 0
249 2 0
250 6 0
251 7 0
252 2 0
253 5 0
254 6 0
255 0 0

0 0 0
1 1 0
2 4 0
3 6 0
4 5 0
5 4 0
6 3 0
7 4 0
8 5 0
9 5 0
10 6 0
11 6 0
12 7 0
13 9 0
14 9 0
15 10 0
16 5 0
17 4 0
18 3 0
19 2 0
20 3 0
21 6 0
22 9 0
23 11 0
24 0 0
25 2 0
26 6 0
27 7 0
28 5 0
29 4 0
30 5 0
31 6 0
32 0 0
33 0 0
34 2 0
35 4 0
36 5 0
37 6 0
38 6 0
39 6 0
40 7 0
41 4 0
42 2 0
43 2 0
44 5 0
45 7 0
46 5 0
47 3 0
48 2 0
49 0 0
50 0 0
51 2 0
52 3 0
53 3 0
54 7 0
55 12 0
56 9 0
57 20 0
58 22 0
59 64 0
60 152 0
61 180 0
62 125 0
63 70 0
64 86 0
65 102 0
66 128 0
67 152 0
68 154 0
69 131 0
70 123 0
71 144 0
72 151 0
73 150 0
74 161 0
75 169 0
76 201 0
77 182 0
78 173 0
79 172 0
80 169 0
81 141 0
82 98 0
83 71 0
84 78 0
85 102 0
86 120 0
87 126 0
88 130 0
89 92 0
90 94 0
91 133 0
92 173 0
93 201 0
94 161 0
95 73 0
96 49 0
97 96 0
98 170 0
99 198 0
100 184 0
101 195 0
102 181 0
103 119 0
104 58 0
105 47 0
106 37 0
107 48 0
108 57 0
109 66 0
110 63 0
111 27 0
112 4 0
113 8 0
114 30 0
115 65 0
116 99 0
117 118 0
118 100 0
119 62 0
120 36 0
121 28 0
122 44 0
123 80 0
124 96 0
125 80 0
126 67 0
127 69 0
128 61 0
129 56 0
130 18 0
131 19 0
132 93 0
133 150 0
134 168 0
135 187 0
136 207 0
137 193 0
138 170 0
139 175 0
140 199 0
141 181 0
142 114 0
143 60 0
144 36 0
145 88 0
146 168 0
147 227 0
148 207 0
149 156 0
150 122 0
151 83 0
152 101 0
153 101 0
154 88 0
155 83 0
156 116 0
157 126 0
158 122 0
159 161 0
160 173 0
161 215 0
162 202 0
163 129 0
164 85 0
165 104 0
166 149 0
167 181 0
168 199 0
169 195 0
170 177 0
171 182 0
172 165 0
173 126 0
174 108 0
175 83 0
176 79 0
177 82 0
178 161 0
179 177 0
180 163 0
181 159 0
182 81 0
183 13 0
184 5 0
185 7 0
186 10 0
187 3 0
188 0 0
189 8 0
190 12 0
191 1 0
192 6 0
193 6 0
194 5 0
195 5 0
196 4 0
197 3 0
198 3 0
199 3 0
200 3 0
201 4 0
202 4 0
203 4 0
204 5 0
205 5 0
206 5 0
207 5 0
208 2 0
209 3 0
210 3 0
211 3 0
212 4 0
213 4 0
214 4 0
215 4 0
216 4 0
217 4 0
218 4 0
219 4 0
220 4 0
221 4 0
222 4 0
223 4 0
224 2 0
225 4 0
226 8 0
227 10 0
228 10 0
229 10 0
230 6 0
231 4 0
232 5 0
233 5 0
234 5 0
235 4 0
236 4 0
237 4 0
238 3 0
239 3 0
240 8 0
241 8 0
242 7 0
243 6 0
244 5 0
245 4 0
246 3 0
247 3 0
248 13 0
249 5 0
250 3 0
251 2 0
252 0 0
253 8 0
254 10 0
255 1 0

0 2 0
1 3 0
2 3 0
3 4 0
4 5 0
5 6 0
6 6 0
7 6 0
8 6 0
9 5 0
10 2 0
11 1 0
12 1 0
13 2 0
14 5 0
15 6 0
16 7 0
17 6 0
18 5 0
19 4 0
20 4 0
21 5 0
22 6 0
23 7 0
24 8 0
25 8 0
26 7 0
27 7 0
28 6 0
29 5 0
30 4 0
31 4 0
32 4 0
33 5 0
34 6 0
35 7 0
36 7 0
37 6 0
38 5 0
39 4 0
40 4 0
41 4 0
42 4 0
43 4 0
44 4 0
45 4 0
46 4 0
47 4 0
48 8 0
49 8 0
50 6 0
51 4 0
52 2 0
53 2 0
54 4 0
55 7 0
56 26 0
57 27 0
58 2 0
59 44 0
60 107 0
61 178 0
62 166 0
63 94 0
64 70 0
65 96 0
66 110 0
67 124 0
68 154 0
69 170 0
70 173 0
71 181 0
72 184 0
73 169 0
74 180 0
75 195 0
76 184 0
77 173 0
78 177 0
79 179 0
80 194 0
81 173 0
82 140 0
83 111 0
84 98 0
85 102 0
86 114 0
87 123 0
88 129 0
89 100 0
90 78 0
91 96 0
92 141 0
93 169 0
94 151 0
95 118 0
96 40 0
97 20 0
98 73 0
99 136 0
100 141 0
101 159 0
102 196 0
103 200 0
104 157 0
105 118 0
106 121 0
107 130 0
108 111 0
109 113 0
110 92 0
111 24 0
112 0 0
113 7 0
114 79 0
115 134 0
116 140 0
117 120 0
118 107 0
119 137 0
120 152 0
121 157 0
122 120 0
123 120 0
124 138 0
125 125 0
126 106 0
127 81 0
128 15 0
129 23 0
130 16 0
131 27 0
132 84 0
133 142 0
134 166 0
135 171 0
136 197 0
137 199 0
138 206 0
139 224 0
140 219 0
141 161 0
142 104 0
143 92 0
144 80 0
145 109 0
146 165 0
147 180 0
148 138 0
149 117 0
150 122 0
151 114 0
152 102 0
153 83 0
154 98 0
155 110 0
156 96 0
157 119 0
158 167 0
159 185 0
160 177 0
161 173 0
162 140 0
163 122 0
164 139 0
165 147 0
166 151 0
167 172 0
168 187 0
169 188 0
170 186 0
171 173 0
172 145 0
173 118 0
174 105 0
175 103 0
176 86 0
177 118 0
178 156 0
179 162 0
180 131 0
181 86 0
182 40 0
183 4 0
184 9 0
185 8 0
186 8 0
187 9 0
188 10 0
189 9 0
190 6 0
191 4 0
192 8 0
193 8 0
194 8 0
195 8 0
196 8 0
197 8 0
198 8 0
199 8 0
200 0 0
201 0 0
202 0 0
203 0 0
204 0 0
205 0 0
206 0 0
207 0 0
208 5 0
209 7 0
210 7 0
211 5 0
212 1 0
213 1 0
214 2 0
215 5 0
216 4 0
217 6 0
218 7 0
219 6 0
220 2 0
221 1 0
222 2 0
223 5 0
224 1 0
225 1 0
226 2 0
227 3 0
228 3 0
229 2 0
230 1 0
231 1 0
232 3 0
233 3 0
234 5 0
235 7 0
236 9 0
237 11 0
238 12 0
239 13 0
240 11 0
241 10 0
242 9 0
243 8 0
244 6 0
245 5 0
246 3 0
247 3 0
248 4 0
249 8 0
250 9 0
251 6 0
252 4 0
253 5 0
254 4 0
255 2 0

0 2 0
1 3 0
2 3 0
3 4 0
4 5 0
5 5 0
6 6 0
7 6 0
8 0 0
9 3 0
10 8 0
11 11 0
12 11 0
13 8 0
14 3 0
15 0 0
16 6 0
17 6 0
18 5 0
19 4 0
20 4 0
21 5 0
22 6 0
23 6 0
24 8 0
25 7 0
26 7 0
27 6 0
28 5 0
29 5 0
30 4 0
31 4 0
32 3 0
33 3 0
34 5 0
35 6 0
36 6 0
37 5 0
38 3 0
39 3 0
40 4 0
41 4 0
42 4 0
43 4 0
44 4 0
45 4 0
46 4 0
47 4 0
48 9 0
49 9 0
50 7 0
51 5 0
52 3 0
53 3 0
54 5 0
55 7 0
56 19 0
57 25 0
58 8 0
59 30 0
60 78 0
61 141 0
62 153 0
63 105 0
64 73 0
65 89 0
66 94 0
67 110 0
68 154 0
69 184 0
70 187 0
71 186 0
72 160 0
73 176 0
74 194 0
75 182 0
76 141 0
77 124 0
78 155 0
79 192 0
80 189 0
81 170 0
82 135 0
83 102 0
84 89 0
85 96 0
86 109 0
87 116 0
88 119 0
89 93 0
90 74 0
91 85 0
92 114 0
93 136 0
94 142 0
95 141 0
96 95 0
97 27 0
98 2 0
99 44 0
100 84 0
101 104 0
102 132 0
103 159 0
104 176 0
105 177 0
106 174 0
107 171 0
108 156 0
109 122 0
110 93 0
111 87 0
112 123 0
113 137 0
114 156 0
115 153 0
116 134 0
117 109 0
118 112 0
119 152 0
120 208 0
121 204 0
122 178 0
123 151 0
124 140 0
125 151 0
126 144 0
127 96 0
128 11 0
129 0 0
130 32 0
131 74 0
132 93 0
133 129 0
134 166 0
135 167 0
136 174 0
137 195 0
138 220 0
139 226 0
140 192 0
141 134 0
142 113 0
143 135 0
144 156 0
145 186 0
146 180 0
147 135 0
148 103 0
149 102 0
150 110 0
151 115 0
152 99 0
153 82 0
154 96 0
155 113 0
156 104 0
157 115 0
158 157 0
159 186 0
160 178 0
161 115 0
162 65 0
163 96 0
164 160 0
165 174 0
166 156 0
167 153 0
168 167 0
169 170 0
170 179 0
171 168 0
172 131 0
173 99 0
174 86 0
175 81 0
176 99 0
177 122 0
178 148 0
179 147 0
180 102 0
181 40 0
182 7 0
183 7 0
184 6 0
185 6 0
186 6 0
187 7 0
188 9 0
189 10 0
190 9 0
191 7 0
192 8 0
193 8 0
194 8 0
195 8 0
196 8 0
197 8 0
198 8 0
199 8 0
200 1 0
201 1 0
202 1 0
203 1 0
204 1 0
205 1 0
206 1 0
207 1 0
208 7 0
209 6 0
210 5 0
211 4 0
212 4 0
213 4 0
214 4 0
215 4 0
216 8 0
217 7 0
218 6 0
219 6 0
220 6 0
221 6 0
222 5 0
223 4 0
224 1 0
225 2 0
226 2 0
227 3 0
228 3 0
229 2 0
230 2 0
231 1 0
232 5 0
233 6 0
234 6 0
235 7 0
236 8 0
237 9 0
238 9 0
239 10 0
240 10 0
241 10 0
242 9 0
243 7 0
244 6 0
245 5 0
246 3 0
247 3 0
248 2 0
249 5 0
250 5 0
251 2 0
252 2 0
253 3 0
254 2 0
255 0 0

0 3 0
1 3 0
2 3 0
3 4 0
4 5 0
5 5 0
6 6 0
7 6 0
8 8 0
9 8 0
10 7 0
11 6 0
12 6 0
13 7 0
14 8 0
15 8 0
16 6 0
17 6 0
18 5 0
19 4 0
20 4 0
21 5 0
22 6 0
23 6 0
24 7 0
25 7 0
26 6 0
27 6 0
28 5 0
29 4 0
30 4 0
31 4 0
32 2 0
33 3 0
34 4 0
35 5 0
36 5 0
37 4 0
38 3 0
39 2 0
40 4 0
41 4 0
42 4 0
43 4 0
44 4 0
45 4 0
46 4 0
47 4 0
48 9 0
49 9 0
50 8 0
51 6 0
52 4 0
53 4 0
54 5 0
55 7 0
56 7 0
57 9 0
58 6 0
59 22 0
60 79 0
61 135 0
62 151 0
63 105 0
64 82 0
65 85 0
66 93 0
67 122 0
68 161 0
69 173 0
70 165 0
71 161 0
72 171 0
73 186 0
74 177 0
75 146 0
76 128 0
77 132 0
78 144 0
79 154 0
80 162 0
81 148 0
82 121 0
83 94 0
84 88 0
85 98 0
86 103 0
87 99 0
88 85 0
89 75 0
90 75 0
91 87 0
92 98 0
93 108 0
94 132 0
95 158 0
96 162 0
97 108 0
98 41 0
99 25 0
100 46 0
101 57 0
102 86 0
103 140 0
104 170 0
105 178 0
106 173 0
107 170 0
108 166 0
109 150 0
110 161 0
111 204 0
112 238 0
113 221 0
114 169 0
115 133 0
116 114 0
117 98 0
118 121 0
119 161 0
120 210 0
121 176 0
122 192 0
123 197 0
124 166 0
125 162 0
126 160 0
127 136 0
128 111 0
129 102 0
130 134 0
131 159 0
132 141 0
133 141 0
134 164 0
135 167 0
136 188 0
137 221 0
138 214 0
139 156 0
140 117 0
141 123 0
142 135 0
143 130 0
144 148 0
145 194 0
146 171 0
147 114 0
148 103 0
149 96 0
150 83 0
151 92 0
152 101 0
153 89 0
154 94 0
155 107 0
156 102 0
157 96 0
158 122 0
159 158 0
160 168 0
161 109 0
162 66 0
163 81 0
164 118 0
165 134 0
166 140 0
167 151 0
168 143 0
169 146 0
170 158 0
171 145 0
172 106 0
173 88 0
174 94 0
175 94 0
176 99 0
177 130 0
178 151 0
179 143 0
180 100 0
181 32 0
182 0 0
183 3 0
184 7 0
185 6 0
186 5 0
187 5 0
188 7 0
189 9 0
190 9 0
191 8 0
192 7 0
193 7 0
194 7 0
195 7 0
196 7 0
197 7 0
198 7 0
199 7 0
200 3 0
201 3 0
202 3 0
203 3 0
204 3 0
205 3 0
206 3 0
207 3 0
208 10 0
209 6 0
210 2 0
211 3 0
212 6 0
213 9 0
214 6 0
215 4 0
216 10 0
217 6 0
218 3 0
219 5 0
220 8 0
221 9 0
222 6 0
223 3 0
224 1 0
225 2 0
226 2 0
227 3 0
228 3 0
229 2 0
230 2 0
231 1 0
232 8 0
233 8 0
234 8 0
235 7 0
236 7 0
237 7 0
238 6 0
239 6 0
240 9 0
241 9 0
242 8 0
243 7 0
244 6 0
245 4 0
246 4 0
247 3 0
248 6 0
249 6 0
250 4 0
251 3 0
252 4 0
253 7 0
254 4 0
255 0 0

0 3 0
1 3 0
2 4 0
3 4 0
4 5 0
5 5 0
6 5 0
7 5 0
8 11 0
9 8 0
10 5 0
11 2 0
12 2 0
13 5 0
14 8 0
15 11 0
16 5 0
17 5 0
18 5 0
19 5 0
20 5 0
21 5 0
22 5 0
23 5 0
24 6 0
25 6 0
26 5 0
27 5 0
28 4 0
29 4 0
30 4 0
31 4 0
32 2 0
33 3 0
34 4 0
35 5 0
36 5 0
37 4 0
38 3 0
39 2 0
40 4 0
41 4 0
42 4 0
43 4 0
44 4 0
45 4 0
46 4 0
47 4 0
48 7 0
49 7 0
50 7 0
51 5 0
52 3 0
53 3 0
54 4 0
55 6 0
56 3 0
57 1 0
58 10 0
59 21 0
60 82 0
61 131 0
62 149 0
63 108 0
64 80 0
65 70 0
66 81 0
67 118 0
68 139 0
69 127 0
70 116 0
71 123 0
72 162 0
73 186 0
74 172 0
75 140 0
76 144 0
77 160 0
78 156 0
79 145 0
80 133 0
81 124 0
82 105 0
83 90 0
84 95 0
85 105 0
86 98 0
87 80 0
88 75 0
89 78 0
90 85 0
91 88 0
92 85 0
93 91 0
94 119 0
95 150 0
96 158 0
97 171 0
98 137 0
99 81 0
100 61 0
101 71 0
102 103 0
103 143 0
104 172 0
105 166 0
106 175 0
107 180 0
108 176 0
109 195 0
110 225 0
111 236 0
112 203 0
113 169 0
114 116 0
115 108 0
116 106 0
117 110 0
118 152 0
119 174 0
120 153 0
121 139 0
122 193 0
123 209 0
124 164 0
125 145 0
126 158 0
127 188 0
128 202 0
129 221 0
130 219 0
131 202 0
132 187 0
133 170 0
134 165 0
135 178 0
136 213 0
137 199 0
138 134 0
139 60 0
140 70 0
141 135 0
142 144 0
143 97 0
144 115 0
145 152 0
146 132 0
147 93 0
148 92 0
149 88 0
150 87 0
151 114 0
152 98 0
153 96 0
154 91 0
155 93 0
156 95 0
157 85 0
158 92 0
159 121 0
160 146 0
161 140 0
162 117 0
163 85 0
164 77 0
165 108 0
166 139 0
167 144 0
168 148 0
169 153 0
170 157 0
171 127 0
172 84 0
173 78 0
174 89 0
175 80 0
176 90 0
177 133 0
178 147 0
179 131 0
180 107 0
181 57 0
182 10 0
183 0 0
184 10 0
185 8 0
186 5 0
187 5 0
188 5 0
189 6 0
190 6 0
191 5 0
192 6 0
193 6 0
194 6 0
195 6 0
196 6 0
197 6 0
198 6 0
199 6 0
200 3 0
201 3 0
202 3 0
203 3 0
204 3 0
205 3 0
206 3 0
207 3 0
208 9 0
209 6 0
210 4 0
211 4 0
212 6 0
213 8 0
214 7 0
215 6 0
216 5 0
217 3 0
218 2 0
219 3 0
220 5 0
221 6 0
222 5 0
223 3 0
224 2 0
225 2 0
226 3 0
227 3 0
228 3 0
229 3 0
230 2 0
231 2 0
232 8 0
233 8 0
234 7 0
235 7 0
236 6 0
237 5 0
238 5 0
239 5 0
240 8 0
241 7 0
242 7 0
243 6 0
244 5 0
245 4 0
246 4 0
247 3 0
248 12 0
249 11 0
250 8 0
251 7 0
252 10 0
253 13 0
254 9 0
255 2 0

0 4 0
1 4 0
2 4 0
3 4 0
4 4 0
5 5 0
6 5 0
7 5 0
8 0 0
9 2 0
10 6 0
11 8 0
12 8 0
13 6 0
14 2 0
15 0 0
16 5 0
17 5 0
18 5 0
19 5 0
20 5 0
21 5 0
22 5 0
23 5 0
24 5 0
25 5 0
26 4 0
27 4 0
28 4 0
29 4 0
30 3 0
31 3 0
32 3 0
33 4 0
34 6 0
35 7 0
36 7 0
37 6 0
38 4 0
39 3 0
40 4 0
41 4 0
42 4 0
43 4 0
44 4 0
45 4 0
46 4 0
47 4 0
48 5 0
49 5 0
50 5 0
51 4 0
52 2 0
53 1 0
54 2 0
55 3 0
56 7 0
57 6 0
58 21 0
59 16 0
60 58 0
61 103 0
62 133 0
63 118 0
64 86 0
65 70 0
66 72 0
67 94 0
68 113 0
69 119 0
70 121 0
71 122 0
72 150 0
73 159 0
74 152 0
75 152 0
76 172 0
77 179 0
78 171 0
79 171 0
80 145 0
81 126 0
82 98 0
83 84 0
84 93 0
85 105 0
86 95 0
87 75 0
88 98 0
89 100 0
90 93 0
91 78 0
92 68 0
93 78 0
94 103 0
95 124 0
96 119 0
97 157 0
98 170 0
99 135 0
100 111 0
101 136 0
102 161 0
103 155 0
104 150 0
105 166 0
106 189 0
107 195 0
108 199 0
109 217 0
110 208 0
111 168 0
112 107 0
113 97 0
114 90 0
115 98 0
116 85 0
117 96 0
118 130 0
119 110 0
120 92 0
121 140 0
122 181 0
123 140 0
124 100 0
125 115 0
126 142 0
127 183 0
128 188 0
129 204 0
130 207 0
131 203 0
132 206 0
133 199 0
134 192 0
135 199 0
136 162 0
137 88 0
138 22 0
139 34 0
140 96 0
141 125 0
142 99 0
143 65 0
144 87 0
145 110 0
146 107 0
147 78 0
148 65 0
149 74 0
150 91 0
151 107 0
152 86 0
153 97 0
154 88 0
155 81 0
156 92 0
157 92 0
158 91 0
159 105 0
160 130 0
161 139 0
162 125 0
163 95 0
164 105 0
165 152 0
166 163 0
167 131 0
168 141 0
169 155 0
170 155 0
171 118 0
172 82 0
173 82 0
174 82 0
175 62 0
176 96 0
177 130 0
178 134 0
179 115 0
180 96 0
181 54 0
182 12 0
183 4 0
184 10 0
185 7 0
186 5 0
187 4 0
188 5 0
189 5 0
190 5 0
191 5 0
192 6 0
193 6 0
194 6 0
195 6 0
196 6 0
197 6 0
198 6 0
199 6 0
200 2 0
201 2 0
202 2 0
203 2 0
204 2 0
205 2 0
206 2 0
207 2 0
208 5 0
209 6 0
210 7 0
211 6 0
212 4 0
213 4 0
214 6 0
215 10 0
216 1 0
217 3 0
218 5 0
219 5 0
220 3 0
221 3 0
222 5 0
223 7 0
224 2 0
225 2 0
226 3 0
227 4 0
228 4 0
229 3 0
230 2 0
231 2 0
232 7 0
233 6 0
234 6 0
235 6 0
236 6 0
237 5 0
238 5 0
239 5 0
240 6 0
241 6 0
242 6 0
243 5 0
244 5 0
245 4 0
246 4 0
247 4 0
248 12 0
249 11 0
250 8 0
251 7 0
252 10 0
253 13 0
254 9 0
255 2 0

0 4 0
1 4 0
2 4 0
3 4 0
4 4 0
5 4 0
6 5 0
7 5 0
8 2 0
9 3 0
10 4 0
11 4 0
12 4 0
13 4 0
14 3 0
15 2 0
16 4 0
17 5 0
18 6 0
19 6 0
20 6 0
21 6 0
22 5 0
23 4 0
24 4 0
25 4 0
26 3 0
27 3 0
28 3 0
29 3 0
30 3 0
31 3 0
32 4 0
33 5 0
34 6 0
35 7 0
36 7 0
37 6 0
38 5 0
39 4 0
40 4 0
41 4 0
42 4 0
43 4 0
44 4 0
45 4 0
46 4 0
47 4 0
48 3 0
49 4 0
50 5 0
51 3 0
52 1 0
53 0 0
54 1 0
55 2 0
56 6 0
57 2 0
58 16 0
59 17 0
60 52 0
61 101 0
62 121 0
63 113 0
64 90 0
65 80 0
66 75 0
67 80 0
68 105 0
69 141 0
70 145 0
71 118 0
72 149 0
73 137 0
74 138 0
75 159 0
76 165 0
77 150 0
78 154 0
79 183 0
80 172 0
81 138 0
82 96 0
83 75 0
84 81 0
85 94 0
86 93 0
87 83 0
88 99 0
89 100 0
90 93 0
91 78 0
92 72 0
93 82 0
94 94 0
95 101 0
96 112 0
97 132 0
98 162 0
99 155 0
100 130 0
101 149 0
102 170 0
103 152 0
104 147 0
105 181 0
106 180 0
107 165 0
108 181 0
109 185 0
110 150 0
111 117 0
112 82 0
113 86 0
114 90 0
115 82 0
116 71 0
117 95 0
118 100 0
119 46 0
120 77 0
121 123 0
122 118 0
123 72 0
124 81 0
125 116 0
126 125 0
127 137 0
128 141 0
129 125 0
130 157 0
131 196 0
132 193 0
133 191 0
134 193 0
135 174 0
136 100 0
137 49 0
138 29 0
139 93 0
140 152 0
141 117 0
142 58 0
143 49 0
144 79 0
145 104 0
146 113 0
147 86 0
148 65 0
149 81 0
150 90 0
151 72 0
152 79 0
153 93 0
154 85 0
155 74 0
156 85 0
157 91 0
158 88 0
159 92 0
160 127 0
161 130 0
162 120 0
163 112 0
164 127 0
165 151 0
166 153 0
167 140 0
168 139 0
169 152 0
170 139 0
171 103 0
172 83 0
173 85 0
174 86 0
175 80 0
176 111 0
177 129 0
178 136 0
179 125 0
180 89 0
181 30 0
182 0 0
183 7 0
184 5 0
185 4 0
186 3 0
187 4 0
188 6 0
189 7 0
190 7 0
191 6 0
192 5 0
193 5 0
194 5 0
195 5 0
196 5 0
197 5 0
198 5 0
199 5 0
200 3 0
201 3 0
202 3 0
203 3 0
204 3 0
205 3 0
206 3 0
207 3 0
208 4 0
209 7 0
210 9 0
211 6 0
212 3 0
213 2 0
214 5 0
215 9 0
216 1 0
217 5 0
218 8 0
219 7 0
220 5 0
221 4 0
222 7 0
223 11 0
224 2 0
225 3 0
226 3 0
227 4 0
228 4 0
229 3 0
230 3 0
231 2 0
232 5 0
233 5 0
234 5 0
235 5 0
236 5 0
237 5 0
238 5 0
239 5 0
240 5 0
241 5 0
242 4 0
243 4 0
244 4 0
245 4 0
246 4 0
247 4 0
248 6 0
249 6 0
250 4 0
251 3 0
252 4 0
253 7 0
254 4 0
255 0 0

0 4 0
1 4 0
2 4 0
3 4 0
4 4 0
5 4 0
6 4 0
7 4 0
8 10 0
9 7 0
10 3 0
11 0 0
12 0 0
13 3 0
14 7 0
15 10 0
16 4 0
17 5 0
18 6 0
19 6 0
20 6 0
21 6 0
22 5 0
23 4 0
24 3 0
25 3 0
26 3 0
27 3 0
28 3 0
29 3 0
30 3 0
31 3 0
32 3 0
33 4 0
34 5 0
35 6 0
36 6 0
37 5 0
38 4 0
39 3 0
40 4 0
41 4 0
42 4 0
43 4 0
44 4 0
45 4 0
46 4 0
47 4 0
48 3 0
49 4 0
50 5 0
51 4 0
52 2 0
53 1 0
54 1 0
55 2 0
56 3 0
57 0 0
58 9 0
59 19 0
60 47 0
61 104 0
62 110 0
63 106 0
64 91 0
65 76 0
66 69 0
67 72 0
68 92 0
69 128 0
70 136 0
71 110 0
72 128 0
73 139 0
74 159 0
75 152 0
76 110 0
77 88 0
78 119 0
79 164 0
80 157 0
81 123 0
82 86 0
83 71 0
84 75 0
85 84 0
86 90 0
87 92 0
88 87 0
89 85 0
90 84 0
91 85 0
92 86 0
93 90 0
94 95 0
95 100 0
96 123 0
97 138 0
98 160 0
99 145 0
100 106 0
101 105 0
102 128 0
103 133 0
104 181 0
105 177 0
106 157 0
107 140 0
108 139 0
109 132 0
110 108 0
111 88 0
112 81 0
113 86 0
114 87 0
115 79 0
116 98 0
117 126 0
118 111 0
119 85 0
120 104 0
121 107 0
122 76 0
123 75 0
124 109 0
125 119 0
126 114 0
127 114 0
128 111 0
129 96 0
130 124 0
131 157 0
132 154 0
133 152 0
134 144 0
135 114 0
136 106 0
137 113 0
138 113 0
139 141 0
140 165 0
141 113 0
142 59 0
143 71 0
144 129 0
145 132 0
146 114 0
147 84 0
148 77 0
149 95 0
150 99 0
151 81 0
152 76 0
153 85 0
154 81 0
155 73 0
156 74 0
157 75 0
158 77 0
159 84 0
160 118 0
161 121 0
162 120 0
163 122 0
164 118 0
165 97 0
166 101 0
167 135 0
168 152 0
169 153 0
170 123 0
171 91 0
172 80 0
173 67 0
174 68 0
175 90 0
176 121 0
177 130 0
178 136 0
179 119 0
180 71 0
181 16 0
182 0 0
183 3 0
184 3 0
185 3 0
186 3 0
187 4 0
188 6 0
189 7 0
190 6 0
191 5 0
192 5 0
193 5 0
194 5 0
195 5 0
196 5 0
197 5 0
198 5 0
199 5 0
200 4 0
201 4 0
202 4 0
203 4 0
204 4 0
205 4 0
206 4 0
207 4 0
208 6 0
209 6 0
210 6 0
211 4 0
212 3 0
213 3 0
214 4 0
215 5 0
216 3 0
217 4 0
218 5 0
219 6 0
220 6 0
221 7 0
222 9 0
223 10 0
224 3 0
225 3 0
226 4 0
227 4 0
228 4 0
229 4 0
230 3 0
231 3 0
232 6 0
233 6 0
234 5 0
235 5 0
236 4 0
237 4 0
238 4 0
239 3 0
240 3 0
241 4 0
242 4 0
243 4 0
244 4 0
245 4 0
246 4 0
247 4 0
248 2 0
249 5 0
250 5 0
251 2 0
252 2 0
253 3 0
254 2 0
255 0 0

0 5 0
1 5 0
2 5 0
3 4 0
4 4 0
5 4 0
6 4 0
7 4 0
8 4 0
9 6 0
10 8 0
11 10 0
12 10 0
13 8 0
14 6 0
15 4 0
16 4 0
17 5 0
18 6 0
19 7 0
20 7 0
21 6 0
22 5 0
23 4 0
24 2 0
25 2 0
26 2 0
27 3 0
28 3 0
29 3 0
30 3 0
31 3 0
32 2 0
33 3 0
34 4 0
35 5 0
36 5 0
37 4 0
38 3 0
39 2 0
40 4 0
41 4 0
42 4 0
43 4 0
44 4 0
45 4 0
46 4 0
47 4 0
48 4 0
49 5 0
50 6 0
51 5 0
52 3 0
53 2 0
54 2 0
55 2 0
56 7 0
57 7 0
58 15 0
59 15 0
60 18 0
61 77 0
62 96 0
63 117 0
64 115 0
65 80 0
66 68 0
67 77 0
68 85 0
69 106 0
70 133 0
71 141 0
72 126 0
73 140 0
74 145 0
75 115 0
76 81 0
77 89 0
78 109 0
79 106 0
80 115 0
81 92 0
82 72 0
83 72 0
84 79 0
85 82 0
86 87 0
87 94 0
88 97 0
89 83 0
90 76 0
91 81 0
92 84 0
93 85 0
94 98 0
95 116 0
96 138 0
97 163 0
98 172 0
99 139 0
100 99 0
101 94 0
102 116 0
103 133 0
104 158 0
105 107 0
106 113 0
107 136 0
108 114 0
109 103 0
110 94 0
111 57 0
112 59 0
113 75 0
114 88 0
115 90 0
116 118 0
117 113 0
118 84 0
119 116 0
120 117 0
121 113 0
122 84 0
123 89 0
124 94 0
125 80 0
126 93 0
127 102 0
128 97 0
129 118 0
130 120 0
131 117 0
132 135 0
133 140 0
134 117 0
135 96 0
136 121 0
137 143 0
138 127 0
139 117 0
140 122 0
141 78 0
142 54 0
143 99 0
144 151 0
145 131 0
146 95 0
147 78 0
148 89 0
149 88 0
150 74 0
151 72 0
152 73 0
153 76 0
154 78 0
155 76 0
156 70 0
157 67 0
158 75 0
159 89 0
160 98 0
161 99 0
162 101 0
163 119 0
164 120 0
165 77 0
166 62 0
167 99 0
168 124 0
169 124 0
170 101 0
171 89 0
172 89 0
173 61 0
174 57 0
175 100 0
176 126 0
177 128 0
178 117 0
179 80 0
180 33 0
181 9 0
182 5 0
183 2 0
184 5 0
185 5 0
186 5 0
187 6 0
188 6 0
189 5 0
190 3 0
191 0 0
192 4 0
193 4 0
194 4 0
195 4 0
196 4 0
197 4 0
198 4 0
199 4 0
200 5 0
201 5 0
202 5 0
203 5 0
204 5 0
205 5 0
206 5 0
207 5 0
208 10 0
209 6 0
210 3 0
211 2 0
212 4 0
213 5 0
214 3 0
215 1 0
216 3 0
217 1 0
218 1 0
219 2 0
220 6 0
221 9 0
222 7 0
223 5 0
224 3 0
225 3 0
226 4 0
227 4 0
228 4 0
229 4 0
230 3 0
231 3 0
232 7 0
233 6 0
234 6 0
235 5 0
236 4 0
237 3 0
238 2 0
239 2 0
240 3 0
241 3 0
242 3 0
243 3 0
244 4 0
245 4 0
246 4 0
247 4 0
248 4 0
249 8 0
250 9 0
251 6 0
252 4 0
253 5 0
254 4 0
255 2 0

0 0 0
1 6 0
2 6 0
3 6 0
4 10 0
5 6 0
6 2 0
7 7 0
8 1 0
9 3 0
10 6 0
11 9 0
12 9 0
13 8 0
14 6 0
15 5 0
16 3 0
17 3 0
18 3 0
19 3 0
20 3 0
21 3 0
22 3 0
23 3 0
24 5 0
25 4 0
26 4 0
27 4 0
28 3 0
29 3 0
30 2 0
31 2 0
32 4 0
33 5 0
34 7 0
35 8 0
36 8 0
37 7 0
38 5 0
39 4 0
40 2 0
41 4 0
42 8 0
43 10 0
44 9 0
45 6 0
46 2 0
47 0 0
48 0 0
49 1 0
50 4 0
51 4 0
52 2 0
53 0 0
54 1 0
55 2 0
56 10 0
57 17 0
58 8 0
59 1 0
60 25 0
61 66 0
62 98 0
63 113 0
64 98 0
65 69 0
66 74 0
67 82 0
68 68 0
69 88 0
70 128 0
71 137 0
72 121 0
73 124 0
74 103 0
75 73 0
76 76 0
77 103 0
78 106 0
79 85 0
80 80 0
81 78 0
82 68 0
83 74 0
84 95 0
85 92 0
86 76 0
87 76 0
88 99 0
89 84 0
90 76 0
91 75 0
92 75 0
93 82 0
94 83 0
95 75 0
96 79 0
97 134 0
98 153 0
99 128 0
100 103 0
101 90 0
102 106 0
103 143 0
104 123 0
105 93 0
106 86 0
107 97 0
108 97 0
109 93 0
110 81 0
111 60 0
112 71 0
113 88 0
114 66 0
115 70 0
116 93 0
117 104 0
118 116 0
119 110 0
120 136 0
121 116 0
122 103 0
123 96 0
124 73 0
125 51 0
126 64 0
127 96 0
128 100 0
129 115 0
130 118 0
131 120 0
132 136 0
133 145 0
134 130 0
135 114 0
136 117 0
137 113 0
138 96 0
139 92 0
140 90 0
141 61 0
142 46 0
143 68 0
144 111 0
145 108 0
146 86 0
147 80 0
148 100 0
149 95 0
150 71 0
151 65 0
152 72 0
153 85 0
154 86 0
155 78 0
156 77 0
157 74 0
158 71 0
159 75 0
160 82 0
161 91 0
162 105 0
163 114 0
164 106 0
165 93 0
166 97 0
167 113 0
168 122 0
169 113 0
170 105 0
171 88 0
172 69 0
173 72 0
174 90 0
175 99 0
176 92 0
177 97 0
178 89 0
179 59 0
180 24 0
181 2 0
182 0 0
183 3 0
184 5 0
185 5 0
186 4 0
187 2 0
188 0 0
189 0 0
190 0 0
191 2 0
192 8 0
193 7 0
194 7 0
195 6 0
196 5 0
197 4 0
198 3 0
199 3 0
200 5 0
201 6 0
202 7 0
203 7 0
204 5 0
205 5 0
206 6 0
207 7 0
208 3 0
209 4 0
210 6 0
211 8 0
212 8 0
213 6 0
214 4 0
215 3 0
216 5 0
217 5 0
218 4 0
219 3 0
220 2 0
221 2 0
222 3 0
223 3 0
224 1 0
225 1 0
226 2 0
227 2 0
228 3 0
229 3 0
230 4 0
231 4 0
232 5 0
233 5 0
234 5 0
235 5 0
236 5 0
237 6 0
238 6 0
239 6 0
240 6 0
241 6 0
242 4 0
243 2 0
244 0 0
245 1 0
246 4 0
247 6 0
248 5 0
249 5 0
250 5 0
251 5 0
252 4 0
253 4 0
254 4 0
255 3 0

0 0 0
1 7 0
2 7 0
3 6 0
4 10 0
5 6 0
6 1 0
7 6 0
8 3 0
9 4 0
10 6 0
11 7 0
12 8 0
13 8 0
14 7 0
15 7 0
16 3 0
17 3 0
18 3 0
19 3 0
20 3 0
21 3 0
22 3 0
23 3 0
24 4 0
25 4 0
26 4 0
27 4 0
28 3 0
29 3 0
30 3 0
31 2 0
32 6 0
33 7 0
34 9 0
35 10 0
36 10 0
37 9 0
38 7 0
39 6 0
40 4 0
41 5 0
42 7 0
43 7 0
44 7 0
45 5 0
46 3 0
47 2 0
48 2 0
49 5 0
50 7 0
51 7 0
52 5 0
53 4 0
54 4 0
55 5 0
56 4 0
57 10 0
58 10 0
59 5 0
60 18 0
61 55 0
62 88 0
63 101 0
64 92 0
65 62 0
66 63 0
67 78 0
68 73 0
69 81 0
70 109 0
71 124 0
72 118 0
73 111 0
74 96 0
75 83 0
76 86 0
77 94 0
78 92 0
79 82 0
80 84 0
81 78 0
82 72 0
83 78 0
84 91 0
85 87 0
86 74 0
87 68 0
88 88 0
89 80 0
90 74 0
91 69 0
92 64 0
93 71 0
94 81 0
95 84 0
96 74 0
97 83 0
98 101 0
99 110 0
100 103 0
101 105 0
102 126 0
103 146 0
104 100 0
105 81 0
106 75 0
107 83 0
108 84 0
109 78 0
110 68 0
111 58 0
112 72 0
113 84 0
114 67 0
115 66 0
116 76 0
117 86 0
118 103 0
119 99 0
120 120 0
121 132 0
122 137 0
123 117 0
124 82 0
125 62 0
126 79 0
127 106 0
128 106 0
129 123 0
130 127 0
131 123 0
132 126 0
133 127 0
134 121 0
135 119 0
136 126 0
137 120 0
138 112 0
139 94 0
140 68 0
141 56 0
142 64 0
143 74 0
144 87 0
145 72 0
146 68 0
147 81 0
148 92 0
149 93 0
150 80 0
151 64 0
152 67 0
153 83 0
154 88 0
155 83 0
156 82 0
157 79 0
158 77 0
159 82 0
160 84 0
161 106 0
162 111 0
163 101 0
164 104 0
165 115 0
166 122 0
167 126 0
168 117 0
169 105 0
170 95 0
171 82 0
172 65 0
173 65 0
174 80 0
175 88 0
176 88 0
177 91 0
178 80 0
179 48 0
180 17 0
181 2 0
182 2 0
183 6 0
184 4 0
185 5 0
186 4 0
187 2 0
188 0 0
189 0 0
190 1 0
191 4 0
192 4 0
193 4 0
194 4 0
195 3 0
196 3 0
197 3 0
198 3 0
199 3 0
200 5 0
201 6 0
202 7 0
203 7 0
204 5 0
205 5 0
206 6 0
207 7 0
208 7 0
209 6 0
210 4 0
211 2 0
212 2 0
213 4 0
214 6 0
215 7 0
216 5 0
217 5 0
218 4 0
219 3 0
220 2 0
221 2 0
222 3 0
223 3 0
224 2 0
225 2 0
226 2 0
227 2 0
228 3 0
229 3 0
230 3 0
231 3 0
232 5 0
233 5 0
234 5 0
235 5 0
236 5 0
237 5 0
238 4 0
239 4 0
240 8 0
241 8 0
242 6 0
243 4 0
244 2 0
245 3 0
246 6 0
247 8 0
248 5 0
249 5 0
250 5 0
251 5 0
252 4 0
253 4 0
254 4 0
255 3 0

0 1 0
1 8 0
2 7 0
3 6 0
4 9 0
5 5 0
6 1 0
7 5 0
8 6 0
9 5 0
10 5 0
11 5 0
12 5 0
13 7 0
14 8 0
15 9 0
16 3 0
17 3 0
18 3 0
19 3 0
20 3 0
21 3 0
22 3 0
23 3 0
24 4 0
25 4 0
26 4 0
27 4 0
28 3 0
29 3 0
30 3 0
31 3 0
32 6 0
33 7 0
34 8 0
35 9 0
36 9 0
37 8 0
38 7 0
39 6 0
40 5 0
41 5 0
42 5 0
43 5 0
44 5 0
45 5 0
46 4 0
47 4 0
48 5 0
49 6 0
50 8 0
51 8 0
52 7 0
53 6 0
54 6 0
55 6 0
56 0 0
57 3 0
58 12 0
59 11 0
60 11 0
61 42 0
62 78 0
63 86 0
64 90 0
65 64 0
66 58 0
67 73 0
68 78 0
69 73 0
70 85 0
71 107 0
72 116 0
73 99 0
74 93 0
75 104 0
76 110 0
77 105 0
78 102 0
79 107 0
80 80 0
81 68 0
82 66 0
83 73 0
84 74 0
85 71 0
86 63 0
87 52 0
88 74 0
89 77 0
90 78 0
91 71 0
92 61 0
93 63 0
94 76 0
95 88 0
96 107 0
97 76 0
98 75 0
99 90 0
100 95 0
101 109 0
102 116 0
103 97 0
104 72 0
105 68 0
106 64 0
107 66 0
108 71 0
109 64 0
110 59 0
111 64 0
112 84 0
113 83 0
114 71 0
115 66 0
116 62 0
117 70 0
118 89 0
119 84 0
120 79 0
121 113 0
122 140 0
123 130 0
124 99 0
125 81 0
126 88 0
127 101 0
128 120 0
129 128 0
130 127 0
131 123 0
132 123 0
133 118 0
134 116 0
135 124 0
136 118 0
137 124 0
138 134 0
139 106 0
140 57 0
141 63 0
142 103 0
143 116 0
144 101 0
145 69 0
146 71 0
147 88 0
148 85 0
149 88 0
150 89 0
151 72 0
152 66 0
153 81 0
154 86 0
155 82 0
156 81 0
157 75 0
158 71 0
159 76 0
160 78 0
161 105 0
162 105 0
163 92 0
164 104 0
165 118 0
166 116 0
167 114 0
168 120 0
169 101 0
170 87 0
171 77 0
172 64 0
173 64 0
174 76 0
175 83 0
176 99 0
177 99 0
178 81 0
179 44 0
180 14 0
181 4 0
182 4 0
183 5 0
184 4 0
185 4 0
186 4 0
187 2 0
188 1 0
189 2 0
190 4 0
191 6 0
192 3 0
193 3 0
194 3 0
195 3 0
196 4 0
197 4 0
198 4 0
199 4 0
200 5 0
201 6 0
202 7 0
203 7 0
204 5 0
205 5 0
206 6 0
207 7 0
208 6 0
209 5 0
210 3 0
211 1 0
212 1 0
213 3 0
214 5 0
215 6 0
216 5 0
217 4 0
218 3 0
219 3 0
220 2 0
221 3 0
222 3 0
223 3 0
224 3 0
225 3 0
226 3 0
227 3 0
228 2 0
229 2 0
230 2 0
231 2 0
232 5 0
233 5 0
234 5 0
235 4 0
236 4 0
237 3 0
238 3 0
239 3 0
240 9 0
241 9 0
242 8 0
243 7 0
244 5 0
245 5 0
246 7 0
247 9 0
248 5 0
249 5 0
250 5 0
251 5 0
252 4 0
253 4 0
254 4 0
255 3 0

0 1 0
1 9 0
2 8 0
3 6 0
4 9 0
5 5 0
6 0 0
7 4 0
8 7 0
9 6 0
10 4 0
11 3 0
12 3 0
13 6 0
14 9 0
15 11 0
16 3 0
17 3 0
18 3 0
19 3 0
20 3 0
21 3 0
22 3 0
23 3 0
24 4 0
25 4 0
26 4 0
27 4 0
28 3 0
29 3 0
30 3 0
31 3 0
32 3 0
33 4 0
34 5 0
35 6 0
36 6 0
37 5 0
38 4 0
39 3 0
40 3 0
41 4 0
42 5 0
43 6 0
44 6 0
45 5 0
46 4 0
47 3 0
48 4 0
49 5 0
50 5 0
51 5 0
52 4 0
53 4 0
54 3 0
55 4 0
56 4 0
57 0 0
58 13 0
59 15 0
60 7 0
61 35 0
62 72 0
63 75 0
64 91 0
65 80 0
66 65 0
67 66 0
68 73 0
69 66 0
70 70 0
71 92 0
72 113 0
73 97 0
74 97 0
75 116 0
76 124 0
77 115 0
78 111 0
79 118 0
80 86 0
81 70 0
82 72 0
83 78 0
84 72 0
85 72 0
86 72 0
87 60 0
88 58 0
89 72 0
90 80 0
91 75 0
92 67 0
93 61 0
94 66 0
95 79 0
96 116 0
97 88 0
98 69 0
99 72 0
100 93 0
101 118 0
102 104 0
103 59 0
104 53 0
105 62 0
106 58 0
107 57 0
108 63 0
109 59 0
110 61 0
111 80 0
112 83 0
113 68 0
114 60 0
115 57 0
116 49 0
117 56 0
118 68 0
119 57 0
120 60 0
121 80 0
122 116 0
123 143 0
124 139 0
125 113 0
126 99 0
127 101 0
128 125 0
129 120 0
130 111 0
131 114 0
132 122 0
133 117 0
134 112 0
135 118 0
136 102 0
137 121 0
138 133 0
139 100 0
140 48 0
141 47 0
142 87 0
143 115 0
144 106 0
145 75 0
146 65 0
147 71 0
148 66 0
149 63 0
150 70 0
151 71 0
152 62 0
153 71 0
154 73 0
155 71 0
156 73 0
157 69 0
158 63 0
159 67 0
160 70 0
161 95 0
162 102 0
163 104 0
164 118 0
165 116 0
166 107 0
167 113 0
168 113 0
169 88 0
170 69 0
171 60 0
172 52 0
173 56 0
174 70 0
175 77 0
176 71 0
177 69 0
178 52 0
179 22 0
180 2 0
181 2 0
182 6 0
183 5 0
184 4 0
185 4 0
186 3 0
187 3 0
188 3 0
189 4 0
190 6 0
191 8 0
192 5 0
193 5 0
194 5 0
195 5 0
196 5 0
197 5 0
198 5 0
199 5 0
200 5 0
201 6 0
202 7 0
203 7 0
204 5 0
205 5 0
206 6 0
207 7 0
208 1 0
209 2 0
210 4 0
211 6 0
212 6 0
213 4 0
214 2 0
215 1 0
216 4 0
217 4 0
218 3 0
219 3 0
220 2 0
221 3 0
222 3 0
223 4 0
224 4 0
225 4 0
226 3 0
227 3 0
228 2 0
229 2 0
230 1 0
231 1 0
232 6 0
233 5 0
234 5 0
235 4 0
236 3 0
237 2 0
238 1 0
239 1 0
240 7 0
241 8 0
242 8 0
243 7 0
244 5 0
245 4 0
246 6 0
247 7 0
248 5 0
249 5 0
250 5 0
251 5 0
252 4 0
253 4 0
254 4 0
255 3 0

0 1 0
1 9 0
2 8 0
3 6 0
4 9 0
5 5 0
6 0 0
7 4 0
8 7 0
9 6 0
10 4 0
11 3 0
12 3 0
13 6 0
14 9 0
15 11 0
16 3 0
17 3 0
18 3 0
19 3 0
20 3 0
21 3 0
22 3 0
23 3 0
24 3 0
25 3 0
26 3 0
27 3 0
28 4 0
29 4 0
30 4 0
31 4 0
32 3 0
33 4 0
34 4 0
35 4 0
36 4 0
37 4 0
38 4 0
39 3 0
40 0 0
41 2 0
42 6 0
43 8 0
44 8 0
45 6 0
46 3 0
47 1 0
48 4 0
49 4 0
50 3 0
51 2 0
52 2 0
53 2 0
54 2 0
55 2 0
56 7 0
57 0 0
58 8 0
59 12 0
60 5 0
61 28 0
62 62 0
63 67 0
64 87 0
65 91 0
66 73 0
67 56 0
68 61 0
69 62 0
70 66 0
71 85 0
72 102 0
73 99 0
74 103 0
75 114 0
76 117 0
77 106 0
78 92 0
79 85 0
80 81 0
81 66 0
82 68 0
83 74 0
84 67 0
85 71 0
86 77 0
87 70 0
88 52 0
89 67 0
90 71 0
91 69 0
92 71 0
93 64 0
94 61 0
95 72 0
96 109 0
97 94 0
98 66 0
99 65 0
100 97 0
101 104 0
102 72 0
103 44 0
104 47 0
105 59 0
106 57 0
107 54 0
108 60 0
109 60 0
110 67 0
111 89 0
112 79 0
113 57 0
114 55 0
115 58 0
116 57 0
117 65 0
118 64 0
119 52 0
120 64 0
121 49 0
122 78 0
123 137 0
124 151 0
125 110 0
126 86 0
127 97 0
128 114 0
129 106 0
130 98 0
131 104 0
132 114 0
133 108 0
134 102 0
135 109 0
136 105 0
137 114 0
138 101 0
139 71 0
140 40 0
141 14 0
142 17 0
143 45 0
144 86 0
145 76 0
146 62 0
147 64 0
148 71 0
149 59 0
150 55 0
151 73 0
152 60 0
153 62 0
154 59 0
155 61 0
156 69 0
157 68 0
158 62 0
159 66 0
160 52 0
161 77 0
162 90 0
163 93 0
164 101 0
165 104 0
166 106 0
167 116 0
168 112 0
169 86 0
170 64 0
171 53 0
172 50 0
173 63 0
174 79 0
175 84 0
176 56 0
177 50 0
178 33 0
179 12 0
180 0 0
181 0 0
182 1 0
183 0 0
184 4 0
185 3 0
186 2 0
187 2 0
188 4 0
189 6 0
190 8 0
191 9 0
192 7 0
193 7 0
194 6 0
195 6 0
196 5 0
197 4 0
198 4 0
199 4 0
200 5 0
201 6 0
202 7 0
203 7 0
204 5 0
205 5 0
206 6 0
207 7 0
208 1 0
209 2 0
210 4 0
211 6 0
212 6 0
213 4 0
214 2 0
215 1 0
216 4 0
217 3 0
218 3 0
219 2 0
220 3 0
221 3 0
222 4 0
223 4 0
224 4 0
225 4 0
226 3 0
227 3 0
228 2 0
229 2 0
230 1 0
231 1 0
232 6 0
233 5 0
234 5 0
235 4 0
236 3 0
237 2 0
238 1 0
239 1 0
240 3 0
241 5 0
242 6 0
243 5 0
244 4 0
245 3 0
246 3 0
247 4 0
248 5 0
249 5 0
250 5 0
251 5 0
252 4 0
253 4 0
254 4 0
255 3 0

0 1 0
1 8 0
2 7 0
3 6 0
4 9 0
5 5 0
6 1 0
7 5 0
8 6 0
9 5 0
10 5 0
11 5 0
12 5 0
13 7 0
14 8 0
15 9 0
16 3 0
17 3 0
18 3 0
19 3 0
20 3 0
21 3 0
22 3 0
23 3 0
24 3 0
25 3 0
26 3 0
27 3 0
28 4 0
29 4 0
30 4 0
31 4 0
32 5 0
33 5 0
34 5 0
35 5 0
36 5 0
37 5 0
38 5 0
39 5 0
40 0 0
41 1 0
42 5 0
43 8 0
44 9 0
45 6 0
46 3 0
47 0 0
48 7 0
49 5 0
50 3 0
51 2 0
52 3 0
53 3 0
54 3 0
55 2 0
56 6 0
57 0 0
58 3 0
59 7 0
60 2 0
61 18 0
62 47 0
63 58 0
64 76 0
65 87 0
66 71 0
67 50 0
68 53 0
69 60 0
70 67 0
71 80 0
72 90 0
73 99 0
74 107 0
75 109 0
76 108 0
77 101 0
78 81 0
79 61 0
80 64 0
81 56 0
82 57 0
83 61 0
84 60 0
85 63 0
86 70 0
87 71 0
88 62 0
89 71 0
90 63 0
91 59 0
92 71 0
93 70 0
94 65 0
95 77 0
96 102 0
97 82 0
98 57 0
99 69 0
100 94 0
101 69 0
102 36 0
103 42 0
104 49 0
105 56 0
106 57 0
107 54 0
108 56 0
109 57 0
110 64 0
111 77 0
112 62 0
113 45 0
114 51 0
115 58 0
116 64 0
117 69 0
118 59 0
119 57 0
120 70 0
121 33 0
122 47 0
123 111 0
124 125 0
125 80 0
126 63 0
127 90 0
128 99 0
129 101 0
130 99 0
131 101 0
132 104 0
133 97 0
134 95 0
135 106 0
136 114 0
137 99 0
138 68 0
139 59 0
140 63 0
141 35 0
142 10 0
143 25 0
144 75 0
145 81 0
146 71 0
147 75 0
148 90 0
149 73 0
150 55 0
151 69 0
152 70 0
153 69 0
154 62 0
155 61 0
156 67 0
157 63 0
158 57 0
159 60 0
160 51 0
161 73 0
162 83 0
163 69 0
164 63 0
165 84 0
166 104 0
167 105 0
168 102 0
169 84 0
170 65 0
171 52 0
172 53 0
173 73 0
174 88 0
175 85 0
176 51 0
177 37 0
178 22 0
179 12 0
180 8 0
181 5 0
182 4 0
183 5 0
184 4 0
185 2 0
186 1 0
187 2 0
188 4 0
189 6 0
190 8 0
191 8 0
192 6 0
193 6 0
194 5 0
195 4 0
196 3 0
197 2 0
198 1 0
199 1 0
200 5 0
201 6 0
202 7 0
203 7 0
204 5 0
205 5 0
206 6 0
207 7 0
208 6 0
209 5 0
210 3 0
211 1 0
212 1 0
213 3 0
214 5 0
215 6 0
216 3 0
217 3 0
218 3 0
219 2 0
220 3 0
221 3 0
222 4 0
223 5 0
224 3 0
225 3 0
226 3 0
227 3 0
228 2 0
229 2 0
230 2 0
231 2 0
232 5 0
233 5 0
234 5 0
235 4 0
236 4 0
237 3 0
238 3 0
239 3 0
240 1 0
241 3 0
242 5 0
243 6 0
244 4 0
245 2 0
246 2 0
247 2 0
248 5 0
249 5 0
250 5 0
251 5 0
252 4 0
253 4 0
254 4 0
255 3 0

0 0 0
1 7 0
2 7 0
3 6 0
4 10 0
5 6 0
6 1 0
7 6 0
8 3 0
9 4 0
10 6 0
11 7 0
12 8 0
13 8 0
14 7 0
15 7 0
16 3 0
17 3 0
18 3 0
19 3 0
20 3 0
21 3 0
22 3 0
23 3 0
24 2 0
25 3 0
26 3 0
27 3 0
28 4 0
29 4 0
30 4 0
31 4 0
32 5 0
33 5 0
34 5 0
35 4 0
36 4 0
37 5 0
38 5 0
39 5 0
40 0 0
41 2 0
42 4 0
43 6 0
44 7 0
45 5 0
46 3 0
47 2 0
48 8 0
49 5 0
50 2 0
51 1 0
52 3 0
53 3 0
54 2 0
55 1 0
56 2 0
57 2 0
58 5 0
59 5 0
60 1 0
61 8 0
62 31 0
63 53 0
64 71 0
65 74 0
66 65 0
67 53 0
68 55 0
69 60 0
70 64 0
71 72 0
72 85 0
73 95 0
74 98 0
75 94 0
76 95 0
77 97 0
78 84 0
79 65 0
80 58 0
81 61 0
82 60 0
83 63 0
84 68 0
85 67 0
86 68 0
87 77 0
88 72 0
89 77 0
90 58 0
91 51 0
92 68 0
93 68 0
94 61 0
95 73 0
96 76 0
97 47 0
98 41 0
99 68 0
100 80 0
101 57 0
102 47 0
103 65 0
104 56 0
105 55 0
106 58 0
107 58 0
108 53 0
109 52 0
110 54 0
111 49 0
112 27 0
113 24 0
114 39 0
115 41 0
116 44 0
117 41 0
118 28 0
119 45 0
120 63 0
121 26 0
122 32 0
123 84 0
124 103 0
125 74 0
126 66 0
127 90 0
128 89 0
129 92 0
130 89 0
131 89 0
132 97 0
133 96 0
134 93 0
135 98 0
136 108 0
137 81 0
138 63 0
139 76 0
140 94 0
141 89 0
142 79 0
143 81 0
144 79 0
145 70 0
146 61 0
147 64 0
148 73 0
149 68 0
150 55 0
151 49 0
152 69 0
153 71 0
154 67 0
155 65 0
156 65 0
157 56 0
158 50 0
159 57 0
160 70 0
161 77 0
162 91 0
163 81 0
164 61 0
165 78 0
166 103 0
167 98 0
168 74 0
169 69 0
170 59 0
171 46 0
172 48 0
173 71 0
174 80 0
175 66 0
176 25 0
177 6 0
178 0 0
179 1 0
180 8 0
181 7 0
182 10 0
183 18 0
184 4 0
185 2 0
186 0 0
187 1 0
188 4 0
189 6 0
190 7 0
191 6 0
192 5 0
193 4 0
194 4 0
195 4 0
196 3 0
197 3 0
198 2 0
199 2 0
200 5 0
201 6 0
202 7 0
203 7 0
204 5 0
205 5 0
206 6 0
207 7 0
208 7 0
209 6 0
210 4 0
211 2 0
212 2 0
213 4 0
214 6 0
215 7 0
216 3 0
217 3 0
218 2 0
219 2 0
220 3 0
221 4 0
222 5 0
223 5 0
224 2 0
225 2 0
226 2 0
227 2 0
228 3 0
229 3 0
230 3 0
231 3 0
232 5 0
233 5 0
234 5 0
235 5 0
236 5 0
237 5 0
238 4 0
239 4 0
240 2 0
241 5 0
242 7 0
243 8 0
244 6 0
245 4 0
246 3 0
247 3 0
248 5 0
249 5 0
250 5 0
251 5 0
252 4 0
253 4 0
254 4 0
255 3 0

0 0 0
1 6 0
2 6 0
3 6 0
4 10 0
5 6 0
6 2 0
7 7 0
8 1 0
9 3 0
10 6 0
11 9 0
12 9 0
13 8 0
14 6 0
15 5 0
16 3 0
17 3 0
18 3 0
19 3 0
20 3 0
21 3 0
22 3 0
23 3 0
24 2 0
25 2 0
26 3 0
27 3 0
28 4 0
29 4 0
30 4 0
31 5 0
32 3 0
33 3 0
34 2 0
35 2 0
36 2 0
37 2 0
38 3 0
39 3 0
40 2 0
41 2 0
42 3 0
43 4 0
44 4 0
45 4 0
46 4 0
47 4 0
48 7 0
49 3 0
50 0 0
51 0 0
52 1 0
53 2 0
54 1 0
55 0 0
56 0 0
57 7 0
58 10 0
59 8 0
60 3 0
61 2 0
62 21 0
63 51 0
64 73 0
65 66 0
66 61 0
67 61 0
68 62 0
69 60 0
70 60 0
71 64 0
72 88 0
73 90 0
74 84 0
75 73 0
76 74 0
77 81 0
78 78 0
79 68 0
80 47 0
81 57 0
82 56 0
83 57 0
84 66 0
85 61 0
86 57 0
87 71 0
88 72 0
89 76 0
90 53 0
91 43 0
92 61 0
93 58 0
94 47 0
95 58 0
96 68 0
97 38 0
98 43 0
99 66 0
100 61 0
101 57 0
102 66 0
103 68 0
104 62 0
105 55 0
106 61 0
107 63 0
108 51 0
109 49 0
110 44 0
111 27 0
112 17 0
113 26 0
114 46 0
115 41 0
116 36 0
117 25 0
118 12 0
119 45 0
120 34 0
121 4 0
122 7 0
123 53 0
124 84 0
125 76 0
126 69 0
127 77 0
128 82 0
129 78 0
130 67 0
131 70 0
132 90 0
133 99 0
134 90 0
135 84 0
136 97 0
137 70 0
138 73 0
139 93 0
140 98 0
141 111 0
142 128 0
143 127 0
144 95 0
145 62 0
146 49 0
147 50 0
148 50 0
149 66 0
150 71 0
151 50 0
152 51 0
153 59 0
154 62 0
155 64 0
156 63 0
157 54 0
158 52 0
159 64 0
160 66 0
161 55 0
162 81 0
163 98 0
164 74 0
165 71 0
166 90 0
167 89 0
168 67 0
169 72 0
170 70 0
171 57 0
172 59 0
173 82 0
174 85 0
175 62 0
176 48 0
177 19 0
178 2 0
179 7 0
180 10 0
181 0 0
182 0 0
183 6 0
184 5 0
185 2 0
186 0 0
187 0 0
188 3 0
189 6 0
190 6 0
191 5 0
192 5 0
193 5 0
194 5 0
195 5 0
196 5 0
197 6 0
198 6 0
199 6 0
200 5 0
201 6 0
202 7 0
203 7 0
204 5 0
205 5 0
206 6 0
207 7 0
208 3 0
209 4 0
210 6 0
211 8 0
212 8 0
213 6 0
214 4 0
215 3 0
216 3 0
217 3 0
218 2 0
219 2 0
220 3 0
221 4 0
222 5 0
223 5 0
224 1 0
225 1 0
226 2 0
227 2 0
228 3 0
229 3 0
230 4 0
231 4 0
232 5 0
233 5 0
234 5 0
235 5 0
236 5 0
237 6 0
238 6 0
239 6 0
240 4 0
241 7 0
242 10 0
243 10 0
244 9 0
245 6 0
246 5 0
247 4 0
248 5 0
249 5 0
250 5 0
251 5 0
252 4 0
253 4 0
254 4 0
255 3 0

0 4 0
1 5 0
2 6 0
3 7 0
4 7 0
5 6 0
6 5 0
7 4 0
8 4 0
9 6 0
10 8 0
11 10 0
12 10 0
13 8 0
14 6 0
15 4 0
16 1 0
17 1 0
18 1 0
19 1 0
20 1 0
21 1 0
22 1 0
23 1 0
24 4 0
25 4 0
26 5 0
27 6 0
28 7 0
29 7 0
30 8 0
31 8 0
32 1 0
33 1 0
34 1 0
35 1 0
36 1 0
37 1 0
38 1 0
39 1 0
40 4 0
41 4 0
42 4 0
43 3 0
44 2 0
45 2 0
46 1 0
47 1 0
48 3 0
49 3 0
50 3 0
51 3 0
52 3 0
53 3 0
54 3 0
55 3 0
56 1 0
57 3 0
58 7 0
59 8 0
60 4 0
61 4 0
62 15 0
63 27 0
64 54 0
65 75 0
66 78 0
67 54 0
68 37 0
69 45 0
70 62 0
71 70 0
72 96 0
73 87 0
74 82 0
75 85 0
76 87 0
77 83 0
78 78 0
79 75 0
80 57 0
81 47 0
82 44 0
83 51 0
84 54 0
85 50 0
86 49 0
87 53 0
88 61 0
89 53 0
90 56 0
91 61 0
92 58 0
93 59 0
94 64 0
95 63 0
96 67 0
97 40 0
98 49 0
99 67 0
100 54 0
101 49 0
102 62 0
103 64 0
104 55 0
105 67 0
106 61 0
107 48 0
108 51 0
109 56 0
110 50 0
111 44 0
112 31 0
113 27 0
114 32 0
115 45 0
116 47 0
117 36 0
118 24 0
119 21 0
120 14 0
121 10 0
122 5 0
123 28 0
124 66 0
125 71 0
126 69 0
127 90 0
128 82 0
129 76 0
130 83 0
131 92 0
132 98 0
133 113 0
134 109 0
135 83 0
136 77 0
137 74 0
138 75 0
139 74 0
140 71 0
141 83 0
142 100 0
143 107 0
144 79 0
145 69 0
146 56 0
147 50 0
148 54 0
149 61 0
150 58 0
151 51 0
152 59 0
153 52 0
154 61 0
155 65 0
156 54 0
157 55 0
158 60 0
159 49 0
160 40 0
161 51 0
162 70 0
163 77 0
164 72 0
165 78 0
166 93 0
167 97 0
168 85 0
169 68 0
170 47 0
171 44 0
172 61 0
173 79 0
174 79 0
175 68 0
176 62 0
177 36 0
178 8 0
179 0 0
180 1 0
181 6 0
182 7 0
183 6 0
184 6 0
185 6 0
186 7 0
187 7 0
188 8 0
189 9 0
190 10 0
191 10 0
192 6 0
193 6 0
194 6 0
195 6 0
196 6 0
197 6 0
198 6 0
199 6 0
200 3 0
201 5 0
202 7 0
203 7 0
204 5 0
205 3 0
206 2 0
207 3 0
208 5 0
209 5 0
210 6 0
211 6 0
212 5 0
213 4 0
214 3 0
215 2 0
216 4 0
217 4 0
218 4 0
219 4 0
220 4 0
221 4 0
222 4 0
223 4 0
224 4 0
225 4 0
226 4 0
227 4 0
228 4 0
229 4 0
230 4 0
231 4 0
232 4 0
233 4 0
234 4 0
235 4 0
236 4 0
237 4 0
238 4 0
239 4 0
240 4 0
241 4 0
242 5 0
243 5 0
244 5 0
245 6 0
246 6 0
247 6 0
248 2 0
249 2 0
250 2 0
251 3 0
252 3 0
253 3 0
254 3 0
255 3 0

0 3 0
1 4 0
2 5 0
3 6 0
4 6 0
5 5 0
6 4 0
7 3 0
8 5 0
9 6 0
10 7 0
11 8 0
12 8 0
13 7 0
14 6 0
15 5 0
16 2 0
17 2 0
18 2 0
19 2 0
20 2 0
21 2 0
22 2 0
23 2 0
24 9 0
25 9 0
26 8 0
27 6 0
28 5 0
29 4 0
30 3 0
31 2 0
32 2 0
33 2 0
34 2 0
35 2 0
36 2 0
37 2 0
38 2 0
39 2 0
40 4 0
41 4 0
42 4 0
43 3 0
44 2 0
45 2 0
46 1 0
47 1 0
48 3 0
49 3 0
50 3 0
51 3 0
52 3 0
53 3 0
54 3 0
55 3 0
56 4 0
57 4 0
58 5 0
59 6 0
60 6 0
61 7 0
62 15 0
63 24 0
64 44 0
65 66 0
66 74 0
67 55 0
68 39 0
69 44 0
70 56 0
71 59 0
72 75 0
73 85 0
74 97 0
75 102 0
76 97 0
77 86 0
78 74 0
79 67 0
80 51 0
81 52 0
82 51 0
83 51 0
84 53 0
85 54 0
86 53 0
87 49 0
88 53 0
89 48 0
90 53 0
91 56 0
92 49 0
93 51 0
94 62 0
95 66 0
96 27 0
97 38 0
98 63 0
99 67 0
100 45 0
101 39 0
102 54 0
103 60 0
104 56 0
105 64 0
106 56 0
107 46 0
108 48 0
109 50 0
110 46 0
111 44 0
112 62 0
113 54 0
114 49 0
115 46 0
116 37 0
117 26 0
118 26 0
119 33 0
120 16 0
121 2 0
122 2 0
123 22 0
124 52 0
125 80 0
126 91 0
127 86 0
128 84 0
129 82 0
130 83 0
131 83 0
132 88 0
133 98 0
134 95 0
135 80 0
136 67 0
137 64 0
138 58 0
139 55 0
140 55 0
141 56 0
142 64 0
143 75 0
144 75 0
145 68 0
146 57 0
147 51 0
148 54 0
149 61 0
150 61 0
151 56 0
152 60 0
153 50 0
154 52 0
155 56 0
156 50 0
157 54 0
158 59 0
159 49 0
160 32 0
161 48 0
162 62 0
163 56 0
164 50 0
165 68 0
166 91 0
167 95 0
168 80 0
169 64 0
170 46 0
171 44 0
172 60 0
173 74 0
174 70 0
175 58 0
176 65 0
177 39 0
178 11 0
179 0 0
180 0 0
181 2 0
182 2 0
183 0 0
184 5 0
185 5 0
186 6 0
187 7 0
188 7 0
189 8 0
190 9 0
191 9 0
192 6 0
193 6 0
194 6 0
195 6 0
196 6 0
197 6 0
198 6 0
199 6 0
200 2 0
201 4 0
202 6 0
203 6 0
204 5 0
205 4 0
206 4 0
207 4 0
208 5 0
209 5 0
210 6 0
211 6 0
212 5 0
213 4 0
214 3 0
215 2 0
216 4 0
217 4 0
218 4 0
219 4 0
220 4 0
221 4 0
222 4 0
223 4 0
224 4 0
225 4 0
226 4 0
227 4 0
228 4 0
229 4 0
230 4 0
231 4 0
232 4 0
233 4 0
234 4 0
235 4 0
236 4 0
237 4 0
238 4 0
239 4 0
240 4 0
241 4 0
242 4 0
243 5 0
244 5 0
245 6 0
246 6 0
247 6 0
248 4 0
249 4 0
250 3 0
251 3 0
252 2 0
253 2 0
254 2 0
255 1 0

0 2 0
1 2 0
2 4 0
3 5 0
4 5 0
5 4 0
6 2 0
7 2 0
8 7 0
9 7 0
10 6 0
11 5 0
12 5 0
13 6 0
14 7 0
15 7 0
16 3 0
17 3 0
18 3 0
19 3 0
20 3 0
21 3 0
22 3 0
23 3 0
24 4 0
25 4 0
26 5 0
27 5 0
28 5 0
29 5 0
30 5 0
31 5 0
32 3 0
33 3 0
34 3 0
35 3 0
36 3 0
37 3 0
38 3 0
39 3 0
40 4 0
41 4 0
42 4 0
43 3 0
44 2 0
45 2 0
46 1 0
47 1 0
48 3 0
49 3 0
50 3 0
51 3 0
52 3 0
53 3 0
54 3 0
55 3 0
56 7 0
57 4 0
58 3 0
59 5 0
60 7 0
61 9 0
62 15 0
63 21 0
64 37 0
65 60 0
66 70 0
67 55 0
68 41 0
69 42 0
70 47 0
71 46 0
72 56 0
73 72 0
74 86 0
75 90 0
76 87 0
77 79 0
78 64 0
79 48 0
80 43 0
81 53 0
82 55 0
83 49 0
84 48 0
85 53 0
86 53 0
87 45 0
88 42 0
89 42 0
90 53 0
91 57 0
92 48 0
93 47 0
94 57 0
95 62 0
96 21 0
97 56 0
98 81 0
99 68 0
100 45 0
101 43 0
102 54 0
103 59 0
104 59 0
105 61 0
106 54 0
107 49 0
108 52 0
109 49 0
110 46 0
111 52 0
112 76 0
113 76 0
114 76 0
115 72 0
116 58 0
117 45 0
118 48 0
119 58 0
120 39 0
121 34 0
122 47 0
123 56 0
124 59 0
125 86 0
126 99 0
127 74 0
128 68 0
129 76 0
130 74 0
131 70 0
132 75 0
133 74 0
134 62 0
135 53 0
136 50 0
137 54 0
138 52 0
139 59 0
140 68 0
141 54 0
142 45 0
143 57 0
144 76 0
145 69 0
146 59 0
147 52 0
148 54 0
149 59 0
150 59 0
151 55 0
152 53 0
153 44 0
154 45 0
155 49 0
156 48 0
157 52 0
158 53 0
159 43 0
160 48 0
161 56 0
162 55 0
163 40 0
164 38 0
165 66 0
166 85 0
167 77 0
168 62 0
169 49 0
170 38 0
171 42 0
172 61 0
173 74 0
174 70 0
175 58 0
176 58 0
177 35 0
178 10 0
179 0 0
180 1 0
181 2 0
182 2 0
183 1 0
184 4 0
185 4 0
186 5 0
187 5 0
188 6 0
189 6 0
190 7 0
191 7 0
192 6 0
193 6 0
194 6 0
195 6 0
196 6 0
197 6 0
198 6 0
199 6 0
200 0 0
201 2 0
202 5 0
203 5 0
204 4 0
205 4 0
206 5 0
207 6 0
208 5 0
209 5 0
210 6 0
211 6 0
212 5 0
213 4 0
214 3 0
215 2 0
216 4 0
217 4 0
218 4 0
219 4 0
220 4 0
221 4 0
222 4 0
223 4 0
224 4 0
225 4 0
226 4 0
227 4 0
228 4 0
229 4 0
230 4 0
231 4 0
232 4 0
233 4 0
234 4 0
235 4 0
236 4 0
237 4 0
238 4 0
239 4 0
240 4 0
241 4 0
242 4 0
243 5 0
244 5 0
245 5 0
246 5 0
247 6 0
248 5 0
249 5 0
250 4 0
251 3 0
252 2 0
253 1 0
254 0 0
255 0 0

0 0 0
1 1 0
2 3 0
3 4 0
4 4 0
5 3 0
6 1 0
7 0 0
8 9 0
9 7 0
10 4 0
11 3 0
12 3 0
13 4 0
14 7 0
15 9 0
16 5 0
17 5 0
18 5 0
19 5 0
20 5 0
21 5 0
22 5 0
23 5 0
24 2 0
25 2 0
26 3 0
27 4 0
28 4 0
29 5 0
30 6 0
31 6 0
32 5 0
33 5 0
34 5 0
35 5 0
36 5 0
37 5 0
38 5 0
39 5 0
40 4 0
41 4 0
42 4 0
43 3 0
44 2 0
45 2 0
46 1 0
47 1 0
48 3 0
49 3 0
50 3 0
51 3 0
52 3 0
53 3 0
54 3 0
55 3 0
56 7 0
57 5 0
58 5 0
59 6 0
60 5 0
61 6 0
62 13 0
63 21 0
64 42 0
65 61 0
66 69 0
67 55 0
68 40 0
69 38 0
70 40 0
71 38 0
72 58 0
73 60 0
74 58 0
75 56 0
76 64 0
77 71 0
78 57 0
79 35 0
80 38 0
81 46 0
82 49 0
83 45 0
84 42 0
85 45 0
86 48 0
87 47 0
88 35 0
89 37 0
90 50 0
91 59 0
92 51 0
93 45 0
94 46 0
95 44 0
96 48 0
97 73 0
98 77 0
99 58 0
100 49 0
101 51 0
102 53 0
103 54 0
104 53 0
105 53 0
106 50 0
107 52 0
108 57 0
109 51 0
110 49 0
111 60 0
112 81 0
113 82 0
114 83 0
115 78 0
116 67 0
117 59 0
118 64 0
119 75 0
120 63 0
121 82 0
122 107 0
123 106 0
124 85 0
125 81 0
126 81 0
127 66 0
128 57 0
129 64 0
130 54 0
131 46 0
132 54 0
133 50 0
134 35 0
135 33 0
136 41 0
137 50 0
138 50 0
139 66 0
140 86 0
141 71 0
142 56 0
143 75 0
144 81 0
145 72 0
146 60 0
147 52 0
148 54 0
149 57 0
150 53 0
151 46 0
152 42 0
153 41 0
154 46 0
155 50 0
156 51 0
157 49 0
158 45 0
159 38 0
160 51 0
161 59 0
162 62 0
163 47 0
164 40 0
165 60 0
166 78 0
167 74 0
168 51 0
169 40 0
170 33 0
171 42 0
172 62 0
173 75 0
174 70 0
175 59 0
176 43 0
177 25 0
178 6 0
179 0 0
180 3 0
181 6 0
182 7 0
183 8 0
184 3 0
185 3 0
186 4 0
187 4 0
188 4 0
189 4 0
190 4 0
191 4 0
192 5 0
193 5 0
194 5 0
195 5 0
196 5 0
197 5 0
198 5 0
199 5 0
200 1 0
201 3 0
202 4 0
203 4 0
204 3 0
205 3 0
206 4 0
207 5 0
208 5 0
209 5 0
210 6 0
211 6 0
212 5 0
213 4 0
214 3 0
215 2 0
216 4 0
217 4 0
218 4 0
219 4 0
220 4 0
221 4 0
222 4 0
223 4 0
224 4 0
225 4 0
226 4 0
227 4 0
228 4 0
229 4 0
230 4 0
231 4 0
232 4 0
233 4 0
234 4 0
235 4 0
236 4 0
237 4 0
238 4 0
239 4 0
240 4 0
241 4 0
242 4 0
243 4 0
244 5 0
245 5 0
246 5 0
247 5 0
248 4 0
249 4 0
250 4 0
251 3 0
252 2 0
253 2 0
254 1 0
255 1 0

0 0 0
1 1 0
2 2 0
3 3 0
4 3 0
5 2 0
6 1 0
7 0 0
8 8 0
9 6 0
10 4 0
11 2 0
12 2 0
13 4 0
14 6 0
15 8 0
16 5 0
17 5 0
18 5 0
19 5 0
20 5 0
21 5 0
22 5 0
23 5 0
24 7 0
25 6 0
26 5 0
27 4 0
28 2 0
29 1 0
30 0 0
31 0 0
32 5 0
33 5 0
34 5 0
35 5 0
36 5 0
37 5 0
38 5 0
39 5 0
40 4 0
41 4 0
42 4 0
43 3 0
44 2 0
45 2 0
46 1 0
47 1 0
48 3 0
49 3 0
50 3 0
51 3 0
52 3 0
53 3 0
54 3 0
55 3 0
56 5 0
57 6 0
58 8 0
59 7 0
60 2 0
61 1 0
62 10 0
63 21 0
64 52 0
65 67 0
66 72 0
67 55 0
68 38 0
69 34 0
70 37 0
71 38 0
72 61 0
73 61 0
74 56 0
75 52 0
76 60 0
77 69 0
78 58 0
79 39 0
80 39 0
81 38 0
82 41 0
83 44 0
84 42 0
85 39 0
86 45 0
87 56 0
88 40 0
89 35 0
90 43 0
91 52 0
92 47 0
93 42 0
94 37 0
95 28 0
96 57 0
97 64 0
98 58 0
99 47 0
100 46 0
101 47 0
102 46 0
103 46 0
104 40 0
105 41 0
106 42 0
107 49 0
108 55 0
109 49 0
110 49 0
111 62 0
112 95 0
113 80 0
114 61 0
115 44 0
116 36 0
117 41 0
118 57 0
119 71 0
120 70 0
121 97 0
122 110 0
123 107 0
124 94 0
125 68 0
126 56 0
127 68 0
128 65 0
129 62 0
130 42 0
131 31 0
132 43 0
133 44 0
134 36 0
135 39 0
136 40 0
137 45 0
138 40 0
139 53 0
140 76 0
141 66 0
142 60 0
143 84 0
144 79 0
145 69 0
146 56 0
147 50 0
148 54 0
149 57 0
150 48 0
151 37 0
152 45 0
153 50 0
154 53 0
155 53 0
156 51 0
157 46 0
158 43 0
159 44 0
160 34 0
161 51 0
162 70 0
163 68 0
164 51 0
165 55 0
166 74 0
167 83 0
168 55 0
169 43 0
170 36 0
171 45 0
172 63 0
173 70 0
174 64 0
175 54 0
176 34 0
177 19 0
178 5 0
179 1 0
180 4 0
181 6 0
182 7 0
183 9 0
184 3 0
185 3 0
186 3 0
187 3 0
188 3 0
189 3 0
190 2 0
191 2 0
192 5 0
193 5 0
194 5 0
195 5 0
196 5 0
197 5 0
198 5 0
199 5 0
200 3 0
201 4 0
202 5 0
203 4 0
204 2 0
205 1 0
206 2 0
207 4 0
208 5 0
209 5 0
210 6 0
211 6 0
212 5 0
213 4 0
214 3 0
215 2 0
216 4 0
217 4 0
218 4 0
219 4 0
220 4 0
221 4 0
222 4 0
223 4 0
224 4 0
225 4 0
226 4 0
227 4 0
228 4 0
229 4 0
230 4 0
231 4 0
232 4 0
233 4 0
234 4 0
235 4 0
236 4 0
237 4 0
238 4 0
239 4 0
240 4 0
241 4 0
242 4 0
243 4 0
244 4 0
245 4 0
246 4 0
247 4 0
248 3 0
249 3 0
250 3 0
251 3 0
252 3 0
253 3 0
254 3 0
255 3 0

0 0 0
1 1 0
2 2 0
3 3 0
4 3 0
5 2 0
6 1 0
7 0 0
8 5 0
9 5 0
10 4 0
11 3 0
12 3 0
13 4 0
14 5 0
15 5 0
16 3 0
17 3 0
18 3 0
19 3 0
20 3 0
21 3 0
22 3 0
23 3 0
24 4 0
25 4 0
26 3 0
27 2 0
28 2 0
29 1 0
30 0 0
31 0 0
32 3 0
33 3 0
34 3 0
35 3 0
36 3 0
37 3 0
38 3 0
39 3 0
40 4 0
41 4 0
42 4 0
43 3 0
44 2 0
45 2 0
46 1 0
47 1 0
48 3 0
49 3 0
50 3 0
51 3 0
52 3 0
53 3 0
54 3 0
55 3 0
56 3 0
57 6 0
58 8 0
59 6 0
60 0 0
61 0 0
62 7 0
63 19 0
64 53 0
65 67 0
66 72 0
67 56 0
68 37 0
69 31 0
70 36 0
71 40 0
72 53 0
73 65 0
74 73 0
75 73 0
76 71 0
77 67 0
78 56 0
79 45 0
80 41 0
81 36 0
82 38 0
83 46 0
84 46 0
85 43 0
86 51 0
87 66 0
88 58 0
89 43 0
90 40 0
91 44 0
92 44 0
93 44 0
94 40 0
95 30 0
96 43 0
97 47 0
98 53 0
99 53 0
100 47 0
101 45 0
102 47 0
103 50 0
104 35 0
105 39 0
106 41 0
107 46 0
108 53 0
109 50 0
110 51 0
111 64 0
112 87 0
113 68 0
114 43 0
115 28 0
116 28 0
117 38 0
118 52 0
119 61 0
120 77 0
121 80 0
122 67 0
123 68 0
124 78 0
125 59 0
126 46 0
127 67 0
128 62 0
129 58 0
130 50 0
131 49 0
132 58 0
133 58 0
134 47 0
135 42 0
136 29 0
137 35 0
138 37 0
139 49 0
140 61 0
141 50 0
142 42 0
143 56 0
144 66 0
145 59 0
146 51 0
147 48 0
148 53 0
149 56 0
150 47 0
151 35 0
152 59 0
153 65 0
154 58 0
155 49 0
156 47 0
157 43 0
158 44 0
159 55 0
160 46 0
161 51 0
162 66 0
163 75 0
164 72 0
165 73 0
166 75 0
167 69 0
168 51 0
169 40 0
170 36 0
171 49 0
172 65 0
173 70 0
174 62 0
175 53 0
176 31 0
177 19 0
178 7 0
179 3 0
180 3 0
181 3 0
182 2 0
183 3 0
184 4 0
185 4 0
186 3 0
187 3 0
188 2 0
189 2 0
190 1 0
191 1 0
192 5 0
193 5 0
194 5 0
195 5 0
196 5 0
197 5 0
198 5 0
199 5 0
200 4 0
201 5 0
202 5 0
203 3 0
204 1 0
205 1 0
206 2 0
207 3 0
208 5 0
209 5 0
210 6 0
211 6 0
212 5 0
213 4 0
214 3 0
215 2 0
216 4 0
217 4 0
218 4 0
219 4 0
220 4 0
221 4 0
222 4 0
223 4 0
224 4 0
225 4 0
226 4 0
227 4 0
228 4 0
229 4 0
230 4 0
231 4 0
232 4 0
233 4 0
234 4 0
235 4 0
236 4 0
237 4 0
238 4 0
239 4 0
240 5 0
241 4 0
242 4 0
243 4 0
244 4 0
245 3 0
246 3 0
247 3 0
248 2 0
249 2 0
250 2 0
251 2 0
252 3 0
253 3 0
254 3 0
255 3 0

0 0 0
1 1 0
2 2 0
3 3 0
4 3 0
5 2 0
6 1 0
7 0 0
8 3 0
9 3 0
10 4 0
11 5 0
12 5 0
13 4 0
14 3 0
15 3 0
16 2 0
17 2 0
18 2 0
19 2 0
20 2 0
21 2 0
22 2 0
23 2 0
24 0 0
25 0 0
26 0 0
27 1 0
28 2 0
29 2 0
30 3 0
31 3 0
32 2 0
33 2 0
34 2 0
35 2 0
36 2 0
37 2 0
38 2 0
39 2 0
40 4 0
41 4 0
42 4 0
43 3 0
44 2 0
45 2 0
46 1 0
47 1 0
48 3 0
49 3 0
50 3 0
51 3 0
52 3 0
53 3 0
54 3 0
55 3 0
56 5 0
57 5 0
58 5 0
59 4 0
60 0 0
61 0 0
62 5 0
63 15 0
64 40 0
65 58 0
66 68 0
67 56 0
68 37 0
69 30 0
70 35 0
71 41 0
72 52 0
73 63 0
74 75 0
75 81 0
76 76 0
77 64 0
78 52 0
79 44 0
80 36 0
81 37 0
82 41 0
83 45 0
84 49 0
85 53 0
86 61 0
87 68 0
88 63 0
89 45 0
90 37 0
91 41 0
92 42 0
93 45 0
94 44 0
95 35 0
96 35 0
97 40 0
98 57 0
99 60 0
100 46 0
101 46 0
102 52 0
103 45 0
104 38 0
105 45 0
106 43 0
107 42 0
108 47 0
109 48 0
110 52 0
111 63 0
112 56 0
113 48 0
114 39 0
115 39 0
116 47 0
117 56 0
118 58 0
119 55 0
120 72 0
121 49 0
122 33 0
123 44 0
124 62 0
125 62 0
126 57 0
127 62 0
128 48 0
129 45 0
130 51 0
131 59 0
132 60 0
133 58 0
134 52 0
135 41 0
136 23 0
137 29 0
138 38 0
139 45 0
140 47 0
141 42 0
142 39 0
143 42 0
144 50 0
145 50 0
146 49 0
147 48 0
148 50 0
149 50 0
150 45 0
151 37 0
152 68 0
153 72 0
154 57 0
155 44 0
156 44 0
157 40 0
158 39 0
159 52 0
160 57 0
161 58 0
162 66 0
163 72 0
164 76 0
165 83 0
166 76 0
167 55 0
168 43 0
169 35 0
170 35 0
171 51 0
172 68 0
173 70 0
174 59 0
175 49 0
176 24 0
177 15 0
178 6 0
179 4 0
180 4 0
181 3 0
182 2 0
183 3 0
184 5 0
185 4 0
186 4 0
187 3 0
188 2 0
189 1 0
190 1 0
191 1 0
192 4 0
193 4 0
194 4 0
195 4 0
196 4 0
197 4 0
198 4 0
199 4 0
200 3 0
201 4 0
202 4 0
203 2 0
204 1 0
205 1 0
206 3 0
207 5 0
208 5 0
209 5 0
210 6 0
211 6 0
212 5 0
213 4 0
214 3 0
215 2 0
216 4 0
217 4 0
218 4 0
219 4 0
220 4 0
221 4 0
222 4 0
223 4 0
224 4 0
225 4 0
226 4 0
227 4 0
228 4 0
229 4 0
230 4 0
231 4 0
232 4 0
233 4 0
234 4 0
235 4 0
236 4 0
237 4 0
238 4 0
239 4 0
240 5 0
241 4 0
242 4 0
243 4 0
244 3 0
245 3 0
246 3 0
247 3 0
248 3 0
249 3 0
250 3 0
251 3 0
252 2 0
253 2 0
254 2 0
255 2 0

0 0 0
1 1 0
2 3 0
3 3 0
4 3 0
5 3 0
6 1 0
7 0 0
8 1 0
9 2 0
10 5 0
11 6 0
12 6 0
13 5 0
14 2 0
15 1 0
16 1 0
17 1 0
18 1 0
19 1 0
20 1 0
21 1 0
22 1 0
23 1 0
24 5 0
25 4 0
26 3 0
27 2 0
28 0 0
29 0 0
30 0 0
31 0 0
32 1 0
33 1 0
34 1 0
35 1 0
36 1 0
37 1 0
38 1 0
39 1 0
40 4 0
41 4 0
42 4 0
43 3 0
44 2 0
45 2 0
46 1 0
47 1 0
48 3 0
49 3 0
50 3 0
51 3 0
52 3 0
53 3 0
54 3 0
55 3 0
56 7 0
57 3 0
58 1 0
59 1 0
60 0 0
61 0 0
62 4 0
63 10 0
64 27 0
65 48 0
66 64 0
67 56 0
68 38 0
69 29 0
70 34 0
71 40 0
72 64 0
73 61 0
74 64 0
75 72 0
76 74 0
77 65 0
78 51 0
79 43 0
80 29 0
81 38 0
82 43 0
83 43 0
84 48 0
85 61 0
86 67 0
87 64 0
88 52 0
89 36 0
90 32 0
91 38 0
92 39 0
93 41 0
94 39 0
95 30 0
96 34 0
97 35 0
98 52 0
99 53 0
100 36 0
101 43 0
102 48 0
103 26 0
104 40 0
105 47 0
106 42 0
107 35 0
108 38 0
109 42 0
110 47 0
111 58 0
112 37 0
113 34 0
114 34 0
115 41 0
116 53 0
117 61 0
118 59 0
119 53 0
120 48 0
121 19 0
122 21 0
123 44 0
124 55 0
125 69 0
126 75 0
127 60 0
128 47 0
129 35 0
130 37 0
131 41 0
132 34 0
133 41 0
134 52 0
135 48 0
136 33 0
137 30 0
138 30 0
139 28 0
140 26 0
141 37 0
142 54 0
143 61 0
144 40 0
145 46 0
146 51 0
147 49 0
148 46 0
149 44 0
150 41 0
151 37 0
152 67 0
153 70 0
154 54 0
155 41 0
156 45 0
157 38 0
158 31 0
159 40 0
160 32 0
161 58 0
162 79 0
163 69 0
164 55 0
165 66 0
166 77 0
167 69 0
168 45 0
169 37 0
170 39 0
171 55 0
172 68 0
173 64 0
174 48 0
175 36 0
176 14 0
177 7 0
178 2 0
179 3 0
180 6 0
181 6 0
182 7 0
183 10 0
184 5 0
185 5 0
186 4 0
187 3 0
188 2 0
189 1 0
190 1 0
191 0 0
192 4 0
193 4 0
194 4 0
195 4 0
196 4 0
197 4 0
198 4 0
199 4 0
200 2 0
201 2 0
202 2 0
203 2 0
204 1 0
205 2 0
206 4 0
207 6 0
208 5 0
209 5 0
210 6 0
211 6 0
212 5 0
213 4 0
214 3 0
215 2 0
216 4 0
217 4 0
218 4 0
219 4 0
220 4 0
221 4 0
222 4 0
223 4 0
224 4 0
225 4 0
226 4 0
227 4 0
228 4 0
229 4 0
230 4 0
231 4 0
232 4 0
233 4 0
234 4 0
235 4 0
236 4 0
237 4 0
238 4 0
239 4 0
240 5 0
241 5 0
242 4 0
243 4 0
244 3 0
245 3 0
246 2 0
247 2 0
248 5 0
249 5 0
250 4 0
251 3 0
252 2 0
253 1 0
254 1 0
255 0 0

0 3 0
1 3 0
2 3 0
3 3 0
4 3 0
5 3 0
6 3 0
7 3 0
8 3 0
9 3 0
10 3 0
11 3 0
12 3 0
13 3 0
14 3 0
15 3 0
16 2 0
17 2 0
18 2 0
19 2 0
20 3 0
21 3 0
22 3 0
23 3 0
24 3 0
25 3 0
26 3 0
27 3 0
28 3 0
29 3 0
30 3 0
31 3 0
32 6 0
33 6 0
34 5 0
35 5 0
36 4 0
37 3 0
38 3 0
39 3 0
40 3 0
41 3 0
42 3 0
43 3 0
44 3 0
45 3 0
46 3 0
47 3 0
48 5 0
49 5 0
50 5 0
51 5 0
52 5 0
53 5 0
54 5 0
55 5 0
56 3 0
57 3 0
58 3 0
59 3 0
60 3 0
61 3 0
62 3 0
63 3 0
64 50 0
65 56 0
66 59 0
67 51 0
68 36 0
69 27 0
70 29 0
71 34 0
72 48 0
73 62 0
74 78 0
75 84 0
76 76 0
77 59 0
78 43 0
79 33 0
80 32 0
81 33 0
82 32 0
83 35 0
84 47 0
85 64 0
86 72 0
87 71 0
88 34 0
89 27 0
90 41 0
91 54 0
92 44 0
93 41 0
94 52 0
95 54 0
96 44 0
97 44 0
98 47 0
99 52 0
100 51 0
101 45 0
102 40 0
103 39 0
104 55 0
105 45 0
106 35 0
107 34 0
108 40 0
109 45 0
110 43 0
111 40 0
112 41 0
113 38 0
114 41 0
115 50 0
116 55 0
117 54 0
118 54 0
119 57 0
120 42 0
121 43 0
122 43 0
123 48 0
124 60 0
125 76 0
126 86 0
127 89 0
128 68 0
129 53 0
130 38 0
131 36 0
132 45 0
133 51 0
134 48 0
135 41 0
136 38 0
137 24 0
138 16 0
139 20 0
140 28 0
141 38 0
142 55 0
143 72 0
144 61 0
145 46 0
146 34 0
147 33 0
148 38 0
149 41 0
150 43 0
151 45 0
152 60 0
153 52 0
154 43 0
155 38 0
156 35 0
157 34 0
158 37 0
159 43 0
160 39 0
161 63 0
162 80 0
163 71 0
164 51 0
165 46 0
166 58 0
167 72 0
168 44 0
169 42 0
170 45 0
171 48 0
172 49 0
173 54 0
174 46 0
175 24 0
176 13 0
177 6 0
178 0 0
179 0 0
180 4 0
181 9 0
182 9 0
183 7 0
184 3 0
185 3 0
186 3 0
187 3 0
188 3 0
189 3 0
190 3 0
191 3 0
192 2 0
193 2 0
194 2 0
195 2 0
196 2 0
197 2 0
198 2 0
199 2 0
200 8 0
201 8 0
202 7 0
203 5 0
204 3 0
205 2 0
206 1 0
207 0 0
208 3 0
209 3 0
210 3 0
211 3 0
212 3 0
213 3 0
214 3 0
215 3 0
216 4 0
217 4 0
218 4 0
219 4 0
220 4 0
221 4 0
222 4 0
223 4 0
224 3 0
225 3 0
226 3 0
227 3 0
228 3 0
229 3 0
230 3 0
231 3 0
232 3 0
233 3 0
234 3 0
235 3 0
236 3 0
237 3 0
238 3 0
239 3 0
240 3 0
241 3 0
242 3 0
243 3 0
244 3 0
245 3 0
246 3 0
247 3 0
248 3 0
249 3 0
250 3 0
251 3 0
252 3 0
253 3 0
254 3 0
255 3 0

0 3 0
1 3 0
2 3 0
3 3 0
4 3 0
5 3 0
6 3 0
7 3 0
8 3 0
9 3 0
10 3 0
11 3 0
12 3 0
13 3 0
14 3 0
15 3 0
16 2 0
17 2 0
18 2 0
19 3 0
20 3 0
21 3 0
22 4 0
23 4 0
24 3 0
25 3 0
26 3 0
27 3 0
28 3 0
29 3 0
30 3 0
31 3 0
32 6 0
33 6 0
34 5 0
35 4 0
36 4 0
37 3 0
38 3 0
39 2 0
40 2 0
41 2 0
42 2 0
43 2 0
44 2 0
45 2 0
46 2 0
47 2 0
48 5 0
49 5 0
50 5 0
51 5 0
52 5 0
53 5 0
54 5 0
55 5 0
56 2 0
57 2 0
58 2 0
59 2 0
60 2 0
61 2 0
62 2 0
63 2 0
64 33 0
65 52 0
66 66 0
67 58 0
68 35 0
69 22 0
70 29 0
71 43 0
72 49 0
73 58 0
74 69 0
75 71 0
76 64 0
77 53 0
78 44 0
79 40 0
80 36 0
81 37 0
82 36 0
83 37 0
84 46 0
85 58 0
86 63 0
87 62 0
88 35 0
89 30 0
90 38 0
91 47 0
92 42 0
93 37 0
94 42 0
95 46 0
96 42 0
97 40 0
98 41 0
99 44 0
100 42 0
101 37 0
102 33 0
103 34 0
104 48 0
105 40 0
106 34 0
107 36 0
108 44 0
109 49 0
110 48 0
111 44 0
112 36 0
113 37 0
114 44 0
115 51 0
116 50 0
117 46 0
118 45 0
119 48 0
120 38 0
121 30 0
122 31 0
123 45 0
124 61 0
125 71 0
126 78 0
127 85 0
128 71 0
129 54 0
130 35 0
131 28 0
132 34 0
133 42 0
134 45 0
135 44 0
136 48 0
137 36 0
138 28 0
139 28 0
140 29 0
141 33 0
142 47 0
143 62 0
144 64 0
145 47 0
146 35 0
147 36 0
148 38 0
149 38 0
150 42 0
151 49 0
152 63 0
153 53 0
154 44 0
155 39 0
156 37 0
157 35 0
158 37 0
159 40 0
160 41 0
161 56 0
162 72 0
163 71 0
164 52 0
165 37 0
166 44 0
167 60 0
168 44 0
169 34 0
170 40 0
171 57 0
172 63 0
173 60 0
174 51 0
175 40 0
176 18 0
177 10 0
178 3 0
179 0 0
180 4 0
181 7 0
182 7 0
183 5 0
184 3 0
185 3 0
186 3 0
187 3 0
188 3 0
189 3 0
190 3 0
191 3 0
192 3 0
193 3 0
194 3 0
195 3 0
196 3 0
197 3 0
198 3 0
199 3 0
200 8 0
201 7 0
202 6 0
203 5 0
204 3 0
205 2 0
206 1 0
207 0 0
208 3 0
209 3 0
210 3 0
211 3 0
212 3 0
213 3 0
214 3 0
215 3 0
216 4 0
217 4 0
218 4 0
219 4 0
220 4 0
221 4 0
222 4 0
223 4 0
224 3 0
225 3 0
226 3 0
227 3 0
228 3 0
229 3 0
230 3 0
231 3 0
232 3 0
233 3 0
234 3 0
235 3 0
236 3 0
237 3 0
238 3 0
239 3 0
240 3 0
241 3 0
242 3 0
243 3 0
244 3 0
245 3 0
246 3 0
247 3 0
248 3 0
249 3 0
250 3 0
251 3 0
252 3 0
253 3 0
254 3 0
255 3 0

0 3 0
1 3 0
2 3 0
3 3 0
4 3 0
5 3 0
6 3 0
7 3 0
8 3 0
9 3 0
10 3 0
11 3 0
12 3 0
13 3 0
14 3 0
15 3 0
16 3 0
17 3 0
18 3 0
19 3 0
20 4 0
21 4 0
22 4 0
23 4 0
24 3 0
25 3 0
26 3 0
27 3 0
28 3 0
29 3 0
30 3 0
31 3 0
32 5 0
33 5 0
34 5 0
35 4 0
36 3 0
37 3 0
38 2 0
39 2 0
40 2 0
41 2 0
42 2 0
43 2 0
44 2 0
45 2 0
46 2 0
47 2 0
48 5 0
49 5 0
50 5 0
51 5 0
52 5 0
53 5 0
54 5 0
55 5 0
56 2 0
57 2 0
58 2 0
59 2 0
60 2 0
61 2 0
62 2 0
63 2 0
64 35 0
65 48 0
66 59 0
67 58 0
68 46 0
69 35 0
70 33 0
71 36 0
72 43 0
73 48 0
74 51 0
75 48 0
76 40 0
77 34 0
78 32 0
79 33 0
80 35 0
81 35 0
82 33 0
83 34 0
84 39 0
85 45 0
86 47 0
87 44 0
88 40 0
89 40 0
90 39 0
91 43 0
92 47 0
93 39 0
94 36 0
95 43 0
96 42 0
97 39 0
98 39 0
99 41 0
100 40 0
101 36 0
102 35 0
103 37 0
104 44 0
105 39 0
106 33 0
107 33 0
108 35 0
109 36 0
110 31 0
111 25 0
112 44 0
113 49 0
114 57 0
115 58 0
116 50 0
117 39 0
118 33 0
119 34 0
120 40 0
121 24 0
122 20 0
123 35 0
124 48 0
125 49 0
126 51 0
127 58 0
128 66 0
129 52 0
130 34 0
131 25 0
132 27 0
133 34 0
134 39 0
135 40 0
136 38 0
137 33 0
138 29 0
139 29 0
140 28 0
141 30 0
142 42 0
143 57 0
144 64 0
145 45 0
146 33 0
147 34 0
148 33 0
149 28 0
150 34 0
151 48 0
152 60 0
153 49 0
154 38 0
155 35 0
156 35 0
157 33 0
158 32 0
159 32 0
160 45 0
161 50 0
162 65 0
163 75 0
164 64 0
165 45 0
166 48 0
167 64 0
168 53 0
169 34 0
170 42 0
171 70 0
172 75 0
173 61 0
174 50 0
175 45 0
176 24 0
177 16 0
178 6 0
179 2 0
180 3 0
181 5 0
182 4 0
183 3 0
184 3 0
185 3 0
186 3 0
187 3 0
188 3 0
189 3 0
190 3 0
191 3 0
192 3 0
193 3 0
194 3 0
195 3 0
196 3 0
197 3 0
198 3 0
199 3 0
200 7 0
201 6 0
202 5 0
203 4 0
204 3 0
205 2 0
206 1 0
207 0 0
208 3 0
209 3 0
210 3 0
211 3 0
212 3 0
213 3 0
214 3 0
215 3 0
216 4 0
217 4 0
218 4 0
219 4 0
220 4 0
221 4 0
222 4 0
223 4 0
224 3 0
225 3 0
226 3 0
227 3 0
228 3 0
229 3 0
230 3 0
231 3 0
232 3 0
233 3 0
234 3 0
235 3 0
236 3 0
237 3 0
238 3 0
239 3 0
240 3 0
241 3 0
242 3 0
243 3 0
244 3 0
245 3 0
246 3 0
247 3 0
248 3 0
249 3 0
250 3 0
251 3 0
252 3 0
253 3 0
254 3 0
255 3 0

0 3 0
1 3 0
2 3 0
3 3 0
4 3 0
5 3 0
6 3 0
7 3 0
8 3 0
9 3 0
10 3 0
11 3 0
12 3 0
13 3 0
14 3 0
15 3 0
16 3 0
17 3 0
18 3 0
19 4 0
20 4 0
21 4 0
22 5 0
23 5 0
24 3 0
25 3 0
26 3 0
27 3 0
28 3 0
29 3 0
30 3 0
31 3 0
32 5 0
33 4 0
34 4 0
35 3 0
36 3 0
37 2 0
38 1 0
39 1 0
40 2 0
41 2 0
42 2 0
43 2 0
44 2 0
45 2 0
46 2 0
47 2 0
48 5 0
49 5 0
50 5 0
51 5 0
52 5 0
53 5 0
54 5 0
55 5 0
56 2 0
57 2 0
58 2 0
59 2 0
60 2 0
61 2 0
62 2 0
63 2 0
64 32 0
65 39 0
66 46 0
67 48 0
68 42 0
69 33 0
70 27 0
71 24 0
72 50 0
73 51 0
74 50 0
75 44 0
76 35 0
77 29 0
78 29 0
79 31 0
80 30 0
81 30 0
82 29 0
83 30 0
84 33 0
85 35 0
86 35 0
87 33 0
88 31 0
89 34 0
90 27 0
91 28 0
92 39 0
93 32 0
94 23 0
95 32 0
96 27 0
97 26 0
98 27 0
99 31 0
100 32 0
101 30 0
102 30 0
103 32 0
104 40 0
105 35 0
106 30 0
107 27 0
108 25 0
109 20 0
110 12 0
111 5 0
112 29 0
113 36 0
114 43 0
115 44 0
116 37 0
117 25 0
118 16 0
119 13 0
120 36 0
121 24 0
122 18 0
123 24 0
124 30 0
125 32 0
126 33 0
127 37 0
128 50 0
129 43 0
130 35 0
131 30 0
132 29 0
133 31 0
134 31 0
135 31 0
136 27 0
137 27 0
138 29 0
139 29 0
140 26 0
141 27 0
142 38 0
143 52 0
144 67 0
145 49 0
146 38 0
147 39 0
148 35 0
149 27 0
150 35 0
151 52 0
152 53 0
153 42 0
154 32 0
155 31 0
156 33 0
157 32 0
158 29 0
159 28 0
160 43 0
161 46 0
162 56 0
163 65 0
164 59 0
165 46 0
166 46 0
167 55 0
168 43 0
169 25 0
170 34 0
171 62 0
172 67 0
173 54 0
174 42 0
175 35 0
176 25 0
177 18 0
178 8 0
179 3 0
180 2 0
181 4 0
182 4 0
183 3 0
184 3 0
185 3 0
186 3 0
187 3 0
188 3 0
189 3 0
190 3 0
191 3 0
192 4 0
193 4 0
194 4 0
195 4 0
196 4 0
197 4 0
198 4 0
199 4 0
200 5 0
201 5 0
202 4 0
203 3 0
204 2 0
205 2 0
206 1 0
207 1 0
208 3 0
209 3 0
210 3 0
211 3 0
212 3 0
213 3 0
214 3 0
215 3 0
216 4 0
217 4 0
218 4 0
219 4 0
220 4 0
221 4 0
222 4 0
223 4 0
224 3 0
225 3 0
226 3 0
227 3 0
228 3 0
229 3 0
230 3 0
231 3 0
232 3 0
233 3 0
234 3 0
235 3 0
236 3 0
237 3 0
238 3 0
239 3 0
240 3 0
241 3 0
242 3 0
243 3 0
244 3 0
245 3 0
246 3 0
247 3 0
248 3 0
249 3 0
250 3 0
251 3 0
252 3 0
253 3 0
254 3 0
255 3 0

0 2 0
1 2 0
2 2 0
3 2 0
4 2 0
5 2 0
6 2 0
7 2 0
8 2 0
9 2 0
10 2 0
11 2 0
12 2 0
13 2 0
14 2 0
15 2 0
16 3 0
17 3 0
18 3 0
19 3 0
20 4 0
21 4 0
22 4 0
23 4 0
24 2 0
25 2 0
26 2 0
27 2 0
28 2 0
29 2 0
30 2 0
31 2 0
32 4 0
33 4 0
34 3 0
35 3 0
36 2 0
37 1 0
38 1 0
39 0 0
40 2 0
41 2 0
42 2 0
43 2 0
44 2 0
45 2 0
46 2 0
47 2 0
48 4 0
49 4 0
50 4 0
51 4 0
52 4 0
53 4 0
54 4 0
55 4 0
56 2 0
57 2 0
58 2 0
59 2 0
60 2 0
61 2 0
62 2 0
63 2 0
64 27 0
65 42 0
66 54 0
67 51 0
68 36 0
69 26 0
70 30 0
71 38 0
72 42 0
73 44 0
74 45 0
75 40 0
76 30 0
77 23 0
78 21 0
79 22 0
80 25 0
81 24 0
82 26 0
83 29 0
84 31 0
85 31 0
86 30 0
87 30 0
88 25 0
89 29 0
90 22 0
91 22 0
92 35 0
93 31 0
94 22 0
95 29 0
96 23 0
97 23 0
98 26 0
99 31 0
100 33 0
101 30 0
102 29 0
103 30 0
104 28 0
105 26 0
106 25 0
107 24 0
108 22 0
109 19 0
110 13 0
111 8 0
112 11 0
113 17 0
114 25 0
115 31 0
116 32 0
117 29 0
118 21 0
119 15 0
120 19 0
121 21 0
122 18 0
123 13 0
124 18 0
125 30 0
126 38 0
127 38 0
128 34 0
129 33 0
130 30 0
131 28 0
132 27 0
133 27 0
134 26 0
135 25 0
136 28 0
137 31 0
138 34 0
139 31 0
140 23 0
141 20 0
142 27 0
143 36 0
144 48 0
145 33 0
146 26 0
147 28 0
148 25 0
149 19 0
150 28 0
151 44 0
152 45 0
153 35 0
154 28 0
155 30 0
156 33 0
157 32 0
158 29 0
159 28 0
160 51 0
161 55 0
162 57 0
163 54 0
164 49 0
165 45 0
166 42 0
167 40 0
168 32 0
169 26 0
170 36 0
171 55 0
172 61 0
173 60 0
174 52 0
175 39 0
176 21 0
177 15 0
178 7 0
179 3 0
180 2 0
181 4 0
182 5 0
183 5 0
184 2 0
185 2 0
186 2 0
187 2 0
188 2 0
189 2 0
190 2 0
191 2 0
192 3 0
193 3 0
194 3 0
195 3 0
196 3 0
197 3 0
198 3 0
199 3 0
200 4 0
201 3 0
202 3 0
203 3 0
204 2 0
205 2 0
206 1 0
207 1 0
208 2 0
209 2 0
210 2 0
211 2 0
212 2 0
213 2 0
214 2 0
215 2 0
216 3 0
217 3 0
218 3 0
219 3 0
220 3 0
221 3 0
222 3 0
223 3 0
224 2 0
225 2 0
226 2 0
227 2 0
228 2 0
229 2 0
230 2 0
231 2 0
232 2 0
233 2 0
234 2 0
235 2 0
236 2 0
237 2 0
238 2 0
239 2 0
240 2 0
241 2 0
242 2 0
243 2 0
244 2 0
245 2 0
246 2 0
247 2 0
248 2 0
249 2 0
250 2 0
251 2 0
252 2 0
253 2 0
254 2 0
255 2 0

0 2 0
1 2 0
2 2 0
3 2 0
4 2 0
5 2 0
6 2 0
7 2 0
8 2 0
9 2 0
10 2 0
11 2 0
12 2 0
13 2 0
14 2 0
15 2 0
16 2 0
17 2 0
18 2 0
19 2 0
20 3 0
21 3 0
22 3 0
23 3 0
24 2 0
25 2 0
26 2 0
27 2 0
28 2 0
29 2 0
30 2 0
31 2 0
32 3 0
33 3 0
34 3 0
35 2 0
36 1 0
37 1 0
38 0 0
39 0 0
40 1 0
41 1 0
42 1 0
43 1 0
44 1 0
45 1 0
46 1 0
47 1 0
48 2 0
49 2 0
50 2 0
51 2 0
52 2 0
53 2 0
54 2 0
55 2 0
56 1 0
57 1 0
58 1 0
59 1 0
60 1 0
61 1 0
62 1 0
63 1 0
64 21 0
65 29 0
66 36 0
67 35 0
68 28 0
69 24 0
70 27 0
71 32 0
72 36 0
73 41 0
74 45 0
75 43 0
76 37 0
77 31 0
78 29 0
79 30 0
80 13 0
81 13 0
82 15 0
83 19 0
84 21 0
85 19 0
86 19 0
87 21 0
88 19 0
89 21 0
90 17 0
91 18 0
92 25 0
93 25 0
94 21 0
95 23 0
96 21 0
97 21 0
98 23 0
99 27 0
100 28 0
101 23 0
102 21 0
103 22 0
104 18 0
105 18 0
106 17 0
107 17 0
108 15 0
109 13 0
110 10 0
111 9 0
112 12 0
113 16 0
114 21 0
115 25 0
116 29 0
117 30 0
118 26 0
119 19 0
120 6 0
121 15 0
122 14 0
123 4 0
124 6 0
125 21 0
126 30 0
127 27 0
128 24 0
129 22 0
130 18 0
131 16 0
132 16 0
133 18 0
134 20 0
135 21 0
136 17 0
137 22 0
138 25 0
139 21 0
140 14 0
141 10 0
142 14 0
143 20 0
144 38 0
145 30 0
146 27 0
147 29 0
148 30 0
149 29 0
150 36 0
151 47 0
152 27 0
153 21 0
154 17 0
155 20 0
156 24 0
157 23 0
158 21 0
159 20 0
160 40 0
161 44 0
162 42 0
163 36 0
164 34 0
165 37 0
166 34 0
167 28 0
168 25 0
169 26 0
170 34 0
171 39 0
172 40 0
173 47 0
174 43 0
175 27 0
176 14 0
177 10 0
178 5 0
179 2 0
180 2 0
181 4 0
182 5 0
183 6 0
184 2 0
185 2 0
186 2 0
187 2 0
188 2 0
189 2 0
190 2 0
191 2 0
192 3 0
193 3 0
194 3 0
195 3 0
196 3 0
197 3 0
198 3 0
199 3 0
200 2 0
201 2 0
202 2 0
203 2 0
204 2 0
205 1 0
206 1 0
207 1 0
208 2 0
209 2 0
210 2 0
211 2 0
212 2 0
213 2 0
214 2 0
215 2 0
216 3 0
217 3 0
218 3 0
219 3 0
220 3 0
221 3 0
222 3 0
223 3 0
224 2 0
225 2 0
226 2 0
227 2 0
228 2 0
229 2 0
230 2 0
231 2 0
232 2 0
233 2 0
234 2 0
235 2 0
236 2 0
237 2 0
238 2 0
239 2 0
240 2 0
241 2 0
242 2 0
243 2 0
244 2 0
245 2 0
246 2 0
247 2 0
248 2 0
249 2 0
250 2 0
251 2 0
252 2 0
253 2 0
254 2 0
255 2 0

0 2 0
1 2 0
2 2 0
3 2 0
4 2 0
5 2 0
6 2 0
7 2 0
8 2 0
9 2 0
10 2 0
11 2 0
12 2 0
13 2 0
14 2 0
15 2 0
16 1 0
17 1 0
18 1 0
19 1 0
20 2 0
21 2 0
22 2 0
23 2 0
24 2 0
25 2 0
26 2 0
27 2 0
28 2 0
29 2 0
30 2 0
31 2 0
32 3 0
33 3 0
34 2 0
35 1 0
36 1 0
37 0 0
38 0 0
39 0 0
40 1 0
41 1 0
42 1 0
43 1 0
44 1 0
45 1 0
46 1 0
47 1 0
48 1 0
49 1 0
50 1 0
51 1 0
52 1 0
53 1 0
54 1 0
55 1 0
56 1 0
57 1 0
58 1 0
59 1 0
60 1 0
61 1 0
62 1 0
63 1 0
64 3 0
65 1 0
66 1 0
67 3 0
68 6 0
69 6 0
70 4 0
71 1 0
72 0 0
73 2 0
74 7 0
75 6 0
76 2 0
77 0 0
78 1 0
79 4 0
80 3 0
81 1 0
82 3 0
83 7 0
84 7 0
85 4 0
86 5 0
87 8 0
88 5 0
89 1 0
90 3 0
91 4 0
92 1 0
93 3 0
94 6 0
95 1 0
96 4 0
97 2 0
98 3 0
99 6 0
100 5 0
101 2 0
102 2 0
103 4 0
104 10 0
105 10 0
106 9 0
107 7 0
108 4 0
109 3 0
110 3 0
111 4 0
112 5 0
113 9 0
114 11 0
115 8 0
116 7 0
117 8 0
118 6 0
119 2 0
120 4 0
121 7 0
122 5 0
123 0 0
124 0 0
125 6 0
126 9 0
127 6 0
128 13 0
129 10 0
130 6 0
131 5 0
132 6 0
133 8 0
134 10 0
135 10 0
136 0 0
137 5 0
138 9 0
139 7 0
140 3 0
141 2 0
142 6 0
143 9 0
144 2 0
145 1 0
146 0 0
147 0 0
148 0 0
149 3 0
150 6 0
151 7 0
152 9 0
153 5 0
154 4 0
155 8 0
156 10 0
157 8 0
158 7 0
159 8 0
160 9 0
161 7 0
162 6 0
163 8 0
164 10 0
165 10 0
166 9 0
167 9 0
168 6 0
169 6 0
170 10 0
171 8 0
172 3 0
173 8 0
174 9 0
175 0 0
176 7 0
177 5 0
178 2 0
179 1 0
180 2 0
181 3 0
182 5 0
183 5 0
184 2 0
185 2 0
186 2 0
187 2 0
188 2 0
189 2 0
190 2 0
191 2 0
192 1 0
193 1 0
194 1 0
195 1 0
196 1 0
197 1 0
198 1 0
199 1 0
200 1 0
201 1 0
202 1 0
203 1 0
204 1 0
205 1 0
206 1 0
207 1 0
208 2 0
209 2 0
210 2 0
211 2 0
212 2 0
213 2 0
214 2 0
215 2 0
216 3 0
217 3 0
218 3 0
219 3 0
220 3 0
221 3 0
222 3 0
223 3 0
224 2 0
225 2 0
226 2 0
227 2 0
228 2 0
229 2 0
230 2 0
231 2 0
232 2 0
233 2 0
234 2 0
235 2 0
236 2 0
237 2 0
238 2 0
239 2 0
240 2 0
241 2 0
242 2 0
243 2 0
244 2 0
245 2 0
246 2 0
247 2 0
248 2 0
249 2 0
250 2 0
251 2 0
252 2 0
253 2 0
254 2 0
255 2 0

0 2 0
1 2 0
2 2 0
3 2 0
4 2 0
5 2 0
6 2 0
7 2 0
8 2 0
9 2 0
10 2 0
11 2 0
12 2 0
13 2 0
14 2 0
15 2 0
16 0 0
17 0 0
18 0 0
19 1 0
20 1 0
21 1 0
22 1 0
23 2 0
24 2 0
25 2 0
26 2 0
27 2 0
28 2 0
29 2 0
30 2 0
31 2 0
32 3 0
33 2 0
34 2 0
35 1 0
36 1 0
37 0 0
38 0 0
39 0 0
40 1 0
41 1 0
42 1 0
43 1 0
44 1 0
45 1 0
46 1 0
47 1 0
48 0 0
49 0 0
50 0 0
51 0 0
52 0 0
53 0 0
54 0 0
55 0 0
56 1 0
57 1 0
58 1 0
59 1 0
60 1 0
61 1 0
62 1 0
63 1 0
64 0 0
65 4 0
66 10 0
67 8 0
68 0 0
69 0 0
70 0 0
71 4 0
72 0 0
73 2 0
74 5 0
75 3 0
76 0 0
77 0 0
78 4 0
79 8 0
80 1 0
81 0 0
82 0 0
83 3 0
84 2 0
85 0 0
86 0 0
87 2 0
88 10 0
89 2 0
90 8 0
91 8 0
92 0 0
93 1 0
94 7 0
95 0 0
96 2 0
97 0 0
98 0 0
99 1 0
100 2 0
101 2 0
102 4 0
103 7 0
104 2 0
105 3 0
106 2 0
107 1 0
108 0 0
109 1 0
110 5 0
111 8 0
112 0 0
113 6 0
114 8 0
115 1 0
116 0 0
117 0 0
118 3 0
119 3 0
120 4 0
121 0 0
122 0 0
123 1 0
124 4 0
125 3 0
126 0 0
127 0 0
128 3 0
129 1 0
130 0 0
131 0 0
132 2 0
133 2 0
134 0 0
135 0 0
136 0 0
137 2 0
138 5 0
139 3 0
140 0 0
141 0 0
142 0 0
143 1 0
144 3 0
145 5 0
146 3 0
147 0 0
148 0 0
149 4 0
150 3 0
151 0 0
152 1 0
153 0 0
154 0 0
155 3 0
156 4 0
157 1 0
158 0 0
159 2 0
160 10 0
161 0 0
162 0 0
163 8 0
164 9 0
165 0 0
166 0 0
167 3 0
168 1 0
169 0 0
170 2 0
171 3 0
172 0 0
173 0 0
174 6 0
175 3 0
176 4 0
177 3 0
178 1 0
179 1 0
180 1 0
181 3 0
182 3 0
183 4 0
184 2 0
185 2 0
186 2 0
187 2 0
188 2 0
189 2 0
190 2 0
191 2 0
192 1 0
193 1 0
194 1 0
195 1 0
196 1 0
197 1 0
198 1 0
199 1 0
200 0 0
201 0 0
202 1 0
203 1 0
204 1 0
205 1 0
206 1 0
207 2 0
208 2 0
209 2 0
210 2 0
211 2 0
212 2 0
213 2 0
214 2 0
215 2 0
216 3 0
217 3 0
218 3 0
219 3 0
220 3 0
221 3 0
222 3 0
223 3 0
224 2 0
225 2 0
226 2 0
227 2 0
228 2 0
229 2 0
230 2 0
231 2 0
232 2 0
233 2 0
234 2 0
235 2 0
236 2 0
237 2 0
238 2 0
239 2 0
240 2 0
241 2 0
242 2 0
243 2 0
244 2 0
245 2 0
246 2 0
247 2 0
248 2 0
249 2 0
250 2 0
251 2 0
252 2 0
253 2 0
254 2 0
255 2 0

