0 0 0
1 0 0
2 0 0
3 0 0
4 0 0
5 0 0
6 0 0
7 0 0
8 0 0
9 0 0
10 0 0
11 0 0
12 0 0
13 0 0
14 0 0
15 0 0
16 0 0
17 0 0
18 0 0
19 0 0
20 0 0
21 0 0
22 0 0
23 0 0
24 0 0
25 0 0
26 0 0
27 0 0
28 0 0
29 0 0
30 0 0
31 0 0
32 0 0
33 0 0
34 0 0
35 0 0
36 0 0
37 0 0
38 0 0
39 0 0
40 0 0
41 0 0
42 0 0
43 0 0
44 0 0
45 0 0
46 0 0
47 0 0
48 0 0
49 0 0
50 0 0
51 0 0
52 0 0
53 0 0
54 7 0
55 17 0
56 26 0
57 41 0
58 64 0
59 83 0
60 86 0
61 80 0
62 70 0
63 55 0
64 47 0
65 51 0
66 48 0
67 44 0
68 42 0
69 40 0
70 46 0
71 45 0
72 44 0
73 48 0
74 48 0
75 47 0
76 45 0
77 42 0
78 41 0
79 44 0
80 51 0
81 58 0
82 59 0
83 56 0
84 53 0
85 52 0
86 51 0
87 49 0
88 49 0
89 53 0
90 62 0
91 67 0
92 67 0
93 62 0
94 60 0
95 57 0
96 55 0
97 49 0
98 47 0
99 47 0
100 49 0
101 47 0
102 44 0
103 40 0
104 41 0
105 43 0
106 45 0
107 44 0
108 44 0
109 48 0
110 53 0
111 55 0
112 50 0
113 43 0
114 34 0
115 32 0
116 33 0
117 36 0
118 37 0
119 36 0
120 34 0
121 31 0
122 29 0
123 28 0
124 27 0
125 26 0
126 26 0
127 25 0
128 25 0
129 24 0
130 24 0
131 23 0
132 23 0
133 23 0
134 24 0
135 23 0
136 24 0
137 25 0
138 27 0
139 29 0
140 31 0
141 32 0
142 32 0
143 32 0
144 31 0
145 29 0
146 29 0
147 30 0
148 35 0
149 40 0
150 41 0
151 36 0
152 29 0
153 25 0
154 28 0
155 34 0
156 39 0
157 39 0
158 37 0
159 36 0
160 40 0
161 51 0
162 64 0
163 72 0
164 72 0
165 66 0
166 56 0
167 49 0
168 44 0
169 41 0
170 41 0
171 43 0
172 43 0
173 44 0
174 43 0
175 45 0
176 49 0
177 51 0
178 51 0
179 52 0
180 53 0
181 53 0
182 53 0
183 53 0
184 54 0
185 57 0
186 59 0
187 61 0
188 63 0
189 68 0
190 76 0
191 89 0
192 91 0
193 67 0
194 42 0
195 40 0
196 37 0
197 33 0
198 28 0
199 22 0
200 14 0
201 5 0
202 0 0
203 0 0
204 0 0
205 0 0
206 0 0
207 0 0
208 0 0
209 0 0
210 0 0
211 0 0
212 0 0
213 0 0
214 0 0
215 0 0
216 0 0
217 0 0
218 0 0
219 0 0
220 0 0
221 0 0
222 0 0
223 0 0
224 0 0
225 0 0
226 0 0
227 0 0
228 0 0
229 0 0
230 0 0
231 0 0
232 0 0
233 0 0
234 0 0
235 0 0
236 0 0
237 0 0
238 0 0
239 0 0
240 0 0
241 0 0
242 0 0
243 0 0
244 0 0
245 0 0
246 0 0
247 0 0
248 0 0
249 0 0
250 0 0
251 0 0
252 0 0
253 0 0
254 0 0
255 0 0

0 0 0
1 0 0
2 0 0
3 0 0
4 0 0
5 0 0
6 0 0
7 0 0
8 0 0
9 0 0
10 0 0
11 0 0
12 0 0
13 0 0
14 0 0
15 0 0
16 0 0
17 0 0
18 0 0
19 0 0
20 0 0
21 0 0
22 0 0
23 0 0
24 0 0
25 0 0
26 0 0
27 0 0
28 0 0
29 0 0
30 0 0
31 0 0
32 0 0
33 0 0
34 0 0
35 0 0
36 0 0
37 0 0
38 0 0
39 0 0
40 0 0
41 0 0
42 0 0
43 0 0
44 0 0
45 0 0
46 0 0
47 1 0
48 14 0
49 29 0
50 46 0
51 60 0
52 68 0
53 75 0
54 75 0
55 66 0
56 59 0
57 70 0
58 90 0
59 94 0
60 87 0
61 92 0
62 90 0
63 75 0
64 65 0
65 72 0
66 80 0
67 81 0
68 79 0
69 73 0
70 65 0
71 57 0
72 54 0
73 51 0
74 51 0
75 54 0
76 51 0
77 49 0
78 52 0
79 60 0
80 68 0
81 71 0
82 68 0
83 63 0
84 63 0
85 67 0
86 70 0
87 67 0
88 61 0
89 58 0
90 61 0
91 65 0
92 67 0
93 68 0
94 66 0
95 63 0
96 58 0
97 58 0
98 65 0
99 71 0
100 70 0
101 58 0
102 44 0
103 36 0
104 41 0
105 51 0
106 56 0
107 58 0
108 58 0
109 65 0
110 70 0
111 70 0
112 58 0
113 46 0
114 34 0
115 32 0
116 33 0
117 36 0
118 39 0
119 38 0
120 36 0
121 35 0
122 34 0
123 32 0
124 31 0
125 29 0
126 28 0
127 26 0
128 25 0
129 25 0
130 26 0
131 25 0
132 25 0
133 24 0
134 24 0
135 24 0
136 26 0
137 27 0
138 31 0
139 34 0
140 37 0
141 39 0
142 39 0
143 37 0
144 34 0
145 32 0
146 30 0
147 34 0
148 41 0
149 51 0
150 57 0
151 53 0
152 43 0
153 30 0
154 27 0
155 31 0
156 39 0
157 44 0
158 43 0
159 38 0
160 42 0
161 51 0
162 69 0
163 78 0
164 80 0
165 69 0
166 60 0
167 51 0
168 49 0
169 45 0
170 45 0
171 45 0
172 45 0
173 44 0
174 42 0
175 42 0
176 44 0
177 48 0
178 51 0
179 56 0
180 59 0
181 60 0
182 59 0
183 54 0
184 50 0
185 46 0
186 46 0
187 50 0
188 55 0
189 61 0
190 63 0
191 61 0
192 61 0
193 56 0
194 42 0
195 41 0
196 39 0
197 41 0
198 46 0
199 51 0
200 56 0
201 60 0
202 60 0
203 55 0
204 48 0
205 36 0
206 23 0
207 12 0
208 1 0
209 0 0
210 0 0
211 0 0
212 0 0
213 0 0
214 0 0
215 0 0
216 0 0
217 0 0
218 0 0
219 0 0
220 0 0
221 0 0
222 0 0
223 0 0
224 0 0
225 0 0
226 0 0
227 0 0
228 0 0
229 0 0
230 0 0
231 0 0
232 0 0
233 0 0
234 0 0
235 0 0
236 0 0
237 0 0
238 0 0
239 0 0
240 0 0
241 0 0
242 0 0
243 0 0
244 0 0
245 0 0
246 0 0
247 0 0
248 0 0
249 0 0
250 0 0
251 0 0
252 0 0
253 0 0
254 0 0
255 0 0

0 0 0
1 0 0
2 0 0
3 0 0
4 0 0
5 0 0
6 0 0
7 0 0
8 0 0
9 0 0
10 0 0
11 0 0
12 0 0
13 0 0
14 0 0
15 0 0
16 0 0
17 0 0
18 0 0
19 0 0
20 0 0
21 0 0
22 0 0
23 0 0
24 0 0
25 0 0
26 0 0
27 0 0
28 0 0
29 0 0
30 0 0
31 0 0
32 0 0
33 0 0
34 0 0
35 0 0
36 0 0
37 0 0
38 0 0
39 0 0
40 0 0
41 11 0
42 25 0
43 44 0
44 61 0
45 71 0
46 78 0
47 84 0
48 82 0
49 86 0
50 94 0
51 92 0
52 82 0
53 77 0
54 80 0
55 83 0
56 80 0
57 73 0
58 70 0
59 83 0
60 118 0
61 142 0
62 139 0
63 120 0
64 97 0
65 90 0
66 98 0
67 106 0
68 104 0
69 100 0
70 95 0
71 89 0
72 85 0
73 83 0
74 78 0
75 66 0
76 61 0
77 66 0
78 74 0
79 82 0
80 82 0
81 78 0
82 73 0
83 72 0
84 78 0
85 85 0
86 87 0
87 83 0
88 74 0
89 69 0
90 68 0
91 72 0
92 78 0
93 83 0
94 83 0
95 73 0
96 63 0
97 59 0
98 69 0
99 82 0
100 84 0
101 73 0
102 60 0
103 56 0
104 63 0
105 71 0
106 73 0
107 70 0
108 68 0
109 70 0
110 72 0
111 68 0
112 57 0
113 46 0
114 36 0
115 34 0
116 35 0
117 37 0
118 38 0
119 37 0
120 36 0
121 36 0
122 35 0
123 35 0
124 34 0
125 33 0
126 31 0
127 29 0
128 29 0
129 28 0
130 28 0
131 27 0
132 26 0
133 26 0
134 25 0
135 26 0
136 28 0
137 30 0
138 34 0
139 36 0
140 39 0
141 40 0
142 39 0
143 37 0
144 34 0
145 33 0
146 33 0
147 36 0
148 39 0
149 51 0
150 59 0
151 65 0
152 56 0
153 43 0
154 29 0
155 27 0
156 33 0
157 42 0
158 45 0
159 44 0
160 43 0
161 54 0
162 68 0
163 84 0
164 84 0
165 73 0
166 58 0
167 48 0
168 46 0
169 49 0
170 57 0
171 64 0
172 68 0
173 69 0
174 63 0
175 58 0
176 54 0
177 57 0
178 62 0
179 64 0
180 69 0
181 71 0
182 70 0
183 66 0
184 59 0
185 53 0
186 51 0
187 54 0
188 54 0
189 57 0
190 64 0
191 64 0
192 55 0
193 56 0
194 56 0
195 56 0
196 58 0
197 58 0
198 56 0
199 58 0
200 61 0
201 63 0
202 62 0
203 66 0
204 73 0
205 73 0
206 68 0
207 74 0
208 89 0
209 83 0
210 71 0
211 63 0
212 51 0
213 33 0
214 14 0
215 0 0
216 0 0
217 0 0
218 0 0
219 0 0
220 0 0
221 0 0
222 0 0
223 0 0
224 0 0
225 0 0
226 0 0
227 0 0
228 0 0
229 0 0
230 0 0
231 0 0
232 0 0
233 0 0
234 0 0
235 0 0
236 0 0
237 0 0
238 0 0
239 0 0
240 0 0
241 0 0
242 0 0
243 0 0
244 0 0
245 0 0
246 0 0
247 0 0
248 0 0
249 0 0
250 0 0
251 0 0
252 0 0
253 0 0
254 0 0
255 0 0

0 0 0
1 0 0
2 0 0
3 0 0
4 0 0
5 0 0
6 0 0
7 0 0
8 0 0
9 0 0
10 0 0
11 0 0
12 0 0
13 0 0
14 0 0
15 0 0
16 0 0
17 0 0
18 0 0
19 0 0
20 0 0
21 0 0
22 0 0
23 0 0
24 0 0
25 0 0
26 0 0
27 0 0
28 0 0
29 0 0
30 0 0
31 0 0
32 0 0
33 2 0
34 11 0
35 23 0
36 38 0
37 51 0
38 64 0
39 76 0
40 87 0
41 88 0
42 90 0
43 99 0
44 102 0
45 91 0
46 84 0
47 87 0
48 96 0
49 105 0
50 111 0
51 115 0
52 115 0
53 119 0
54 129 0
55 128 0
56 116 0
57 112 0
58 103 0
59 88 0
60 85 0
61 107 0
62 131 0
63 126 0
64 118 0
65 124 0
66 127 0
67 122 0
68 115 0
69 114 0
70 115 0
71 113 0
72 105 0
73 98 0
74 95 0
75 95 0
76 95 0
77 99 0
78 104 0
79 101 0
80 93 0
81 85 0
82 86 0
83 91 0
84 98 0
85 104 0
86 105 0
87 103 0
88 100 0
89 101 0
90 103 0
91 107 0
92 110 0
93 110 0
94 100 0
95 80 0
96 64 0
97 53 0
98 59 0
99 69 0
100 78 0
101 81 0
102 87 0
103 95 0
104 100 0
105 98 0
106 88 0
107 75 0
108 68 0
109 64 0
110 63 0
111 59 0
112 54 0
113 48 0
114 44 0
115 40 0
116 38 0
117 38 0
118 38 0
119 38 0
120 37 0
121 36 0
122 36 0
123 36 0
124 38 0
125 36 0
126 34 0
127 31 0
128 30 0
129 29 0
130 28 0
131 28 0
132 28 0
133 27 0
134 28 0
135 29 0
136 31 0
137 33 0
138 35 0
139 36 0
140 38 0
141 39 0
142 39 0
143 36 0
144 34 0
145 35 0
146 38 0
147 43 0
148 47 0
149 52 0
150 60 0
151 69 0
152 71 0
153 66 0
154 48 0
155 35 0
156 30 0
157 36 0
158 41 0
159 45 0
160 44 0
161 51 0
162 63 0
163 78 0
164 86 0
165 80 0
166 65 0
167 58 0
168 56 0
169 69 0
170 79 0
171 96 0
172 107 0
173 115 0
174 116 0
175 110 0
176 100 0
177 90 0
178 78 0
179 69 0
180 69 0
181 76 0
182 88 0
183 92 0
184 87 0
185 81 0
186 79 0
187 85 0
188 89 0
189 88 0
190 89 0
191 95 0
192 99 0
193 103 0
194 110 0
195 114 0
196 107 0
197 97 0
198 96 0
199 99 0
200 97 0
201 94 0
202 90 0
203 87 0
204 83 0
205 82 0
206 84 0
207 86 0
208 91 0
209 92 0
210 90 0
211 105 0
212 121 0
213 121 0
214 115 0
215 113 0
216 98 0
217 80 0
218 63 0
219 42 0
220 21 0
221 8 0
222 1 0
223 0 0
224 0 0
225 0 0
226 0 0
227 0 0
228 0 0
229 0 0
230 0 0
231 0 0
232 0 0
233 0 0
234 0 0
235 0 0
236 0 0
237 0 0
238 0 0
239 0 0
240 0 0
241 0 0
242 0 0
243 0 0
244 0 0
245 0 0
246 0 0
247 0 0
248 0 0
249 0 0
250 0 0
251 0 0
252 0 0
253 0 0
254 0 0
255 0 0

0 0 0
1 0 0
2 0 0
3 0 0
4 0 0
5 0 0
6 0 0
7 0 0
8 0 0
9 0 0
10 0 0
11 0 0
12 0 0
13 0 0
14 0 0
15 0 0
16 0 0
17 0 0
18 0 0
19 0 0
20 0 0
21 0 0
22 0 0
23 0 0
24 0 0
25 2 0
26 7 0
27 14 0
28 20 0
29 23 0
30 34 0
31 51 0
32 71 0
33 75 0
34 67 0
35 75 0
36 83 0
37 80 0
38 83 0
39 86 0
40 88 0
41 89 0
42 100 0
43 119 0
44 133 0
45 143 0
46 151 0
47 154 0
48 154 0
49 147 0
50 137 0
51 126 0
52 116 0
53 110 0
54 104 0
55 100 0
56 105 0
57 120 0
58 138 0
59 144 0
60 132 0
61 122 0
62 118 0
63 113 0
64 113 0
65 128 0
66 154 0
67 161 0
68 150 0
69 147 0
70 145 0
71 144 0
72 135 0
73 122 0
74 114 0
75 115 0
76 123 0
77 128 0
78 121 0
79 105 0
80 95 0
81 95 0
82 103 0
83 117 0
84 125 0
85 125 0
86 127 0
87 131 0
88 136 0
89 137 0
90 133 0
91 130 0
92 129 0
93 129 0
94 117 0
95 99 0
96 74 0
97 58 0
98 55 0
99 58 0
100 64 0
101 78 0
102 94 0
103 107 0
104 108 0
105 98 0
106 80 0
107 68 0
108 60 0
109 56 0
110 53 0
111 50 0
112 49 0
113 47 0
114 46 0
115 42 0
116 39 0
117 39 0
118 40 0
119 41 0
120 40 0
121 38 0
122 38 0
123 39 0
124 41 0
125 39 0
126 35 0
127 29 0
128 26 0
129 26 0
130 26 0
131 27 0
132 28 0
133 28 0
134 30 0
135 32 0
136 35 0
137 37 0
138 38 0
139 37 0
140 37 0
141 38 0
142 40 0
143 38 0
144 34 0
145 36 0
146 45 0
147 57 0
148 66 0
149 64 0
150 66 0
151 71 0
152 85 0
153 89 0
154 79 0
155 57 0
156 43 0
157 34 0
158 38 0
159 40 0
160 44 0
161 47 0
162 58 0
163 70 0
164 80 0
165 87 0
166 87 0
167 86 0
168 88 0
169 100 0
170 123 0
171 139 0
172 152 0
173 149 0
174 149 0
175 144 0
176 144 0
177 135 0
178 116 0
179 98 0
180 90 0
181 98 0
182 111 0
183 118 0
184 115 0
185 106 0
186 95 0
187 86 0
188 84 0
189 82 0
190 83 0
191 86 0
192 91 0
193 93 0
194 94 0
195 93 0
196 98 0
197 112 0
198 129 0
199 142 0
200 142 0
201 134 0
202 131 0
203 132 0
204 130 0
205 130 0
206 144 0
207 153 0
208 141 0
209 138 0
210 148 0
211 143 0
212 128 0
213 122 0
214 119 0
215 115 0
216 114 0
217 110 0
218 105 0
219 92 0
220 69 0
221 53 0
222 46 0
223 35 0
224 24 0
225 17 0
226 13 0
227 11 0
228 9 0
229 5 0
230 1 0
231 0 0
232 0 0
233 0 0
234 0 0
235 0 0
236 0 0
237 0 0
238 0 0
239 0 0
240 0 0
241 0 0
242 0 0
243 0 0
244 0 0
245 0 0
246 0 0
247 0 0
248 0 0
249 0 0
250 0 0
251 0 0
252 0 0
253 0 0
254 0 0
255 0 0

0 0 0
1 0 0
2 0 0
3 0 0
4 0 0
5 0 0
6 0 0
7 0 0
8 0 0
9 0 0
10 0 0
11 0 0
12 0 0
13 0 0
14 0 0
15 0 0
16 3 0
17 8 0
18 12 0
19 17 0
20 23 0
21 28 0
22 30 0
23 39 0
24 56 0
25 60 0
26 51 0
27 51 0
28 46 0
29 37 0
30 44 0
31 61 0
32 78 0
33 85 0
34 90 0
35 100 0
36 117 0
37 128 0
38 134 0
39 128 0
40 114 0
41 125 0
42 162 0
43 181 0
44 174 0
45 161 0
46 145 0
47 131 0
48 126 0
49 120 0
50 107 0
51 100 0
52 104 0
53 114 0
54 124 0
55 122 0
56 107 0
57 103 0
58 115 0
59 123 0
60 127 0
61 140 0
62 144 0
63 130 0
64 105 0
65 105 0
66 137 0
67 170 0
68 175 0
69 158 0
70 148 0
71 145 0
72 145 0
73 143 0
74 140 0
75 134 0
76 129 0
77 117 0
78 105 0
79 93 0
80 92 0
81 107 0
82 127 0
83 139 0
84 139 0
85 134 0
86 134 0
87 141 0
88 147 0
89 144 0
90 132 0
91 125 0
92 130 0
93 142 0
94 140 0
95 126 0
96 98 0
97 85 0
98 71 0
99 69 0
100 66 0
101 71 0
102 76 0
103 83 0
104 80 0
105 73 0
106 62 0
107 58 0
108 53 0
109 52 0
110 49 0
111 47 0
112 47 0
113 46 0
114 44 0
115 41 0
116 40 0
117 39 0
118 40 0
119 39 0
120 38 0
121 37 0
122 38 0
123 39 0
124 40 0
125 39 0
126 36 0
127 32 0
128 31 0
129 30 0
130 31 0
131 30 0
132 29 0
133 27 0
134 29 0
135 31 0
136 36 0
137 39 0
138 40 0
139 39 0
140 38 0
141 39 0
142 41 0
143 39 0
144 36 0
145 36 0
146 48 0
147 63 0
148 76 0
149 73 0
150 69 0
151 72 0
152 86 0
153 98 0
154 95 0
155 76 0
156 56 0
157 44 0
158 37 0
159 36 0
160 38 0
161 44 0
162 49 0
163 58 0
164 66 0
165 88 0
166 110 0
167 129 0
168 139 0
169 140 0
170 149 0
171 153 0
172 155 0
173 139 0
174 116 0
175 109 0
176 127 0
177 153 0
178 162 0
179 142 0
180 116 0
181 105 0
182 105 0
183 118 0
184 119 0
185 112 0
186 108 0
187 110 0
188 112 0
189 109 0
190 105 0
191 109 0
192 111 0
193 109 0
194 112 0
195 119 0
196 120 0
197 116 0
198 116 0
199 125 0
200 142 0
201 161 0
202 181 0
203 191 0
204 194 0
205 203 0
206 206 0
207 192 0
208 185 0
209 187 0
210 177 0
211 154 0
212 134 0
213 129 0
214 135 0
215 139 0
216 141 0
217 143 0
218 144 0
219 130 0
220 95 0
221 64 0
222 51 0
223 38 0
224 23 0
225 17 0
226 19 0
227 27 0
228 34 0
229 37 0
230 33 0
231 25 0
232 22 0
233 24 0
234 21 0
235 14 0
236 9 0
237 4 0
238 2 0
239 0 0
240 0 0
241 0 0
242 0 0
243 0 0
244 0 0
245 0 0
246 0 0
247 0 0
248 0 0
249 0 0
250 0 0
251 0 0
252 0 0
253 0 0
254 0 0
255 0 0

0 0 0
1 0 0
2 0 0
3 2 0
4 2 0
5 3 0
6 5 0
7 7 0
8 8 0
9 10 0
10 9 0
11 12 0
12 17 0
13 20 0
14 24 0
15 31 0
16 40 0
17 46 0
18 43 0
19 44 0
20 46 0
21 43 0
22 38 0
23 47 0
24 61 0
25 61 0
26 52 0
27 53 0
28 59 0
29 72 0
30 93 0
31 115 0
32 145 0
33 168 0
34 172 0
35 161 0
36 157 0
37 164 0
38 174 0
39 182 0
40 184 0
41 191 0
42 201 0
43 192 0
44 160 0
45 127 0
46 112 0
47 110 0
48 105 0
49 87 0
50 74 0
51 76 0
52 84 0
53 82 0
54 82 0
55 97 0
56 112 0
57 108 0
58 98 0
59 92 0
60 89 0
61 92 0
62 111 0
63 123 0
64 110 0
65 87 0
66 101 0
67 141 0
68 168 0
69 167 0
70 142 0
71 123 0
72 119 0
73 127 0
74 135 0
75 134 0
76 125 0
77 110 0
78 95 0
79 90 0
80 100 0
81 120 0
82 142 0
83 148 0
84 142 0
85 132 0
86 130 0
87 138 0
88 142 0
89 137 0
90 126 0
91 122 0
92 134 0
93 149 0
94 156 0
95 149 0
96 132 0
97 120 0
98 103 0
99 93 0
100 78 0
101 73 0
102 70 0
103 68 0
104 63 0
105 57 0
106 53 0
107 52 0
108 51 0
109 49 0
110 47 0
111 47 0
112 49 0
113 51 0
114 52 0
115 51 0
116 50 0
117 45 0
118 41 0
119 38 0
120 38 0
121 39 0
122 39 0
123 38 0
124 37 0
125 40 0
126 45 0
127 52 0
128 56 0
129 60 0
130 60 0
131 59 0
132 54 0
133 51 0
134 45 0
135 43 0
136 41 0
137 41 0
138 40 0
139 39 0
140 39 0
141 40 0
142 42 0
143 40 0
144 37 0
145 35 0
146 45 0
147 58 0
148 70 0
149 71 0
150 66 0
151 68 0
152 78 0
153 92 0
154 95 0
155 90 0
156 77 0
157 69 0
158 54 0
159 40 0
160 34 0
161 34 0
162 38 0
163 37 0
164 47 0
165 71 0
166 113 0
167 133 0
168 132 0
169 120 0
170 123 0
171 142 0
172 151 0
173 129 0
174 87 0
175 70 0
176 95 0
177 147 0
178 164 0
179 140 0
180 93 0
181 67 0
182 73 0
183 91 0
184 110 0
185 127 0
186 137 0
187 134 0
188 128 0
189 134 0
190 147 0
191 154 0
192 154 0
193 152 0
194 145 0
195 140 0
196 129 0
197 119 0
198 124 0
199 138 0
200 155 0
201 177 0
202 202 0
203 225 0
204 237 0
205 231 0
206 210 0
207 176 0
208 144 0
209 137 0
210 142 0
211 137 0
212 132 0
213 132 0
214 122 0
215 106 0
216 98 0
217 117 0
218 170 0
219 203 0
220 176 0
221 128 0
222 105 0
223 101 0
224 90 0
225 72 0
226 50 0
227 39 0
228 40 0
229 37 0
230 32 0
231 27 0
232 27 0
233 36 0
234 37 0
235 30 0
236 23 0
237 12 0
238 9 0
239 5 0
240 7 0
241 5 0
242 4 0
243 4 0
244 3 0
245 1 0
246 3 0
247 2 0
248 0 0
249 1 0
250 0 0
251 0 0
252 0 0
253 0 0
254 0 0
255 0 0

0 1 0
1 4 0
2 4 0
3 28 0
4 19 0
5 17 0
6 22 0
7 23 0
8 21 0
9 22 0
10 17 0
11 20 0
12 25 0
13 25 0
14 28 0
15 33 0
16 41 0
17 44 0
18 40 0
19 49 0
20 58 0
21 66 0
22 76 0
23 82 0
24 92 0
25 100 0
26 104 0
27 139 0
28 173 0
29 171 0
30 188 0
31 204 0
32 179 0
33 169 0
34 180 0
35 189 0
36 207 0
37 220 0
38 216 0
39 198 0
40 174 0
41 143 0
42 106 0
43 75 0
44 62 0
45 72 0
46 89 0
47 102 0
48 101 0
49 86 0
50 71 0
51 73 0
52 81 0
53 79 0
54 70 0
55 67 0
56 76 0
57 86 0
58 90 0
59 96 0
60 103 0
61 109 0
62 116 0
63 122 0
64 109 0
65 85 0
66 73 0
67 90 0
68 129 0
69 151 0
70 154 0
71 142 0
72 126 0
73 121 0
74 115 0
75 107 0
76 100 0
77 97 0
78 98 0
79 95 0
80 102 0
81 122 0
82 139 0
83 148 0
84 140 0
85 132 0
86 129 0
87 132 0
88 132 0
89 126 0
90 123 0
91 125 0
92 137 0
93 144 0
94 154 0
95 156 0
96 158 0
97 149 0
98 137 0
99 117 0
100 95 0
101 86 0
102 78 0
103 73 0
104 64 0
105 53 0
106 49 0
107 47 0
108 49 0
109 47 0
110 46 0
111 47 0
112 52 0
113 58 0
114 63 0
115 63 0
116 59 0
117 49 0
118 43 0
119 39 0
120 41 0
121 44 0
122 43 0
123 39 0
124 34 0
125 33 0
126 35 0
127 42 0
128 46 0
129 51 0
130 53 0
131 54 0
132 52 0
133 50 0
134 44 0
135 41 0
136 39 0
137 39 0
138 39 0
139 40 0
140 41 0
141 41 0
142 41 0
143 39 0
144 38 0
145 36 0
146 44 0
147 55 0
148 64 0
149 68 0
150 65 0
151 65 0
152 72 0
153 83 0
154 98 0
155 104 0
156 109 0
157 103 0
158 88 0
159 64 0
160 49 0
161 38 0
162 34 0
163 29 0
164 38 0
165 62 0
166 95 0
167 129 0
168 133 0
169 129 0
170 130 0
171 144 0
172 152 0
173 138 0
174 112 0
175 96 0
176 115 0
177 145 0
178 154 0
179 121 0
180 81 0
181 63 0
182 72 0
183 75 0
184 83 0
185 99 0
186 115 0
187 124 0
188 135 0
189 139 0
190 132 0
191 117 0
192 103 0
193 102 0
194 112 0
195 129 0
196 149 0
197 161 0
198 171 0
199 176 0
200 164 0
201 141 0
202 132 0
203 137 0
204 147 0
205 145 0
206 116 0
207 80 0
208 69 0
209 78 0
210 87 0
211 108 0
212 134 0
213 138 0
214 121 0
215 97 0
216 77 0
217 93 0
218 154 0
219 209 0
220 211 0
221 181 0
222 164 0
223 161 0
224 144 0
225 114 0
226 87 0
227 69 0
228 62 0
229 58 0
230 48 0
231 36 0
232 26 0
233 24 0
234 27 0
235 34 0
236 33 0
237 25 0
238 19 0
239 10 0
240 8 0
241 6 0
242 5 0
243 5 0
244 5 0
245 2 0
246 8 0
247 4 0
248 2 0
249 4 0
250 2 0
251 3 0
252 1 0
253 3 0
254 4 0
255 3 0

0 1 0
1 4 0
2 4 0
3 20 0
4 17 0
5 17 0
6 16 0
7 22 0
8 18 0
9 17 0
10 16 0
11 14 0
12 14 0
13 21 0
14 43 0
15 49 0
16 45 0
17 56 0
18 68 0
19 78 0
20 80 0
21 89 0
22 120 0
23 137 0
24 166 0
25 211 0
26 226 0
27 237 0
28 255 0
29 245 0
30 226 0
31 229 0
32 233 0
33 229 0
34 237 0
35 233 0
36 229 0
37 228 0
38 203 0
39 158 0
40 98 0
41 39 0
42 12 0
43 26 0
44 70 0
45 112 0
46 128 0
47 115 0
48 87 0
49 63 0
50 60 0
51 73 0
52 80 0
53 73 0
54 63 0
55 63 0
56 66 0
57 68 0
58 70 0
59 71 0
60 74 0
61 89 0
62 111 0
63 121 0
64 114 0
65 95 0
66 71 0
67 65 0
68 78 0
69 104 0
70 127 0
71 134 0
72 141 0
73 138 0
74 124 0
75 107 0
76 95 0
77 95 0
78 96 0
79 93 0
80 98 0
81 114 0
82 138 0
83 144 0
84 138 0
85 134 0
86 134 0
87 131 0
88 124 0
89 122 0
90 125 0
91 132 0
92 134 0
93 139 0
94 149 0
95 157 0
96 156 0
97 144 0
98 129 0
99 108 0
100 96 0
101 89 0
102 80 0
103 74 0
104 60 0
105 50 0
106 46 0
107 47 0
108 49 0
109 49 0
110 49 0
111 49 0
112 56 0
113 62 0
114 67 0
115 64 0
116 58 0
117 51 0
118 48 0
119 48 0
120 50 0
121 50 0
122 46 0
123 42 0
124 36 0
125 33 0
126 30 0
127 28 0
128 27 0
129 28 0
130 29 0
131 31 0
132 32 0
133 32 0
134 32 0
135 33 0
136 35 0
137 39 0
138 41 0
139 42 0
140 41 0
141 41 0
142 40 0
143 40 0
144 41 0
145 44 0
146 51 0
147 59 0
148 63 0
149 62 0
150 57 0
151 54 0
152 57 0
153 63 0
154 77 0
155 94 0
156 109 0
157 120 0
158 119 0
159 109 0
160 90 0
161 74 0
162 56 0
163 56 0
164 66 0
165 95 0
166 119 0
167 132 0
168 140 0
169 145 0
170 154 0
171 151 0
172 139 0
173 127 0
174 129 0
175 139 0
176 154 0
177 163 0
178 153 0
179 125 0
180 109 0
181 118 0
182 123 0
183 111 0
184 90 0
185 83 0
186 98 0
187 116 0
188 122 0
189 116 0
190 110 0
191 112 0
192 125 0
193 147 0
194 154 0
195 139 0
196 133 0
197 134 0
198 118 0
199 84 0
200 56 0
201 44 0
202 42 0
203 45 0
204 51 0
205 53 0
206 51 0
207 51 0
208 53 0
209 58 0
210 78 0
211 112 0
212 140 0
213 139 0
214 117 0
215 94 0
216 80 0
217 86 0
218 115 0
219 167 0
220 213 0
221 217 0
222 191 0
223 161 0
224 136 0
225 135 0
226 142 0
227 127 0
228 120 0
229 126 0
230 117 0
231 93 0
232 63 0
233 39 0
234 24 0
235 22 0
236 31 0
237 37 0
238 35 0
239 31 0
240 22 0
241 11 0
242 4 0
243 5 0
244 1 0
245 5 0
246 5 0
247 2 0
248 4 0
249 2 0
250 1 0
251 2 0
252 1 0
253 4 0
254 4 0
255 4 0

0 3 0
1 1 0
2 3 0
3 0 0
4 4 0
5 10 0
6 5 0
7 4 0
8 8 0
9 12 0
10 6 0
11 9 0
12 35 0
13 52 0
14 49 0
15 44 0
16 53 0
17 73 0
18 85 0
19 83 0
20 88 0
21 133 0
22 181 0
23 174 0
24 169 0
25 192 0
26 183 0
27 150 0
28 136 0
29 139 0
30 169 0
31 205 0
32 203 0
33 190 0
34 187 0
35 165 0
36 125 0
37 96 0
38 80 0
39 61 0
40 27 0
41 5 0
42 40 0
43 108 0
44 163 0
45 196 0
46 205 0
47 179 0
48 132 0
49 90 0
50 68 0
51 60 0
52 53 0
53 42 0
54 38 0
55 45 0
56 54 0
57 59 0
58 62 0
59 63 0
60 62 0
61 70 0
62 86 0
63 97 0
64 95 0
65 88 0
66 87 0
67 83 0
68 72 0
69 70 0
70 71 0
71 81 0
72 103 0
73 118 0
74 124 0
75 114 0
76 104 0
77 99 0
78 90 0
79 82 0
80 86 0
81 116 0
82 140 0
83 144 0
84 143 0
85 147 0
86 154 0
87 151 0
88 142 0
89 139 0
90 146 0
91 151 0
92 152 0
93 154 0
94 154 0
95 145 0
96 123 0
97 105 0
98 92 0
99 88 0
100 87 0
101 77 0
102 68 0
103 58 0
104 49 0
105 46 0
106 45 0
107 47 0
108 48 0
109 49 0
110 51 0
111 56 0
112 62 0
113 66 0
114 66 0
115 61 0
116 53 0
117 50 0
118 53 0
119 57 0
120 57 0
121 53 0
122 45 0
123 41 0
124 38 0
125 37 0
126 36 0
127 36 0
128 37 0
129 38 0
130 37 0
131 36 0
132 34 0
133 33 0
134 33 0
135 34 0
136 37 0
137 41 0
138 44 0
139 44 0
140 42 0
141 41 0
142 41 0
143 42 0
144 45 0
145 49 0
146 55 0
147 60 0
148 59 0
149 56 0
150 51 0
151 49 0
152 47 0
153 49 0
154 53 0
155 71 0
156 88 0
157 110 0
158 127 0
159 136 0
160 131 0
161 117 0
162 103 0
163 104 0
164 114 0
165 120 0
166 111 0
167 100 0
168 110 0
169 134 0
170 151 0
171 144 0
172 130 0
173 129 0
174 137 0
175 152 0
176 161 0
177 166 0
178 157 0
179 144 0
180 140 0
181 155 0
182 171 0
183 166 0
184 147 0
185 132 0
186 129 0
187 121 0
188 120 0
189 132 0
190 147 0
191 162 0
192 154 0
193 110 0
194 71 0
195 55 0
196 51 0
197 45 0
198 27 0
199 19 0
200 26 0
201 36 0
202 37 0
203 34 0
204 33 0
205 35 0
206 34 0
207 36 0
208 45 0
209 59 0
210 79 0
211 105 0
212 119 0
213 108 0
214 94 0
215 86 0
216 86 0
217 86 0
218 91 0
219 123 0
220 179 0
221 215 0
222 211 0
223 185 0
224 166 0
225 176 0
226 182 0
227 177 0
228 181 0
229 178 0
230 169 0
231 166 0
232 155 0
233 129 0
234 82 0
235 46 0
236 32 0
237 20 0
238 16 0
239 27 0
240 34 0
241 33 0
242 22 0
243 9 0
244 4 0
245 4 0
246 3 0
247 7 0
248 2 0
249 4 0
250 1 0
251 3 0
252 3 0
253 2 0
254 4 0
255 3 0

0 0 0
1 0 0
2 2 0
3 4 0
4 4 0
5 1 0
6 3 0
7 2 0
8 3 0
9 4 0
10 12 0
11 47 0
12 61 0
13 45 0
14 38 0
15 57 0
16 79 0
17 91 0
18 112 0
19 153 0
20 186 0
21 195 0
22 176 0
23 127 0
24 94 0
25 87 0
26 65 0
27 38 0
28 29 0
29 25 0
30 15 0
31 51 0
32 94 0
33 87 0
34 71 0
35 70 0
36 88 0
37 106 0
38 98 0
39 76 0
40 40 0
41 28 0
42 98 0
43 180 0
44 201 0
45 196 0
46 201 0
47 204 0
48 199 0
49 183 0
50 165 0
51 142 0
52 103 0
53 61 0
54 42 0
55 32 0
56 28 0
57 34 0
58 39 0
59 43 0
60 61 0
61 83 0
62 90 0
63 78 0
64 66 0
65 74 0
66 96 0
67 108 0
68 103 0
69 88 0
70 80 0
71 82 0
72 87 0
73 95 0
74 97 0
75 90 0
76 83 0
77 78 0
78 68 0
79 58 0
80 75 0
81 109 0
82 138 0
83 155 0
84 153 0
85 145 0
86 138 0
87 137 0
88 144 0
89 162 0
90 166 0
91 162 0
92 155 0
93 151 0
94 142 0
95 114 0
96 90 0
97 82 0
98 87 0
99 93 0
100 85 0
101 68 0
102 56 0
103 45 0
104 44 0
105 47 0
106 50 0
107 50 0
108 49 0
109 49 0
110 51 0
111 58 0
112 62 0
113 66 0
114 64 0
115 59 0
116 52 0
117 49 0
118 51 0
119 55 0
120 55 0
121 51 0
122 43 0
123 39 0
124 37 0
125 38 0
126 41 0
127 48 0
128 53 0
129 59 0
130 59 0
131 56 0
132 50 0
133 47 0
134 42 0
135 40 0
136 39 0
137 41 0
138 45 0
139 47 0
140 47 0
141 46 0
142 46 0
143 48 0
144 51 0
145 54 0
146 55 0
147 55 0
148 53 0
149 52 0
150 50 0
151 49 0
152 46 0
153 45 0
154 47 0
155 55 0
156 70 0
157 83 0
158 107 0
159 122 0
160 129 0
161 127 0
162 123 0
163 127 0
164 130 0
165 124 0
166 106 0
167 100 0
168 115 0
169 139 0
170 152 0
171 147 0
172 142 0
173 139 0
174 142 0
175 148 0
176 159 0
177 166 0
178 164 0
179 152 0
180 148 0
181 159 0
182 177 0
183 189 0
184 186 0
185 175 0
186 162 0
187 163 0
188 176 0
189 188 0
190 166 0
191 107 0
192 51 0
193 19 0
194 17 0
195 23 0
196 21 0
197 20 0
198 23 0
199 25 0
200 23 0
201 25 0
202 29 0
203 28 0
204 29 0
205 35 0
206 49 0
207 64 0
208 74 0
209 81 0
210 94 0
211 95 0
212 77 0
213 65 0
214 68 0
215 76 0
216 93 0
217 110 0
218 91 0
219 59 0
220 71 0
221 107 0
222 136 0
223 149 0
224 148 0
225 151 0
226 166 0
227 181 0
228 174 0
229 155 0
230 159 0
231 175 0
232 186 0
233 191 0
234 162 0
235 117 0
236 90 0
237 61 0
238 36 0
239 23 0
240 20 0
241 23 0
242 28 0
243 29 0
244 16 0
245 5 0
246 6 0
247 2 0
248 7 0
249 1 0
250 2 0
251 3 0
252 1 0
253 1 0
254 6 0
255 2 0

0 2 0
1 0 0
2 6 0
3 3 0
4 2 0
5 1 0
6 5 0
7 2 0
8 5 0
9 11 0
10 45 0
11 56 0
12 44 0
13 38 0
14 58 0
15 86 0
16 114 0
17 146 0
18 186 0
19 221 0
20 214 0
21 159 0
22 110 0
23 85 0
24 79 0
25 74 0
26 50 0
27 29 0
28 30 0
29 33 0
30 32 0
31 44 0
32 69 0
33 78 0
34 72 0
35 83 0
36 123 0
37 142 0
38 106 0
39 72 0
40 45 0
41 26 0
42 82 0
43 173 0
44 210 0
45 206 0
46 203 0
47 203 0
48 210 0
49 223 0
50 225 0
51 213 0
52 191 0
53 161 0
54 125 0
55 87 0
56 52 0
57 30 0
58 19 0
59 19 0
60 34 0
61 63 0
62 83 0
63 72 0
64 54 0
65 61 0
66 86 0
67 106 0
68 109 0
69 98 0
70 90 0
71 93 0
72 100 0
73 100 0
74 90 0
75 75 0
76 64 0
77 60 0
78 51 0
79 53 0
80 73 0
81 117 0
82 160 0
83 166 0
84 152 0
85 111 0
86 74 0
87 63 0
88 96 0
89 139 0
90 153 0
91 147 0
92 135 0
93 134 0
94 121 0
95 103 0
96 95 0
97 103 0
98 113 0
99 106 0
100 81 0
101 62 0
102 49 0
103 46 0
104 47 0
105 49 0
106 51 0
107 48 0
108 48 0
109 50 0
110 55 0
111 60 0
112 60 0
113 61 0
114 61 0
115 61 0
116 57 0
117 54 0
118 53 0
119 52 0
120 50 0
121 46 0
122 43 0
123 43 0
124 44 0
125 44 0
126 43 0
127 46 0
128 51 0
129 57 0
130 58 0
131 56 0
132 50 0
133 46 0
134 43 0
135 41 0
136 40 0
137 42 0
138 46 0
139 48 0
140 47 0
141 44 0
142 44 0
143 49 0
144 55 0
145 58 0
146 56 0
147 52 0
148 50 0
149 51 0
150 52 0
151 50 0
152 47 0
153 46 0
154 49 0
155 50 0
156 53 0
157 58 0
158 72 0
159 92 0
160 103 0
161 105 0
162 103 0
163 107 0
164 115 0
165 125 0
166 129 0
167 139 0
168 152 0
169 157 0
170 156 0
171 154 0
172 156 0
173 154 0
174 147 0
175 144 0
176 154 0
177 164 0
178 161 0
179 148 0
180 141 0
181 153 0
182 172 0
183 186 0
184 185 0
185 179 0
186 179 0
187 187 0
188 170 0
189 127 0
190 71 0
191 23 0
192 12 0
193 25 0
194 28 0
195 29 0
196 27 0
197 24 0
198 24 0
199 27 0
200 33 0
201 34 0
202 29 0
203 38 0
204 58 0
205 68 0
206 70 0
207 76 0
208 83 0
209 86 0
210 87 0
211 90 0
212 90 0
213 87 0
214 82 0
215 83 0
216 100 0
217 120 0
218 114 0
219 79 0
220 46 0
221 67 0
222 106 0
223 111 0
224 105 0
225 102 0
226 94 0
227 82 0
228 68 0
229 67 0
230 77 0
231 84 0
232 103 0
233 132 0
234 145 0
235 150 0
236 147 0
237 125 0
238 89 0
239 57 0
240 29 0
241 12 0
242 16 0
243 26 0
244 26 0
245 22 0
246 9 0
247 7 0
248 4 0
249 3 0
250 6 0
251 8 0
252 3 0
253 2 0
254 1 0
255 4 0

0 2 0
1 7 0
2 7 0
3 4 0
4 2 0
5 3 0
6 3 0
7 3 0
8 9 0
9 39 0
10 53 0
11 45 0
12 41 0
13 63 0
14 100 0
15 131 0
16 156 0
17 189 0
18 209 0
19 187 0
20 140 0
21 100 0
22 85 0
23 83 0
24 80 0
25 65 0
26 32 0
27 28 0
28 63 0
29 97 0
30 110 0
31 129 0
32 147 0
33 153 0
34 158 0
35 159 0
36 172 0
37 173 0
38 121 0
39 80 0
40 64 0
41 35 0
42 46 0
43 116 0
44 169 0
45 189 0
46 195 0
47 192 0
48 193 0
49 199 0
50 198 0
51 190 0
52 177 0
53 170 0
54 176 0
55 159 0
56 113 0
57 73 0
58 51 0
59 33 0
60 26 0
61 47 0
62 72 0
63 72 0
64 56 0
65 51 0
66 61 0
67 71 0
68 74 0
69 87 0
70 98 0
71 92 0
72 82 0
73 78 0
74 76 0
75 70 0
76 64 0
77 54 0
78 42 0
79 44 0
80 80 0
81 136 0
82 163 0
83 171 0
84 147 0
85 107 0
86 68 0
87 49 0
88 79 0
89 120 0
90 141 0
91 135 0
92 128 0
93 130 0
94 127 0
95 120 0
96 120 0
97 123 0
98 120 0
99 93 0
100 64 0
101 51 0
102 46 0
103 49 0
104 49 0
105 50 0
106 49 0
107 48 0
108 51 0
109 55 0
110 60 0
111 59 0
112 56 0
113 54 0
114 56 0
115 59 0
116 63 0
117 66 0
118 68 0
119 66 0
120 59 0
121 49 0
122 43 0
123 43 0
124 47 0
125 50 0
126 50 0
127 51 0
128 53 0
129 60 0
130 62 0
131 60 0
132 52 0
133 47 0
134 42 0
135 41 0
136 40 0
137 42 0
138 45 0
139 47 0
140 45 0
141 42 0
142 44 0
143 52 0
144 60 0
145 63 0
146 58 0
147 53 0
148 51 0
149 53 0
150 53 0
151 51 0
152 48 0
153 48 0
154 49 0
155 51 0
156 50 0
157 51 0
158 54 0
159 66 0
160 86 0
161 98 0
162 110 0
163 113 0
164 114 0
165 122 0
166 134 0
167 144 0
168 145 0
169 142 0
170 142 0
171 152 0
172 164 0
173 164 0
174 157 0
175 153 0
176 160 0
177 166 0
178 158 0
179 136 0
180 128 0
181 143 0
182 170 0
183 182 0
184 181 0
185 174 0
186 143 0
187 105 0
188 66 0
189 35 0
190 33 0
191 49 0
192 48 0
193 38 0
194 36 0
195 36 0
196 33 0
197 29 0
198 31 0
199 41 0
200 57 0
201 66 0
202 72 0
203 76 0
204 75 0
205 67 0
206 69 0
207 88 0
208 110 0
209 127 0
210 142 0
211 150 0
212 150 0
213 144 0
214 130 0
215 110 0
216 94 0
217 108 0
218 128 0
219 105 0
220 94 0
221 133 0
222 161 0
223 152 0
224 131 0
225 106 0
226 75 0
227 45 0
228 31 0
229 44 0
230 58 0
231 58 0
232 54 0
233 61 0
234 71 0
235 81 0
236 99 0
237 118 0
238 128 0
239 123 0
240 94 0
241 50 0
242 22 0
243 14 0
244 17 0
245 20 0
246 14 0
247 12 0
248 6 0
249 1 0
250 0 0
251 2 0
252 3 0
253 1 0
254 4 0
255 6 0

0 7 0
1 4 0
2 2 0
3 4 0
4 2 0
5 4 0
6 0 0
7 2 0
8 37 0
9 56 0
10 33 0
11 24 0
12 62 0
13 111 0
14 147 0
15 186 0
16 209 0
17 184 0
18 140 0
19 111 0
20 89 0
21 83 0
22 81 0
23 75 0
24 73 0
25 51 0
26 29 0
27 58 0
28 115 0
29 162 0
30 183 0
31 197 0
32 210 0
33 209 0
34 205 0
35 198 0
36 198 0
37 205 0
38 163 0
39 93 0
40 62 0
41 42 0
42 46 0
43 103 0
44 154 0
45 167 0
46 176 0
47 183 0
48 182 0
49 183 0
50 185 0
51 181 0
52 179 0
53 177 0
54 166 0
55 152 0
56 137 0
57 121 0
58 99 0
59 70 0
60 50 0
61 42 0
62 38 0
63 34 0
64 35 0
65 38 0
66 41 0
67 40 0
68 42 0
69 55 0
70 75 0
71 91 0
72 94 0
73 83 0
74 73 0
75 64 0
76 59 0
77 51 0
78 34 0
79 40 0
80 86 0
81 130 0
82 136 0
83 117 0
84 112 0
85 130 0
86 144 0
87 143 0
88 139 0
89 137 0
90 137 0
91 134 0
92 142 0
93 148 0
94 146 0
95 137 0
96 125 0
97 119 0
98 98 0
99 69 0
100 56 0
101 47 0
102 47 0
103 48 0
104 49 0
105 50 0
106 49 0
107 51 0
108 56 0
109 62 0
110 66 0
111 65 0
112 64 0
113 59 0
114 55 0
115 52 0
116 59 0
117 69 0
118 80 0
119 76 0
120 66 0
121 50 0
122 43 0
123 43 0
124 54 0
125 64 0
126 74 0
127 81 0
128 84 0
129 88 0
130 87 0
131 83 0
132 74 0
133 65 0
134 56 0
135 46 0
136 41 0
137 40 0
138 44 0
139 48 0
140 50 0
141 51 0
142 56 0
143 63 0
144 66 0
145 65 0
146 57 0
147 53 0
148 52 0
149 53 0
150 53 0
151 51 0
152 49 0
153 49 0
154 49 0
155 51 0
156 53 0
157 51 0
158 48 0
159 46 0
160 64 0
161 101 0
162 131 0
163 151 0
164 143 0
165 129 0
166 125 0
167 131 0
168 135 0
169 139 0
170 144 0
171 152 0
172 164 0
173 171 0
174 168 0
175 161 0
176 167 0
177 175 0
178 162 0
179 122 0
180 95 0
181 115 0
182 151 0
183 166 0
184 136 0
185 92 0
186 59 0
187 35 0
188 45 0
189 75 0
190 91 0
191 78 0
192 55 0
193 42 0
194 40 0
195 35 0
196 30 0
197 30 0
198 47 0
199 80 0
200 118 0
201 141 0
202 121 0
203 85 0
204 84 0
205 116 0
206 142 0
207 164 0
208 196 0
209 205 0
210 175 0
211 159 0
212 176 0
213 188 0
214 189 0
215 177 0
216 147 0
217 116 0
218 102 0
219 108 0
220 126 0
221 153 0
222 173 0
223 164 0
224 149 0
225 147 0
226 127 0
227 82 0
228 44 0
229 41 0
230 59 0
231 61 0
232 53 0
233 49 0
234 47 0
235 47 0
236 48 0
237 57 0
238 80 0
239 104 0
240 117 0
241 96 0
242 54 0
243 28 0
244 18 0
245 14 0
246 17 0
247 17 0
248 14 0
249 9 0
250 2 0
251 3 0
252 3 0
253 3 0
254 4 0
255 1 0

0 3 0
1 2 0
2 2 0
3 4 0
4 2 0
5 2 0
6 5 0
7 24 0
8 45 0
9 38 0
10 37 0
11 68 0
12 98 0
13 148 0
14 184 0
15 199 0
16 170 0
17 112 0
18 84 0
19 78 0
20 83 0
21 88 0
22 75 0
23 64 0
24 83 0
25 84 0
26 70 0
27 113 0
28 171 0
29 198 0
30 206 0
31 209 0
32 220 0
33 215 0
34 211 0
35 220 0
36 214 0
37 196 0
38 158 0
39 96 0
40 65 0
41 57 0
42 50 0
43 85 0
44 132 0
45 143 0
46 144 0
47 158 0
48 163 0
49 154 0
50 155 0
51 161 0
52 153 0
53 149 0
54 154 0
55 149 0
56 136 0
57 134 0
58 130 0
59 112 0
60 92 0
61 84 0
62 85 0
63 78 0
64 65 0
65 52 0
66 49 0
67 49 0
68 49 0
69 51 0
70 53 0
71 60 0
72 75 0
73 95 0
74 98 0
75 81 0
76 65 0
77 53 0
78 40 0
79 56 0
80 102 0
81 140 0
82 120 0
83 76 0
84 64 0
85 115 0
86 180 0
87 201 0
88 189 0
89 150 0
90 130 0
91 131 0
92 149 0
93 157 0
94 155 0
95 142 0
96 130 0
97 111 0
98 81 0
99 63 0
100 54 0
101 51 0
102 49 0
103 49 0
104 50 0
105 52 0
106 53 0
107 58 0
108 64 0
109 70 0
110 71 0
111 69 0
112 65 0
113 57 0
114 49 0
115 51 0
116 66 0
117 81 0
118 86 0
119 72 0
120 57 0
121 42 0
122 41 0
123 43 0
124 51 0
125 59 0
126 69 0
127 78 0
128 80 0
129 83 0
130 82 0
131 83 0
132 83 0
133 80 0
134 74 0
135 60 0
136 50 0
137 43 0
138 42 0
139 45 0
140 51 0
141 60 0
142 68 0
143 73 0
144 68 0
145 59 0
146 51 0
147 51 0
148 52 0
149 53 0
150 53 0
151 53 0
152 52 0
153 50 0
154 48 0
155 48 0
156 51 0
157 55 0
158 52 0
159 46 0
160 45 0
161 77 0
162 124 0
163 162 0
164 176 0
165 160 0
166 146 0
167 150 0
168 158 0
169 154 0
170 133 0
171 117 0
172 125 0
173 144 0
174 154 0
175 154 0
176 161 0
177 180 0
178 162 0
179 113 0
180 81 0
181 109 0
182 142 0
183 118 0
184 60 0
185 22 0
186 41 0
187 79 0
188 110 0
189 126 0
190 110 0
191 83 0
192 68 0
193 48 0
194 28 0
195 30 0
196 54 0
197 80 0
198 110 0
199 149 0
200 169 0
201 161 0
202 148 0
203 138 0
204 125 0
205 125 0
206 128 0
207 118 0
208 124 0
209 154 0
210 184 0
211 197 0
212 196 0
213 196 0
214 209 0
215 218 0
216 187 0
217 137 0
218 106 0
219 108 0
220 132 0
221 145 0
222 142 0
223 143 0
224 146 0
225 153 0
226 149 0
227 117 0
228 80 0
229 62 0
230 55 0
231 51 0
232 52 0
233 52 0
234 51 0
235 49 0
236 43 0
237 39 0
238 37 0
239 49 0
240 74 0
241 106 0
242 108 0
243 69 0
244 36 0
245 22 0
246 11 0
247 12 0
248 22 0
249 16 0
250 2 0
251 4 0
252 4 0
253 3 0
254 4 0
255 1 0

0 2 0
1 4 0
2 1 0
3 1 0
4 4 0
5 2 0
6 10 0
7 44 0
8 43 0
9 26 0
10 63 0
11 116 0
12 154 0
13 195 0
14 188 0
15 140 0
16 95 0
17 72 0
18 73 0
19 74 0
20 82 0
21 82 0
22 66 0
23 73 0
24 93 0
25 103 0
26 108 0
27 147 0
28 193 0
29 197 0
30 191 0
31 190 0
32 201 0
33 218 0
34 220 0
35 219 0
36 200 0
37 167 0
38 130 0
39 81 0
40 52 0
41 50 0
42 53 0
43 78 0
44 115 0
45 127 0
46 116 0
47 118 0
48 130 0
49 133 0
50 132 0
51 134 0
52 132 0
53 124 0
54 125 0
55 131 0
56 127 0
57 128 0
58 135 0
59 138 0
60 137 0
61 133 0
62 129 0
63 128 0
64 123 0
65 109 0
66 95 0
67 84 0
68 72 0
69 59 0
70 46 0
71 30 0
72 33 0
73 62 0
74 86 0
75 86 0
76 70 0
77 49 0
78 50 0
79 74 0
80 125 0
81 154 0
82 137 0
83 95 0
84 77 0
85 107 0
86 146 0
87 174 0
88 166 0
89 147 0
90 138 0
91 140 0
92 145 0
93 142 0
94 137 0
95 132 0
96 122 0
97 95 0
98 68 0
99 56 0
100 50 0
101 50 0
102 49 0
103 52 0
104 56 0
105 56 0
106 57 0
107 63 0
108 70 0
109 73 0
110 68 0
111 64 0
112 56 0
113 51 0
114 49 0
115 63 0
116 81 0
117 92 0
118 80 0
119 58 0
120 43 0
121 38 0
122 42 0
123 41 0
124 38 0
125 37 0
126 38 0
127 40 0
128 41 0
129 42 0
130 44 0
131 46 0
132 51 0
133 53 0
134 53 0
135 50 0
136 46 0
137 43 0
138 41 0
139 44 0
140 53 0
141 69 0
142 77 0
143 75 0
144 60 0
145 50 0
146 46 0
147 49 0
148 53 0
149 54 0
150 54 0
151 54 0
152 55 0
153 53 0
154 51 0
155 49 0
156 49 0
157 51 0
158 55 0
159 53 0
160 46 0
161 47 0
162 85 0
163 133 0
164 173 0
165 183 0
166 166 0
167 155 0
168 138 0
169 111 0
170 84 0
171 72 0
172 102 0
173 142 0
174 154 0
175 156 0
176 160 0
177 177 0
178 170 0
179 130 0
180 92 0
181 86 0
182 76 0
183 46 0
184 31 0
185 56 0
186 99 0
187 138 0
188 140 0
189 121 0
190 100 0
191 81 0
192 58 0
193 42 0
194 51 0
195 84 0
196 113 0
197 136 0
198 159 0
199 169 0
200 166 0
201 183 0
202 191 0
203 134 0
204 88 0
205 105 0
206 123 0
207 122 0
208 156 0
209 204 0
210 212 0
211 205 0
212 206 0
213 207 0
214 208 0
215 198 0
216 175 0
217 146 0
218 113 0
219 106 0
220 120 0
221 122 0
222 120 0
223 113 0
224 90 0
225 80 0
226 84 0
227 88 0
228 91 0
229 79 0
230 62 0
231 60 0
232 62 0
233 60 0
234 54 0
235 49 0
236 46 0
237 44 0
238 44 0
239 33 0
240 32 0
241 59 0
242 86 0
243 92 0
244 68 0
245 37 0
246 16 0
247 9 0
248 13 0
249 11 0
250 10 0
251 4 0
252 2 0
253 0 0
254 2 0
255 2 0

0 2 0
1 5 0
2 4 0
3 2 0
4 4 0
5 5 0
6 42 0
7 44 0
8 30 0
9 45 0
10 82 0
11 130 0
12 160 0
13 187 0
14 143 0
15 76 0
16 61 0
17 67 0
18 71 0
19 71 0
20 75 0
21 66 0
22 67 0
23 91 0
24 98 0
25 87 0
26 80 0
27 91 0
28 120 0
29 137 0
30 149 0
31 166 0
32 174 0
33 181 0
34 183 0
35 168 0
36 149 0
37 140 0
38 122 0
39 81 0
40 54 0
41 39 0
42 29 0
43 52 0
44 80 0
45 77 0
46 63 0
47 65 0
48 73 0
49 80 0
50 93 0
51 107 0
52 107 0
53 103 0
54 102 0
55 101 0
56 100 0
57 105 0
58 113 0
59 120 0
60 132 0
61 145 0
62 149 0
63 142 0
64 139 0
65 137 0
66 132 0
67 118 0
68 101 0
69 84 0
70 64 0
71 37 0
72 23 0
73 28 0
74 48 0
75 66 0
76 63 0
77 57 0
78 65 0
79 96 0
80 132 0
81 152 0
82 153 0
83 134 0
84 120 0
85 115 0
86 102 0
87 89 0
88 85 0
89 105 0
90 142 0
91 155 0
92 138 0
93 108 0
94 96 0
95 102 0
96 95 0
97 73 0
98 58 0
99 51 0
100 51 0
101 50 0
102 51 0
103 55 0
104 57 0
105 53 0
106 54 0
107 61 0
108 67 0
109 67 0
110 63 0
111 63 0
112 62 0
113 60 0
114 63 0
115 78 0
116 87 0
117 80 0
118 57 0
119 41 0
120 37 0
121 41 0
122 44 0
123 41 0
124 36 0
125 35 0
126 31 0
127 27 0
128 25 0
129 24 0
130 25 0
131 27 0
132 29 0
133 30 0
134 30 0
135 35 0
136 40 0
137 42 0
138 41 0
139 45 0
140 57 0
141 75 0
142 79 0
143 71 0
144 53 0
145 45 0
146 45 0
147 49 0
148 53 0
149 55 0
150 56 0
151 54 0
152 53 0
153 52 0
154 52 0
155 51 0
156 48 0
157 49 0
158 54 0
159 58 0
160 55 0
161 44 0
162 50 0
163 90 0
164 134 0
165 171 0
166 175 0
167 151 0
168 125 0
169 96 0
170 91 0
171 108 0
172 136 0
173 162 0
174 168 0
175 170 0
176 171 0
177 175 0
178 181 0
179 176 0
180 125 0
181 51 0
182 20 0
183 34 0
184 77 0
185 131 0
186 154 0
187 152 0
188 141 0
189 120 0
190 95 0
191 74 0
192 62 0
193 62 0
194 89 0
195 126 0
196 140 0
197 139 0
198 144 0
199 153 0
200 162 0
201 144 0
202 110 0
203 110 0
204 150 0
205 184 0
206 199 0
207 218 0
208 227 0
209 218 0
210 210 0
211 211 0
212 214 0
213 206 0
214 173 0
215 133 0
216 115 0
217 110 0
218 96 0
219 73 0
220 58 0
221 53 0
222 51 0
223 48 0
224 50 0
225 59 0
226 66 0
227 75 0
228 85 0
229 83 0
230 71 0
231 53 0
232 43 0
233 57 0
234 63 0
235 49 0
236 39 0
237 41 0
238 44 0
239 41 0
240 35 0
241 29 0
242 49 0
243 81 0
244 88 0
245 72 0
246 39 0
247 17 0
248 18 0
249 12 0
250 8 0
251 6 0
252 0 0
253 5 0
254 4 0
255 3 0

0 2 0
1 2 0
2 2 0
3 2 0
4 1 0
5 19 0
6 47 0
7 29 0
8 32 0
9 79 0
10 118 0
11 171 0
12 190 0
13 143 0
14 82 0
15 61 0
16 72 0
17 70 0
18 67 0
19 73 0
20 69 0
21 56 0
22 62 0
23 90 0
24 86 0
25 66 0
26 71 0
27 83 0
28 83 0
29 84 0
30 90 0
31 98 0
32 105 0
33 105 0
34 105 0
35 115 0
36 127 0
37 143 0
38 148 0
39 145 0
40 162 0
41 164 0
42 119 0
43 81 0
44 84 0
45 100 0
46 116 0
47 132 0
48 135 0
49 110 0
50 75 0
51 67 0
52 79 0
53 79 0
54 78 0
55 75 0
56 71 0
57 71 0
58 69 0
59 65 0
60 73 0
61 91 0
62 105 0
63 117 0
64 128 0
65 130 0
66 125 0
67 123 0
68 121 0
69 113 0
70 100 0
71 85 0
72 64 0
73 41 0
74 30 0
75 32 0
76 43 0
77 72 0
78 111 0
79 138 0
80 151 0
81 166 0
82 175 0
83 171 0
84 155 0
85 135 0
86 109 0
87 82 0
88 50 0
89 64 0
90 110 0
91 139 0
92 131 0
93 93 0
94 76 0
95 74 0
96 72 0
97 63 0
98 55 0
99 51 0
100 51 0
101 48 0
102 51 0
103 54 0
104 53 0
105 54 0
106 59 0
107 66 0
108 66 0
109 63 0
110 66 0
111 73 0
112 75 0
113 69 0
114 74 0
115 83 0
116 85 0
117 66 0
118 43 0
119 37 0
120 40 0
121 46 0
122 43 0
123 43 0
124 46 0
125 49 0
126 49 0
127 48 0
128 49 0
129 47 0
130 45 0
131 44 0
132 42 0
133 41 0
134 39 0
135 41 0
136 44 0
137 45 0
138 42 0
139 44 0
140 53 0
141 68 0
142 70 0
143 61 0
144 51 0
145 47 0
146 50 0
147 50 0
148 50 0
149 51 0
150 53 0
151 52 0
152 50 0
153 51 0
154 52 0
155 51 0
156 49 0
157 46 0
158 48 0
159 52 0
160 55 0
161 53 0
162 45 0
163 55 0
164 102 0
165 151 0
166 186 0
167 171 0
168 136 0
169 123 0
170 138 0
171 162 0
172 165 0
173 161 0
174 166 0
175 179 0
176 180 0
177 173 0
178 175 0
179 168 0
180 134 0
181 72 0
182 36 0
183 63 0
184 112 0
185 142 0
186 149 0
187 135 0
188 113 0
189 95 0
190 78 0
191 58 0
192 52 0
193 77 0
194 119 0
195 153 0
196 166 0
197 156 0
198 141 0
199 128 0
200 107 0
201 93 0
202 114 0
203 156 0
204 188 0
205 208 0
206 220 0
207 227 0
208 228 0
209 223 0
210 207 0
211 173 0
212 143 0
213 122 0
214 98 0
215 68 0
216 47 0
217 41 0
218 42 0
219 49 0
220 56 0
221 54 0
222 54 0
223 57 0
224 55 0
225 51 0
226 51 0
227 47 0
228 54 0
229 82 0
230 99 0
231 77 0
232 45 0
233 35 0
234 43 0
235 51 0
236 51 0
237 48 0
238 41 0
239 40 0
240 41 0
241 34 0
242 28 0
243 47 0
244 89 0
245 90 0
246 55 0
247 34 0
248 16 0
249 11 0
250 12 0
251 12 0
252 4 0
253 4 0
254 6 0
255 4 0

0 4 0
1 1 0
2 4 0
3 4 0
4 9 0
5 38 0
6 39 0
7 22 0
8 58 0
9 107 0
10 149 0
11 205 0
12 176 0
13 95 0
14 56 0
15 59 0
16 63 0
17 64 0
18 71 0
19 73 0
20 60 0
21 56 0
22 71 0
23 74 0
24 78 0
25 92 0
26 118 0
27 138 0
28 125 0
29 110 0
30 107 0
31 95 0
32 83 0
33 86 0
34 89 0
35 94 0
36 106 0
37 119 0
38 142 0
39 169 0
40 187 0
41 186 0
42 183 0
43 191 0
44 206 0
45 219 0
46 225 0
47 223 0
48 219 0
49 205 0
50 164 0
51 115 0
52 98 0
53 112 0
54 120 0
55 107 0
56 83 0
57 70 0
58 72 0
59 69 0
60 51 0
61 46 0
62 61 0
63 77 0
64 88 0
65 101 0
66 111 0
67 110 0
68 104 0
69 104 0
70 111 0
71 110 0
72 90 0
73 64 0
74 47 0
75 33 0
76 41 0
77 85 0
78 137 0
79 169 0
80 179 0
81 176 0
82 182 0
83 193 0
84 195 0
85 181 0
86 166 0
87 141 0
88 105 0
89 89 0
90 99 0
91 127 0
92 139 0
93 125 0
94 103 0
95 77 0
96 66 0
97 58 0
98 54 0
99 52 0
100 49 0
101 48 0
102 50 0
103 51 0
104 53 0
105 63 0
106 73 0
107 76 0
108 73 0
109 71 0
110 78 0
111 78 0
112 69 0
113 61 0
114 71 0
115 85 0
116 85 0
117 67 0
118 49 0
119 46 0
120 45 0
121 44 0
122 42 0
123 44 0
124 49 0
125 51 0
126 56 0
127 61 0
128 67 0
129 69 0
130 64 0
131 60 0
132 56 0
133 51 0
134 48 0
135 46 0
136 47 0
137 48 0
138 45 0
139 43 0
140 46 0
141 54 0
142 58 0
143 54 0
144 50 0
145 51 0
146 55 0
147 56 0
148 51 0
149 48 0
150 49 0
151 50 0
152 49 0
153 49 0
154 51 0
155 53 0
156 51 0
157 48 0
158 45 0
159 46 0
160 51 0
161 56 0
162 54 0
163 46 0
164 70 0
165 132 0
166 183 0
167 201 0
168 175 0
169 149 0
170 153 0
171 167 0
172 178 0
173 181 0
174 188 0
175 196 0
176 191 0
177 172 0
178 156 0
179 149 0
180 134 0
181 98 0
182 65 0
183 61 0
184 87 0
185 109 0
186 112 0
187 98 0
188 75 0
189 62 0
190 66 0
191 73 0
192 74 0
193 89 0
194 142 0
195 189 0
196 174 0
197 128 0
198 120 0
199 152 0
200 185 0
201 191 0
202 182 0
203 189 0
204 210 0
205 216 0
206 211 0
207 201 0
208 185 0
209 164 0
210 140 0
211 122 0
212 123 0
213 127 0
214 105 0
215 72 0
216 54 0
217 49 0
218 60 0
219 77 0
220 73 0
221 52 0
222 33 0
223 21 0
224 13 0
225 14 0
226 12 0
227 7 0
228 11 0
229 31 0
230 56 0
231 79 0
232 87 0
233 63 0
234 33 0
235 34 0
236 52 0
237 48 0
238 39 0
239 41 0
240 35 0
241 33 0
242 25 0
243 26 0
244 55 0
245 77 0
246 75 0
247 31 0
248 14 0
249 18 0
250 4 0
251 10 0
252 4 0
253 3 0
254 3 0
255 4 0

0 3 0
1 3 0
2 4 0
3 2 0
4 20 0
5 46 0
6 23 0
7 43 0
8 121 0
9 155 0
10 189 0
11 187 0
12 103 0
13 46 0
14 59 0
15 64 0
16 63 0
17 66 0
18 70 0
19 70 0
20 57 0
21 56 0
22 82 0
23 93 0
24 87 0
25 106 0
26 141 0
27 155 0
28 123 0
29 77 0
30 65 0
31 69 0
32 69 0
33 68 0
34 68 0
35 67 0
36 67 0
37 68 0
38 75 0
39 80 0
40 65 0
41 44 0
42 51 0
43 95 0
44 153 0
45 199 0
46 221 0
47 222 0
48 213 0
49 212 0
50 219 0
51 203 0
52 155 0
53 119 0
54 121 0
55 128 0
56 115 0
57 107 0
58 117 0
59 121 0
60 110 0
61 94 0
62 79 0
63 71 0
64 73 0
65 86 0
66 96 0
67 100 0
68 98 0
69 98 0
70 105 0
71 110 0
72 102 0
73 82 0
74 66 0
75 64 0
76 76 0
77 95 0
78 134 0
79 166 0
80 165 0
81 144 0
82 130 0
83 137 0
84 155 0
85 168 0
86 183 0
87 181 0
88 161 0
89 135 0
90 115 0
91 125 0
92 150 0
93 162 0
94 135 0
95 89 0
96 61 0
97 47 0
98 50 0
99 51 0
100 49 0
101 49 0
102 51 0
103 51 0
104 61 0
105 73 0
106 81 0
107 81 0
108 78 0
109 80 0
110 83 0
111 74 0
112 64 0
113 66 0
114 80 0
115 84 0
116 73 0
117 57 0
118 52 0
119 53 0
120 47 0
121 41 0
122 42 0
123 47 0
124 50 0
125 48 0
126 50 0
127 56 0
128 61 0
129 63 0
130 63 0
131 62 0
132 57 0
133 49 0
134 46 0
135 44 0
136 45 0
137 46 0
138 45 0
139 46 0
140 49 0
141 54 0
142 59 0
143 58 0
144 52 0
145 49 0
146 53 0
147 58 0
148 60 0
149 59 0
150 58 0
151 57 0
152 53 0
153 49 0
154 50 0
155 52 0
156 53 0
157 51 0
158 49 0
159 49 0
160 49 0
161 55 0
162 56 0
163 50 0
164 45 0
165 82 0
166 150 0
167 192 0
168 199 0
169 174 0
170 157 0
171 166 0
172 186 0
173 196 0
174 190 0
175 182 0
176 181 0
177 182 0
178 171 0
179 154 0
180 138 0
181 119 0
182 99 0
183 86 0
184 83 0
185 84 0
186 78 0
187 71 0
188 70 0
189 82 0
190 105 0
191 104 0
192 88 0
193 103 0
194 152 0
195 170 0
196 137 0
197 122 0
198 167 0
199 225 0
200 228 0
201 188 0
202 161 0
203 170 0
204 185 0
205 184 0
206 180 0
207 176 0
208 159 0
209 142 0
210 150 0
211 160 0
212 136 0
213 97 0
214 76 0
215 63 0
216 53 0
217 71 0
218 77 0
219 41 0
220 14 0
221 10 0
222 24 0
223 46 0
224 65 0
225 74 0
226 69 0
227 51 0
228 29 0
229 9 0
230 0 0
231 14 0
232 58 0
233 83 0
234 56 0
235 28 0
236 37 0
237 47 0
238 44 0
239 39 0
240 41 0
241 37 0
242 30 0
243 24 0
244 27 0
245 47 0
246 68 0
247 56 0
248 44 0
249 21 0
250 9 0
251 12 0
252 12 0
253 7 0
254 1 0
255 2 0

0 2 0
1 6 0
2 4 0
3 3 0
4 37 0
5 36 0
6 36 0
7 82 0
8 125 0
9 155 0
10 166 0
11 110 0
12 46 0
13 50 0
14 65 0
15 64 0
16 67 0
17 71 0
18 67 0
19 56 0
20 53 0
21 78 0
22 99 0
23 88 0
24 73 0
25 83 0
26 106 0
27 104 0
28 73 0
29 56 0
30 59 0
31 68 0
32 74 0
33 76 0
34 80 0
35 75 0
36 65 0
37 61 0
38 54 0
39 48 0
40 49 0
41 57 0
42 67 0
43 70 0
44 80 0
45 115 0
46 161 0
47 208 0
48 229 0
49 208 0
50 188 0
51 200 0
52 204 0
53 173 0
54 134 0
55 111 0
56 96 0
57 103 0
58 126 0
59 136 0
60 140 0
61 142 0
62 119 0
63 76 0
64 54 0
65 57 0
66 70 0
67 83 0
68 90 0
69 96 0
70 104 0
71 109 0
72 105 0
73 96 0
74 90 0
75 90 0
76 105 0
77 134 0
78 154 0
79 147 0
80 126 0
81 94 0
82 68 0
83 58 0
84 55 0
85 63 0
86 98 0
87 131 0
88 150 0
89 149 0
90 140 0
91 151 0
92 176 0
93 176 0
94 130 0
95 82 0
96 47 0
97 41 0
98 49 0
99 49 0
100 49 0
101 52 0
102 58 0
103 64 0
104 73 0
105 78 0
106 79 0
107 77 0
108 77 0
109 81 0
110 78 0
111 73 0
112 76 0
113 96 0
114 107 0
115 94 0
116 65 0
117 46 0
118 52 0
119 56 0
120 49 0
121 39 0
122 41 0
123 48 0
124 51 0
125 48 0
126 49 0
127 53 0
128 53 0
129 52 0
130 52 0
131 54 0
132 51 0
133 46 0
134 45 0
135 46 0
136 45 0
137 42 0
138 43 0
139 53 0
140 63 0
141 68 0
142 68 0
143 63 0
144 58 0
145 51 0
146 50 0
147 55 0
148 62 0
149 66 0
150 65 0
151 63 0
152 59 0
153 56 0
154 55 0
155 54 0
156 52 0
157 50 0
158 50 0
159 49 0
160 48 0
161 49 0
162 54 0
163 52 0
164 46 0
165 48 0
166 94 0
167 167 0
168 211 0
169 224 0
170 190 0
171 140 0
172 118 0
173 119 0
174 105 0
175 94 0
176 113 0
177 164 0
178 198 0
179 196 0
180 188 0
181 191 0
182 176 0
183 138 0
184 95 0
185 68 0
186 58 0
187 66 0
188 85 0
189 96 0
190 88 0
191 72 0
192 71 0
193 90 0
194 102 0
195 105 0
196 134 0
197 184 0
198 196 0
199 160 0
200 127 0
201 105 0
202 90 0
203 98 0
204 126 0
205 142 0
206 144 0
207 147 0
208 152 0
209 162 0
210 167 0
211 149 0
212 127 0
213 125 0
214 110 0
215 78 0
216 80 0
217 74 0
218 26 0
219 19 0
220 57 0
221 91 0
222 114 0
223 126 0
224 134 0
225 137 0
226 129 0
227 121 0
228 106 0
229 81 0
230 44 0
231 4 0
232 0 0
233 35 0
234 62 0
235 46 0
236 34 0
237 42 0
238 40 0
239 38 0
240 37 0
241 34 0
242 30 0
243 29 0
244 26 0
245 25 0
246 48 0
247 71 0
248 63 0
249 39 0
250 18 0
251 10 0
252 9 0
253 12 0
254 4 0
255 0 0

0 6 0
1 2 0
2 3 0
3 12 0
4 46 0
5 30 0
6 48 0
7 121 0
8 169 0
9 161 0
10 116 0
11 59 0
12 46 0
13 63 0
14 61 0
15 58 0
16 67 0
17 73 0
18 66 0
19 58 0
20 75 0
21 98 0
22 87 0
23 65 0
24 76 0
25 86 0
26 62 0
27 33 0
28 15 0
29 13 0
30 21 0
31 24 0
32 26 0
33 35 0
34 61 0
35 100 0
36 101 0
37 86 0
38 91 0
39 87 0
40 76 0
41 80 0
42 88 0
43 88 0
44 83 0
45 90 0
46 104 0
47 136 0
48 204 0
49 250 0
50 214 0
51 159 0
52 162 0
53 199 0
54 199 0
55 147 0
56 92 0
57 85 0
58 106 0
59 122 0
60 140 0
61 158 0
62 137 0
63 79 0
64 44 0
65 54 0
66 73 0
67 82 0
68 79 0
69 72 0
70 76 0
71 89 0
72 94 0
73 99 0
74 116 0
75 125 0
76 124 0
77 121 0
78 115 0
79 93 0
80 64 0
81 47 0
82 40 0
83 27 0
84 9 0
85 14 0
86 47 0
87 99 0
88 137 0
89 139 0
90 132 0
91 152 0
92 176 0
93 159 0
94 110 0
95 61 0
96 39 0
97 49 0
98 53 0
99 50 0
100 49 0
101 56 0
102 66 0
103 76 0
104 76 0
105 73 0
106 69 0
107 70 0
108 73 0
109 77 0
110 76 0
111 81 0
112 97 0
113 134 0
114 149 0
115 129 0
116 80 0
117 44 0
118 47 0
119 52 0
120 49 0
121 39 0
122 39 0
123 43 0
124 44 0
125 40 0
126 44 0
127 52 0
128 55 0
129 55 0
130 53 0
131 53 0
132 50 0
133 46 0
134 46 0
135 49 0
136 46 0
137 41 0
138 41 0
139 60 0
140 76 0
141 73 0
142 59 0
143 50 0
144 56 0
145 64 0
146 68 0
147 65 0
148 65 0
149 66 0
150 66 0
151 66 0
152 66 0
153 67 0
154 68 0
155 67 0
156 62 0
157 55 0
158 50 0
159 49 0
160 49 0
161 49 0
162 51 0
163 55 0
164 52 0
165 48 0
166 55 0
167 112 0
168 195 0
169 238 0
170 209 0
171 108 0
172 29 0
173 24 0
174 31 0
175 28 0
176 50 0
177 101 0
178 137 0
179 137 0
180 139 0
181 165 0
182 180 0
183 157 0
184 123 0
185 90 0
186 67 0
187 60 0
188 62 0
189 58 0
190 51 0
191 53 0
192 67 0
193 91 0
194 106 0
195 115 0
196 152 0
197 177 0
198 125 0
199 51 0
200 34 0
201 45 0
202 49 0
203 62 0
204 77 0
205 92 0
206 97 0
207 91 0
208 112 0
209 154 0
210 158 0
211 142 0
212 127 0
213 89 0
214 55 0
215 63 0
216 55 0
217 22 0
218 50 0
219 112 0
220 137 0
221 144 0
222 142 0
223 139 0
224 143 0
225 142 0
226 142 0
227 140 0
228 134 0
229 131 0
230 114 0
231 80 0
232 27 0
233 1 0
234 26 0
235 51 0
236 49 0
237 34 0
238 35 0
239 36 0
240 36 0
241 33 0
242 30 0
243 31 0
244 30 0
245 19 0
246 26 0
247 58 0
248 67 0
249 43 0
250 33 0
251 17 0
252 12 0
253 17 0
254 4 0
255 5 0

0 3 0
1 4 0
2 3 0
3 29 0
4 36 0
5 35 0
6 87 0
7 140 0
8 185 0
9 159 0
10 77 0
11 47 0
12 57 0
13 63 0
14 60 0
15 59 0
16 61 0
17 68 0
18 65 0
19 68 0
20 82 0
21 78 0
22 72 0
23 80 0
24 68 0
25 31 0
26 5 0
27 12 0
28 36 0
29 55 0
30 70 0
31 63 0
32 42 0
33 20 0
34 4 0
35 17 0
36 67 0
37 103 0
38 101 0
39 101 0
40 103 0
41 94 0
42 78 0
43 72 0
44 78 0
45 88 0
46 95 0
47 87 0
48 100 0
49 151 0
50 188 0
51 187 0
52 177 0
53 180 0
54 188 0
55 183 0
56 169 0
57 149 0
58 115 0
59 90 0
60 121 0
61 170 0
62 162 0
63 116 0
64 90 0
65 80 0
66 76 0
67 90 0
68 94 0
69 68 0
70 46 0
71 62 0
72 80 0
73 80 0
74 83 0
75 105 0
76 123 0
77 115 0
78 76 0
79 34 0
80 18 0
81 21 0
82 21 0
83 17 0
84 22 0
85 45 0
86 82 0
87 129 0
88 153 0
89 147 0
90 132 0
91 133 0
92 136 0
93 118 0
94 78 0
95 44 0
96 43 0
97 53 0
98 54 0
99 51 0
100 52 0
101 58 0
102 66 0
103 69 0
104 63 0
105 58 0
106 64 0
107 78 0
108 89 0
109 95 0
110 100 0
111 111 0
112 139 0
113 179 0
114 188 0
115 168 0
116 110 0
117 63 0
118 53 0
119 51 0
120 49 0
121 43 0
122 44 0
123 49 0
124 52 0
125 50 0
126 54 0
127 62 0
128 64 0
129 59 0
130 52 0
131 52 0
132 49 0
133 45 0
134 44 0
135 49 0
136 48 0
137 42 0
138 41 0
139 57 0
140 70 0
141 63 0
142 46 0
143 43 0
144 62 0
145 80 0
146 87 0
147 82 0
148 80 0
149 75 0
150 66 0
151 60 0
152 62 0
153 67 0
154 73 0
155 77 0
156 80 0
157 71 0
158 56 0
159 49 0
160 47 0
161 49 0
162 49 0
163 51 0
164 56 0
165 53 0
166 46 0
167 59 0
168 120 0
169 181 0
170 184 0
171 120 0
172 36 0
173 3 0
174 15 0
175 23 0
176 42 0
177 71 0
178 78 0
179 62 0
180 68 0
181 97 0
182 117 0
183 118 0
184 119 0
185 105 0
186 72 0
187 51 0
188 49 0
189 54 0
190 63 0
191 78 0
192 105 0
193 148 0
194 175 0
195 166 0
196 137 0
197 100 0
198 52 0
199 30 0
200 46 0
201 72 0
202 94 0
203 97 0
204 85 0
205 94 0
206 106 0
207 80 0
208 80 0
209 140 0
210 166 0
211 120 0
212 63 0
213 38 0
214 49 0
215 46 0
216 34 0
217 83 0
218 139 0
219 144 0
220 141 0
221 142 0
222 142 0
223 144 0
224 144 0
225 146 0
226 151 0
227 150 0
228 147 0
229 137 0
230 136 0
231 140 0
232 107 0
233 43 0
234 3 0
235 28 0
236 48 0
237 34 0
238 28 0
239 35 0
240 35 0
241 37 0
242 36 0
243 29 0
244 30 0
245 24 0
246 22 0
247 41 0
248 67 0
249 57 0
250 41 0
251 22 0
252 8 0
253 14 0
254 9 0
255 2 0

0 4 0
1 3 0
2 4 0
3 41 0
4 36 0
5 58 0
6 115 0
7 156 0
8 182 0
9 128 0
10 56 0
11 49 0
12 58 0
13 65 0
14 59 0
15 58 0
16 66 0
17 67 0
18 64 0
19 67 0
20 68 0
21 73 0
22 89 0
23 66 0
24 17 0
25 13 0
26 56 0
27 105 0
28 132 0
29 144 0
30 154 0
31 151 0
32 134 0
33 115 0
34 83 0
35 35 0
36 7 0
37 39 0
38 77 0
39 60 0
40 47 0
41 66 0
42 76 0
43 69 0
44 64 0
45 71 0
46 95 0
47 110 0
48 95 0
49 75 0
50 80 0
51 110 0
52 140 0
53 151 0
54 156 0
55 176 0
56 190 0
57 168 0
58 111 0
59 74 0
60 93 0
61 131 0
62 131 0
63 125 0
64 151 0
65 154 0
66 105 0
67 64 0
68 69 0
69 73 0
70 57 0
71 52 0
72 71 0
73 88 0
74 85 0
75 70 0
76 66 0
77 69 0
78 59 0
79 37 0
80 27 0
81 35 0
82 46 0
83 56 0
84 80 0
85 114 0
86 142 0
87 154 0
88 158 0
89 149 0
90 120 0
91 92 0
92 87 0
93 79 0
94 59 0
95 44 0
96 45 0
97 48 0
98 49 0
99 50 0
100 54 0
101 58 0
102 59 0
103 59 0
104 62 0
105 81 0
106 113 0
107 140 0
108 155 0
109 154 0
110 153 0
111 163 0
112 189 0
113 206 0
114 198 0
115 174 0
116 132 0
117 101 0
118 83 0
119 60 0
120 46 0
121 43 0
122 45 0
123 51 0
124 54 0
125 56 0
126 63 0
127 70 0
128 71 0
129 66 0
130 61 0
131 62 0
132 61 0
133 54 0
134 47 0
135 49 0
136 48 0
137 45 0
138 42 0
139 51 0
140 59 0
141 59 0
142 61 0
143 88 0
144 110 0
145 107 0
146 89 0
147 80 0
148 92 0
149 93 0
150 80 0
151 67 0
152 68 0
153 67 0
154 67 0
155 72 0
156 83 0
157 83 0
158 67 0
159 53 0
160 49 0
161 48 0
162 48 0
163 49 0
164 55 0
165 59 0
166 56 0
167 49 0
168 58 0
169 92 0
170 119 0
171 121 0
172 91 0
173 54 0
174 65 0
175 112 0
176 148 0
177 169 0
178 147 0
179 87 0
180 48 0
181 56 0
182 92 0
183 126 0
184 127 0
185 102 0
186 78 0
187 67 0
188 63 0
189 77 0
190 121 0
191 164 0
192 178 0
193 182 0
194 192 0
195 180 0
196 122 0
197 49 0
198 26 0
199 61 0
200 98 0
201 107 0
202 118 0
203 119 0
204 92 0
205 100 0
206 133 0
207 105 0
208 69 0
209 105 0
210 132 0
211 85 0
212 43 0
213 49 0
214 46 0
215 40 0
216 88 0
217 137 0
218 141 0
219 143 0
220 146 0
221 145 0
222 147 0
223 142 0
224 139 0
225 141 0
226 136 0
227 140 0
228 148 0
229 141 0
230 139 0
231 147 0
232 146 0
233 103 0
234 31 0
235 9 0
236 36 0
237 34 0
238 25 0
239 31 0
240 36 0
241 36 0
242 34 0
243 31 0
244 30 0
245 27 0
246 22 0
247 28 0
248 56 0
249 60 0
250 46 0
251 34 0
252 10 0
253 8 0
254 13 0
255 4 0

0 2 0
1 4 0
2 15 0
3 48 0
4 34 0
5 85 0
6 119 0
7 158 0
8 171 0
9 87 0
10 48 0
11 60 0
12 59 0
13 57 0
14 61 0
15 62 0
16 68 0
17 72 0
18 66 0
19 61 0
20 59 0
21 76 0
22 63 0
23 13 0
24 27 0
25 92 0
26 139 0
27 155 0
28 161 0
29 169 0
30 177 0
31 172 0
32 157 0
33 149 0
34 128 0
35 103 0
36 70 0
37 17 0
38 18 0
39 63 0
40 59 0
41 46 0
42 69 0
43 87 0
44 90 0
45 95 0
46 109 0
47 123 0
48 113 0
49 87 0
50 75 0
51 74 0
52 71 0
53 76 0
54 98 0
55 118 0
56 112 0
57 76 0
58 47 0
59 60 0
60 88 0
61 89 0
62 67 0
63 72 0
64 123 0
65 175 0
66 178 0
67 131 0
68 80 0
69 64 0
70 70 0
71 68 0
72 58 0
73 62 0
74 81 0
75 83 0
76 68 0
77 70 0
78 100 0
79 126 0
80 134 0
81 130 0
82 132 0
83 136 0
84 153 0
85 174 0
86 175 0
87 163 0
88 163 0
89 154 0
90 119 0
91 85 0
92 69 0
93 59 0
94 52 0
95 48 0
96 48 0
97 46 0
98 46 0
99 48 0
100 53 0
101 58 0
102 65 0
103 78 0
104 105 0
105 139 0
106 160 0
107 163 0
108 157 0
109 144 0
110 137 0
111 142 0
112 155 0
113 151 0
114 132 0
115 115 0
116 112 0
117 116 0
118 102 0
119 66 0
120 41 0
121 41 0
122 46 0
123 49 0
124 46 0
125 45 0
126 48 0
127 51 0
128 50 0
129 45 0
130 44 0
131 50 0
132 54 0
133 51 0
134 45 0
135 46 0
136 46 0
137 45 0
138 43 0
139 49 0
140 57 0
141 68 0
142 85 0
143 134 0
144 162 0
145 141 0
146 97 0
147 70 0
148 87 0
149 107 0
150 113 0
151 112 0
152 107 0
153 95 0
154 76 0
155 67 0
156 73 0
157 78 0
158 74 0
159 62 0
160 54 0
161 48 0
162 46 0
163 50 0
164 54 0
165 55 0
166 56 0
167 59 0
168 58 0
169 57 0
170 71 0
171 100 0
172 135 0
173 166 0
174 193 0
175 193 0
176 174 0
177 161 0
178 154 0
179 115 0
180 89 0
181 132 0
182 194 0
183 202 0
184 166 0
185 129 0
186 109 0
187 103 0
188 111 0
189 135 0
190 169 0
191 181 0
192 169 0
193 179 0
194 206 0
195 185 0
196 105 0
197 43 0
198 56 0
199 100 0
200 117 0
201 117 0
202 125 0
203 111 0
204 82 0
205 96 0
206 141 0
207 132 0
208 81 0
209 60 0
210 52 0
211 41 0
212 49 0
213 53 0
214 48 0
215 87 0
216 140 0
217 150 0
218 144 0
219 146 0
220 147 0
221 150 0
222 144 0
223 137 0
224 141 0
225 139 0
226 134 0
227 141 0
228 144 0
229 142 0
230 151 0
231 152 0
232 152 0
233 139 0
234 60 0
235 3 0
236 26 0
237 42 0
238 29 0
239 29 0
240 37 0
241 36 0
242 37 0
243 34 0
244 29 0
245 24 0
246 25 0
247 23 0
248 45 0
249 57 0
250 52 0
251 41 0
252 20 0
253 5 0
254 11 0
255 6 0

0 5 0
1 3 0
2 31 0
3 48 0
4 46 0
5 111 0
6 137 0
7 180 0
8 152 0
9 63 0
10 47 0
11 59 0
12 63 0
13 60 0
14 63 0
15 66 0
16 68 0
17 61 0
18 55 0
19 62 0
20 73 0
21 60 0
22 19 0
23 29 0
24 107 0
25 160 0
26 162 0
27 164 0
28 166 0
29 164 0
30 172 0
31 174 0
32 166 0
33 163 0
34 149 0
35 120 0
36 112 0
37 92 0
38 31 0
39 22 0
40 65 0
41 73 0
42 63 0
43 76 0
44 99 0
45 117 0
46 110 0
47 93 0
48 97 0
49 106 0
50 100 0
51 95 0
52 94 0
53 80 0
54 56 0
55 46 0
56 54 0
57 48 0
58 28 0
59 28 0
60 47 0
61 58 0
62 65 0
63 81 0
64 98 0
65 127 0
66 171 0
67 181 0
68 136 0
69 88 0
70 75 0
71 79 0
72 72 0
73 68 0
74 85 0
75 103 0
76 99 0
77 95 0
78 110 0
79 135 0
80 152 0
81 156 0
82 154 0
83 152 0
84 158 0
85 166 0
86 173 0
87 176 0
88 175 0
89 162 0
90 141 0
91 115 0
92 81 0
93 54 0
94 47 0
95 46 0
96 48 0
97 47 0
98 48 0
99 50 0
100 56 0
101 72 0
102 95 0
103 121 0
104 140 0
105 132 0
106 111 0
107 105 0
108 120 0
109 142 0
110 157 0
111 179 0
112 189 0
113 168 0
114 121 0
115 66 0
116 57 0
117 78 0
118 85 0
119 67 0
120 45 0
121 43 0
122 47 0
123 49 0
124 45 0
125 43 0
126 44 0
127 43 0
128 39 0
129 35 0
130 35 0
131 41 0
132 46 0
133 47 0
134 45 0
135 46 0
136 46 0
137 46 0
138 45 0
139 50 0
140 62 0
141 80 0
142 98 0
143 138 0
144 178 0
145 175 0
146 143 0
147 100 0
148 85 0
149 99 0
150 117 0
151 135 0
152 134 0
153 121 0
154 103 0
155 89 0
156 83 0
157 78 0
158 72 0
159 66 0
160 58 0
161 49 0
162 43 0
163 47 0
164 55 0
165 54 0
166 52 0
167 56 0
168 67 0
169 83 0
170 100 0
171 132 0
172 170 0
173 183 0
174 169 0
175 136 0
176 115 0
177 133 0
178 161 0
179 156 0
180 142 0
181 160 0
182 193 0
183 191 0
184 166 0
185 152 0
186 142 0
187 140 0
188 146 0
189 156 0
190 165 0
191 170 0
192 179 0
193 206 0
194 229 0
195 176 0
196 81 0
197 54 0
198 93 0
199 109 0
200 101 0
201 119 0
202 132 0
203 100 0
204 76 0
205 118 0
206 168 0
207 152 0
208 106 0
209 69 0
210 45 0
211 49 0
212 51 0
213 43 0
214 76 0
215 127 0
216 142 0
217 141 0
218 145 0
219 148 0
220 151 0
221 151 0
222 147 0
223 146 0
224 144 0
225 138 0
226 138 0
227 139 0
228 134 0
229 142 0
230 156 0
231 146 0
232 146 0
233 148 0
234 91 0
235 19 0
236 18 0
237 48 0
238 34 0
239 27 0
240 42 0
241 35 0
242 32 0
243 31 0
244 27 0
245 31 0
246 26 0
247 21 0
248 26 0
249 64 0
250 58 0
251 45 0
252 40 0
253 11 0
254 14 0
255 16 0

0 2 0
1 8 0
2 41 0
3 47 0
4 68 0
5 117 0
6 158 0
7 181 0
8 102 0
9 47 0
10 59 0
11 58 0
12 57 0
13 61 0
14 65 0
15 63 0
16 65 0
17 58 0
18 55 0
19 69 0
20 63 0
21 26 0
22 21 0
23 103 0
24 166 0
25 169 0
26 161 0
27 158 0
28 162 0
29 152 0
30 155 0
31 166 0
32 156 0
33 142 0
34 134 0
35 136 0
36 129 0
37 122 0
38 96 0
39 38 0
40 27 0
41 67 0
42 73 0
43 56 0
44 63 0
45 74 0
46 61 0
47 67 0
48 125 0
49 164 0
50 132 0
51 93 0
52 102 0
53 114 0
54 93 0
55 69 0
56 66 0
57 73 0
58 71 0
59 46 0
60 17 0
61 41 0
62 115 0
63 162 0
64 150 0
65 135 0
66 151 0
67 170 0
68 168 0
69 140 0
70 102 0
71 83 0
72 83 0
73 90 0
74 110 0
75 150 0
76 186 0
77 193 0
78 176 0
79 154 0
80 135 0
81 124 0
82 129 0
83 144 0
84 155 0
85 159 0
86 164 0
87 169 0
88 167 0
89 162 0
90 154 0
91 123 0
92 77 0
93 50 0
94 46 0
95 46 0
96 46 0
97 47 0
98 55 0
99 67 0
100 81 0
101 98 0
102 112 0
103 118 0
104 94 0
105 67 0
106 67 0
107 107 0
108 163 0
109 189 0
110 185 0
111 196 0
112 213 0
113 211 0
114 166 0
115 77 0
116 29 0
117 37 0
118 58 0
119 68 0
120 56 0
121 50 0
122 49 0
123 49 0
124 46 0
125 49 0
126 51 0
127 50 0
128 45 0
129 42 0
130 44 0
131 47 0
132 48 0
133 48 0
134 47 0
135 47 0
136 47 0
137 47 0
138 47 0
139 50 0
140 66 0
141 93 0
142 112 0
143 127 0
144 154 0
145 179 0
146 184 0
147 160 0
148 106 0
149 72 0
150 72 0
151 95 0
152 120 0
153 122 0
154 114 0
155 109 0
156 105 0
157 96 0
158 82 0
159 73 0
160 67 0
161 58 0
162 47 0
163 44 0
164 49 0
165 55 0
166 55 0
167 52 0
168 51 0
169 77 0
170 128 0
171 175 0
172 184 0
173 154 0
174 128 0
175 136 0
176 151 0
177 149 0
178 120 0
179 78 0
180 61 0
181 85 0
182 128 0
183 167 0
184 179 0
185 167 0
186 156 0
187 161 0
188 174 0
189 183 0
190 196 0
191 190 0
192 168 0
193 171 0
194 188 0
195 144 0
196 74 0
197 76 0
198 109 0
199 101 0
200 94 0
201 115 0
202 105 0
203 66 0
204 91 0
205 173 0
206 191 0
207 138 0
208 104 0
209 82 0
210 61 0
211 64 0
212 50 0
213 55 0
214 114 0
215 145 0
216 139 0
217 147 0
218 156 0
219 153 0
220 145 0
221 149 0
222 155 0
223 149 0
224 146 0
225 144 0
226 143 0
227 142 0
228 139 0
229 142 0
230 144 0
231 149 0
232 150 0
233 142 0
234 114 0
235 46 0
236 15 0
237 51 0
238 39 0
239 26 0
240 45 0
241 36 0
242 36 0
243 30 0
244 30 0
245 30 0
246 28 0
247 26 0
248 19 0
249 57 0
250 66 0
251 53 0
252 49 0
253 19 0
254 7 0
255 11 0

0 7 0
1 14 0
2 51 0
3 44 0
4 98 0
5 116 0
6 150 0
7 161 0
8 70 0
9 53 0
10 61 0
11 61 0
12 63 0
13 64 0
14 66 0
15 66 0
16 64 0
17 56 0
18 70 0
19 78 0
20 31 0
21 2 0
22 65 0
23 161 0
24 181 0
25 153 0
26 159 0
27 161 0
28 160 0
29 163 0
30 155 0
31 159 0
32 149 0
33 136 0
34 132 0
35 134 0
36 131 0
37 103 0
38 85 0
39 75 0
40 44 0
41 46 0
42 72 0
43 61 0
44 41 0
45 48 0
46 60 0
47 89 0
48 145 0
49 170 0
50 128 0
51 83 0
52 97 0
53 122 0
54 116 0
55 110 0
56 101 0
57 89 0
58 94 0
59 72 0
60 28 0
61 65 0
62 177 0
63 227 0
64 192 0
65 175 0
66 187 0
67 188 0
68 181 0
69 172 0
70 155 0
71 131 0
72 115 0
73 110 0
74 116 0
75 132 0
76 144 0
77 147 0
78 147 0
79 152 0
80 158 0
81 161 0
82 166 0
83 170 0
84 172 0
85 167 0
86 152 0
87 137 0
88 136 0
89 150 0
90 148 0
91 110 0
92 67 0
93 50 0
94 46 0
95 46 0
96 45 0
97 51 0
98 68 0
99 83 0
100 88 0
101 86 0
102 80 0
103 61 0
104 52 0
105 67 0
106 106 0
107 144 0
108 133 0
109 93 0
110 59 0
111 53 0
112 75 0
113 96 0
114 107 0
115 95 0
116 78 0
117 82 0
118 86 0
119 77 0
120 61 0
121 56 0
122 56 0
123 56 0
124 56 0
125 64 0
126 67 0
127 60 0
128 49 0
129 46 0
130 51 0
131 53 0
132 50 0
133 48 0
134 49 0
135 49 0
136 46 0
137 44 0
138 46 0
139 50 0
140 60 0
141 87 0
142 111 0
143 118 0
144 120 0
145 141 0
146 172 0
147 186 0
148 142 0
149 67 0
150 37 0
151 51 0
152 77 0
153 90 0
154 90 0
155 107 0
156 132 0
157 133 0
158 110 0
159 94 0
160 88 0
161 79 0
162 61 0
163 47 0
164 42 0
165 49 0
166 60 0
167 61 0
168 46 0
169 45 0
170 88 0
171 150 0
172 183 0
173 187 0
174 175 0
175 159 0
176 141 0
177 115 0
178 78 0
179 51 0
180 64 0
181 107 0
182 148 0
183 177 0
184 191 0
185 184 0
186 183 0
187 193 0
188 196 0
189 191 0
190 189 0
191 169 0
192 132 0
193 134 0
194 163 0
195 144 0
196 90 0
197 81 0
198 107 0
199 123 0
200 126 0
201 110 0
202 72 0
203 60 0
204 108 0
205 163 0
206 164 0
207 138 0
208 112 0
209 80 0
210 70 0
211 67 0
212 53 0
213 87 0
214 138 0
215 144 0
216 144 0
217 146 0
218 144 0
219 148 0
220 151 0
221 158 0
222 152 0
223 149 0
224 152 0
225 137 0
226 134 0
227 141 0
228 148 0
229 149 0
230 148 0
231 151 0
232 145 0
233 144 0
234 138 0
235 78 0
236 22 0
237 57 0
238 50 0
239 29 0
240 49 0
241 34 0
242 32 0
243 33 0
244 33 0
245 31 0
246 32 0
247 30 0
248 17 0
249 36 0
250 64 0
251 48 0
252 51 0
253 39 0
254 14 0
255 10 0

0 6 0
1 20 0
2 49 0
3 49 0
4 106 0
5 134 0
6 178 0
7 135 0
8 54 0
9 61 0
10 60 0
11 55 0
12 62 0
13 66 0
14 67 0
15 67 0
16 68 0
17 58 0
18 79 0
19 77 0
20 17 0
21 31 0
22 123 0
23 170 0
24 171 0
25 157 0
26 158 0
27 170 0
28 165 0
29 156 0
30 146 0
31 143 0
32 137 0
33 134 0
34 143 0
35 134 0
36 126 0
37 117 0
38 92 0
39 89 0
40 80 0
41 58 0
42 65 0
43 65 0
44 42 0
45 38 0
46 56 0
47 80 0
48 109 0
49 127 0
50 105 0
51 68 0
52 88 0
53 130 0
54 128 0
55 117 0
56 119 0
57 109 0
58 97 0
59 83 0
60 60 0
61 94 0
62 183 0
63 210 0
64 177 0
65 174 0
66 201 0
67 203 0
68 186 0
69 181 0
70 180 0
71 176 0
72 164 0
73 153 0
74 152 0
75 144 0
76 110 0
77 61 0
78 37 0
79 51 0
80 84 0
81 117 0
82 145 0
83 161 0
84 164 0
85 160 0
86 152 0
87 138 0
88 135 0
89 144 0
90 134 0
91 99 0
92 70 0
93 53 0
94 46 0
95 46 0
96 53 0
97 66 0
98 79 0
99 76 0
100 64 0
101 52 0
102 45 0
103 53 0
104 72 0
105 91 0
106 98 0
107 66 0
108 19 0
109 0 0
110 6 0
111 22 0
112 7 0
113 0 0
114 5 0
115 65 0
116 114 0
117 147 0
118 142 0
119 100 0
120 75 0
121 69 0
122 72 0
123 76 0
124 81 0
125 89 0
126 81 0
127 61 0
128 47 0
129 43 0
130 50 0
131 55 0
132 54 0
133 53 0
134 53 0
135 51 0
136 44 0
137 42 0
138 48 0
139 51 0
140 39 0
141 49 0
142 88 0
143 121 0
144 123 0
145 125 0
146 150 0
147 181 0
148 173 0
149 110 0
150 53 0
151 42 0
152 46 0
153 59 0
154 71 0
155 85 0
156 103 0
157 112 0
158 105 0
159 98 0
160 100 0
161 98 0
162 81 0
163 58 0
164 45 0
165 44 0
166 56 0
167 66 0
168 61 0
169 46 0
170 49 0
171 90 0
172 157 0
173 203 0
174 202 0
175 140 0
176 71 0
177 57 0
178 87 0
179 114 0
180 137 0
181 146 0
182 135 0
183 137 0
184 161 0
185 183 0
186 192 0
187 197 0
188 192 0
189 185 0
190 186 0
191 184 0
192 168 0
193 159 0
194 165 0
195 155 0
196 122 0
197 96 0
198 95 0
199 104 0
200 96 0
201 75 0
202 82 0
203 128 0
204 164 0
205 164 0
206 144 0
207 115 0
208 85 0
209 74 0
210 71 0
211 55 0
212 64 0
213 123 0
214 152 0
215 142 0
216 149 0
217 153 0
218 156 0
219 164 0
220 161 0
221 157 0
222 151 0
223 151 0
224 150 0
225 149 0
226 149 0
227 142 0
228 141 0
229 133 0
230 133 0
231 140 0
232 142 0
233 149 0
234 151 0
235 100 0
236 29 0
237 56 0
238 53 0
239 21 0
240 42 0
241 35 0
242 36 0
243 39 0
244 30 0
245 29 0
246 28 0
247 29 0
248 22 0
249 25 0
250 58 0
251 57 0
252 44 0
253 43 0
254 13 0
255 9 0

0 7 0
1 33 0
2 46 0
3 62 0
4 106 0
5 155 0
6 193 0
7 113 0
8 51 0
9 65 0
10 65 0
11 60 0
12 63 0
13 63 0
14 63 0
15 65 0
16 66 0
17 57 0
18 78 0
19 63 0
20 12 0
21 63 0
22 148 0
23 154 0
24 157 0
25 165 0
26 153 0
27 153 0
28 155 0
29 150 0
30 147 0
31 144 0
32 142 0
33 137 0
34 139 0
35 127 0
36 108 0
37 110 0
38 103 0
39 100 0
40 102 0
41 82 0
42 67 0
43 58 0
44 43 0
45 43 0
46 53 0
47 58 0
48 73 0
49 118 0
50 138 0
51 87 0
52 60 0
53 103 0
54 121 0
55 100 0
56 98 0
57 105 0
58 103 0
59 94 0
60 90 0
61 124 0
62 166 0
63 147 0
64 106 0
65 118 0
66 156 0
67 174 0
68 183 0
69 188 0
70 184 0
71 176 0
72 169 0
73 167 0
74 173 0
75 179 0
76 162 0
77 131 0
78 115 0
79 115 0
80 114 0
81 125 0
82 156 0
83 173 0
84 168 0
85 170 0
86 179 0
87 174 0
88 161 0
89 146 0
90 127 0
91 102 0
92 73 0
93 49 0
94 41 0
95 49 0
96 67 0
97 80 0
98 76 0
99 61 0
100 47 0
101 38 0
102 47 0
103 61 0
104 65 0
105 54 0
106 29 0
107 7 0
108 1 0
109 7 0
110 18 0
111 20 0
112 15 0
113 5 0
114 0 0
115 10 0
116 46 0
117 89 0
118 117 0
119 115 0
120 107 0
121 100 0
122 93 0
123 95 0
124 105 0
125 107 0
126 85 0
127 56 0
128 44 0
129 42 0
130 51 0
131 56 0
132 58 0
133 58 0
134 53 0
135 48 0
136 43 0
137 53 0
138 63 0
139 56 0
140 26 0
141 26 0
142 83 0
143 135 0
144 134 0
145 101 0
146 88 0
147 111 0
148 120 0
149 102 0
150 69 0
151 51 0
152 41 0
153 39 0
154 46 0
155 55 0
156 62 0
157 70 0
158 74 0
159 76 0
160 80 0
161 84 0
162 83 0
163 74 0
164 60 0
165 46 0
166 46 0
167 63 0
168 73 0
169 63 0
170 51 0
171 53 0
172 95 0
173 163 0
174 190 0
175 144 0
176 74 0
177 63 0
178 120 0
179 171 0
180 180 0
181 166 0
182 141 0
183 137 0
184 160 0
185 175 0
186 174 0
187 180 0
188 184 0
189 181 0
190 183 0
191 191 0
192 194 0
193 194 0
194 190 0
195 179 0
196 162 0
197 134 0
198 106 0
199 96 0
200 111 0
201 154 0
202 203 0
203 214 0
204 178 0
205 124 0
206 83 0
207 62 0
208 55 0
209 59 0
210 56 0
211 46 0
212 83 0
213 144 0
214 154 0
215 146 0
216 152 0
217 151 0
218 156 0
219 160 0
220 158 0
221 162 0
222 152 0
223 143 0
224 152 0
225 150 0
226 132 0
227 125 0
228 129 0
229 129 0
230 140 0
231 138 0
232 139 0
233 142 0
234 139 0
235 124 0
236 52 0
237 51 0
238 61 0
239 22 0
240 42 0
241 42 0
242 39 0
243 38 0
244 31 0
245 34 0
246 32 0
247 29 0
248 27 0
249 20 0
250 49 0
251 67 0
252 51 0
253 49 0
254 18 0
255 12 0

0 0 0
1 39 0
2 33 0
3 88 0
4 137 0
5 174 0
6 174 0
7 75 0
8 53 0
9 63 0
10 61 0
11 59 0
12 61 0
13 66 0
14 60 0
15 68 0
16 64 0
17 53 0
18 93 0
19 70 0
20 9 0
21 76 0
22 164 0
23 175 0
24 174 0
25 183 0
26 171 0
27 178 0
28 182 0
29 154 0
30 147 0
31 151 0
32 147 0
33 148 0
34 147 0
35 144 0
36 139 0
37 128 0
38 114 0
39 116 0
40 128 0
41 121 0
42 100 0
43 69 0
44 41 0
45 40 0
46 56 0
47 52 0
48 51 0
49 112 0
50 181 0
51 150 0
52 70 0
53 58 0
54 103 0
55 128 0
56 124 0
57 118 0
58 117 0
59 107 0
60 100 0
61 109 0
62 106 0
63 83 0
64 70 0
65 82 0
66 103 0
67 128 0
68 156 0
69 178 0
70 183 0
71 175 0
72 169 0
73 168 0
74 170 0
75 177 0
76 188 0
77 202 0
78 207 0
79 184 0
80 138 0
81 122 0
82 149 0
83 172 0
84 166 0
85 159 0
86 155 0
87 150 0
88 146 0
89 142 0
90 132 0
91 104 0
92 65 0
93 42 0
94 44 0
95 62 0
96 81 0
97 78 0
98 59 0
99 48 0
100 47 0
101 54 0
102 57 0
103 50 0
104 33 0
105 14 0
106 6 0
107 8 0
108 9 0
109 5 0
110 1 0
111 1 0
112 2 0
113 8 0
114 8 0
115 1 0
116 0 0
117 0 0
118 28 0
119 71 0
120 98 0
121 113 0
122 112 0
123 112 0
124 120 0
125 116 0
126 88 0
127 56 0
128 47 0
129 48 0
130 51 0
131 53 0
132 57 0
133 57 0
134 50 0
135 48 0
136 57 0
137 80 0
138 93 0
139 80 0
140 56 0
141 50 0
142 74 0
143 89 0
144 66 0
145 21 0
146 0 0
147 12 0
148 24 0
149 26 0
150 26 0
151 24 0
152 17 0
153 11 0
154 16 0
155 32 0
156 46 0
157 56 0
158 61 0
159 57 0
160 53 0
161 56 0
162 64 0
163 78 0
164 77 0
165 58 0
166 45 0
167 57 0
168 76 0
169 74 0
170 60 0
171 52 0
172 53 0
173 92 0
174 154 0
175 181 0
176 161 0
177 149 0
178 164 0
179 185 0
180 190 0
181 179 0
182 167 0
183 171 0
184 186 0
185 191 0
186 186 0
187 183 0
188 181 0
189 179 0
190 182 0
191 187 0
192 190 0
193 192 0
194 190 0
195 186 0
196 171 0
197 138 0
198 108 0
199 117 0
200 169 0
201 225 0
202 234 0
203 187 0
204 116 0
205 59 0
206 46 0
207 53 0
208 47 0
209 49 0
210 53 0
211 54 0
212 98 0
213 152 0
214 156 0
215 154 0
216 158 0
217 153 0
218 161 0
219 159 0
220 150 0
221 156 0
222 152 0
223 145 0
224 139 0
225 127 0
226 134 0
227 151 0
228 147 0
229 140 0
230 144 0
231 143 0
232 148 0
233 141 0
234 148 0
235 156 0
236 66 0
237 41 0
238 68 0
239 35 0
240 42 0
241 44 0
242 39 0
243 38 0
244 32 0
245 27 0
246 31 0
247 31 0
248 25 0
249 20 0
250 46 0
251 72 0
252 61 0
253 56 0
254 44 0
255 14 0

0 14 0
1 48 0
2 48 0
3 95 0
4 136 0
5 171 0
6 143 0
7 62 0
8 56 0
9 69 0
10 67 0
11 64 0
12 64 0
13 71 0
14 67 0
15 70 0
16 58 0
17 57 0
18 123 0
19 65 0
20 6 0
21 99 0
22 174 0
23 185 0
24 174 0
25 164 0
26 169 0
27 169 0
28 159 0
29 152 0
30 159 0
31 153 0
32 137 0
33 144 0
34 161 0
35 166 0
36 159 0
37 147 0
38 135 0
39 135 0
40 150 0
41 159 0
42 134 0
43 81 0
44 36 0
45 40 0
46 64 0
47 51 0
48 44 0
49 118 0
50 212 0
51 218 0
52 147 0
53 78 0
54 74 0
55 123 0
56 152 0
57 137 0
58 117 0
59 107 0
60 100 0
61 92 0
62 72 0
63 57 0
64 59 0
65 68 0
66 78 0
67 100 0
68 131 0
69 158 0
70 175 0
71 179 0
72 176 0
73 176 0
74 176 0
75 170 0
76 169 0
77 179 0
78 178 0
79 149 0
80 122 0
81 125 0
82 141 0
83 140 0
84 129 0
85 114 0
86 107 0
87 116 0
88 134 0
89 143 0
90 125 0
91 83 0
92 50 0
93 44 0
94 56 0
95 73 0
96 71 0
97 51 0
98 40 0
99 53 0
100 74 0
101 73 0
102 49 0
103 26 0
104 7 0
105 1 0
106 5 0
107 11 0
108 12 0
109 12 0
110 11 0
111 12 0
112 10 0
113 11 0
114 15 0
115 17 0
116 13 0
117 4 0
118 0 0
119 6 0
120 27 0
121 69 0
122 114 0
123 134 0
124 139 0
125 124 0
126 84 0
127 54 0
128 50 0
129 50 0
130 50 0
131 51 0
132 57 0
133 55 0
134 49 0
135 58 0
136 82 0
137 103 0
138 115 0
139 114 0
140 110 0
141 91 0
142 60 0
143 37 0
144 27 0
145 12 0
146 2 0
147 5 0
148 7 0
149 3 0
150 2 0
151 5 0
152 6 0
153 3 0
154 2 0
155 10 0
156 30 0
157 50 0
158 63 0
159 62 0
160 48 0
161 39 0
162 44 0
163 63 0
164 82 0
165 73 0
166 51 0
167 49 0
168 61 0
169 68 0
170 64 0
171 61 0
172 61 0
173 61 0
174 83 0
175 126 0
176 153 0
177 155 0
178 155 0
179 170 0
180 182 0
181 172 0
182 159 0
183 167 0
184 187 0
185 191 0
186 186 0
187 182 0
188 181 0
189 183 0
190 183 0
191 183 0
192 186 0
193 186 0
194 176 0
195 169 0
196 164 0
197 139 0
198 107 0
199 100 0
200 122 0
201 159 0
202 179 0
203 154 0
204 100 0
205 59 0
206 47 0
207 44 0
208 44 0
209 52 0
210 47 0
211 42 0
212 91 0
213 150 0
214 158 0
215 154 0
216 156 0
217 155 0
218 161 0
219 154 0
220 147 0
221 159 0
222 161 0
223 159 0
224 161 0
225 156 0
226 158 0
227 156 0
228 152 0
229 147 0
230 144 0
231 145 0
232 144 0
233 139 0
234 142 0
235 161 0
236 97 0
237 44 0
238 61 0
239 32 0
240 37 0
241 44 0
242 38 0
243 41 0
244 38 0
245 35 0
246 37 0
247 30 0
248 28 0
249 24 0
250 39 0
251 73 0
252 68 0
253 51 0
254 37 0
255 13 0

0 17 0
1 48 0
2 61 0
3 128 0
4 156 0
5 184 0
6 105 0
7 51 0
8 67 0
9 68 0
10 67 0
11 63 0
12 66 0
13 66 0
14 62 0
15 72 0
16 57 0
17 76 0
18 137 0
19 48 0
20 26 0
21 157 0
22 187 0
23 165 0
24 179 0
25 165 0
26 160 0
27 176 0
28 151 0
29 134 0
30 149 0
31 141 0
32 122 0
33 129 0
34 154 0
35 165 0
36 158 0
37 151 0
38 154 0
39 158 0
40 159 0
41 180 0
42 176 0
43 104 0
44 38 0
45 39 0
46 67 0
47 61 0
48 46 0
49 94 0
50 173 0
51 199 0
52 178 0
53 129 0
54 76 0
55 71 0
56 95 0
57 96 0
58 83 0
59 81 0
60 79 0
61 68 0
62 61 0
63 62 0
64 63 0
65 59 0
66 58 0
67 74 0
68 105 0
69 137 0
70 166 0
71 182 0
72 181 0
73 176 0
74 178 0
75 177 0
76 162 0
77 133 0
78 102 0
79 93 0
80 110 0
81 127 0
82 117 0
83 93 0
84 79 0
85 84 0
86 101 0
87 122 0
88 139 0
89 132 0
90 93 0
91 53 0
92 41 0
93 49 0
94 63 0
95 61 0
96 42 0
97 31 0
98 45 0
99 83 0
100 95 0
101 61 0
102 22 0
103 4 0
104 5 0
105 9 0
106 8 0
107 10 0
108 11 0
109 8 0
110 5 0
111 5 0
112 4 0
113 4 0
114 7 0
115 9 0
116 12 0
117 15 0
118 10 0
119 0 0
120 0 0
121 11 0
122 72 0
123 127 0
124 154 0
125 136 0
126 80 0
127 46 0
128 47 0
129 49 0
130 49 0
131 50 0
132 56 0
133 54 0
134 53 0
135 69 0
136 93 0
137 103 0
138 110 0
139 117 0
140 116 0
141 86 0
142 37 0
143 11 0
144 14 0
145 12 0
146 6 0
147 5 0
148 10 0
149 9 0
150 7 0
151 6 0
152 6 0
153 5 0
154 6 0
155 4 0
156 14 0
157 40 0
158 66 0
159 73 0
160 55 0
161 30 0
162 26 0
163 41 0
164 62 0
165 72 0
166 58 0
167 46 0
168 54 0
169 67 0
170 66 0
171 59 0
172 59 0
173 59 0
174 55 0
175 66 0
176 96 0
177 125 0
178 141 0
179 155 0
180 168 0
181 172 0
182 171 0
183 170 0
184 169 0
185 174 0
186 181 0
187 181 0
188 184 0
189 195 0
190 193 0
191 182 0
192 184 0
193 188 0
194 178 0
195 166 0
196 154 0
197 132 0
198 107 0
199 91 0
200 88 0
201 109 0
202 137 0
203 132 0
204 93 0
205 51 0
206 36 0
207 43 0
208 47 0
209 49 0
210 44 0
211 42 0
212 94 0
213 157 0
214 161 0
215 147 0
216 153 0
217 157 0
218 157 0
219 156 0
220 160 0
221 168 0
222 164 0
223 161 0
224 164 0
225 161 0
226 152 0
227 146 0
228 152 0
229 150 0
230 142 0
231 145 0
232 150 0
233 147 0
234 144 0
235 161 0
236 106 0
237 40 0
238 51 0
239 41 0
240 42 0
241 43 0
242 37 0
243 40 0
244 37 0
245 36 0
246 29 0
247 33 0
248 34 0
249 26 0
250 33 0
251 77 0
252 80 0
253 45 0
254 51 0
255 29 0

0 31 0
1 46 0
2 57 0
3 117 0
4 169 0
5 191 0
6 101 0
7 51 0
8 67 0
9 69 0
10 72 0
11 66 0
12 63 0
13 71 0
14 66 0
15 72 0
16 48 0
17 77 0
18 122 0
19 34 0
20 58 0
21 170 0
22 173 0
23 151 0
24 167 0
25 180 0
26 152 0
27 137 0
28 136 0
29 133 0
30 134 0
31 136 0
32 146 0
33 147 0
34 150 0
35 164 0
36 173 0
37 168 0
38 157 0
39 162 0
40 171 0
41 184 0
42 187 0
43 122 0
44 43 0
45 38 0
46 66 0
47 68 0
48 56 0
49 53 0
50 70 0
51 85 0
52 102 0
53 131 0
54 134 0
55 103 0
56 80 0
57 72 0
58 67 0
59 68 0
60 69 0
61 61 0
62 59 0
63 61 0
64 62 0
65 61 0
66 57 0
67 63 0
68 91 0
69 134 0
70 170 0
71 187 0
72 186 0
73 184 0
74 193 0
75 190 0
76 160 0
77 122 0
78 100 0
79 98 0
80 103 0
81 95 0
82 76 0
83 67 0
84 76 0
85 88 0
86 93 0
87 105 0
88 109 0
89 88 0
90 56 0
91 38 0
92 38 0
93 48 0
94 53 0
95 44 0
96 34 0
97 41 0
98 74 0
99 103 0
100 83 0
101 36 0
102 7 0
103 3 0
104 12 0
105 13 0
106 8 0
107 11 0
108 14 0
109 14 0
110 12 0
111 12 0
112 11 0
113 11 0
114 13 0
115 15 0
116 14 0
117 11 0
118 9 0
119 10 0
120 4 0
121 0 0
122 19 0
123 71 0
124 122 0
125 127 0
126 79 0
127 42 0
128 46 0
129 51 0
130 50 0
131 47 0
132 52 0
133 52 0
134 52 0
135 63 0
136 80 0
137 94 0
138 116 0
139 127 0
140 108 0
141 66 0
142 19 0
143 2 0
144 12 0
145 13 0
146 8 0
147 6 0
148 8 0
149 7 0
150 6 0
151 4 0
152 4 0
153 5 0
154 7 0
155 4 0
156 2 0
157 24 0
158 62 0
159 83 0
160 73 0
161 46 0
162 31 0
163 36 0
164 46 0
165 60 0
166 61 0
167 51 0
168 56 0
169 75 0
170 74 0
171 54 0
172 50 0
173 62 0
174 62 0
175 55 0
176 64 0
177 87 0
178 113 0
179 132 0
180 144 0
181 162 0
182 184 0
183 183 0
184 161 0
185 153 0
186 159 0
187 162 0
188 176 0
189 197 0
190 192 0
191 172 0
192 174 0
193 185 0
194 187 0
195 180 0
196 157 0
197 132 0
198 120 0
199 112 0
200 99 0
201 98 0
202 107 0
203 104 0
204 81 0
205 58 0
206 58 0
207 61 0
208 50 0
209 42 0
210 40 0
211 34 0
212 71 0
213 142 0
214 166 0
215 156 0
216 161 0
217 159 0
218 150 0
219 153 0
220 156 0
221 162 0
222 164 0
223 164 0
224 167 0
225 162 0
226 149 0
227 145 0
228 156 0
229 147 0
230 130 0
231 145 0
232 149 0
233 139 0
234 137 0
235 154 0
236 120 0
237 48 0
238 49 0
239 45 0
240 39 0
241 47 0
242 41 0
243 36 0
244 36 0
245 34 0
246 34 0
247 34 0
248 34 0
249 36 0
250 25 0
251 66 0
252 80 0
253 58 0
254 66 0
255 34 0

0 42 0
1 49 0
2 74 0
3 142 0
4 171 0
5 164 0
6 73 0
7 58 0
8 66 0
9 73 0
10 70 0
11 68 0
12 70 0
13 70 0
14 62 0
15 74 0
16 53 0
17 84 0
18 108 0
19 34 0
20 99 0
21 177 0
22 164 0
23 154 0
24 147 0
25 170 0
26 188 0
27 180 0
28 166 0
29 153 0
30 134 0
31 115 0
32 129 0
33 149 0
34 152 0
35 160 0
36 168 0
37 164 0
38 164 0
39 174 0
40 181 0
41 191 0
42 192 0
43 142 0
44 71 0
45 50 0
46 60 0
47 57 0
48 56 0
49 61 0
50 58 0
51 54 0
52 57 0
53 82 0
54 106 0
55 96 0
56 73 0
57 64 0
58 61 0
59 59 0
60 59 0
61 60 0
62 62 0
63 62 0
64 60 0
65 58 0
66 59 0
67 63 0
68 83 0
69 126 0
70 172 0
71 188 0
72 173 0
73 171 0
74 189 0
75 180 0
76 138 0
77 109 0
78 104 0
79 96 0
80 78 0
81 63 0
82 60 0
83 64 0
84 66 0
85 63 0
86 65 0
87 73 0
88 71 0
89 52 0
90 37 0
91 38 0
92 46 0
93 51 0
94 51 0
95 49 0
96 46 0
97 55 0
98 84 0
99 91 0
100 58 0
101 16 0
102 0 0
103 8 0
104 15 0
105 10 0
106 12 0
107 19 0
108 19 0
109 13 0
110 9 0
111 8 0
112 7 0
113 7 0
114 7 0
115 11 0
116 15 0
117 11 0
118 5 0
119 7 0
120 14 0
121 6 0
122 3 0
123 29 0
124 81 0
125 108 0
126 79 0
127 43 0
128 42 0
129 48 0
130 49 0
131 45 0
132 49 0
133 51 0
134 51 0
135 57 0
136 71 0
137 85 0
138 112 0
139 123 0
140 93 0
141 48 0
142 10 0
143 0 0
144 7 0
145 9 0
146 7 0
147 7 0
148 8 0
149 7 0
150 7 0
151 6 0
152 5 0
153 6 0
154 8 0
155 7 0
156 1 0
157 10 0
158 44 0
159 72 0
160 73 0
161 59 0
162 51 0
163 51 0
164 54 0
165 59 0
166 65 0
167 58 0
168 59 0
169 75 0
170 79 0
171 59 0
172 48 0
173 56 0
174 63 0
175 56 0
176 52 0
177 60 0
178 79 0
179 107 0
180 126 0
181 144 0
182 175 0
183 193 0
184 173 0
185 144 0
186 130 0
187 134 0
188 162 0
189 196 0
190 199 0
191 178 0
192 173 0
193 180 0
194 167 0
195 142 0
196 133 0
197 148 0
198 155 0
199 139 0
200 124 0
201 112 0
202 96 0
203 91 0
204 87 0
205 72 0
206 66 0
207 63 0
208 52 0
209 46 0
210 45 0
211 34 0
212 51 0
213 123 0
214 170 0
215 158 0
216 150 0
217 153 0
218 153 0
219 156 0
220 155 0
221 163 0
222 167 0
223 164 0
224 166 0
225 163 0
226 151 0
227 141 0
228 155 0
229 149 0
230 124 0
231 145 0
232 157 0
233 143 0
234 133 0
235 152 0
236 122 0
237 36 0
238 41 0
239 48 0
240 41 0
241 45 0
242 35 0
243 39 0
244 38 0
245 36 0
246 37 0
247 30 0
248 35 0
249 32 0
250 26 0
251 65 0
252 83 0
253 67 0
254 61 0
255 45 0

0 45 0
1 53 0
2 104 0
3 157 0
4 181 0
5 153 0
6 69 0
7 65 0
8 63 0
9 72 0
10 68 0
11 66 0
12 69 0
13 68 0
14 62 0
15 74 0
16 55 0
17 87 0
18 92 0
19 40 0
20 127 0
21 181 0
22 163 0
23 167 0
24 161 0
25 175 0
26 194 0
27 194 0
28 182 0
29 192 0
30 206 0
31 189 0
32 164 0
33 153 0
34 151 0
35 155 0
36 157 0
37 155 0
38 172 0
39 202 0
40 203 0
41 195 0
42 196 0
43 158 0
44 91 0
45 55 0
46 48 0
47 46 0
48 52 0
49 63 0
50 71 0
51 74 0
52 68 0
53 66 0
54 72 0
55 69 0
56 63 0
57 66 0
58 67 0
59 63 0
60 59 0
61 58 0
62 59 0
63 61 0
64 59 0
65 56 0
66 60 0
67 67 0
68 80 0
69 120 0
70 170 0
71 181 0
72 157 0
73 152 0
74 168 0
75 165 0
76 139 0
77 112 0
78 90 0
79 73 0
80 60 0
81 56 0
82 57 0
83 56 0
84 52 0
85 53 0
86 61 0
87 65 0
88 57 0
89 45 0
90 46 0
91 63 0
92 76 0
93 75 0
94 67 0
95 55 0
96 34 0
97 40 0
98 68 0
99 75 0
100 43 0
101 7 0
102 0 0
103 14 0
104 14 0
105 7 0
106 15 0
107 22 0
108 17 0
109 9 0
110 9 0
111 12 0
112 16 0
113 14 0
114 11 0
115 9 0
116 12 0
117 12 0
118 7 0
119 7 0
120 15 0
121 10 0
122 2 0
123 17 0
124 62 0
125 94 0
126 75 0
127 43 0
128 41 0
129 48 0
130 50 0
131 48 0
132 52 0
133 52 0
134 51 0
135 55 0
136 68 0
137 81 0
138 105 0
139 109 0
140 76 0
141 33 0
142 8 0
143 3 0
144 7 0
145 6 0
146 7 0
147 9 0
148 8 0
149 6 0
150 6 0
151 8 0
152 7 0
153 8 0
154 11 0
155 12 0
156 7 0
157 5 0
158 26 0
159 48 0
160 45 0
161 31 0
162 31 0
163 38 0
164 40 0
165 46 0
166 63 0
167 72 0
168 77 0
169 90 0
170 94 0
171 75 0
172 56 0
173 55 0
174 58 0
175 60 0
176 58 0
177 53 0
178 57 0
179 80 0
180 105 0
181 122 0
182 148 0
183 179 0
184 186 0
185 167 0
186 141 0
187 117 0
188 120 0
189 162 0
190 197 0
191 190 0
192 181 0
193 190 0
194 176 0
195 139 0
196 138 0
197 166 0
198 166 0
199 146 0
200 141 0
201 136 0
202 114 0
203 95 0
204 84 0
205 76 0
206 68 0
207 61 0
208 52 0
209 41 0
210 41 0
211 37 0
212 36 0
213 87 0
214 154 0
215 160 0
216 147 0
217 155 0
218 165 0
219 168 0
220 166 0
221 173 0
222 171 0
223 162 0
224 161 0
225 159 0
226 148 0
227 139 0
228 159 0
229 151 0
230 112 0
231 126 0
232 157 0
233 152 0
234 132 0
235 154 0
236 124 0
237 38 0
238 38 0
239 47 0
240 40 0
241 41 0
242 39 0
243 47 0
244 39 0
245 34 0
246 36 0
247 31 0
248 31 0
249 31 0
250 31 0
251 48 0
252 79 0
253 78 0
254 73 0
255 56 0

0 49 0
1 47 0
2 120 0
3 159 0
4 188 0
5 139 0
6 57 0
7 63 0
8 65 0
9 76 0
10 71 0
11 67 0
12 66 0
13 67 0
14 66 0
15 73 0
16 55 0
17 88 0
18 76 0
19 41 0
20 147 0
21 188 0
22 179 0
23 184 0
24 171 0
25 178 0
26 191 0
27 191 0
28 168 0
29 166 0
30 191 0
31 207 0
32 215 0
33 204 0
34 182 0
35 175 0
36 181 0
37 175 0
38 164 0
39 181 0
40 198 0
41 198 0
42 196 0
43 153 0
44 80 0
45 46 0
46 41 0
47 40 0
48 53 0
49 67 0
50 72 0
51 70 0
52 67 0
53 70 0
54 74 0
55 69 0
56 64 0
57 64 0
58 64 0
59 63 0
60 62 0
61 62 0
62 60 0
63 58 0
64 56 0
65 52 0
66 52 0
67 59 0
68 88 0
69 141 0
70 179 0
71 171 0
72 150 0
73 151 0
74 163 0
75 161 0
76 139 0
77 99 0
78 66 0
79 55 0
80 55 0
81 54 0
82 52 0
83 49 0
84 49 0
85 55 0
86 62 0
87 66 0
88 72 0
89 77 0
90 82 0
91 89 0
92 91 0
93 80 0
94 61 0
95 32 0
96 9 0
97 21 0
98 53 0
99 63 0
100 35 0
101 6 0
102 5 0
103 15 0
104 9 0
105 7 0
106 17 0
107 19 0
108 10 0
109 6 0
110 12 0
111 15 0
112 13 0
113 12 0
114 11 0
115 9 0
116 9 0
117 10 0
118 8 0
119 6 0
120 12 0
121 8 0
122 2 0
123 12 0
124 52 0
125 85 0
126 74 0
127 46 0
128 45 0
129 53 0
130 55 0
131 51 0
132 52 0
133 53 0
134 48 0
135 49 0
136 67 0
137 93 0
138 121 0
139 113 0
140 65 0
141 19 0
142 5 0
143 4 0
144 6 0
145 6 0
146 9 0
147 10 0
148 9 0
149 7 0
150 8 0
151 9 0
152 9 0
153 9 0
154 12 0
155 14 0
156 9 0
157 4 0
158 15 0
159 32 0
160 30 0
161 15 0
162 12 0
163 17 0
164 16 0
165 19 0
166 38 0
167 57 0
168 67 0
169 81 0
170 95 0
171 93 0
172 76 0
173 60 0
174 53 0
175 55 0
176 58 0
177 56 0
178 53 0
179 58 0
180 71 0
181 93 0
182 125 0
183 158 0
184 181 0
185 191 0
186 181 0
187 147 0
188 119 0
189 140 0
190 190 0
191 205 0
192 188 0
193 185 0
194 188 0
195 181 0
196 174 0
197 167 0
198 154 0
199 142 0
200 140 0
201 139 0
202 122 0
203 95 0
204 84 0
205 82 0
206 69 0
207 61 0
208 56 0
209 41 0
210 37 0
211 38 0
212 28 0
213 59 0
214 132 0
215 165 0
216 155 0
217 155 0
218 163 0
219 166 0
220 172 0
221 172 0
222 159 0
223 152 0
224 152 0
225 154 0
226 154 0
227 147 0
228 158 0
229 159 0
230 125 0
231 113 0
232 141 0
233 141 0
234 128 0
235 157 0
236 118 0
237 40 0
238 43 0
239 48 0
240 43 0
241 44 0
242 43 0
243 46 0
244 40 0
245 35 0
246 36 0
247 34 0
248 30 0
249 32 0
250 27 0
251 46 0
252 75 0
253 76 0
254 72 0
255 56 0

0 56 0
1 61 0
2 129 0
3 171 0
4 191 0
5 120 0
6 46 0
7 66 0
8 69 0
9 74 0
10 76 0
11 76 0
12 65 0
13 71 0
14 67 0
15 71 0
16 57 0
17 88 0
18 73 0
19 49 0
20 154 0
21 185 0
22 169 0
23 176 0
24 173 0
25 188 0
26 192 0
27 189 0
28 174 0
29 160 0
30 181 0
31 205 0
32 209 0
33 196 0
34 185 0
35 187 0
36 191 0
37 184 0
38 186 0
39 203 0
40 196 0
41 188 0
42 208 0
43 167 0
44 79 0
45 47 0
46 48 0
47 41 0
48 50 0
49 63 0
50 70 0
51 67 0
52 61 0
53 66 0
54 73 0
55 68 0
56 65 0
57 66 0
58 63 0
59 62 0
60 62 0
61 63 0
62 62 0
63 58 0
64 54 0
65 54 0
66 58 0
67 68 0
68 104 0
69 158 0
70 183 0
71 156 0
72 124 0
73 129 0
74 155 0
75 155 0
76 114 0
77 68 0
78 50 0
79 51 0
80 52 0
81 51 0
82 51 0
83 51 0
84 50 0
85 51 0
86 56 0
87 73 0
88 101 0
89 112 0
90 95 0
91 75 0
92 65 0
93 52 0
94 31 0
95 13 0
96 12 0
97 24 0
98 34 0
99 33 0
100 20 0
101 11 0
102 12 0
103 12 0
104 7 0
105 9 0
106 18 0
107 18 0
108 9 0
109 9 0
110 17 0
111 18 0
112 13 0
113 12 0
114 14 0
115 10 0
116 9 0
117 12 0
118 11 0
119 7 0
120 13 0
121 14 0
122 6 0
123 5 0
124 41 0
125 80 0
126 77 0
127 49 0
128 43 0
129 51 0
130 52 0
131 47 0
132 49 0
133 54 0
134 47 0
135 43 0
136 64 0
137 96 0
138 115 0
139 91 0
140 38 0
141 6 0
142 5 0
143 8 0
144 8 0
145 7 0
146 9 0
147 9 0
148 7 0
149 8 0
150 10 0
151 11 0
152 9 0
153 7 0
154 7 0
155 12 0
156 15 0
157 13 0
158 12 0
159 19 0
160 24 0
161 21 0
162 19 0
163 19 0
164 15 0
165 12 0
166 22 0
167 35 0
168 42 0
169 48 0
170 63 0
171 80 0
172 82 0
173 73 0
174 68 0
175 69 0
176 65 0
177 57 0
178 52 0
179 49 0
180 50 0
181 66 0
182 100 0
183 141 0
184 175 0
185 189 0
186 183 0
187 166 0
188 143 0
189 137 0
190 165 0
191 198 0
192 196 0
193 180 0
194 181 0
195 183 0
196 169 0
197 149 0
198 141 0
199 137 0
200 133 0
201 135 0
202 129 0
203 107 0
204 91 0
205 79 0
206 62 0
207 60 0
208 59 0
209 40 0
210 32 0
211 44 0
212 41 0
213 46 0
214 97 0
215 150 0
216 159 0
217 154 0
218 157 0
219 158 0
220 159 0
221 152 0
222 138 0
223 138 0
224 144 0
225 152 0
226 161 0
227 154 0
228 148 0
229 157 0
230 143 0
231 123 0
232 137 0
233 132 0
234 121 0
235 135 0
236 85 0
237 37 0
238 46 0
239 40 0
240 43 0
241 44 0
242 41 0
243 43 0
244 45 0
245 39 0
246 34 0
247 35 0
248 36 0
249 33 0
250 31 0
251 49 0
252 73 0
253 76 0
254 69 0
255 73 0

0 44 0
1 78 0
2 143 0
3 164 0
4 178 0
5 93 0
6 56 0
7 71 0
8 68 0
9 67 0
10 67 0
11 78 0
12 68 0
13 69 0
14 66 0
15 71 0
16 60 0
17 80 0
18 71 0
19 71 0
20 170 0
21 186 0
22 170 0
23 179 0
24 159 0
25 167 0
26 179 0
27 174 0
28 168 0
29 166 0
30 179 0
31 203 0
32 213 0
33 199 0
34 196 0
35 212 0
36 209 0
37 176 0
38 167 0
39 190 0
40 188 0
41 188 0
42 205 0
43 146 0
44 53 0
45 37 0
46 46 0
47 40 0
48 51 0
49 63 0
50 64 0
51 64 0
52 66 0
53 70 0
54 70 0
55 64 0
56 63 0
57 65 0
58 64 0
59 61 0
60 59 0
61 58 0
62 59 0
63 61 0
64 64 0
65 71 0
66 83 0
67 96 0
68 126 0
69 173 0
70 191 0
71 160 0
72 134 0
73 154 0
74 176 0
75 147 0
76 90 0
77 55 0
78 50 0
79 52 0
80 50 0
81 52 0
82 53 0
83 51 0
84 53 0
85 61 0
86 68 0
87 82 0
88 97 0
89 94 0
90 76 0
91 60 0
92 51 0
93 37 0
94 22 0
95 18 0
96 23 0
97 24 0
98 16 0
99 8 0
100 9 0
101 16 0
102 17 0
103 14 0
104 9 0
105 11 0
106 18 0
107 20 0
108 15 0
109 14 0
110 17 0
111 16 0
112 9 0
113 9 0
114 11 0
115 9 0
116 14 0
117 24 0
118 22 0
119 12 0
120 13 0
121 15 0
122 6 0
123 0 0
124 34 0
125 82 0
126 84 0
127 51 0
128 42 0
129 53 0
130 56 0
131 48 0
132 49 0
133 56 0
134 47 0
135 43 0
136 66 0
137 100 0
138 108 0
139 73 0
140 24 0
141 4 0
142 9 0
143 9 0
144 7 0
145 7 0
146 8 0
147 8 0
148 8 0
149 9 0
150 10 0
151 10 0
152 9 0
153 8 0
154 9 0
155 17 0
156 24 0
157 23 0
158 17 0
159 14 0
160 15 0
161 18 0
162 18 0
163 15 0
164 11 0
165 12 0
166 25 0
167 38 0
168 36 0
169 24 0
170 19 0
171 24 0
172 35 0
173 44 0
174 53 0
175 63 0
176 69 0
177 65 0
178 57 0
179 53 0
180 50 0
181 51 0
182 63 0
183 103 0
184 161 0
185 183 0
186 151 0
187 132 0
188 149 0
189 152 0
190 144 0
191 160 0
192 183 0
193 184 0
194 181 0
195 183 0
196 181 0
197 165 0
198 147 0
199 138 0
200 135 0
201 132 0
202 122 0
203 98 0
204 76 0
205 67 0
206 64 0
207 68 0
208 61 0
209 38 0
210 34 0
211 46 0
212 38 0
213 22 0
214 49 0
215 112 0
216 154 0
217 163 0
218 156 0
219 147 0
220 149 0
221 147 0
222 132 0
223 126 0
224 130 0
225 142 0
226 156 0
227 154 0
228 144 0
229 142 0
230 134 0
231 119 0
232 134 0
233 133 0
234 116 0
235 107 0
236 53 0
237 37 0
238 54 0
239 46 0
240 47 0
241 44 0
242 41 0
243 42 0
244 46 0
245 39 0
246 39 0
247 37 0
248 37 0
249 32 0
250 30 0
251 44 0
252 76 0
253 81 0
254 73 0
255 83 0

0 41 0
1 97 0
2 170 0
3 151 0
4 146 0
5 66 0
6 60 0
7 71 0
8 67 0
9 77 0
10 73 0
11 78 0
12 72 0
13 68 0
14 67 0
15 76 0
16 68 0
17 77 0
18 65 0
19 66 0
20 175 0
21 188 0
22 161 0
23 184 0
24 169 0
25 166 0
26 177 0
27 161 0
28 143 0
29 152 0
30 170 0
31 182 0
32 194 0
33 186 0
34 182 0
35 206 0
36 214 0
37 190 0
38 183 0
39 194 0
40 188 0
41 198 0
42 196 0
43 115 0
44 42 0
45 43 0
46 45 0
47 39 0
48 56 0
49 71 0
50 66 0
51 63 0
52 73 0
53 80 0
54 78 0
55 78 0
56 77 0
57 71 0
58 66 0
59 64 0
60 63 0
61 63 0
62 64 0
63 64 0
64 70 0
65 83 0
66 91 0
67 104 0
68 142 0
69 180 0
70 175 0
71 152 0
72 169 0
73 203 0
74 188 0
75 122 0
76 61 0
77 45 0
78 51 0
79 53 0
80 51 0
81 54 0
82 55 0
83 51 0
84 55 0
85 68 0
86 81 0
87 81 0
88 70 0
89 61 0
90 58 0
91 51 0
92 34 0
93 19 0
94 15 0
95 15 0
96 15 0
97 14 0
98 12 0
99 11 0
100 12 0
101 14 0
102 17 0
103 19 0
104 18 0
105 17 0
106 19 0
107 22 0
108 18 0
109 14 0
110 16 0
111 17 0
112 12 0
113 11 0
114 14 0
115 17 0
116 22 0
117 26 0
118 22 0
119 10 0
120 10 0
121 12 0
122 4 0
123 0 0
124 29 0
125 79 0
126 85 0
127 51 0
128 39 0
129 51 0
130 57 0
131 49 0
132 48 0
133 56 0
134 47 0
135 44 0
136 71 0
137 106 0
138 106 0
139 67 0
140 22 0
141 7 0
142 9 0
143 7 0
144 5 0
145 7 0
146 8 0
147 8 0
148 10 0
149 12 0
150 11 0
151 8 0
152 7 0
153 9 0
154 14 0
155 19 0
156 19 0
157 15 0
158 12 0
159 11 0
160 13 0
161 14 0
162 12 0
163 9 0
164 8 0
165 9 0
166 16 0
167 26 0
168 31 0
169 22 0
170 9 0
171 6 0
172 11 0
173 14 0
174 15 0
175 25 0
176 44 0
177 59 0
178 58 0
179 49 0
180 44 0
181 45 0
182 43 0
183 62 0
184 125 0
185 178 0
186 170 0
187 149 0
188 159 0
189 157 0
190 133 0
191 134 0
192 154 0
193 164 0
194 164 0
195 162 0
196 172 0
197 181 0
198 175 0
199 161 0
200 150 0
201 137 0
202 120 0
203 98 0
204 79 0
205 69 0
206 69 0
207 75 0
208 66 0
209 45 0
210 44 0
211 46 0
212 39 0
213 34 0
214 39 0
215 78 0
216 131 0
217 149 0
218 140 0
219 134 0
220 139 0
221 137 0
222 127 0
223 129 0
224 136 0
225 140 0
226 146 0
227 151 0
228 144 0
229 136 0
230 127 0
231 106 0
232 125 0
233 138 0
234 117 0
235 96 0
236 67 0
237 63 0
238 55 0
239 41 0
240 41 0
241 40 0
242 42 0
243 44 0
244 41 0
245 37 0
246 40 0
247 33 0
248 34 0
249 32 0
250 39 0
251 46 0
252 61 0
253 90 0
254 84 0
255 85 0

0 41 0
1 122 0
2 173 0
3 152 0
4 135 0
5 66 0
6 64 0
7 68 0
8 65 0
9 73 0
10 69 0
11 70 0
12 70 0
13 68 0
14 66 0
15 71 0
16 59 0
17 73 0
18 61 0
19 54 0
20 166 0
21 194 0
22 159 0
23 181 0
24 164 0
25 157 0
26 171 0
27 157 0
28 144 0
29 154 0
30 168 0
31 171 0
32 178 0
33 176 0
34 184 0
35 215 0
36 227 0
37 206 0
38 187 0
39 193 0
40 210 0
41 215 0
42 166 0
43 77 0
44 39 0
45 46 0
46 38 0
47 42 0
48 68 0
49 80 0
50 76 0
51 69 0
52 71 0
53 82 0
54 91 0
55 95 0
56 89 0
57 75 0
58 67 0
59 67 0
60 63 0
61 61 0
62 62 0
63 59 0
64 62 0
65 66 0
66 68 0
67 97 0
68 160 0
69 186 0
70 149 0
71 130 0
72 169 0
73 197 0
74 158 0
75 87 0
76 48 0
77 49 0
78 54 0
79 51 0
80 50 0
81 52 0
82 52 0
83 52 0
84 57 0
85 70 0
86 74 0
87 63 0
88 49 0
89 44 0
90 42 0
91 30 0
92 14 0
93 8 0
94 11 0
95 13 0
96 12 0
97 10 0
98 12 0
99 15 0
100 16 0
101 14 0
102 14 0
103 19 0
104 22 0
105 24 0
106 26 0
107 23 0
108 14 0
109 10 0
110 15 0
111 17 0
112 12 0
113 10 0
114 17 0
115 23 0
116 20 0
117 15 0
118 12 0
119 7 0
120 9 0
121 11 0
122 5 0
123 0 0
124 21 0
125 68 0
126 83 0
127 57 0
128 43 0
129 53 0
130 56 0
131 49 0
132 49 0
133 58 0
134 47 0
135 45 0
136 81 0
137 118 0
138 109 0
139 63 0
140 20 0
141 7 0
142 9 0
143 7 0
144 6 0
145 6 0
146 6 0
147 7 0
148 11 0
149 12 0
150 11 0
151 8 0
152 4 0
153 4 0
154 8 0
155 11 0
156 11 0
157 9 0
158 10 0
159 12 0
160 13 0
161 12 0
162 9 0
163 11 0
164 14 0
165 14 0
166 14 0
167 18 0
168 18 0
169 13 0
170 8 0
171 8 0
172 13 0
173 18 0
174 22 0
175 29 0
176 34 0
177 36 0
178 41 0
179 44 0
180 42 0
181 41 0
182 39 0
183 44 0
184 92 0
185 164 0
186 185 0
187 162 0
188 156 0
189 162 0
190 153 0
191 147 0
192 146 0
193 144 0
194 149 0
195 149 0
196 147 0
197 165 0
198 188 0
199 183 0
200 156 0
201 131 0
202 118 0
203 111 0
204 98 0
205 77 0
206 66 0
207 68 0
208 62 0
209 54 0
210 54 0
211 45 0
212 39 0
213 40 0
214 39 0
215 62 0
216 103 0
217 131 0
218 134 0
219 127 0
220 137 0
221 138 0
222 125 0
223 129 0
224 132 0
225 133 0
226 139 0
227 145 0
228 142 0
229 129 0
230 114 0
231 100 0
232 123 0
233 132 0
234 95 0
235 88 0
236 87 0
237 69 0
238 54 0
239 48 0
240 46 0
241 44 0
242 43 0
243 46 0
244 44 0
245 37 0
246 39 0
247 36 0
248 39 0
249 34 0
250 38 0
251 41 0
252 60 0
253 107 0
254 96 0
255 87 0

0 53 0
1 134 0
2 144 0
3 157 0
4 143 0
5 64 0
6 70 0
7 73 0
8 68 0
9 68 0
10 69 0
11 74 0
12 69 0
13 65 0
14 65 0
15 78 0
16 65 0
17 78 0
18 74 0
19 56 0
20 166 0
21 198 0
22 157 0
23 176 0
24 158 0
25 154 0
26 171 0
27 159 0
28 156 0
29 173 0
30 179 0
31 174 0
32 170 0
33 159 0
34 175 0
35 212 0
36 221 0
37 206 0
38 187 0
39 191 0
40 207 0
41 181 0
42 102 0
43 39 0
44 33 0
45 40 0
46 36 0
47 53 0
48 77 0
49 78 0
50 78 0
51 84 0
52 77 0
53 70 0
54 72 0
55 73 0
56 71 0
57 64 0
58 60 0
59 63 0
60 65 0
61 64 0
62 62 0
63 60 0
64 61 0
65 63 0
66 74 0
67 122 0
68 181 0
69 166 0
70 104 0
71 111 0
72 176 0
73 188 0
74 122 0
75 60 0
76 47 0
77 53 0
78 51 0
79 50 0
80 52 0
81 53 0
82 54 0
83 56 0
84 62 0
85 66 0
86 57 0
87 34 0
88 20 0
89 26 0
90 31 0
91 23 0
92 14 0
93 14 0
94 13 0
95 12 0
96 14 0
97 13 0
98 12 0
99 15 0
100 18 0
101 18 0
102 14 0
103 9 0
104 12 0
105 23 0
106 31 0
107 27 0
108 15 0
109 12 0
110 20 0
111 22 0
112 13 0
113 9 0
114 17 0
115 22 0
116 15 0
117 8 0
118 9 0
119 9 0
120 10 0
121 11 0
122 7 0
123 0 0
124 14 0
125 55 0
126 75 0
127 56 0
128 44 0
129 50 0
130 52 0
131 48 0
132 52 0
133 58 0
134 44 0
135 48 0
136 88 0
137 117 0
138 96 0
139 54 0
140 21 0
141 10 0
142 8 0
143 7 0
144 9 0
145 7 0
146 6 0
147 8 0
148 10 0
149 9 0
150 13 0
151 22 0
152 22 0
153 12 0
154 8 0
155 12 0
156 15 0
157 14 0
158 12 0
159 14 0
160 16 0
161 15 0
162 13 0
163 14 0
164 15 0
165 17 0
166 21 0
167 22 0
168 19 0
169 15 0
170 10 0
171 5 0
172 4 0
173 12 0
174 34 0
175 58 0
176 63 0
177 45 0
178 35 0
179 44 0
180 51 0
181 51 0
182 44 0
183 35 0
184 67 0
185 149 0
186 190 0
187 163 0
188 153 0
189 167 0
190 155 0
191 145 0
192 156 0
193 155 0
194 143 0
195 142 0
196 137 0
197 134 0
198 154 0
199 173 0
200 156 0
201 118 0
202 101 0
203 105 0
204 99 0
205 77 0
206 62 0
207 58 0
208 55 0
209 59 0
210 56 0
211 44 0
212 46 0
213 48 0
214 46 0
215 60 0
216 79 0
217 103 0
218 117 0
219 118 0
220 139 0
221 139 0
222 120 0
223 124 0
224 128 0
225 135 0
226 144 0
227 146 0
228 142 0
229 132 0
230 127 0
231 119 0
232 130 0
233 121 0
234 71 0
235 51 0
236 51 0
237 57 0
238 56 0
239 45 0
240 49 0
241 49 0
242 42 0
243 44 0
244 45 0
245 42 0
246 39 0
247 36 0
248 40 0
249 36 0
250 38 0
251 41 0
252 65 0
253 107 0
254 97 0
255 84 0

0 70 0
1 139 0
2 116 0
3 148 0
4 124 0
5 55 0
6 67 0
7 68 0
8 69 0
9 68 0
10 68 0
11 77 0
12 71 0
13 64 0
14 63 0
15 76 0
16 65 0
17 68 0
18 76 0
19 62 0
20 155 0
21 190 0
22 149 0
23 158 0
24 149 0
25 158 0
26 180 0
27 172 0
28 168 0
29 179 0
30 177 0
31 169 0
32 169 0
33 160 0
34 176 0
35 215 0
36 217 0
37 197 0
38 186 0
39 188 0
40 186 0
41 129 0
42 55 0
43 36 0
44 47 0
45 39 0
46 34 0
47 56 0
48 76 0
49 70 0
50 68 0
51 85 0
52 85 0
53 70 0
54 63 0
55 62 0
56 61 0
57 61 0
58 62 0
59 62 0
60 60 0
61 59 0
62 60 0
63 60 0
64 62 0
65 69 0
66 93 0
67 151 0
68 176 0
69 110 0
70 55 0
71 117 0
72 200 0
73 176 0
74 90 0
75 46 0
76 49 0
77 52 0
78 51 0
79 53 0
80 56 0
81 54 0
82 54 0
83 56 0
84 54 0
85 47 0
86 34 0
87 17 0
88 12 0
89 21 0
90 23 0
91 14 0
92 10 0
93 12 0
94 11 0
95 10 0
96 12 0
97 15 0
98 16 0
99 16 0
100 16 0
101 17 0
102 16 0
103 10 0
104 7 0
105 15 0
106 27 0
107 28 0
108 18 0
109 12 0
110 16 0
111 16 0
112 9 0
113 6 0
114 12 0
115 17 0
116 12 0
117 9 0
118 10 0
119 10 0
120 10 0
121 11 0
122 8 0
123 0 0
124 10 0
125 49 0
126 70 0
127 58 0
128 49 0
129 53 0
130 53 0
131 51 0
132 55 0
133 58 0
134 46 0
135 51 0
136 77 0
137 88 0
138 66 0
139 44 0
140 27 0
141 13 0
142 6 0
143 9 0
144 13 0
145 10 0
146 10 0
147 12 0
148 9 0
149 6 0
150 15 0
151 34 0
152 37 0
153 22 0
154 10 0
155 14 0
156 17 0
157 14 0
158 12 0
159 16 0
160 18 0
161 17 0
162 15 0
163 17 0
164 19 0
165 21 0
166 21 0
167 20 0
168 17 0
169 15 0
170 11 0
171 7 0
172 6 0
173 3 0
174 10 0
175 36 0
176 61 0
177 55 0
178 41 0
179 48 0
180 58 0
181 62 0
182 56 0
183 29 0
184 33 0
185 116 0
186 194 0
187 185 0
188 157 0
189 156 0
190 127 0
191 103 0
192 135 0
193 167 0
194 152 0
195 130 0
196 134 0
197 132 0
198 121 0
199 132 0
200 152 0
201 136 0
202 109 0
203 106 0
204 112 0
205 98 0
206 73 0
207 56 0
208 54 0
209 55 0
210 53 0
211 58 0
212 71 0
213 71 0
214 73 0
215 82 0
216 73 0
217 73 0
218 97 0
219 116 0
220 134 0
221 139 0
222 125 0
223 120 0
224 121 0
225 134 0
226 142 0
227 140 0
228 143 0
229 145 0
230 137 0
231 117 0
232 132 0
233 120 0
234 56 0
235 42 0
236 55 0
237 58 0
238 49 0
239 44 0
240 56 0
241 51 0
242 45 0
243 44 0
244 46 0
245 45 0
246 40 0
247 33 0
248 39 0
249 40 0
250 42 0
251 46 0
252 59 0
253 105 0
254 107 0
255 95 0

0 76 0
1 129 0
2 124 0
3 171 0
4 113 0
5 62 0
6 69 0
7 62 0
8 66 0
9 70 0
10 66 0
11 75 0
12 73 0
13 67 0
14 69 0
15 75 0
16 70 0
17 66 0
18 70 0
19 59 0
20 125 0
21 169 0
22 144 0
23 152 0
24 147 0
25 151 0
26 170 0
27 176 0
28 183 0
29 182 0
30 174 0
31 164 0
32 159 0
33 152 0
34 173 0
35 209 0
36 205 0
37 191 0
38 196 0
39 187 0
40 154 0
41 97 0
42 48 0
43 43 0
44 49 0
45 34 0
46 34 0
47 60 0
48 75 0
49 71 0
50 69 0
51 73 0
52 74 0
53 71 0
54 69 0
55 69 0
56 70 0
57 64 0
58 59 0
59 60 0
60 60 0
61 60 0
62 63 0
63 68 0
64 76 0
65 89 0
66 124 0
67 175 0
68 173 0
69 111 0
70 96 0
71 163 0
72 203 0
73 151 0
74 75 0
75 46 0
76 50 0
77 53 0
78 51 0
79 52 0
80 55 0
81 56 0
82 56 0
83 53 0
84 45 0
85 31 0
86 18 0
87 15 0
88 21 0
89 22 0
90 12 0
91 5 0
92 7 0
93 12 0
94 14 0
95 15 0
96 14 0
97 15 0
98 19 0
99 20 0
100 14 0
101 12 0
102 17 0
103 18 0
104 14 0
105 15 0
106 22 0
107 24 0
108 17 0
109 9 0
110 8 0
111 9 0
112 7 0
113 6 0
114 12 0
115 16 0
116 13 0
117 9 0
118 11 0
119 9 0
120 9 0
121 12 0
122 10 0
123 0 0
124 8 0
125 48 0
126 74 0
127 63 0
128 51 0
129 53 0
130 53 0
131 50 0
132 52 0
133 56 0
134 51 0
135 54 0
136 66 0
137 71 0
138 63 0
139 54 0
140 35 0
141 12 0
142 6 0
143 11 0
144 11 0
145 9 0
146 12 0
147 16 0
148 12 0
149 9 0
150 11 0
151 17 0
152 18 0
153 13 0
154 10 0
155 14 0
156 16 0
157 15 0
158 17 0
159 18 0
160 17 0
161 16 0
162 19 0
163 21 0
164 21 0
165 22 0
166 22 0
167 20 0
168 17 0
169 13 0
170 11 0
171 9 0
172 12 0
173 11 0
174 5 0
175 9 0
176 28 0
177 40 0
178 46 0
179 61 0
180 71 0
181 67 0
182 63 0
183 40 0
184 17 0
185 76 0
186 180 0
187 207 0
188 164 0
189 148 0
190 147 0
191 119 0
192 107 0
193 137 0
194 150 0
195 123 0
196 114 0
197 135 0
198 126 0
199 110 0
200 137 0
201 156 0
202 137 0
203 126 0
204 129 0
205 110 0
206 73 0
207 55 0
208 51 0
209 49 0
210 70 0
211 93 0
212 93 0
213 91 0
214 102 0
215 115 0
216 91 0
217 58 0
218 83 0
219 119 0
220 129 0
221 132 0
222 119 0
223 112 0
224 122 0
225 139 0
226 145 0
227 141 0
228 143 0
229 139 0
230 123 0
231 117 0
232 135 0
233 107 0
234 45 0
235 46 0
236 61 0
237 68 0
238 58 0
239 46 0
240 49 0
241 45 0
242 46 0
243 47 0
244 44 0
245 39 0
246 38 0
247 36 0
248 42 0
249 38 0
250 44 0
251 46 0
252 52 0
253 103 0
254 111 0
255 93 0

0 94 0
1 114 0
2 138 0
3 178 0
4 91 0
5 57 0
6 70 0
7 61 0
8 63 0
9 68 0
10 66 0
11 76 0
12 73 0
13 63 0
14 68 0
15 74 0
16 69 0
17 62 0
18 68 0
19 49 0
20 97 0
21 159 0
22 151 0
23 152 0
24 144 0
25 146 0
26 168 0
27 173 0
28 180 0
29 176 0
30 170 0
31 166 0
32 154 0
33 147 0
34 166 0
35 207 0
36 213 0
37 198 0
38 197 0
39 168 0
40 109 0
41 61 0
42 43 0
43 53 0
44 50 0
45 31 0
46 41 0
47 70 0
48 78 0
49 70 0
50 68 0
51 69 0
52 68 0
53 68 0
54 66 0
55 65 0
56 70 0
57 76 0
58 74 0
59 63 0
60 58 0
61 66 0
62 74 0
63 78 0
64 93 0
65 126 0
66 172 0
67 193 0
68 165 0
69 134 0
70 149 0
71 185 0
72 186 0
73 135 0
74 72 0
75 44 0
76 49 0
77 53 0
78 49 0
79 50 0
80 57 0
81 60 0
82 56 0
83 44 0
84 29 0
85 21 0
86 20 0
87 22 0
88 20 0
89 14 0
90 11 0
91 11 0
92 13 0
93 15 0
94 17 0
95 17 0
96 14 0
97 15 0
98 21 0
99 24 0
100 19 0
101 11 0
102 12 0
103 16 0
104 17 0
105 18 0
106 22 0
107 20 0
108 13 0
109 7 0
110 9 0
111 10 0
112 9 0
113 8 0
114 13 0
115 16 0
116 11 0
117 7 0
118 10 0
119 9 0
120 8 0
121 12 0
122 15 0
123 2 0
124 10 0
125 54 0
126 84 0
127 66 0
128 48 0
129 54 0
130 61 0
131 54 0
132 48 0
133 52 0
134 51 0
135 51 0
136 65 0
137 88 0
138 92 0
139 73 0
140 37 0
141 11 0
142 9 0
143 12 0
144 8 0
145 8 0
146 18 0
147 26 0
148 22 0
149 11 0
150 5 0
151 5 0
152 7 0
153 9 0
154 12 0
155 14 0
156 16 0
157 21 0
158 26 0
159 24 0
160 17 0
161 18 0
162 24 0
163 25 0
164 22 0
165 20 0
166 19 0
167 19 0
168 18 0
169 17 0
170 15 0
171 12 0
172 10 0
173 12 0
174 11 0
175 9 0
176 8 0
177 16 0
178 35 0
179 60 0
180 76 0
181 74 0
182 71 0
183 61 0
184 46 0
185 77 0
186 154 0
187 199 0
188 177 0
189 157 0
190 183 0
191 179 0
192 112 0
193 83 0
194 124 0
195 135 0
196 102 0
197 105 0
198 126 0
199 120 0
200 120 0
201 148 0
202 175 0
203 177 0
204 145 0
205 101 0
206 75 0
207 64 0
208 56 0
209 67 0
210 95 0
211 104 0
212 109 0
213 124 0
214 120 0
215 130 0
216 134 0
217 81 0
218 66 0
219 112 0
220 134 0
221 123 0
222 116 0
223 121 0
224 123 0
225 133 0
226 144 0
227 141 0
228 142 0
229 139 0
230 125 0
231 115 0
232 120 0
233 83 0
234 33 0
235 38 0
236 67 0
237 80 0
238 56 0
239 45 0
240 53 0
241 47 0
242 48 0
243 45 0
244 43 0
245 44 0
246 44 0
247 43 0
248 46 0
249 43 0
250 43 0
251 46 0
252 51 0
253 91 0
254 107 0
255 83 0

0 89 0
1 92 0
2 150 0
3 161 0
4 88 0
5 59 0
6 63 0
7 66 0
8 68 0
9 64 0
10 63 0
11 70 0
12 73 0
13 66 0
14 66 0
15 80 0
16 68 0
17 59 0
18 79 0
19 62 0
20 83 0
21 140 0
22 149 0
23 152 0
24 139 0
25 149 0
26 186 0
27 181 0
28 176 0
29 176 0
30 167 0
31 163 0
32 154 0
33 150 0
34 169 0
35 208 0
36 218 0
37 196 0
38 175 0
39 128 0
40 69 0
41 42 0
42 46 0
43 59 0
44 54 0
45 40 0
46 51 0
47 73 0
48 79 0
49 71 0
50 66 0
51 65 0
52 63 0
53 63 0
54 63 0
55 63 0
56 61 0
57 63 0
58 74 0
59 73 0
60 65 0
61 68 0
62 77 0
63 89 0
64 116 0
65 160 0
66 193 0
67 185 0
68 149 0
69 132 0
70 147 0
71 180 0
72 184 0
73 130 0
74 64 0
75 43 0
76 49 0
77 46 0
78 42 0
79 46 0
80 52 0
81 57 0
82 51 0
83 32 0
84 20 0
85 17 0
86 17 0
87 16 0
88 17 0
89 16 0
90 15 0
91 15 0
92 16 0
93 17 0
94 17 0
95 16 0
96 17 0
97 20 0
98 24 0
99 31 0
100 31 0
101 21 0
102 11 0
103 10 0
104 12 0
105 15 0
106 19 0
107 17 0
108 12 0
109 8 0
110 8 0
111 9 0
112 9 0
113 10 0
114 14 0
115 16 0
116 9 0
117 7 0
118 12 0
119 10 0
120 8 0
121 14 0
122 17 0
123 2 0
124 16 0
125 71 0
126 100 0
127 72 0
128 44 0
129 48 0
130 57 0
131 55 0
132 52 0
133 57 0
134 50 0
135 45 0
136 72 0
137 114 0
138 117 0
139 76 0
140 33 0
141 14 0
142 17 0
143 16 0
144 10 0
145 12 0
146 22 0
147 36 0
148 37 0
149 21 0
150 7 0
151 9 0
152 15 0
153 14 0
154 11 0
155 11 0
156 15 0
157 20 0
158 24 0
159 21 0
160 18 0
161 21 0
162 24 0
163 24 0
164 22 0
165 19 0
166 19 0
167 22 0
168 21 0
169 16 0
170 12 0
171 13 0
172 12 0
173 11 0
174 9 0
175 9 0
176 8 0
177 7 0
178 16 0
179 41 0
180 69 0
181 76 0
182 68 0
183 68 0
184 82 0
185 95 0
186 123 0
187 178 0
188 196 0
189 158 0
190 160 0
191 192 0
192 146 0
193 79 0
194 103 0
195 148 0
196 128 0
197 98 0
198 111 0
199 127 0
200 117 0
201 119 0
202 164 0
203 196 0
204 164 0
205 110 0
206 80 0
207 71 0
208 73 0
209 85 0
210 93 0
211 102 0
212 128 0
213 149 0
214 139 0
215 145 0
216 164 0
217 112 0
218 45 0
219 78 0
220 134 0
221 128 0
222 117 0
223 119 0
224 118 0
225 135 0
226 152 0
227 146 0
228 135 0
229 142 0
230 137 0
231 120 0
232 120 0
233 81 0
234 26 0
235 43 0
236 78 0
237 73 0
238 52 0
239 54 0
240 59 0
241 51 0
242 50 0
243 43 0
244 45 0
245 45 0
246 41 0
247 39 0
248 44 0
249 41 0
250 41 0
251 53 0
252 51 0
253 88 0
254 126 0
255 110 0

0 66 0
1 67 0
2 162 0
3 146 0
4 75 0
5 63 0
6 62 0
7 65 0
8 66 0
9 62 0
10 62 0
11 68 0
12 71 0
13 74 0
14 67 0
15 87 0
16 76 0
17 60 0
18 106 0
19 108 0
20 93 0
21 108 0
22 135 0
23 154 0
24 139 0
25 154 0
26 182 0
27 174 0
28 180 0
29 183 0
30 168 0
31 170 0
32 165 0
33 149 0
34 168 0
35 207 0
36 199 0
37 159 0
38 127 0
39 86 0
40 50 0
41 41 0
42 49 0
43 57 0
44 53 0
45 51 0
46 64 0
47 76 0
48 78 0
49 77 0
50 69 0
51 62 0
52 62 0
53 60 0
54 61 0
55 67 0
56 65 0
57 59 0
58 59 0
59 63 0
60 69 0
61 78 0
62 88 0
63 105 0
64 135 0
65 169 0
66 161 0
67 109 0
68 92 0
69 128 0
70 164 0
71 186 0
72 178 0
73 115 0
74 52 0
75 44 0
76 48 0
77 39 0
78 42 0
79 46 0
80 46 0
81 53 0
82 48 0
83 28 0
84 19 0
85 19 0
86 14 0
87 12 0
88 15 0
89 16 0
90 15 0
91 13 0
92 13 0
93 17 0
94 19 0
95 14 0
96 12 0
97 14 0
98 15 0
99 20 0
100 29 0
101 31 0
102 26 0
103 21 0
104 14 0
105 12 0
106 18 0
107 22 0
108 17 0
109 12 0
110 10 0
111 9 0
112 11 0
113 16 0
114 19 0
115 17 0
116 11 0
117 11 0
118 13 0
119 9 0
120 7 0
121 14 0
122 14 0
123 0 0
124 22 0
125 82 0
126 109 0
127 76 0
128 45 0
129 41 0
130 46 0
131 50 0
132 58 0
133 64 0
134 51 0
135 46 0
136 86 0
137 133 0
138 122 0
139 63 0
140 24 0
141 17 0
142 19 0
143 15 0
144 10 0
145 12 0
146 12 0
147 20 0
148 34 0
149 30 0
150 13 0
151 8 0
152 14 0
153 15 0
154 15 0
155 16 0
156 16 0
157 18 0
158 19 0
159 18 0
160 18 0
161 20 0
162 21 0
163 22 0
164 24 0
165 24 0
166 23 0
167 24 0
168 22 0
169 17 0
170 17 0
171 22 0
172 23 0
173 17 0
174 9 0
175 11 0
176 14 0
177 10 0
178 6 0
179 22 0
180 62 0
181 90 0
182 77 0
183 63 0
184 78 0
185 85 0
186 93 0
187 156 0
188 210 0
189 176 0
190 146 0
191 171 0
192 155 0
193 106 0
194 112 0
195 142 0
196 134 0
197 106 0
198 96 0
199 111 0
200 127 0
201 125 0
202 135 0
203 171 0
204 176 0
205 125 0
206 76 0
207 68 0
208 80 0
209 78 0
210 74 0
211 98 0
212 132 0
213 164 0
214 162 0
215 127 0
216 144 0
217 152 0
218 64 0
219 47 0
220 125 0
221 139 0
222 117 0
223 112 0
224 121 0
225 140 0
226 152 0
227 148 0
228 133 0
229 143 0
230 143 0
231 127 0
232 135 0
233 83 0
234 15 0
235 58 0
236 102 0
237 76 0
238 50 0
239 53 0
240 56 0
241 55 0
242 53 0
243 48 0
244 49 0
245 48 0
246 47 0
247 44 0
248 44 0
249 43 0
250 44 0
251 56 0
252 47 0
253 82 0
254 129 0
255 127 0

0 45 0
1 46 0
2 163 0
3 134 0
4 64 0
5 58 0
6 61 0
7 66 0
8 68 0
9 67 0
10 66 0
11 69 0
12 73 0
13 76 0
14 63 0
15 77 0
16 76 0
17 64 0
18 103 0
19 104 0
20 75 0
21 73 0
22 120 0
23 148 0
24 127 0
25 149 0
26 171 0
27 171 0
28 192 0
29 196 0
30 175 0
31 179 0
32 181 0
33 154 0
34 163 0
35 200 0
36 187 0
37 134 0
38 94 0
39 73 0
40 58 0
41 49 0
42 54 0
43 62 0
44 61 0
45 63 0
46 74 0
47 76 0
48 70 0
49 70 0
50 67 0
51 61 0
52 63 0
53 62 0
54 59 0
55 61 0
56 63 0
57 62 0
58 61 0
59 58 0
60 59 0
61 66 0
62 93 0
63 127 0
64 153 0
65 172 0
66 157 0
67 99 0
68 83 0
69 136 0
70 179 0
71 186 0
72 164 0
73 103 0
74 47 0
75 41 0
76 41 0
77 37 0
78 46 0
79 49 0
80 52 0
81 66 0
82 55 0
83 22 0
84 8 0
85 13 0
86 11 0
87 10 0
88 12 0
89 11 0
90 15 0
91 17 0
92 13 0
93 13 0
94 18 0
95 17 0
96 14 0
97 15 0
98 14 0
99 9 0
100 8 0
101 17 0
102 29 0
103 34 0
104 24 0
105 13 0
106 16 0
107 24 0
108 22 0
109 16 0
110 11 0
111 7 0
112 12 0
113 19 0
114 21 0
115 15 0
116 12 0
117 14 0
118 13 0
119 7 0
120 9 0
121 17 0
122 14 0
123 2 0
124 25 0
125 78 0
126 98 0
127 71 0
128 51 0
129 54 0
130 54 0
131 48 0
132 47 0
133 52 0
134 44 0
135 51 0
136 102 0
137 146 0
138 124 0
139 62 0
140 28 0
141 24 0
142 21 0
143 12 0
144 9 0
145 13 0
146 9 0
147 4 0
148 11 0
149 16 0
150 12 0
151 10 0
152 13 0
153 14 0
154 19 0
155 24 0
156 25 0
157 24 0
158 22 0
159 19 0
160 18 0
161 23 0
162 29 0
163 32 0
164 30 0
165 25 0
166 21 0
167 20 0
168 19 0
169 19 0
170 23 0
171 25 0
172 23 0
173 18 0
174 12 0
175 11 0
176 15 0
177 14 0
178 9 0
179 8 0
180 37 0
181 93 0
182 115 0
183 90 0
184 80 0
185 78 0
186 67 0
187 113 0
188 197 0
189 206 0
190 162 0
191 155 0
192 160 0
193 149 0
194 155 0
195 167 0
196 154 0
197 127 0
198 101 0
199 96 0
200 122 0
201 137 0
202 128 0
203 149 0
204 180 0
205 151 0
206 91 0
207 71 0
208 81 0
209 72 0
210 56 0
211 79 0
212 118 0
213 146 0
214 139 0
215 96 0
216 122 0
217 174 0
218 94 0
219 33 0
220 106 0
221 147 0
222 120 0
223 112 0
224 128 0
225 139 0
226 145 0
227 155 0
228 149 0
229 144 0
230 136 0
231 127 0
232 133 0
233 70 0
234 15 0
235 85 0
236 107 0
237 62 0
238 53 0
239 54 0
240 53 0
241 52 0
242 55 0
243 51 0
244 44 0
245 45 0
246 49 0
247 46 0
248 46 0
249 45 0
250 44 0
251 54 0
252 49 0
253 74 0
254 117 0
255 127 0

0 19 0
1 22 0
2 167 0
3 113 0
4 59 0
5 62 0
6 68 0
7 66 0
8 68 0
9 69 0
10 65 0
11 67 0
12 72 0
13 71 0
14 64 0
15 77 0
16 74 0
17 68 0
18 97 0
19 90 0
20 59 0
21 49 0
22 96 0
23 134 0
24 127 0
25 162 0
26 186 0
27 186 0
28 198 0
29 190 0
30 176 0
31 163 0
32 159 0
33 158 0
34 179 0
35 213 0
36 190 0
37 115 0
38 73 0
39 76 0
40 71 0
41 57 0
42 64 0
43 69 0
44 68 0
45 73 0
46 78 0
47 76 0
48 71 0
49 68 0
50 67 0
51 63 0
52 63 0
53 62 0
54 59 0
55 60 0
56 60 0
57 59 0
58 59 0
59 59 0
60 56 0
61 52 0
62 79 0
63 137 0
64 169 0
65 171 0
66 171 0
67 162 0
68 151 0
69 159 0
70 171 0
71 176 0
72 162 0
73 102 0
74 47 0
75 38 0
76 39 0
77 45 0
78 53 0
79 51 0
80 57 0
81 73 0
82 58 0
83 19 0
84 6 0
85 11 0
86 12 0
87 13 0
88 12 0
89 12 0
90 17 0
91 19 0
92 14 0
93 13 0
94 18 0
95 19 0
96 17 0
97 16 0
98 15 0
99 14 0
100 13 0
101 13 0
102 18 0
103 28 0
104 30 0
105 22 0
106 19 0
107 26 0
108 29 0
109 20 0
110 9 0
111 9 0
112 22 0
113 31 0
114 25 0
115 15 0
116 12 0
117 16 0
118 13 0
119 7 0
120 12 0
121 20 0
122 14 0
123 3 0
124 24 0
125 68 0
126 86 0
127 67 0
128 52 0
129 56 0
130 55 0
131 46 0
132 42 0
133 46 0
134 42 0
135 57 0
136 111 0
137 152 0
138 130 0
139 74 0
140 41 0
141 31 0
142 23 0
143 15 0
144 12 0
145 15 0
146 17 0
147 15 0
148 14 0
149 14 0
150 13 0
151 14 0
152 17 0
153 18 0
154 20 0
155 24 0
156 24 0
157 23 0
158 22 0
159 18 0
160 19 0
161 29 0
162 36 0
163 35 0
164 30 0
165 26 0
166 26 0
167 26 0
168 22 0
169 18 0
170 19 0
171 16 0
172 16 0
173 18 0
174 14 0
175 11 0
176 12 0
177 15 0
178 15 0
179 7 0
180 5 0
181 57 0
182 128 0
183 128 0
184 96 0
185 83 0
186 55 0
187 62 0
188 153 0
189 215 0
190 186 0
191 156 0
192 168 0
193 175 0
194 168 0
195 165 0
196 168 0
197 158 0
198 125 0
199 92 0
200 92 0
201 118 0
202 128 0
203 129 0
204 154 0
205 164 0
206 128 0
207 95 0
208 92 0
209 87 0
210 75 0
211 81 0
212 85 0
213 82 0
214 98 0
215 111 0
216 137 0
217 177 0
218 120 0
219 31 0
220 66 0
221 128 0
222 123 0
223 117 0
224 130 0
225 136 0
226 144 0
227 162 0
228 159 0
229 143 0
230 131 0
231 119 0
232 120 0
233 54 0
234 27 0
235 112 0
236 93 0
237 46 0
238 55 0
239 53 0
240 56 0
241 50 0
242 52 0
243 49 0
244 48 0
245 45 0
246 44 0
247 42 0
248 42 0
249 44 0
250 51 0
251 56 0
252 51 0
253 68 0
254 112 0
255 113 0

0 1 0
1 2 0
2 134 0
3 88 0
4 60 0
5 65 0
6 65 0
7 63 0
8 63 0
9 66 0
10 66 0
11 68 0
12 73 0
13 75 0
14 65 0
15 81 0
16 80 0
17 71 0
18 95 0
19 86 0
20 63 0
21 50 0
22 95 0
23 139 0
24 135 0
25 168 0
26 195 0
27 200 0
28 200 0
29 185 0
30 179 0
31 161 0
32 148 0
33 161 0
34 191 0
35 218 0
36 165 0
37 78 0
38 76 0
39 106 0
40 86 0
41 66 0
42 70 0
43 67 0
44 69 0
45 80 0
46 77 0
47 70 0
48 68 0
49 68 0
50 64 0
51 63 0
52 67 0
53 66 0
54 63 0
55 63 0
56 62 0
57 61 0
58 60 0
59 58 0
60 56 0
61 54 0
62 79 0
63 133 0
64 161 0
65 156 0
66 161 0
67 169 0
68 166 0
69 164 0
70 164 0
71 176 0
72 161 0
73 93 0
74 39 0
75 35 0
76 46 0
77 55 0
78 65 0
79 67 0
80 64 0
81 58 0
82 33 0
83 9 0
84 9 0
85 12 0
86 14 0
87 18 0
88 17 0
89 14 0
90 16 0
91 17 0
92 13 0
93 12 0
94 14 0
95 17 0
96 18 0
97 15 0
98 13 0
99 19 0
100 25 0
101 22 0
102 17 0
103 21 0
104 31 0
105 32 0
106 30 0
107 31 0
108 31 0
109 19 0
110 7 0
111 9 0
112 24 0
113 30 0
114 24 0
115 14 0
116 12 0
117 15 0
118 15 0
119 13 0
120 16 0
121 18 0
122 9 0
123 0 0
124 23 0
125 72 0
126 95 0
127 75 0
128 53 0
129 49 0
130 49 0
131 53 0
132 59 0
133 58 0
134 51 0
135 70 0
136 124 0
137 153 0
138 120 0
139 66 0
140 38 0
141 26 0
142 19 0
143 17 0
144 14 0
145 12 0
146 13 0
147 19 0
148 24 0
149 26 0
150 22 0
151 21 0
152 23 0
153 22 0
154 19 0
155 19 0
156 20 0
157 22 0
158 21 0
159 19 0
160 26 0
161 38 0
162 41 0
163 38 0
164 37 0
165 34 0
166 34 0
167 34 0
168 26 0
169 21 0
170 23 0
171 20 0
172 13 0
173 14 0
174 13 0
175 12 0
176 13 0
177 9 0
178 12 0
179 13 0
180 0 0
181 20 0
182 92 0
183 123 0
184 87 0
185 76 0
186 67 0
187 51 0
188 116 0
189 200 0
190 191 0
191 156 0
192 175 0
193 185 0
194 132 0
195 90 0
196 122 0
197 162 0
198 148 0
199 107 0
200 80 0
201 93 0
202 123 0
203 128 0
204 137 0
205 157 0
206 147 0
207 125 0
208 109 0
209 107 0
210 109 0
211 84 0
212 60 0
213 67 0
214 94 0
215 129 0
216 157 0
217 176 0
218 138 0
219 49 0
220 41 0
221 107 0
222 124 0
223 113 0
224 123 0
225 135 0
226 142 0
227 153 0
228 149 0
229 142 0
230 129 0
231 118 0
232 126 0
233 48 0
234 38 0
235 152 0
236 114 0
237 48 0
238 53 0
239 51 0
240 53 0
241 49 0
242 49 0
243 50 0
244 52 0
245 47 0
246 45 0
247 44 0
248 44 0
249 44 0
250 50 0
251 51 0
252 52 0
253 64 0
254 105 0
255 83 0

0 0 0
1 0 0
2 110 0
3 86 0
4 60 0
5 59 0
6 59 0
7 62 0
8 63 0
9 63 0
10 63 0
11 69 0
12 70 0
13 76 0
14 64 0
15 72 0
16 74 0
17 65 0
18 87 0
19 82 0
20 60 0
21 41 0
22 83 0
23 141 0
24 142 0
25 165 0
26 188 0
27 200 0
28 203 0
29 188 0
30 188 0
31 172 0
32 149 0
33 146 0
34 182 0
35 206 0
36 122 0
37 53 0
38 107 0
39 140 0
40 99 0
41 77 0
42 83 0
43 84 0
44 83 0
45 75 0
46 63 0
47 64 0
48 67 0
49 69 0
50 67 0
51 61 0
52 62 0
53 63 0
54 61 0
55 62 0
56 59 0
57 60 0
58 59 0
59 56 0
60 59 0
61 63 0
62 80 0
63 122 0
64 142 0
65 139 0
66 149 0
67 163 0
68 165 0
69 159 0
70 163 0
71 181 0
72 156 0
73 79 0
74 30 0
75 36 0
76 49 0
77 58 0
78 76 0
79 84 0
80 68 0
81 37 0
82 10 0
83 4 0
84 12 0
85 10 0
86 7 0
87 11 0
88 13 0
89 10 0
90 11 0
91 14 0
92 15 0
93 16 0
94 16 0
95 18 0
96 20 0
97 18 0
98 15 0
99 19 0
100 24 0
101 23 0
102 21 0
103 24 0
104 28 0
105 28 0
106 31 0
107 38 0
108 36 0
109 23 0
110 10 0
111 9 0
112 13 0
113 13 0
114 11 0
115 10 0
116 11 0
117 18 0
118 25 0
119 24 0
120 19 0
121 15 0
122 6 0
123 0 0
124 30 0
125 85 0
126 105 0
127 77 0
128 53 0
129 51 0
130 53 0
131 53 0
132 52 0
133 50 0
134 55 0
135 93 0
136 145 0
137 146 0
138 100 0
139 58 0
140 41 0
141 29 0
142 21 0
143 17 0
144 16 0
145 16 0
146 16 0
147 17 0
148 24 0
149 31 0
150 27 0
151 22 0
152 25 0
153 29 0
154 26 0
155 24 0
156 25 0
157 27 0
158 30 0
159 34 0
160 39 0
161 42 0
162 42 0
163 41 0
164 39 0
165 33 0
166 33 0
167 34 0
168 26 0
169 20 0
170 25 0
171 24 0
172 14 0
173 14 0
174 16 0
175 15 0
176 14 0
177 5 0
178 7 0
179 19 0
180 7 0
181 2 0
182 50 0
183 93 0
184 75 0
185 67 0
186 72 0
187 53 0
188 87 0
189 177 0
190 198 0
191 164 0
192 174 0
193 195 0
194 166 0
195 138 0
196 154 0
197 165 0
198 146 0
199 113 0
200 79 0
201 75 0
202 101 0
203 112 0
204 118 0
205 140 0
206 152 0
207 144 0
208 135 0
209 132 0
210 115 0
211 84 0
212 86 0
213 103 0
214 109 0
215 133 0
216 157 0
217 163 0
218 139 0
219 67 0
220 26 0
221 71 0
222 116 0
223 113 0
224 114 0
225 131 0
226 143 0
227 152 0
228 146 0
229 142 0
230 130 0
231 128 0
232 132 0
233 37 0
234 37 0
235 148 0
236 107 0
237 51 0
238 59 0
239 52 0
240 56 0
241 53 0
242 50 0
243 46 0
244 50 0
245 49 0
246 43 0
247 47 0
248 46 0
249 43 0
250 49 0
251 49 0
252 49 0
253 63 0
254 92 0
255 56 0

0 0 0
1 0 0
2 106 0
3 95 0
4 51 0
5 61 0
6 64 0
7 65 0
8 63 0
9 66 0
10 67 0
11 71 0
12 70 0
13 73 0
14 63 0
15 71 0
16 75 0
17 67 0
18 87 0
19 82 0
20 63 0
21 38 0
22 76 0
23 148 0
24 158 0
25 175 0
26 181 0
27 186 0
28 199 0
29 191 0
30 186 0
31 169 0
32 144 0
33 137 0
34 169 0
35 166 0
36 66 0
37 55 0
38 154 0
39 162 0
40 99 0
41 78 0
42 82 0
43 92 0
44 101 0
45 80 0
46 58 0
47 63 0
48 68 0
49 68 0
50 69 0
51 63 0
52 60 0
53 59 0
54 62 0
55 63 0
56 59 0
57 61 0
58 58 0
59 51 0
60 64 0
61 75 0
62 80 0
63 118 0
64 155 0
65 144 0
66 127 0
67 147 0
68 166 0
69 156 0
70 161 0
71 188 0
72 161 0
73 74 0
74 27 0
75 39 0
76 47 0
77 53 0
78 76 0
79 79 0
80 48 0
81 15 0
82 6 0
83 15 0
84 17 0
85 10 0
86 7 0
87 12 0
88 16 0
89 19 0
90 22 0
91 20 0
92 15 0
93 12 0
94 11 0
95 14 0
96 19 0
97 21 0
98 18 0
99 14 0
100 14 0
101 18 0
102 23 0
103 23 0
104 18 0
105 13 0
106 17 0
107 26 0
108 33 0
109 25 0
110 12 0
111 10 0
112 15 0
113 15 0
114 10 0
115 9 0
116 16 0
117 26 0
118 29 0
119 19 0
120 9 0
121 9 0
122 7 0
123 5 0
124 36 0
125 86 0
126 97 0
127 63 0
128 42 0
129 44 0
130 45 0
131 40 0
132 36 0
133 41 0
134 65 0
135 115 0
136 150 0
137 129 0
138 87 0
139 65 0
140 52 0
141 34 0
142 23 0
143 19 0
144 17 0
145 18 0
146 19 0
147 21 0
148 25 0
149 28 0
150 24 0
151 25 0
152 38 0
153 49 0
154 45 0
155 34 0
156 31 0
157 36 0
158 40 0
159 39 0
160 40 0
161 43 0
162 42 0
163 39 0
164 36 0
165 31 0
166 30 0
167 29 0
168 24 0
169 22 0
170 24 0
171 22 0
172 16 0
173 14 0
174 13 0
175 13 0
176 14 0
177 11 0
178 13 0
179 21 0
180 14 0
181 3 0
182 21 0
183 42 0
184 46 0
185 60 0
186 73 0
187 50 0
188 57 0
189 147 0
190 208 0
191 180 0
192 156 0
193 176 0
194 192 0
195 193 0
196 184 0
197 171 0
198 155 0
199 120 0
200 74 0
201 67 0
202 95 0
203 99 0
204 90 0
205 118 0
206 148 0
207 150 0
208 154 0
209 144 0
210 116 0
211 112 0
212 118 0
213 107 0
214 108 0
215 130 0
216 153 0
217 156 0
218 134 0
219 83 0
220 30 0
221 35 0
222 90 0
223 107 0
224 103 0
225 125 0
226 142 0
227 151 0
228 154 0
229 154 0
230 140 0
231 130 0
232 118 0
233 27 0
234 26 0
235 117 0
236 81 0
237 50 0
238 59 0
239 53 0
240 60 0
241 52 0
242 48 0
243 43 0
244 51 0
245 50 0
246 46 0
247 49 0
248 49 0
249 46 0
250 49 0
251 49 0
252 47 0
253 63 0
254 87 0
255 39 0

0 0 0
1 0 0
2 86 0
3 94 0
4 49 0
5 63 0
6 63 0
7 61 0
8 61 0
9 66 0
10 67 0
11 68 0
12 71 0
13 78 0
14 70 0
15 73 0
16 80 0
17 71 0
18 83 0
19 90 0
20 72 0
21 36 0
22 83 0
23 161 0
24 159 0
25 167 0
26 184 0
27 190 0
28 206 0
29 200 0
30 181 0
31 167 0
32 150 0
33 143 0
34 159 0
35 113 0
36 39 0
37 105 0
38 210 0
39 181 0
40 102 0
41 73 0
42 74 0
43 76 0
44 81 0
45 79 0
46 66 0
47 61 0
48 65 0
49 72 0
50 71 0
51 61 0
52 61 0
53 63 0
54 61 0
55 61 0
56 59 0
57 64 0
58 69 0
59 65 0
60 73 0
61 78 0
62 85 0
63 134 0
64 174 0
65 146 0
66 117 0
67 145 0
68 170 0
69 159 0
70 168 0
71 194 0
72 157 0
73 77 0
74 48 0
75 58 0
76 60 0
77 76 0
78 94 0
79 70 0
80 26 0
81 6 0
82 9 0
83 14 0
84 11 0
85 8 0
86 10 0
87 14 0
88 17 0
89 20 0
90 28 0
91 31 0
92 27 0
93 22 0
94 20 0
95 21 0
96 24 0
97 29 0
98 34 0
99 27 0
100 17 0
101 17 0
102 20 0
103 17 0
104 13 0
105 15 0
106 17 0
107 19 0
108 24 0
109 22 0
110 13 0
111 13 0
112 23 0
113 24 0
114 17 0
115 17 0
116 25 0
117 28 0
118 21 0
119 10 0
120 6 0
121 10 0
122 11 0
123 11 0
124 40 0
125 80 0
126 85 0
127 55 0
128 37 0
129 38 0
130 40 0
131 42 0
132 44 0
133 52 0
134 77 0
135 115 0
136 135 0
137 112 0
138 76 0
139 56 0
140 42 0
141 28 0
142 23 0
143 25 0
144 22 0
145 16 0
146 15 0
147 21 0
148 26 0
149 28 0
150 30 0
151 38 0
152 49 0
153 56 0
154 55 0
155 49 0
156 48 0
157 50 0
158 47 0
159 39 0
160 39 0
161 44 0
162 41 0
163 34 0
164 31 0
165 32 0
166 30 0
167 26 0
168 23 0
169 21 0
170 21 0
171 20 0
172 17 0
173 12 0
174 9 0
175 13 0
176 17 0
177 16 0
178 14 0
179 12 0
180 17 0
181 18 0
182 10 0
183 5 0
184 13 0
185 42 0
186 70 0
187 55 0
188 38 0
189 101 0
190 191 0
191 201 0
192 161 0
193 148 0
194 160 0
195 174 0
196 175 0
197 170 0
198 179 0
199 167 0
200 100 0
201 55 0
202 85 0
203 105 0
204 80 0
205 86 0
206 120 0
207 127 0
208 112 0
209 97 0
210 115 0
211 137 0
212 115 0
213 99 0
214 118 0
215 133 0
216 141 0
217 143 0
218 123 0
219 101 0
220 67 0
221 29 0
222 56 0
223 101 0
224 103 0
225 114 0
226 136 0
227 164 0
228 171 0
229 158 0
230 144 0
231 142 0
232 133 0
233 39 0
234 31 0
235 103 0
236 62 0
237 52 0
238 62 0
239 55 0
240 56 0
241 51 0
242 52 0
243 46 0
244 51 0
245 49 0
246 49 0
247 51 0
248 51 0
249 46 0
250 46 0
251 48 0
252 50 0
253 61 0
254 76 0
255 23 0

0 0 0
1 0 0
2 60 0
3 85 0
4 56 0
5 68 0
6 65 0
7 62 0
8 64 0
9 61 0
10 61 0
11 69 0
12 69 0
13 70 0
14 69 0
15 68 0
16 78 0
17 74 0
18 75 0
19 107 0
20 103 0
21 31 0
22 69 0
23 159 0
24 156 0
25 153 0
26 171 0
27 186 0
28 198 0
29 196 0
30 177 0
31 154 0
32 136 0
33 136 0
34 138 0
35 74 0
36 55 0
37 161 0
38 209 0
39 157 0
40 98 0
41 68 0
42 73 0
43 78 0
44 71 0
45 70 0
46 72 0
47 69 0
48 68 0
49 82 0
50 84 0
51 67 0
52 63 0
53 63 0
54 59 0
55 61 0
56 62 0
57 66 0
58 74 0
59 90 0
60 101 0
61 88 0
62 99 0
63 155 0
64 169 0
65 131 0
66 131 0
67 165 0
68 166 0
69 156 0
70 179 0
71 182 0
72 122 0
73 70 0
74 69 0
75 75 0
76 88 0
77 115 0
78 103 0
79 45 0
80 7 0
81 7 0
82 12 0
83 10 0
84 14 0
85 17 0
86 15 0
87 13 0
88 16 0
89 19 0
90 17 0
91 15 0
92 17 0
93 22 0
94 28 0
95 29 0
96 28 0
97 34 0
98 43 0
99 41 0
100 31 0
101 24 0
102 20 0
103 15 0
104 13 0
105 15 0
106 17 0
107 19 0
108 25 0
109 27 0
110 18 0
111 10 0
112 14 0
113 19 0
114 19 0
115 22 0
116 24 0
117 18 0
118 10 0
119 9 0
120 10 0
121 11 0
122 13 0
123 26 0
124 52 0
125 72 0
126 66 0
127 45 0
128 32 0
129 31 0
130 36 0
131 39 0
132 38 0
133 44 0
134 64 0
135 92 0
136 111 0
137 98 0
138 65 0
139 44 0
140 40 0
141 32 0
142 22 0
143 23 0
144 25 0
145 19 0
146 19 0
147 31 0
148 41 0
149 40 0
150 37 0
151 36 0
152 34 0
153 33 0
154 38 0
155 45 0
156 48 0
157 46 0
158 47 0
159 46 0
160 42 0
161 39 0
162 36 0
163 34 0
164 32 0
165 31 0
166 29 0
167 24 0
168 21 0
169 19 0
170 18 0
171 18 0
172 16 0
173 13 0
174 16 0
175 23 0
176 24 0
177 18 0
178 12 0
179 11 0
180 18 0
181 23 0
182 15 0
183 7 0
184 7 0
185 21 0
186 51 0
187 63 0
188 41 0
189 58 0
190 143 0
191 202 0
192 186 0
193 156 0
194 160 0
195 177 0
196 170 0
197 139 0
198 142 0
199 182 0
200 158 0
201 78 0
202 69 0
203 109 0
204 100 0
205 76 0
206 93 0
207 107 0
208 90 0
209 93 0
210 126 0
211 130 0
212 113 0
213 124 0
214 134 0
215 122 0
216 121 0
217 127 0
218 109 0
219 94 0
220 90 0
221 48 0
222 40 0
223 85 0
224 105 0
225 110 0
226 132 0
227 165 0
228 164 0
229 152 0
230 144 0
231 146 0
232 145 0
233 47 0
234 32 0
235 96 0
236 61 0
237 54 0
238 59 0
239 54 0
240 54 0
241 49 0
242 51 0
243 46 0
244 49 0
245 49 0
246 52 0
247 45 0
248 46 0
249 52 0
250 51 0
251 52 0
252 51 0
253 52 0
254 58 0
255 9 0

0 0 0
1 0 0
2 32 0
3 70 0
4 63 0
5 67 0
6 64 0
7 61 0
8 66 0
9 62 0
10 60 0
11 72 0
12 71 0
13 67 0
14 65 0
15 67 0
16 76 0
17 73 0
18 78 0
19 134 0
20 139 0
21 33 0
22 48 0
23 155 0
24 159 0
25 156 0
26 172 0
27 178 0
28 181 0
29 185 0
30 188 0
31 160 0
32 129 0
33 132 0
34 113 0
35 60 0
36 93 0
37 169 0
38 161 0
39 135 0
40 107 0
41 71 0
42 69 0
43 76 0
44 73 0
45 69 0
46 73 0
47 79 0
48 78 0
49 83 0
50 83 0
51 72 0
52 68 0
53 65 0
54 62 0
55 63 0
56 68 0
57 73 0
58 76 0
59 103 0
60 128 0
61 114 0
62 124 0
63 164 0
64 158 0
65 135 0
66 151 0
67 164 0
68 151 0
69 162 0
70 191 0
71 158 0
72 78 0
73 49 0
74 62 0
75 84 0
76 124 0
77 130 0
78 66 0
79 4 0
80 1 0
81 12 0
82 11 0
83 11 0
84 14 0
85 22 0
86 20 0
87 10 0
88 11 0
89 17 0
90 16 0
91 12 0
92 10 0
93 14 0
94 17 0
95 14 0
96 8 0
97 11 0
98 15 0
99 16 0
100 19 0
101 23 0
102 20 0
103 14 0
104 11 0
105 12 0
106 12 0
107 12 0
108 20 0
109 27 0
110 21 0
111 9 0
112 13 0
113 23 0
114 24 0
115 17 0
116 12 0
117 9 0
118 9 0
119 11 0
120 11 0
121 7 0
122 16 0
123 43 0
124 62 0
125 53 0
126 35 0
127 26 0
128 24 0
129 24 0
130 28 0
131 30 0
132 33 0
133 42 0
134 57 0
135 74 0
136 93 0
137 85 0
138 53 0
139 40 0
140 49 0
141 42 0
142 19 0
143 18 0
144 27 0
145 25 0
146 22 0
147 29 0
148 38 0
149 38 0
150 35 0
151 35 0
152 38 0
153 39 0
154 39 0
155 41 0
156 41 0
157 37 0
158 36 0
159 37 0
160 34 0
161 32 0
162 33 0
163 29 0
164 23 0
165 21 0
166 22 0
167 22 0
168 20 0
169 19 0
170 18 0
171 16 0
172 14 0
173 17 0
174 25 0
175 26 0
176 19 0
177 14 0
178 14 0
179 17 0
180 17 0
181 16 0
182 12 0
183 8 0
184 5 0
185 9 0
186 33 0
187 61 0
188 54 0
189 42 0
190 96 0
191 182 0
192 201 0
193 166 0
194 161 0
195 181 0
196 176 0
197 128 0
198 85 0
199 121 0
200 173 0
201 127 0
202 69 0
203 96 0
204 118 0
205 88 0
206 66 0
207 60 0
208 65 0
209 93 0
210 117 0
211 117 0
212 131 0
213 147 0
214 129 0
215 111 0
216 107 0
217 104 0
218 83 0
219 69 0
220 83 0
221 63 0
222 31 0
223 54 0
224 92 0
225 107 0
226 123 0
227 151 0
228 154 0
229 147 0
230 130 0
231 133 0
232 142 0
233 50 0
234 31 0
235 85 0
236 56 0
237 50 0
238 57 0
239 53 0
240 53 0
241 47 0
242 51 0
243 47 0
244 48 0
245 49 0
246 52 0
247 46 0
248 47 0
249 50 0
250 54 0
251 56 0
252 52 0
253 54 0
254 55 0
255 2 0

0 0 0
1 0 0
2 12 0
3 57 0
4 61 0
5 61 0
6 61 0
7 60 0
8 65 0
9 65 0
10 66 0
11 73 0
12 71 0
13 68 0
14 66 0
15 68 0
16 75 0
17 74 0
18 69 0
19 118 0
20 144 0
21 39 0
22 33 0
23 139 0
24 147 0
25 147 0
26 176 0
27 182 0
28 185 0
29 188 0
30 188 0
31 169 0
32 149 0
33 133 0
34 81 0
35 57 0
36 119 0
37 151 0
38 129 0
39 149 0
40 152 0
41 115 0
42 104 0
43 93 0
44 78 0
45 75 0
46 80 0
47 87 0
48 84 0
49 79 0
50 78 0
51 73 0
52 70 0
53 70 0
54 68 0
55 67 0
56 77 0
57 84 0
58 96 0
59 124 0
60 126 0
61 117 0
62 149 0
63 169 0
64 152 0
65 156 0
66 166 0
67 153 0
68 151 0
69 183 0
70 189 0
71 120 0
72 50 0
73 45 0
74 62 0
75 93 0
76 134 0
77 105 0
78 22 0
79 0 0
80 13 0
81 16 0
82 14 0
83 17 0
84 14 0
85 22 0
86 25 0
87 16 0
88 11 0
89 14 0
90 15 0
91 16 0
92 17 0
93 16 0
94 16 0
95 16 0
96 16 0
97 18 0
98 14 0
99 9 0
100 11 0
101 15 0
102 17 0
103 17 0
104 14 0
105 13 0
106 14 0
107 16 0
108 22 0
109 24 0
110 18 0
111 12 0
112 19 0
113 26 0
114 20 0
115 11 0
116 11 0
117 13 0
118 12 0
119 13 0
120 13 0
121 7 0
122 17 0
123 47 0
124 58 0
125 34 0
126 11 0
127 12 0
128 16 0
129 17 0
130 18 0
131 19 0
132 26 0
133 41 0
134 54 0
135 68 0
136 90 0
137 85 0
138 45 0
139 32 0
140 59 0
141 63 0
142 29 0
143 13 0
144 24 0
145 29 0
146 22 0
147 20 0
148 26 0
149 34 0
150 38 0
151 40 0
152 43 0
153 41 0
154 39 0
155 40 0
156 41 0
157 36 0
158 29 0
159 27 0
160 28 0
161 28 0
162 26 0
163 23 0
164 22 0
165 23 0
166 24 0
167 22 0
168 19 0
169 19 0
170 19 0
171 18 0
172 19 0
173 21 0
174 19 0
175 14 0
176 10 0
177 9 0
178 12 0
179 13 0
180 14 0
181 13 0
182 12 0
183 10 0
184 6 0
185 6 0
186 21 0
187 52 0
188 64 0
189 43 0
190 60 0
191 148 0
192 204 0
193 176 0
194 156 0
195 173 0
196 176 0
197 140 0
198 68 0
199 54 0
200 128 0
201 137 0
202 70 0
203 69 0
204 107 0
205 96 0
206 66 0
207 53 0
208 64 0
209 91 0
210 112 0
211 131 0
212 152 0
213 143 0
214 115 0
215 109 0
216 98 0
217 77 0
218 64 0
219 55 0
220 58 0
221 56 0
222 38 0
223 36 0
224 73 0
225 114 0
226 134 0
227 153 0
228 148 0
229 144 0
230 140 0
231 131 0
232 125 0
233 48 0
234 26 0
235 75 0
236 57 0
237 55 0
238 62 0
239 56 0
240 53 0
241 49 0
242 53 0
243 50 0
244 53 0
245 47 0
246 47 0
247 53 0
248 50 0
249 49 0
250 55 0
251 56 0
252 51 0
253 46 0
254 41 0
255 0 0

0 0 0
1 0 0
2 0 0
3 54 0
4 59 0
5 62 0
6 66 0
7 64 0
8 66 0
9 63 0
10 64 0
11 70 0
12 64 0
13 67 0
14 66 0
15 66 0
16 70 0
17 75 0
18 63 0
19 100 0
20 157 0
21 58 0
22 30 0
23 140 0
24 155 0
25 152 0
26 177 0
27 182 0
28 187 0
29 188 0
30 180 0
31 160 0
32 137 0
33 99 0
34 53 0
35 67 0
36 128 0
37 139 0
38 115 0
39 145 0
40 184 0
41 178 0
42 163 0
43 139 0
44 110 0
45 98 0
46 90 0
47 83 0
48 74 0
49 76 0
50 92 0
51 91 0
52 78 0
53 78 0
54 76 0
55 76 0
56 83 0
57 85 0
58 110 0
59 142 0
60 129 0
61 134 0
62 173 0
63 155 0
64 125 0
65 151 0
66 164 0
67 150 0
68 171 0
69 193 0
70 151 0
71 73 0
72 39 0
73 55 0
74 70 0
75 79 0
76 85 0
77 49 0
78 2 0
79 5 0
80 18 0
81 14 0
82 15 0
83 20 0
84 18 0
85 21 0
86 22 0
87 17 0
88 17 0
89 21 0
90 18 0
91 14 0
92 15 0
93 16 0
94 15 0
95 16 0
96 20 0
97 23 0
98 21 0
99 17 0
100 15 0
101 13 0
102 14 0
103 19 0
104 19 0
105 14 0
106 13 0
107 17 0
108 18 0
109 19 0
110 23 0
111 27 0
112 32 0
113 32 0
114 20 0
115 13 0
116 14 0
117 12 0
118 6 0
119 9 0
120 12 0
121 7 0
122 23 0
123 53 0
124 55 0
125 24 0
126 3 0
127 7 0
128 12 0
129 14 0
130 19 0
131 19 0
132 20 0
133 35 0
134 61 0
135 82 0
136 97 0
137 86 0
138 43 0
139 34 0
140 81 0
141 102 0
142 54 0
143 12 0
144 22 0
145 33 0
146 26 0
147 24 0
148 33 0
149 36 0
150 31 0
151 27 0
152 28 0
153 32 0
154 39 0
155 44 0
156 42 0
157 30 0
158 19 0
159 18 0
160 21 0
161 22 0
162 24 0
163 29 0
164 33 0
165 34 0
166 33 0
167 30 0
168 24 0
169 19 0
170 17 0
171 18 0
172 19 0
173 16 0
174 12 0
175 11 0
176 13 0
177 13 0
178 13 0
179 13 0
180 15 0
181 15 0
182 14 0
183 12 0
184 9 0
185 7 0
186 14 0
187 43 0
188 71 0
189 51 0
190 29 0
191 95 0
192 190 0
193 201 0
194 160 0
195 142 0
196 159 0
197 158 0
198 79 0
199 18 0
200 79 0
201 136 0
202 96 0
203 66 0
204 90 0
205 113 0
206 117 0
207 106 0
208 91 0
209 91 0
210 117 0
211 148 0
212 149 0
213 120 0
214 104 0
215 107 0
216 87 0
217 60 0
218 56 0
219 50 0
220 46 0
221 54 0
222 47 0
223 32 0
224 62 0
225 115 0
226 149 0
227 162 0
228 150 0
229 150 0
230 140 0
231 120 0
232 116 0
233 48 0
234 21 0
235 70 0
236 58 0
237 53 0
238 61 0
239 53 0
240 51 0
241 49 0
242 54 0
243 52 0
244 52 0
245 47 0
246 48 0
247 51 0
248 49 0
249 51 0
250 53 0
251 55 0
252 53 0
253 46 0
254 36 0
255 0 0

0 0 0
1 0 0
2 0 0
3 49 0
4 59 0
5 61 0
6 70 0
7 66 0
8 63 0
9 62 0
10 62 0
11 70 0
12 64 0
13 67 0
14 66 0
15 66 0
16 70 0
17 80 0
18 60 0
19 85 0
20 165 0
21 71 0
22 31 0
23 148 0
24 159 0
25 145 0
26 171 0
27 177 0
28 189 0
29 191 0
30 179 0
31 155 0
32 110 0
33 63 0
34 49 0
35 80 0
36 123 0
37 125 0
38 99 0
39 130 0
40 186 0
41 186 0
42 171 0
43 158 0
44 129 0
45 110 0
46 98 0
47 86 0
48 81 0
49 88 0
50 105 0
51 107 0
52 93 0
53 92 0
54 90 0
55 86 0
56 84 0
57 83 0
58 111 0
59 137 0
60 134 0
61 160 0
62 180 0
63 138 0
64 120 0
65 156 0
66 166 0
67 163 0
68 181 0
69 162 0
70 93 0
71 46 0
72 46 0
73 60 0
74 68 0
75 61 0
76 37 0
77 12 0
78 5 0
79 12 0
80 15 0
81 12 0
82 12 0
83 13 0
84 14 0
85 17 0
86 18 0
87 16 0
88 17 0
89 19 0
90 15 0
91 12 0
92 16 0
93 17 0
94 14 0
95 14 0
96 15 0
97 15 0
98 14 0
99 14 0
100 15 0
101 12 0
102 9 0
103 15 0
104 19 0
105 16 0
106 18 0
107 22 0
108 20 0
109 22 0
110 32 0
111 34 0
112 29 0
113 24 0
114 16 0
115 12 0
116 11 0
117 8 0
118 7 0
119 12 0
120 9 0
121 8 0
122 37 0
123 61 0
124 42 0
125 9 0
126 2 0
127 5 0
128 6 0
129 8 0
130 17 0
131 14 0
132 5 0
133 29 0
134 83 0
135 113 0
136 103 0
137 88 0
138 62 0
139 56 0
140 104 0
141 138 0
142 86 0
143 16 0
144 14 0
145 29 0
146 22 0
147 22 0
148 33 0
149 38 0
150 36 0
151 36 0
152 36 0
153 39 0
154 42 0
155 39 0
156 32 0
157 22 0
158 16 0
159 19 0
160 24 0
161 26 0
162 29 0
163 29 0
164 26 0
165 28 0
166 31 0
167 29 0
168 23 0
169 18 0
170 16 0
171 15 0
172 14 0
173 16 0
174 16 0
175 13 0
176 13 0
177 15 0
178 16 0
179 15 0
180 15 0
181 16 0
182 15 0
183 11 0
184 11 0
185 9 0
186 5 0
187 20 0
188 54 0
189 57 0
190 22 0
191 36 0
192 133 0
193 206 0
194 185 0
195 141 0
196 150 0
197 174 0
198 122 0
199 29 0
200 33 0
201 109 0
202 113 0
203 66 0
204 74 0
205 122 0
206 145 0
207 124 0
208 83 0
209 70 0
210 106 0
211 137 0
212 124 0
213 105 0
214 104 0
215 96 0
216 69 0
217 52 0
218 54 0
219 50 0
220 45 0
221 49 0
222 46 0
223 32 0
224 34 0
225 88 0
226 154 0
227 172 0
228 161 0
229 160 0
230 146 0
231 131 0
232 130 0
233 68 0
234 22 0
235 58 0
236 54 0
237 50 0
238 58 0
239 52 0
240 53 0
241 50 0
242 53 0
243 53 0
244 56 0
245 52 0
246 51 0
247 49 0
248 46 0
249 51 0
250 56 0
251 56 0
252 51 0
253 45 0
254 30 0
255 0 0

0 0 0
1 0 0
2 0 0
3 44 0
4 59 0
5 62 0
6 64 0
7 60 0
8 61 0
9 65 0
10 62 0
11 66 0
12 63 0
13 63 0
14 66 0
15 67 0
16 69 0
17 84 0
18 66 0
19 83 0
20 154 0
21 70 0
22 30 0
23 152 0
24 156 0
25 133 0
26 165 0
27 175 0
28 189 0
29 188 0
30 171 0
31 143 0
32 85 0
33 49 0
34 56 0
35 82 0
36 109 0
37 103 0
38 85 0
39 133 0
40 188 0
41 179 0
42 166 0
43 164 0
44 144 0
45 130 0
46 124 0
47 115 0
48 112 0
49 107 0
50 102 0
51 100 0
52 100 0
53 101 0
54 97 0
55 95 0
56 89 0
57 92 0
58 123 0
59 137 0
60 138 0
61 173 0
62 179 0
63 144 0
64 149 0
65 161 0
66 148 0
67 160 0
68 162 0
69 106 0
70 55 0
71 46 0
72 54 0
73 62 0
74 61 0
75 44 0
76 18 0
77 6 0
78 11 0
79 14 0
80 12 0
81 14 0
82 13 0
83 13 0
84 16 0
85 18 0
86 17 0
87 17 0
88 17 0
89 17 0
90 17 0
91 19 0
92 21 0
93 18 0
94 14 0
95 15 0
96 15 0
97 13 0
98 13 0
99 16 0
100 16 0
101 13 0
102 9 0
103 14 0
104 15 0
105 11 0
106 22 0
107 42 0
108 46 0
109 40 0
110 39 0
111 34 0
112 26 0
113 20 0
114 14 0
115 10 0
116 9 0
117 8 0
118 10 0
119 12 0
120 2 0
121 19 0
122 70 0
123 80 0
124 32 0
125 0 0
126 2 0
127 1 0
128 0 0
129 4 0
130 9 0
131 4 0
132 0 0
133 34 0
134 101 0
135 135 0
136 123 0
137 120 0
138 107 0
139 85 0
140 118 0
141 160 0
142 113 0
143 24 0
144 7 0
145 26 0
146 21 0
147 19 0
148 29 0
149 41 0
150 51 0
151 53 0
152 44 0
153 36 0
154 35 0
155 33 0
156 26 0
157 16 0
158 14 0
159 22 0
160 28 0
161 26 0
162 24 0
163 23 0
164 23 0
165 27 0
166 27 0
167 24 0
168 21 0
169 17 0
170 15 0
171 12 0
172 9 0
173 15 0
174 22 0
175 20 0
176 18 0
177 17 0
178 13 0
179 14 0
180 14 0
181 15 0
182 17 0
183 14 0
184 13 0
185 11 0
186 4 0
187 15 0
188 44 0
189 64 0
190 49 0
191 22 0
192 71 0
193 173 0
194 203 0
195 168 0
196 150 0
197 167 0
198 171 0
199 99 0
200 37 0
201 84 0
202 120 0
203 73 0
204 54 0
205 96 0
206 136 0
207 137 0
208 96 0
209 67 0
210 95 0
211 127 0
212 120 0
213 107 0
214 97 0
215 80 0
216 61 0
217 53 0
218 55 0
219 51 0
220 48 0
221 50 0
222 52 0
223 44 0
224 23 0
225 64 0
226 144 0
227 168 0
228 164 0
229 166 0
230 158 0
231 145 0
232 142 0
233 80 0
234 14 0
235 42 0
236 57 0
237 49 0
238 53 0
239 49 0
240 50 0
241 48 0
242 51 0
243 51 0
244 51 0
245 47 0
246 51 0
247 54 0
248 50 0
249 53 0
250 56 0
251 55 0
252 49 0
253 49 0
254 27 0
255 0 0

0 0 0
1 0 0
2 0 0
3 40 0
4 65 0
5 67 0
6 63 0
7 60 0
8 64 0
9 67 0
10 64 0
11 61 0
12 64 0
13 65 0
14 65 0
15 68 0
16 65 0
17 80 0
18 71 0
19 71 0
20 115 0
21 50 0
22 32 0
23 138 0
24 144 0
25 134 0
26 165 0
27 174 0
28 180 0
29 178 0
30 172 0
31 129 0
32 61 0
33 53 0
34 75 0
35 81 0
36 92 0
37 79 0
38 63 0
39 124 0
40 185 0
41 178 0
42 166 0
43 164 0
44 157 0
45 158 0
46 152 0
47 137 0
48 127 0
49 115 0
50 101 0
51 91 0
52 94 0
53 100 0
54 97 0
55 96 0
56 98 0
57 115 0
58 141 0
59 137 0
60 142 0
61 180 0
62 166 0
63 127 0
64 145 0
65 139 0
66 110 0
67 136 0
68 136 0
69 77 0
70 49 0
71 53 0
72 58 0
73 68 0
74 58 0
75 26 0
76 7 0
77 7 0
78 10 0
79 10 0
80 11 0
81 13 0
82 14 0
83 15 0
84 20 0
85 24 0
86 20 0
87 15 0
88 17 0
89 22 0
90 23 0
91 21 0
92 16 0
93 11 0
94 12 0
95 15 0
96 14 0
97 11 0
98 11 0
99 14 0
100 14 0
101 11 0
102 10 0
103 14 0
104 12 0
105 8 0
106 15 0
107 30 0
108 38 0
109 40 0
110 41 0
111 44 0
112 49 0
113 39 0
114 19 0
115 9 0
116 10 0
117 11 0
118 12 0
119 8 0
120 1 0
121 43 0
122 104 0
123 87 0
124 24 0
125 0 0
126 0 0
127 0 0
128 4 0
129 6 0
130 6 0
131 2 0
132 2 0
133 35 0
134 92 0
135 125 0
136 124 0
137 113 0
138 90 0
139 76 0
140 107 0
141 132 0
142 85 0
143 17 0
144 9 0
145 26 0
146 20 0
147 12 0
148 13 0
149 22 0
150 30 0
151 31 0
152 28 0
153 30 0
154 39 0
155 41 0
156 32 0
157 16 0
158 10 0
159 18 0
160 21 0
161 18 0
162 18 0
163 24 0
164 30 0
165 30 0
166 23 0
167 19 0
168 18 0
169 14 0
170 14 0
171 14 0
172 11 0
173 13 0
174 19 0
175 20 0
176 18 0
177 12 0
178 10 0
179 16 0
180 14 0
181 12 0
182 20 0
183 17 0
184 12 0
185 9 0
186 9 0
187 32 0
188 56 0
189 62 0
190 64 0
191 43 0
192 43 0
193 124 0
194 193 0
195 184 0
196 156 0
197 152 0
198 171 0
199 161 0
200 97 0
201 82 0
202 118 0
203 101 0
204 64 0
205 77 0
206 122 0
207 157 0
208 132 0
209 75 0
210 73 0
211 108 0
212 116 0
213 102 0
214 83 0
215 66 0
216 54 0
217 50 0
218 52 0
219 54 0
220 55 0
221 51 0
222 50 0
223 51 0
224 26 0
225 52 0
226 137 0
227 169 0
228 163 0
229 171 0
230 170 0
231 157 0
232 142 0
233 75 0
234 6 0
235 29 0
236 57 0
237 50 0
238 52 0
239 51 0
240 53 0
241 52 0
242 50 0
243 53 0
244 48 0
245 48 0
246 53 0
247 53 0
248 49 0
249 54 0
250 53 0
251 51 0
252 54 0
253 53 0
254 24 0
255 0 0

0 0 0
1 0 0
2 0 0
3 30 0
4 64 0
5 66 0
6 62 0
7 64 0
8 67 0
9 67 0
10 64 0
11 62 0
12 65 0
13 66 0
14 61 0
15 66 0
16 63 0
17 77 0
18 71 0
19 59 0
20 93 0
21 48 0
22 37 0
23 127 0
24 139 0
25 140 0
26 171 0
27 179 0
28 183 0
29 188 0
30 190 0
31 127 0
32 49 0
33 63 0
34 85 0
35 70 0
36 71 0
37 67 0
38 59 0
39 110 0
40 183 0
41 198 0
42 181 0
43 168 0
44 161 0
45 168 0
46 159 0
47 131 0
48 119 0
49 106 0
50 84 0
51 82 0
52 98 0
53 103 0
54 93 0
55 85 0
56 100 0
57 130 0
58 146 0
59 137 0
60 151 0
61 181 0
62 164 0
63 133 0
64 132 0
65 117 0
66 110 0
67 138 0
68 125 0
69 69 0
70 48 0
71 56 0
72 64 0
73 65 0
74 41 0
75 10 0
76 4 0
77 9 0
78 9 0
79 10 0
80 12 0
81 14 0
82 17 0
83 18 0
84 17 0
85 22 0
86 23 0
87 17 0
88 13 0
89 18 0
90 20 0
91 17 0
92 12 0
93 11 0
94 12 0
95 12 0
96 12 0
97 10 0
98 10 0
99 13 0
100 16 0
101 13 0
102 12 0
103 13 0
104 12 0
105 11 0
106 13 0
107 15 0
108 22 0
109 34 0
110 34 0
111 35 0
112 46 0
113 42 0
114 23 0
115 10 0
116 6 0
117 6 0
118 12 0
119 6 0
120 14 0
121 83 0
122 136 0
123 81 0
124 12 0
125 7 0
126 4 0
127 1 0
128 8 0
129 4 0
130 2 0
131 0 0
132 7 0
133 43 0
134 89 0
135 104 0
136 95 0
137 84 0
138 76 0
139 71 0
140 75 0
141 82 0
142 75 0
143 49 0
144 21 0
145 16 0
146 22 0
147 15 0
148 9 0
149 17 0
150 28 0
151 25 0
152 19 0
153 22 0
154 29 0
155 33 0
156 26 0
157 13 0
158 11 0
159 19 0
160 24 0
161 23 0
162 21 0
163 24 0
164 29 0
165 29 0
166 22 0
167 17 0
168 14 0
169 13 0
170 14 0
171 15 0
172 14 0
173 14 0
174 16 0
175 19 0
176 20 0
177 17 0
178 14 0
179 15 0
180 13 0
181 16 0
182 21 0
183 16 0
184 12 0
185 9 0
186 3 0
187 25 0
188 58 0
189 61 0
190 65 0
191 65 0
192 47 0
193 93 0
194 174 0
195 186 0
196 167 0
197 159 0
198 156 0
199 170 0
200 138 0
201 72 0
202 80 0
203 112 0
204 89 0
205 72 0
206 95 0
207 150 0
208 181 0
209 128 0
210 74 0
211 83 0
212 93 0
213 82 0
214 66 0
215 52 0
216 53 0
217 54 0
218 53 0
219 55 0
220 56 0
221 49 0
222 48 0
223 51 0
224 28 0
225 43 0
226 130 0
227 173 0
228 160 0
229 165 0
230 167 0
231 154 0
232 141 0
233 85 0
234 11 0
235 21 0
236 57 0
237 53 0
238 50 0
239 49 0
240 57 0
241 52 0
242 48 0
243 54 0
244 52 0
245 53 0
246 53 0
247 50 0
248 49 0
249 53 0
250 51 0
251 54 0
252 58 0
253 53 0
254 18 0
255 0 0

0 0 0
1 0 0
2 0 0
3 24 0
4 63 0
5 67 0
6 65 0
7 64 0
8 61 0
9 64 0
10 65 0
11 63 0
12 61 0
13 63 0
14 62 0
15 67 0
16 66 0
17 75 0
18 66 0
19 58 0
20 95 0
21 49 0
22 39 0
23 130 0
24 152 0
25 144 0
26 160 0
27 171 0
28 188 0
29 205 0
30 187 0
31 102 0
32 45 0
33 69 0
34 83 0
35 70 0
36 68 0
37 68 0
38 74 0
39 113 0
40 171 0
41 196 0
42 195 0
43 195 0
44 185 0
45 170 0
46 156 0
47 141 0
48 128 0
49 92 0
50 54 0
51 82 0
52 133 0
53 131 0
54 103 0
55 98 0
56 120 0
57 143 0
58 143 0
59 145 0
60 165 0
61 176 0
62 174 0
63 168 0
64 138 0
65 118 0
66 149 0
67 164 0
68 112 0
69 56 0
70 44 0
71 56 0
72 63 0
73 46 0
74 15 0
75 2 0
76 9 0
77 13 0
78 11 0
79 10 0
80 9 0
81 7 0
82 16 0
83 26 0
84 22 0
85 16 0
86 18 0
87 18 0
88 13 0
89 13 0
90 17 0
91 17 0
92 12 0
93 9 0
94 9 0
95 12 0
96 15 0
97 16 0
98 15 0
99 18 0
100 21 0
101 17 0
102 14 0
103 12 0
104 10 0
105 9 0
106 13 0
107 19 0
108 34 0
109 45 0
110 31 0
111 21 0
112 29 0
113 29 0
114 14 0
115 3 0
116 4 0
117 13 0
118 21 0
119 13 0
120 46 0
121 141 0
122 164 0
123 69 0
124 0 0
125 8 0
126 3 0
127 3 0
128 6 0
129 2 0
130 0 0
131 0 0
132 7 0
133 43 0
134 87 0
135 94 0
136 91 0
137 106 0
138 124 0
139 117 0
140 83 0
141 73 0
142 103 0
143 98 0
144 36 0
145 0 0
146 17 0
147 22 0
148 9 0
149 19 0
150 34 0
151 31 0
152 22 0
153 18 0
154 17 0
155 19 0
156 17 0
157 11 0
158 14 0
159 19 0
160 18 0
161 16 0
162 15 0
163 20 0
164 27 0
165 27 0
166 22 0
167 17 0
168 16 0
169 17 0
170 16 0
171 14 0
172 14 0
173 15 0
174 17 0
175 21 0
176 20 0
177 15 0
178 15 0
179 20 0
180 23 0
181 22 0
182 14 0
183 9 0
184 13 0
185 14 0
186 2 0
187 7 0
188 39 0
189 60 0
190 69 0
191 74 0
192 61 0
193 88 0
194 166 0
195 193 0
196 173 0
197 165 0
198 150 0
199 155 0
200 156 0
201 87 0
202 53 0
203 94 0
204 100 0
205 78 0
206 74 0
207 107 0
208 169 0
209 156 0
210 84 0
211 67 0
212 69 0
213 57 0
214 53 0
215 52 0
216 57 0
217 58 0
218 52 0
219 49 0
220 49 0
221 51 0
222 50 0
223 49 0
224 34 0
225 26 0
226 93 0
227 161 0
228 163 0
229 161 0
230 162 0
231 146 0
232 139 0
233 98 0
234 22 0
235 19 0
236 55 0
237 56 0
238 52 0
239 51 0
240 54 0
241 52 0
242 50 0
243 51 0
244 51 0
245 51 0
246 51 0
247 52 0
248 50 0
249 53 0
250 49 0
251 51 0
252 55 0
253 54 0
254 13 0
255 0 0

0 0 0
1 0 0
2 0 0
3 21 0
4 67 0
5 64 0
6 64 0
7 65 0
8 56 0
9 54 0
10 59 0
11 64 0
12 65 0
13 66 0
14 62 0
15 66 0
16 67 0
17 72 0
18 63 0
19 61 0
20 95 0
21 48 0
22 53 0
23 147 0
24 152 0
25 140 0
26 160 0
27 174 0
28 190 0
29 191 0
30 141 0
31 61 0
32 45 0
33 70 0
34 73 0
35 73 0
36 69 0
37 65 0
38 82 0
39 120 0
40 164 0
41 185 0
42 186 0
43 189 0
44 184 0
45 167 0
46 167 0
47 175 0
48 154 0
49 103 0
50 85 0
51 129 0
52 165 0
53 147 0
54 129 0
55 140 0
56 157 0
57 154 0
58 140 0
59 150 0
60 170 0
61 171 0
62 176 0
63 166 0
64 134 0
65 148 0
66 192 0
67 157 0
68 73 0
69 39 0
70 49 0
71 57 0
72 51 0
73 26 0
74 4 0
75 5 0
76 12 0
77 12 0
78 12 0
79 12 0
80 10 0
81 8 0
82 10 0
83 20 0
84 26 0
85 22 0
86 14 0
87 12 0
88 12 0
89 13 0
90 14 0
91 15 0
92 15 0
93 12 0
94 14 0
95 19 0
96 19 0
97 15 0
98 13 0
99 18 0
100 20 0
101 14 0
102 12 0
103 12 0
104 10 0
105 10 0
106 16 0
107 28 0
108 49 0
109 58 0
110 37 0
111 20 0
112 26 0
113 26 0
114 14 0
115 12 0
116 23 0
117 38 0
118 44 0
119 46 0
120 107 0
121 195 0
122 162 0
123 43 0
124 0 0
125 7 0
126 7 0
127 1 0
128 4 0
129 2 0
130 2 0
131 0 0
132 5 0
133 45 0
134 89 0
135 85 0
136 77 0
137 95 0
138 112 0
139 120 0
140 103 0
141 80 0
142 96 0
143 108 0
144 57 0
145 2 0
146 10 0
147 23 0
148 12 0
149 11 0
150 16 0
151 14 0
152 14 0
153 14 0
154 16 0
155 18 0
156 14 0
157 9 0
158 16 0
159 17 0
160 12 0
161 14 0
162 24 0
163 29 0
164 26 0
165 19 0
166 17 0
167 17 0
168 15 0
169 15 0
170 16 0
171 16 0
172 20 0
173 22 0
174 19 0
175 15 0
176 15 0
177 23 0
178 37 0
179 42 0
180 32 0
181 18 0
182 9 0
183 10 0
184 14 0
185 14 0
186 10 0
187 4 0
188 14 0
189 42 0
190 65 0
191 68 0
192 51 0
193 58 0
194 133 0
195 191 0
196 180 0
197 168 0
198 155 0
199 147 0
200 168 0
201 130 0
202 59 0
203 71 0
204 96 0
205 85 0
206 85 0
207 83 0
208 111 0
209 138 0
210 98 0
211 66 0
212 61 0
213 52 0
214 54 0
215 53 0
216 55 0
217 56 0
218 49 0
219 50 0
220 46 0
221 49 0
222 50 0
223 51 0
224 48 0
225 22 0
226 60 0
227 147 0
228 164 0
229 157 0
230 159 0
231 147 0
232 147 0
233 106 0
234 26 0
235 19 0
236 51 0
237 53 0
238 56 0
239 56 0
240 50 0
241 49 0
242 49 0
243 51 0
244 54 0
245 50 0
246 50 0
247 52 0
248 48 0
249 52 0
250 53 0
251 52 0
252 54 0
253 55 0
254 8 0
255 0 0

0 0 0
1 0 0
2 0 0
3 16 0
4 69 0
5 62 0
6 61 0
7 65 0
8 62 0
9 60 0
10 65 0
11 64 0
12 64 0
13 67 0
14 63 0
15 69 0
16 65 0
17 66 0
18 61 0
19 60 0
20 82 0
21 38 0
22 57 0
23 161 0
24 158 0
25 142 0
26 173 0
27 187 0
28 198 0
29 178 0
30 93 0
31 32 0
32 53 0
33 72 0
34 66 0
35 71 0
36 68 0
37 63 0
38 80 0
39 111 0
40 150 0
41 176 0
42 178 0
43 178 0
44 181 0
45 180 0
46 179 0
47 164 0
48 132 0
49 122 0
50 146 0
51 162 0
52 141 0
53 115 0
54 123 0
55 147 0
56 152 0
57 134 0
58 129 0
59 151 0
60 164 0
61 169 0
62 177 0
63 152 0
64 127 0
65 171 0
66 196 0
67 117 0
68 40 0
69 39 0
70 58 0
71 55 0
72 36 0
73 13 0
74 7 0
75 12 0
76 8 0
77 8 0
78 13 0
79 16 0
80 17 0
81 14 0
82 9 0
83 9 0
84 13 0
85 20 0
86 21 0
87 19 0
88 19 0
89 19 0
90 16 0
91 18 0
92 21 0
93 17 0
94 16 0
95 20 0
96 19 0
97 13 0
98 11 0
99 17 0
100 21 0
101 18 0
102 16 0
103 14 0
104 8 0
105 6 0
106 11 0
107 21 0
108 44 0
109 58 0
110 39 0
111 25 0
112 30 0
113 23 0
114 9 0
115 18 0
116 39 0
117 60 0
118 95 0
119 131 0
120 173 0
121 186 0
122 105 0
123 24 0
124 4 0
125 0 0
126 4 0
127 2 0
128 3 0
129 4 0
130 4 0
131 3 0
132 7 0
133 51 0
134 90 0
135 76 0
136 73 0
137 102 0
138 109 0
139 112 0
140 112 0
141 86 0
142 79 0
143 98 0
144 75 0
145 17 0
146 2 0
147 17 0
148 17 0
149 13 0
150 14 0
151 13 0
152 13 0
153 11 0
154 12 0
155 16 0
156 17 0
157 14 0
158 13 0
159 9 0
160 16 0
161 42 0
162 54 0
163 39 0
164 20 0
165 15 0
166 17 0
167 17 0
168 17 0
169 18 0
170 19 0
171 21 0
172 25 0
173 23 0
174 16 0
175 18 0
176 32 0
177 41 0
178 36 0
179 24 0
180 17 0
181 14 0
182 14 0
183 19 0
184 18 0
185 12 0
186 15 0
187 10 0
188 3 0
189 29 0
190 66 0
191 72 0
192 51 0
193 37 0
194 84 0
195 164 0
196 182 0
197 167 0
198 165 0
199 149 0
200 164 0
201 169 0
202 92 0
203 63 0
204 94 0
205 87 0
206 92 0
207 99 0
208 84 0
209 101 0
210 98 0
211 66 0
212 56 0
213 54 0
214 51 0
215 50 0
216 54 0
217 57 0
218 52 0
219 54 0
220 52 0
221 51 0
222 50 0
223 48 0
224 53 0
225 26 0
226 41 0
227 132 0
228 165 0
229 155 0
230 154 0
231 145 0
232 143 0
233 96 0
234 19 0
235 14 0
236 45 0
237 54 0
238 58 0
239 56 0
240 53 0
241 50 0
242 49 0
243 53 0
244 53 0
245 47 0
246 49 0
247 51 0
248 48 0
249 55 0
250 54 0
251 51 0
252 55 0
253 57 0
254 2 0
255 0 0

0 0 0
1 0 0
2 0 0
3 11 0
4 67 0
5 61 0
6 63 0
7 63 0
8 64 0
9 63 0
10 70 0
11 68 0
12 61 0
13 64 0
14 63 0
15 68 0
16 64 0
17 66 0
18 63 0
19 64 0
20 71 0
21 26 0
22 55 0
23 154 0
24 160 0
25 156 0
26 184 0
27 183 0
28 193 0
29 169 0
30 72 0
31 31 0
32 61 0
33 67 0
34 60 0
35 67 0
36 71 0
37 68 0
38 69 0
39 89 0
40 126 0
41 154 0
42 166 0
43 174 0
44 175 0
45 171 0
46 169 0
47 152 0
48 134 0
49 142 0
50 150 0
51 128 0
52 103 0
53 96 0
54 98 0
55 105 0
56 108 0
57 107 0
58 126 0
59 151 0
60 160 0
61 174 0
62 174 0
63 133 0
64 130 0
65 184 0
66 172 0
67 84 0
68 37 0
69 47 0
70 54 0
71 45 0
72 25 0
73 7 0
74 7 0
75 10 0
76 9 0
77 11 0
78 11 0
79 11 0
80 14 0
81 13 0
82 11 0
83 9 0
84 10 0
85 18 0
86 25 0
87 23 0
88 22 0
89 22 0
90 19 0
91 17 0
92 19 0
93 19 0
94 21 0
95 26 0
96 22 0
97 12 0
98 7 0
99 12 0
100 18 0
101 19 0
102 16 0
103 12 0
104 7 0
105 7 0
106 10 0
107 9 0
108 22 0
109 35 0
110 25 0
111 24 0
112 44 0
113 47 0
114 34 0
115 44 0
116 66 0
117 83 0
118 125 0
119 177 0
120 191 0
121 139 0
122 42 0
123 0 0
124 9 0
125 3 0
126 0 0
127 4 0
128 2 0
129 2 0
130 0 0
131 3 0
132 6 0
133 43 0
134 83 0
135 82 0
136 91 0
137 114 0
138 100 0
139 99 0
140 119 0
141 100 0
142 75 0
143 90 0
144 85 0
145 31 0
146 0 0
147 13 0
148 20 0
149 16 0
150 15 0
151 15 0
152 15 0
153 15 0
154 15 0
155 18 0
156 18 0
157 14 0
158 11 0
159 20 0
160 43 0
161 57 0
162 43 0
163 18 0
164 10 0
165 15 0
166 17 0
167 15 0
168 18 0
169 21 0
170 19 0
171 18 0
172 23 0
173 26 0
174 25 0
175 29 0
176 33 0
177 25 0
178 13 0
179 11 0
180 19 0
181 24 0
182 22 0
183 20 0
184 18 0
185 12 0
186 14 0
187 13 0
188 1 0
189 26 0
190 92 0
191 114 0
192 90 0
193 59 0
194 63 0
195 134 0
196 188 0
197 174 0
198 169 0
199 159 0
200 156 0
201 184 0
202 136 0
203 64 0
204 81 0
205 88 0
206 77 0
207 101 0
208 97 0
209 83 0
210 81 0
211 63 0
212 51 0
213 52 0
214 52 0
215 53 0
216 55 0
217 55 0
218 51 0
219 53 0
220 53 0
221 54 0
222 51 0
223 43 0
224 53 0
225 36 0
226 32 0
227 115 0
228 167 0
229 154 0
230 153 0
231 152 0
232 147 0
233 96 0
234 17 0
235 8 0
236 39 0
237 51 0
238 47 0
239 48 0
240 52 0
241 51 0
242 52 0
243 53 0
244 54 0
245 52 0
246 53 0
247 53 0
248 52 0
249 55 0
250 52 0
251 48 0
252 52 0
253 52 0
254 0 0
255 0 0

0 0 0
1 0 0
2 0 0
3 4 0
4 58 0
5 62 0
6 66 0
7 63 0
8 66 0
9 67 0
10 67 0
11 68 0
12 64 0
13 64 0
14 61 0
15 63 0
16 63 0
17 65 0
18 60 0
19 63 0
20 60 0
21 20 0
22 58 0
23 139 0
24 141 0
25 154 0
26 179 0
27 171 0
28 181 0
29 140 0
30 49 0
31 41 0
32 72 0
33 63 0
34 62 0
35 68 0
36 68 0
37 65 0
38 61 0
39 71 0
40 98 0
41 125 0
42 144 0
43 156 0
44 153 0
45 143 0
46 149 0
47 165 0
48 172 0
49 161 0
50 133 0
51 105 0
52 98 0
53 105 0
54 105 0
55 95 0
56 90 0
57 98 0
58 119 0
59 136 0
60 154 0
61 179 0
62 155 0
63 105 0
64 137 0
65 193 0
66 147 0
67 60 0
68 34 0
69 42 0
70 43 0
71 38 0
72 28 0
73 15 0
74 7 0
75 7 0
76 12 0
77 17 0
78 14 0
79 9 0
80 10 0
81 13 0
82 15 0
83 14 0
84 14 0
85 16 0
86 17 0
87 12 0
88 10 0
89 14 0
90 14 0
91 12 0
92 12 0
93 10 0
94 13 0
95 22 0
96 26 0
97 23 0
98 17 0
99 14 0
100 17 0
101 17 0
102 17 0
103 20 0
104 19 0
105 12 0
106 13 0
107 14 0
108 15 0
109 17 0
110 8 0
111 17 0
112 63 0
113 93 0
114 72 0
115 54 0
116 65 0
117 66 0
118 77 0
119 142 0
120 188 0
121 128 0
122 28 0
123 0 0
124 4 0
125 6 0
126 2 0
127 1 0
128 2 0
129 5 0
130 4 0
131 5 0
132 0 0
133 29 0
134 70 0
135 76 0
136 82 0
137 95 0
138 79 0
139 84 0
140 120 0
141 107 0
142 72 0
143 87 0
144 99 0
145 49 0
146 1 0
147 7 0
148 20 0
149 18 0
150 18 0
151 17 0
152 13 0
153 12 0
154 13 0
155 12 0
156 9 0
157 12 0
158 34 0
159 61 0
160 62 0
161 37 0
162 17 0
163 11 0
164 11 0
165 14 0
166 15 0
167 17 0
168 21 0
169 24 0
170 20 0
171 17 0
172 23 0
173 28 0
174 22 0
175 16 0
176 15 0
177 17 0
178 19 0
179 24 0
180 26 0
181 24 0
182 19 0
183 12 0
184 12 0
185 10 0
186 11 0
187 15 0
188 2 0
189 18 0
190 104 0
191 159 0
192 133 0
193 78 0
194 51 0
195 110 0
196 190 0
197 182 0
198 163 0
199 172 0
200 160 0
201 176 0
202 173 0
203 100 0
204 74 0
205 87 0
206 66 0
207 73 0
208 102 0
209 94 0
210 75 0
211 61 0
212 51 0
213 49 0
214 51 0
215 54 0
216 54 0
217 50 0
218 49 0
219 50 0
220 52 0
221 52 0
222 50 0
223 43 0
224 53 0
225 44 0
226 25 0
227 100 0
228 171 0
229 157 0
230 149 0
231 148 0
232 144 0
233 103 0
234 28 0
235 17 0
236 43 0
237 50 0
238 49 0
239 49 0
240 53 0
241 57 0
242 57 0
243 53 0
244 55 0
245 55 0
246 54 0
247 54 0
248 56 0
249 57 0
250 56 0
251 53 0
252 55 0
253 50 0
254 0 0
255 0 0

0 0 0
1 0 0
2 0 0
3 0 0
4 60 0
5 64 0
6 66 0
7 63 0
8 63 0
9 68 0
10 70 0
11 68 0
12 66 0
13 64 0
14 62 0
15 63 0
16 65 0
17 64 0
18 58 0
19 61 0
20 52 0
21 22 0
22 64 0
23 130 0
24 131 0
25 144 0
26 162 0
27 171 0
28 181 0
29 114 0
30 37 0
31 50 0
32 71 0
33 61 0
34 66 0
35 72 0
36 65 0
37 61 0
38 62 0
39 64 0
40 73 0
41 95 0
42 113 0
43 129 0
44 140 0
45 138 0
46 144 0
47 159 0
48 151 0
49 127 0
50 116 0
51 117 0
52 111 0
53 120 0
54 139 0
55 122 0
56 85 0
57 76 0
58 90 0
59 117 0
60 158 0
61 174 0
62 125 0
63 94 0
64 157 0
65 194 0
66 115 0
67 39 0
68 34 0
69 49 0
70 58 0
71 55 0
72 37 0
73 17 0
74 6 0
75 8 0
76 13 0
77 13 0
78 13 0
79 14 0
80 14 0
81 18 0
82 20 0
83 16 0
84 12 0
85 12 0
86 16 0
87 18 0
88 15 0
89 12 0
90 12 0
91 11 0
92 12 0
93 10 0
94 6 0
95 9 0
96 16 0
97 20 0
98 21 0
99 23 0
100 23 0
101 16 0
102 11 0
103 25 0
104 40 0
105 28 0
106 14 0
107 15 0
108 17 0
109 16 0
110 7 0
111 6 0
112 44 0
113 90 0
114 83 0
115 56 0
116 64 0
117 61 0
118 54 0
119 116 0
120 170 0
121 99 0
122 23 0
123 6 0
124 0 0
125 3 0
126 5 0
127 2 0
128 1 0
129 4 0
130 4 0
131 5 0
132 0 0
133 24 0
134 73 0
135 74 0
136 63 0
137 93 0
138 124 0
139 132 0
140 140 0
141 118 0
142 82 0
143 100 0
144 132 0
145 88 0
146 14 0
147 0 0
148 12 0
149 15 0
150 13 0
151 12 0
152 8 0
153 11 0
154 15 0
155 11 0
156 13 0
157 40 0
158 80 0
159 98 0
160 69 0
161 23 0
162 8 0
163 14 0
164 14 0
165 18 0
166 25 0
167 23 0
168 18 0
169 17 0
170 17 0
171 18 0
172 21 0
173 20 0
174 14 0
175 12 0
176 18 0
177 26 0
178 29 0
179 27 0
180 20 0
181 18 0
182 19 0
183 14 0
184 12 0
185 10 0
186 6 0
187 13 0
188 7 0
189 10 0
190 78 0
191 149 0
192 127 0
193 68 0
194 41 0
195 89 0
196 176 0
197 190 0
198 165 0
199 176 0
200 168 0
201 159 0
202 181 0
203 153 0
204 103 0
205 97 0
206 83 0
207 56 0
208 71 0
209 90 0
210 75 0
211 59 0
212 55 0
213 49 0
214 48 0
215 51 0
216 51 0
217 51 0
218 51 0
219 53 0
220 52 0
221 49 0
222 52 0
223 48 0
224 52 0
225 49 0
226 24 0
227 75 0
228 156 0
229 159 0
230 149 0
231 147 0
232 146 0
233 114 0
234 39 0
235 20 0
236 41 0
237 44 0
238 49 0
239 51 0
240 52 0
241 57 0
242 60 0
243 58 0
244 53 0
245 56 0
246 58 0
247 56 0
248 57 0
249 57 0
250 58 0
251 53 0
252 61 0
253 49 0
254 0 0
255 0 0

0 0 0
1 0 0
2 0 0
3 0 0
4 57 0
5 61 0
6 60 0
7 62 0
8 62 0
9 62 0
10 64 0
11 63 0
12 65 0
13 67 0
14 64 0
15 66 0
16 63 0
17 61 0
18 62 0
19 66 0
20 49 0
21 21 0
22 66 0
23 129 0
24 134 0
25 135 0
26 141 0
27 171 0
28 169 0
29 78 0
30 34 0
31 59 0
32 63 0
33 60 0
34 65 0
35 68 0
36 66 0
37 63 0
38 63 0
39 61 0
40 66 0
41 77 0
42 86 0
43 101 0
44 120 0
45 133 0
46 136 0
47 123 0
48 93 0
49 81 0
50 107 0
51 128 0
52 127 0
53 145 0
54 158 0
55 126 0
56 88 0
57 81 0
58 94 0
59 129 0
60 174 0
61 167 0
62 109 0
63 108 0
64 184 0
65 189 0
66 96 0
67 46 0
68 54 0
69 59 0
70 75 0
71 77 0
72 36 0
73 7 0
74 7 0
75 13 0
76 14 0
77 11 0
78 7 0
79 12 0
80 17 0
81 19 0
82 18 0
83 13 0
84 12 0
85 12 0
86 14 0
87 21 0
88 22 0
89 17 0
90 15 0
91 15 0
92 16 0
93 19 0
94 17 0
95 14 0
96 14 0
97 11 0
98 9 0
99 19 0
100 28 0
101 22 0
102 12 0
103 22 0
104 43 0
105 36 0
106 15 0
107 11 0
108 11 0
109 14 0
110 18 0
111 10 0
112 17 0
113 59 0
114 86 0
115 75 0
116 76 0
117 78 0
118 77 0
119 122 0
120 140 0
121 58 0
122 5 0
123 12 0
124 3 0
125 1 0
126 3 0
127 3 0
128 1 0
129 2 0
130 6 0
131 3 0
132 0 0
133 24 0
134 88 0
135 93 0
136 44 0
137 52 0
138 97 0
139 93 0
140 83 0
141 87 0
142 69 0
143 90 0
144 155 0
145 148 0
146 53 0
147 0 0
148 9 0
149 19 0
150 15 0
151 14 0
152 11 0
153 11 0
154 8 0
155 8 0
156 31 0
157 72 0
158 105 0
159 108 0
160 75 0
161 29 0
162 9 0
163 12 0
164 13 0
165 18 0
166 28 0
167 28 0
168 22 0
169 17 0
170 17 0
171 20 0
172 19 0
173 16 0
174 18 0
175 24 0
176 28 0
177 30 0
178 31 0
179 28 0
180 23 0
181 23 0
182 27 0
183 22 0
184 17 0
185 13 0
186 7 0
187 13 0
188 9 0
189 4 0
190 54 0
191 110 0
192 87 0
193 51 0
194 43 0
195 68 0
196 143 0
197 188 0
198 173 0
199 172 0
200 173 0
201 157 0
202 165 0
203 175 0
204 144 0
205 112 0
206 104 0
207 75 0
208 48 0
209 66 0
210 73 0
211 56 0
212 53 0
213 53 0
214 52 0
215 53 0
216 51 0
217 54 0
218 52 0
219 51 0
220 51 0
221 48 0
222 53 0
223 47 0
224 47 0
225 58 0
226 31 0
227 44 0
228 122 0
229 157 0
230 156 0
231 153 0
232 148 0
233 118 0
234 46 0
235 29 0
236 53 0
237 49 0
238 53 0
239 50 0
240 46 0
241 53 0
242 56 0
243 56 0
244 55 0
245 59 0
246 55 0
247 52 0
248 53 0
249 54 0
250 53 0
251 44 0
252 55 0
253 39 0
254 0 0
255 0 0

0 0 0
1 0 0
2 0 0
3 0 0
4 51 0
5 58 0
6 59 0
7 61 0
8 63 0
9 62 0
10 59 0
11 59 0
12 65 0
13 66 0
14 60 0
15 65 0
16 65 0
17 60 0
18 61 0
19 68 0
20 50 0
21 17 0
22 63 0
23 128 0
24 145 0
25 150 0
26 146 0
27 166 0
28 137 0
29 44 0
30 38 0
31 71 0
32 65 0
33 64 0
34 63 0
35 61 0
36 62 0
37 62 0
38 61 0
39 56 0
40 59 0
41 67 0
42 73 0
43 80 0
44 99 0
45 122 0
46 112 0
47 75 0
48 61 0
49 93 0
50 132 0
51 133 0
52 135 0
53 162 0
54 161 0
55 132 0
56 125 0
57 122 0
58 117 0
59 142 0
60 179 0
61 156 0
62 108 0
63 139 0
64 206 0
65 169 0
66 76 0
67 56 0
68 65 0
69 51 0
70 63 0
71 67 0
72 24 0
73 2 0
74 14 0
75 17 0
76 18 0
77 21 0
78 16 0
79 18 0
80 24 0
81 23 0
82 23 0
83 22 0
84 18 0
85 15 0
86 14 0
87 17 0
88 19 0
89 19 0
90 19 0
91 14 0
92 14 0
93 21 0
94 20 0
95 13 0
96 12 0
97 12 0
98 8 0
99 8 0
100 16 0
101 23 0
102 21 0
103 20 0
104 32 0
105 32 0
106 17 0
107 12 0
108 7 0
109 5 0
110 13 0
111 12 0
112 13 0
113 54 0
114 100 0
115 96 0
116 79 0
117 74 0
118 80 0
119 100 0
120 85 0
121 22 0
122 0 0
123 8 0
124 4 0
125 0 0
126 2 0
127 2 0
128 4 0
129 4 0
130 5 0
131 4 0
132 3 0
133 14 0
134 78 0
135 122 0
136 76 0
137 37 0
138 47 0
139 39 0
140 35 0
141 57 0
142 61 0
143 87 0
144 157 0
145 172 0
146 88 0
147 6 0
148 0 0
149 16 0
150 18 0
151 9 0
152 10 0
153 12 0
154 12 0
155 23 0
156 49 0
157 81 0
158 105 0
159 98 0
160 58 0
161 19 0
162 9 0
163 14 0
164 12 0
165 12 0
166 17 0
167 20 0
168 21 0
169 20 0
170 21 0
171 24 0
172 24 0
173 22 0
174 26 0
175 29 0
176 28 0
177 28 0
178 30 0
179 30 0
180 28 0
181 28 0
182 28 0
183 22 0
184 18 0
185 17 0
186 11 0
187 13 0
188 8 0
189 0 0
190 31 0
191 73 0
192 66 0
193 54 0
194 48 0
195 49 0
196 112 0
197 177 0
198 176 0
199 166 0
200 174 0
201 166 0
202 162 0
203 176 0
204 171 0
205 129 0
206 105 0
207 98 0
208 63 0
209 53 0
210 66 0
211 54 0
212 49 0
213 55 0
214 54 0
215 53 0
216 52 0
217 54 0
218 52 0
219 48 0
220 51 0
221 48 0
222 49 0
223 47 0
224 46 0
225 61 0
226 36 0
227 28 0
228 104 0
229 153 0
230 150 0
231 145 0
232 138 0
233 103 0
234 38 0
235 29 0
236 56 0
237 54 0
238 56 0
239 50 0
240 49 0
241 59 0
242 53 0
243 53 0
244 59 0
245 60 0
246 54 0
247 53 0
248 53 0
249 51 0
250 54 0
251 46 0
252 55 0
253 35 0
254 0 0
255 0 0

0 0 0
1 0 0
2 0 0
3 0 0
4 50 0
5 62 0
6 61 0
7 62 0
8 63 0
9 62 0
10 61 0
11 61 0
12 61 0
13 60 0
14 58 0
15 68 0
16 66 0
17 60 0
18 61 0
19 66 0
20 46 0
21 8 0
22 57 0
23 131 0
24 154 0
25 161 0
26 158 0
27 163 0
28 111 0
29 36 0
30 53 0
31 72 0
32 59 0
33 66 0
34 66 0
35 60 0
36 58 0
37 61 0
38 64 0
39 57 0
40 56 0
41 61 0
42 67 0
43 83 0
44 112 0
45 116 0
46 72 0
47 55 0
48 107 0
49 148 0
50 133 0
51 114 0
52 137 0
53 171 0
54 172 0
55 160 0
56 158 0
57 144 0
58 121 0
59 140 0
60 171 0
61 142 0
62 118 0
63 176 0
64 200 0
65 107 0
66 35 0
67 54 0
68 67 0
69 53 0
70 58 0
71 44 0
72 8 0
73 3 0
74 16 0
75 15 0
76 18 0
77 26 0
78 27 0
79 29 0
80 27 0
81 21 0
82 25 0
83 29 0
84 22 0
85 14 0
86 16 0
87 21 0
88 20 0
89 22 0
90 22 0
91 14 0
92 9 0
93 13 0
94 12 0
95 8 0
96 9 0
97 13 0
98 14 0
99 13 0
100 13 0
101 14 0
102 14 0
103 17 0
104 29 0
105 30 0
106 16 0
107 9 0
108 10 0
109 10 0
110 9 0
111 5 0
112 9 0
113 44 0
114 87 0
115 96 0
116 73 0
117 44 0
118 43 0
119 57 0
120 38 0
121 12 0
122 3 0
123 2 0
124 2 0
125 2 0
126 2 0
127 3 0
128 8 0
129 2 0
130 1 0
131 4 0
132 7 0
133 0 0
134 51 0
135 143 0
136 144 0
137 83 0
138 54 0
139 52 0
140 45 0
141 56 0
142 83 0
143 96 0
144 105 0
145 125 0
146 117 0
147 58 0
148 11 0
149 15 0
150 24 0
151 12 0
152 6 0
153 8 0
154 15 0
155 38 0
156 66 0
157 83 0
158 78 0
159 43 0
160 9 0
161 2 0
162 9 0
163 14 0
164 17 0
165 17 0
166 14 0
167 17 0
168 21 0
169 20 0
170 19 0
171 21 0
172 23 0
173 24 0
174 28 0
175 29 0
176 26 0
177 28 0
178 29 0
179 26 0
180 26 0
181 28 0
182 28 0
183 23 0
184 18 0
185 17 0
186 12 0
187 12 0
188 12 0
189 2 0
190 19 0
191 56 0
192 67 0
193 66 0
194 54 0
195 41 0
196 97 0
197 174 0
198 176 0
199 156 0
200 165 0
201 171 0
202 168 0
203 173 0
204 181 0
205 158 0
206 117 0
207 103 0
208 82 0
209 53 0
210 56 0
211 57 0
212 52 0
213 56 0
214 54 0
215 51 0
216 49 0
217 50 0
218 52 0
219 50 0
220 51 0
221 47 0
222 49 0
223 50 0
224 44 0
225 58 0
226 44 0
227 23 0
228 83 0
229 140 0
230 137 0
231 134 0
232 136 0
233 101 0
234 38 0
235 29 0
236 55 0
237 51 0
238 49 0
239 48 0
240 49 0
241 56 0
242 52 0
243 54 0
244 56 0
245 58 0
246 57 0
247 54 0
248 51 0
249 50 0
250 57 0
251 46 0
252 49 0
253 27 0
254 0 0
255 0 0

0 0 0
1 0 0
2 0 0
3 0 0
4 45 0
5 62 0
6 65 0
7 65 0
8 62 0
9 61 0
10 63 0
11 61 0
12 58 0
13 63 0
14 64 0
15 65 0
16 65 0
17 68 0
18 63 0
19 62 0
20 43 0
21 11 0
22 58 0
23 125 0
24 142 0
25 138 0
26 144 0
27 154 0
28 86 0
29 29 0
30 62 0
31 68 0
32 55 0
33 65 0
34 64 0
35 57 0
36 56 0
37 60 0
38 61 0
39 58 0
40 61 0
41 61 0
42 70 0
43 101 0
44 118 0
45 85 0
46 66 0
47 127 0
48 184 0
49 147 0
50 97 0
51 114 0
52 152 0
53 171 0
54 177 0
55 172 0
56 170 0
57 157 0
58 134 0
59 145 0
60 160 0
61 132 0
62 142 0
63 197 0
64 154 0
65 43 0
66 23 0
67 66 0
68 70 0
69 64 0
70 61 0
71 26 0
72 0 0
73 5 0
74 13 0
75 12 0
76 15 0
77 15 0
78 19 0
79 25 0
80 23 0
81 18 0
82 19 0
83 25 0
84 26 0
85 24 0
86 28 0
87 32 0
88 31 0
89 31 0
90 30 0
91 23 0
92 19 0
93 23 0
94 24 0
95 21 0
96 15 0
97 7 0
98 1 0
99 2 0
100 6 0
101 8 0
102 10 0
103 16 0
104 25 0
105 30 0
106 25 0
107 19 0
108 23 0
109 30 0
110 26 0
111 23 0
112 33 0
113 50 0
114 64 0
115 76 0
116 74 0
117 56 0
118 44 0
119 38 0
120 17 0
121 5 0
122 3 0
123 0 0
124 3 0
125 7 0
126 4 0
127 21 0
128 25 0
129 4 0
130 9 0
131 6 0
132 2 0
133 0 0
134 26 0
135 112 0
136 171 0
137 130 0
138 79 0
139 63 0
140 45 0
141 46 0
142 94 0
143 119 0
144 100 0
145 110 0
146 144 0
147 120 0
148 51 0
149 23 0
150 43 0
151 57 0
152 47 0
153 27 0
154 20 0
155 37 0
156 55 0
157 50 0
158 26 0
159 7 0
160 9 0
161 17 0
162 14 0
163 10 0
164 14 0
165 17 0
166 15 0
167 18 0
168 20 0
169 17 0
170 18 0
171 22 0
172 23 0
173 23 0
174 27 0
175 30 0
176 31 0
177 34 0
178 32 0
179 28 0
180 28 0
181 27 0
182 24 0
183 20 0
184 17 0
185 17 0
186 13 0
187 12 0
188 13 0
189 5 0
190 13 0
191 49 0
192 65 0
193 64 0
194 56 0
195 39 0
196 85 0
197 171 0
198 176 0
199 148 0
200 160 0
201 172 0
202 169 0
203 169 0
204 175 0
205 178 0
206 154 0
207 117 0
208 77 0
209 43 0
210 47 0
211 59 0
212 54 0
213 53 0
214 52 0
215 50 0
216 51 0
217 49 0
218 52 0
219 54 0
220 51 0
221 49 0
222 51 0
223 53 0
224 41 0
225 51 0
226 56 0
227 23 0
228 49 0
229 114 0
230 123 0
231 120 0
232 129 0
233 98 0
234 36 0
235 25 0
236 51 0
237 51 0
238 53 0
239 51 0
240 44 0
241 49 0
242 47 0
243 49 0
244 50 0
245 55 0
246 57 0
247 51 0
248 49 0
249 47 0
250 52 0
251 46 0
252 49 0
253 24 0
254 0 0
255 0 0

0 0 0
1 0 0
2 0 0
3 0 0
4 38 0
5 59 0
6 65 0
7 63 0
8 58 0
9 57 0
10 62 0
11 61 0
12 60 0
13 65 0
14 65 0
15 61 0
16 67 0
17 72 0
18 56 0
19 58 0
20 46 0
21 14 0
22 58 0
23 120 0
24 135 0
25 138 0
26 157 0
27 150 0
28 59 0
29 23 0
30 68 0
31 65 0
32 58 0
33 64 0
34 59 0
35 59 0
36 59 0
37 61 0
38 58 0
39 58 0
40 63 0
41 58 0
42 73 0
43 102 0
44 91 0
45 73 0
46 132 0
47 198 0
48 159 0
49 93 0
50 107 0
51 147 0
52 158 0
53 165 0
54 170 0
55 169 0
56 176 0
57 169 0
58 145 0
59 144 0
60 136 0
61 125 0
62 173 0
63 192 0
64 98 0
65 25 0
66 46 0
67 64 0
68 64 0
69 82 0
70 65 0
71 12 0
72 0 0
73 11 0
74 11 0
75 14 0
76 18 0
77 14 0
78 15 0
79 19 0
80 20 0
81 22 0
82 21 0
83 21 0
84 28 0
85 37 0
86 44 0
87 44 0
88 42 0
89 46 0
90 43 0
91 28 0
92 21 0
93 26 0
94 26 0
95 27 0
96 41 0
97 56 0
98 57 0
99 44 0
100 29 0
101 20 0
102 15 0
103 5 0
104 5 0
105 33 0
106 60 0
107 56 0
108 48 0
109 56 0
110 55 0
111 41 0
112 42 0
113 52 0
114 51 0
115 45 0
116 51 0
117 58 0
118 48 0
119 22 0
120 4 0
121 1 0
122 2 0
123 0 0
124 2 0
125 8 0
126 22 0
127 54 0
128 49 0
129 17 0
130 7 0
131 4 0
132 3 0
133 9 0
134 7 0
135 58 0
136 148 0
137 160 0
138 122 0
139 90 0
140 54 0
141 34 0
142 73 0
143 130 0
144 139 0
145 127 0
146 142 0
147 145 0
148 102 0
149 65 0
150 73 0
151 84 0
152 67 0
153 42 0
154 32 0
155 38 0
156 49 0
157 42 0
158 21 0
159 7 0
160 10 0
161 17 0
162 19 0
163 18 0
164 19 0
165 17 0
166 13 0
167 16 0
168 20 0
169 20 0
170 22 0
171 28 0
172 26 0
173 23 0
174 25 0
175 29 0
176 29 0
177 27 0
178 25 0
179 25 0
180 29 0
181 28 0
182 22 0
183 19 0
184 17 0
185 17 0
186 16 0
187 12 0
188 11 0
189 6 0
190 7 0
191 37 0
192 58 0
193 58 0
194 57 0
195 42 0
196 68 0
197 155 0
198 187 0
199 161 0
200 164 0
201 172 0
202 167 0
203 168 0
204 166 0
205 175 0
206 179 0
207 140 0
208 83 0
209 48 0
210 48 0
211 56 0
212 56 0
213 55 0
214 50 0
215 50 0
216 52 0
217 48 0
218 51 0
219 53 0
220 50 0
221 49 0
222 48 0
223 53 0
224 46 0
225 49 0
226 61 0
227 27 0
228 28 0
229 85 0
230 100 0
231 100 0
232 119 0
233 96 0
234 38 0
235 24 0
236 44 0
237 46 0
238 53 0
239 53 0
240 46 0
241 51 0
242 47 0
243 47 0
244 50 0
245 53 0
246 52 0
247 49 0
248 49 0
249 49 0
250 50 0
251 46 0
252 46 0
253 20 0
254 0 0
255 0 0

0 0 0
1 0 0
2 0 0
3 0 0
4 32 0
5 56 0
6 62 0
7 62 0
8 57 0
9 59 0
10 63 0
11 63 0
12 62 0
13 62 0
14 63 0
15 61 0
16 68 0
17 72 0
18 56 0
19 63 0
20 53 0
21 17 0
22 49 0
23 111 0
24 132 0
25 139 0
26 151 0
27 109 0
28 24 0
29 29 0
30 74 0
31 64 0
32 59 0
33 60 0
34 56 0
35 61 0
36 61 0
37 59 0
38 57 0
39 58 0
40 59 0
41 56 0
42 71 0
43 86 0
44 77 0
45 102 0
46 169 0
47 159 0
48 83 0
49 86 0
50 140 0
51 146 0
52 147 0
53 169 0
54 170 0
55 168 0
56 177 0
57 166 0
58 153 0
59 149 0
60 129 0
61 145 0
62 193 0
63 152 0
64 58 0
65 50 0
66 71 0
67 51 0
68 75 0
69 119 0
70 76 0
71 7 0
72 0 0
73 11 0
74 7 0
75 12 0
76 17 0
77 12 0
78 14 0
79 19 0
80 22 0
81 24 0
82 24 0
83 24 0
84 25 0
85 28 0
86 29 0
87 25 0
88 22 0
89 25 0
90 26 0
91 20 0
92 15 0
93 17 0
94 14 0
95 9 0
96 22 0
97 45 0
98 60 0
99 61 0
100 58 0
101 54 0
102 40 0
103 17 0
104 24 0
105 73 0
106 98 0
107 69 0
108 43 0
109 49 0
110 50 0
111 35 0
112 38 0
113 59 0
114 65 0
115 47 0
116 36 0
117 43 0
118 33 0
119 9 0
120 0 0
121 1 0
122 1 0
123 1 0
124 2 0
125 9 0
126 42 0
127 68 0
128 66 0
129 40 0
130 6 0
131 0 0
132 6 0
133 5 0
134 0 0
135 23 0
136 106 0
137 165 0
138 159 0
139 112 0
140 60 0
141 34 0
142 66 0
143 129 0
144 160 0
145 162 0
146 174 0
147 171 0
148 126 0
149 80 0
150 68 0
151 71 0
152 68 0
153 63 0
154 56 0
155 53 0
156 66 0
157 80 0
158 70 0
159 40 0
160 17 0
161 15 0
162 20 0
163 22 0
164 20 0
165 17 0
166 17 0
167 22 0
168 25 0
169 23 0
170 21 0
171 24 0
172 26 0
173 24 0
174 27 0
175 33 0
176 36 0
177 37 0
178 36 0
179 28 0
180 24 0
181 29 0
182 28 0
183 23 0
184 17 0
185 19 0
186 22 0
187 16 0
188 13 0
189 11 0
190 5 0
191 25 0
192 52 0
193 56 0
194 56 0
195 44 0
196 53 0
197 134 0
198 193 0
199 173 0
200 160 0
201 167 0
202 167 0
203 171 0
204 169 0
205 166 0
206 171 0
207 154 0
208 118 0
209 80 0
210 55 0
211 53 0
212 53 0
213 51 0
214 51 0
215 52 0
216 51 0
217 49 0
218 51 0
219 51 0
220 51 0
221 52 0
222 46 0
223 51 0
224 48 0
225 49 0
226 65 0
227 35 0
228 9 0
229 56 0
230 94 0
231 97 0
232 112 0
233 100 0
234 40 0
235 17 0
236 35 0
237 44 0
238 51 0
239 50 0
240 46 0
241 50 0
242 46 0
243 49 0
244 54 0
245 52 0
246 47 0
247 45 0
248 49 0
249 48 0
250 45 0
251 42 0
252 41 0
253 15 0
254 0 0
255 0 0

0 0 0
1 0 0
2 0 0
3 0 0
4 29 0
5 59 0
6 64 0
7 63 0
8 59 0
9 61 0
10 61 0
11 60 0
12 62 0
13 60 0
14 61 0
15 59 0
16 65 0
17 67 0
18 55 0
19 66 0
20 53 0
21 22 0
22 47 0
23 96 0
24 115 0
25 125 0
26 134 0
27 75 0
28 9 0
29 48 0
30 79 0
31 57 0
32 60 0
33 63 0
34 56 0
35 58 0
36 59 0
37 60 0
38 59 0
39 60 0
40 61 0
41 58 0
42 64 0
43 69 0
44 75 0
45 113 0
46 135 0
47 88 0
48 66 0
49 117 0
50 139 0
51 127 0
52 153 0
53 179 0
54 173 0
55 177 0
56 174 0
57 143 0
58 147 0
59 164 0
60 159 0
61 183 0
62 182 0
63 91 0
64 40 0
65 69 0
66 75 0
67 79 0
68 122 0
69 123 0
70 53 0
71 4 0
72 5 0
73 10 0
74 7 0
75 9 0
76 10 0
77 8 0
78 11 0
79 17 0
80 24 0
81 26 0
82 24 0
83 26 0
84 28 0
85 27 0
86 28 0
87 31 0
88 29 0
89 25 0
90 25 0
91 27 0
92 26 0
93 22 0
94 18 0
95 13 0
96 9 0
97 12 0
98 14 0
99 14 0
100 21 0
101 36 0
102 41 0
103 33 0
104 43 0
105 80 0
106 93 0
107 61 0
108 38 0
109 48 0
110 54 0
111 39 0
112 33 0
113 44 0
114 50 0
115 41 0
116 30 0
117 29 0
118 21 0
119 6 0
120 0 0
121 1 0
122 3 0
123 2 0
124 9 0
125 34 0
126 48 0
127 53 0
128 61 0
129 56 0
130 27 0
131 5 0
132 1 0
133 4 0
134 0 0
135 6 0
136 54 0
137 125 0
138 158 0
139 143 0
140 117 0
141 107 0
142 104 0
143 98 0
144 88 0
145 86 0
146 96 0
147 97 0
148 82 0
149 70 0
150 76 0
151 94 0
152 106 0
153 95 0
154 77 0
155 77 0
156 90 0
157 93 0
158 78 0
159 49 0
160 22 0
161 12 0
162 16 0
163 21 0
164 20 0
165 18 0
166 19 0
167 24 0
168 29 0
169 29 0
170 25 0
171 24 0
172 28 0
173 31 0
174 31 0
175 33 0
176 39 0
177 47 0
178 44 0
179 28 0
180 19 0
181 26 0
182 31 0
183 25 0
184 22 0
185 26 0
186 26 0
187 16 0
188 14 0
189 14 0
190 9 0
191 26 0
192 53 0
193 56 0
194 53 0
195 44 0
196 44 0
197 110 0
198 183 0
199 179 0
200 160 0
201 166 0
202 169 0
203 170 0
204 170 0
205 166 0
206 168 0
207 171 0
208 153 0
209 92 0
210 46 0
211 52 0
212 53 0
213 49 0
214 54 0
215 54 0
216 49 0
217 46 0
218 49 0
219 51 0
220 49 0
221 49 0
222 47 0
223 50 0
224 48 0
225 45 0
226 64 0
227 52 0
228 9 0
229 38 0
230 95 0
231 95 0
232 100 0
233 96 0
234 45 0
235 16 0
236 29 0
237 44 0
238 49 0
239 49 0
240 49 0
241 50 0
242 46 0
243 49 0
244 56 0
245 53 0
246 49 0
247 46 0
248 51 0
249 50 0
250 48 0
251 46 0
252 44 0
253 14 0
254 0 0
255 0 0

0 0 0
1 0 0
2 0 0
3 0 0
4 25 0
5 58 0
6 63 0
7 60 0
8 57 0
9 58 0
10 56 0
11 61 0
12 65 0
13 59 0
14 58 0
15 59 0
16 68 0
17 66 0
18 50 0
19 62 0
20 51 0
21 21 0
22 46 0
23 88 0
24 101 0
25 116 0
26 126 0
27 61 0
28 9 0
29 62 0
30 85 0
31 53 0
32 56 0
33 61 0
34 58 0
35 61 0
36 60 0
37 60 0
38 58 0
39 59 0
40 65 0
41 64 0
42 62 0
43 61 0
44 67 0
45 90 0
46 87 0
47 63 0
48 95 0
49 145 0
50 136 0
51 129 0
52 164 0
53 179 0
54 175 0
55 181 0
56 151 0
57 109 0
58 133 0
59 169 0
60 166 0
61 172 0
62 132 0
63 48 0
64 41 0
65 67 0
66 68 0
67 122 0
68 167 0
69 99 0
70 17 0
71 3 0
72 12 0
73 9 0
74 9 0
75 10 0
76 8 0
77 11 0
78 14 0
79 17 0
80 26 0
81 31 0
82 27 0
83 25 0
84 29 0
85 29 0
86 29 0
87 30 0
88 30 0
89 27 0
90 27 0
91 30 0
92 25 0
93 16 0
94 14 0
95 16 0
96 18 0
97 25 0
98 30 0
99 26 0
100 20 0
101 18 0
102 24 0
103 35 0
104 52 0
105 79 0
106 93 0
107 67 0
108 39 0
109 51 0
110 75 0
111 72 0
112 62 0
113 62 0
114 65 0
115 68 0
116 62 0
117 41 0
118 20 0
119 7 0
120 2 0
121 2 0
122 1 0
123 4 0
124 24 0
125 49 0
126 50 0
127 46 0
128 58 0
129 63 0
130 47 0
131 24 0
132 6 0
133 0 0
134 2 0
135 5 0
136 25 0
137 73 0
138 119 0
139 137 0
140 141 0
141 127 0
142 92 0
143 71 0
144 85 0
145 104 0
146 104 0
147 95 0
148 90 0
149 90 0
150 89 0
151 98 0
152 106 0
153 90 0
154 63 0
155 60 0
156 78 0
157 90 0
158 85 0
159 63 0
160 28 0
161 9 0
162 14 0
163 21 0
164 21 0
165 22 0
166 25 0
167 27 0
168 31 0
169 33 0
170 29 0
171 26 0
172 29 0
173 30 0
174 23 0
175 19 0
176 25 0
177 31 0
178 30 0
179 26 0
180 25 0
181 26 0
182 22 0
183 22 0
184 27 0
185 30 0
186 24 0
187 16 0
188 14 0
189 14 0
190 12 0
191 19 0
192 39 0
193 53 0
194 61 0
195 49 0
196 31 0
197 83 0
198 169 0
199 183 0
200 162 0
201 165 0
202 167 0
203 167 0
204 175 0
205 175 0
206 169 0
207 177 0
208 170 0
209 102 0
210 36 0
211 43 0
212 61 0
213 54 0
214 49 0
215 49 0
216 50 0
217 50 0
218 50 0
219 54 0
220 51 0
221 47 0
222 47 0
223 51 0
224 53 0
225 42 0
226 52 0
227 62 0
228 24 0
229 26 0
230 80 0
231 95 0
232 97 0
233 91 0
234 48 0
235 15 0
236 28 0
237 41 0
238 41 0
239 48 0
240 50 0
241 47 0
242 46 0
243 51 0
244 53 0
245 53 0
246 57 0
247 54 0
248 48 0
249 47 0
250 49 0
251 46 0
252 42 0
253 11 0
254 0 0
255 0 0

0 0 0
1 0 0
2 0 0
3 0 0
4 21 0
5 55 0
6 61 0
7 59 0
8 58 0
9 60 0
10 58 0
11 63 0
12 63 0
13 57 0
14 62 0
15 64 0
16 68 0
17 66 0
18 47 0
19 60 0
20 60 0
21 24 0
22 50 0
23 103 0
24 109 0
25 113 0
26 109 0
27 43 0
28 17 0
29 76 0
30 83 0
31 52 0
32 58 0
33 60 0
34 57 0
35 60 0
36 57 0
37 62 0
38 61 0
39 57 0
40 58 0
41 57 0
42 59 0
43 59 0
44 64 0
45 62 0
46 53 0
47 88 0
48 149 0
49 158 0
50 129 0
51 136 0
52 167 0
53 173 0
54 176 0
55 172 0
56 118 0
57 88 0
58 129 0
59 156 0
60 153 0
61 144 0
62 89 0
63 37 0
64 51 0
65 68 0
66 61 0
67 93 0
68 122 0
69 72 0
70 9 0
71 3 0
72 15 0
73 10 0
74 10 0
75 12 0
76 9 0
77 11 0
78 15 0
79 19 0
80 29 0
81 34 0
82 33 0
83 34 0
84 36 0
85 32 0
86 30 0
87 28 0
88 24 0
89 22 0
90 26 0
91 30 0
92 26 0
93 18 0
94 19 0
95 29 0
96 33 0
97 30 0
98 28 0
99 27 0
100 26 0
101 17 0
102 7 0
103 23 0
104 61 0
105 93 0
106 100 0
107 76 0
108 43 0
109 44 0
110 76 0
111 91 0
112 88 0
113 81 0
114 73 0
115 83 0
116 88 0
117 56 0
118 17 0
119 2 0
120 2 0
121 2 0
122 8 0
123 22 0
124 40 0
125 58 0
126 55 0
127 58 0
128 85 0
129 91 0
130 65 0
131 39 0
132 20 0
133 3 0
134 0 0
135 0 0
136 18 0
137 62 0
138 108 0
139 125 0
140 115 0
141 94 0
142 83 0
143 98 0
144 120 0
145 110 0
146 76 0
147 54 0
148 51 0
149 51 0
150 52 0
151 73 0
152 101 0
153 95 0
154 56 0
155 35 0
156 48 0
157 62 0
158 68 0
159 62 0
160 34 0
161 12 0
162 12 0
163 16 0
164 18 0
165 24 0
166 30 0
167 29 0
168 26 0
169 24 0
170 25 0
171 26 0
172 29 0
173 26 0
174 21 0
175 20 0
176 24 0
177 27 0
178 25 0
179 24 0
180 29 0
181 35 0
182 38 0
183 38 0
184 34 0
185 28 0
186 25 0
187 22 0
188 20 0
189 18 0
190 9 0
191 17 0
192 48 0
193 67 0
194 74 0
195 61 0
196 26 0
197 56 0
198 150 0
199 184 0
200 167 0
201 171 0
202 166 0
203 156 0
204 173 0
205 179 0
206 161 0
207 164 0
208 179 0
209 134 0
210 44 0
211 14 0
212 45 0
213 59 0
214 51 0
215 46 0
216 50 0
217 54 0
218 49 0
219 47 0
220 49 0
221 49 0
222 48 0
223 49 0
224 53 0
225 42 0
226 44 0
227 65 0
228 32 0
229 7 0
230 50 0
231 79 0
232 79 0
233 75 0
234 42 0
235 12 0
236 23 0
237 36 0
238 40 0
239 45 0
240 44 0
241 44 0
242 48 0
243 51 0
244 48 0
245 46 0
246 53 0
247 49 0
248 43 0
249 47 0
250 50 0
251 46 0
252 44 0
253 9 0
254 0 0
255 0 0

0 0 0
1 0 0
2 0 0
3 0 0
4 18 0
5 58 0
6 58 0
7 57 0
8 55 0
9 57 0
10 59 0
11 61 0
12 60 0
13 59 0
14 65 0
15 65 0
16 65 0
17 63 0
18 47 0
19 58 0
20 67 0
21 31 0
22 46 0
23 99 0
24 101 0
25 99 0
26 80 0
27 21 0
28 30 0
29 87 0
30 76 0
31 54 0
32 64 0
33 60 0
34 59 0
35 61 0
36 54 0
37 59 0
38 59 0
39 59 0
40 58 0
41 55 0
42 59 0
43 57 0
44 59 0
45 55 0
46 52 0
47 107 0
48 154 0
49 128 0
50 103 0
51 128 0
52 162 0
53 168 0
54 173 0
55 172 0
56 123 0
57 103 0
58 141 0
59 165 0
60 169 0
61 134 0
62 61 0
63 35 0
64 55 0
65 62 0
66 58 0
67 60 0
68 66 0
69 49 0
70 12 0
71 4 0
72 10 0
73 7 0
74 11 0
75 15 0
76 13 0
77 14 0
78 15 0
79 21 0
80 30 0
81 31 0
82 27 0
83 29 0
84 31 0
85 27 0
86 22 0
87 19 0
88 16 0
89 14 0
90 17 0
91 18 0
92 18 0
93 19 0
94 20 0
95 25 0
96 27 0
97 23 0
98 21 0
99 20 0
100 22 0
101 19 0
102 3 0
103 14 0
104 61 0
105 90 0
106 84 0
107 78 0
108 70 0
109 55 0
110 54 0
111 63 0
112 72 0
113 82 0
114 96 0
115 120 0
116 116 0
117 62 0
118 18 0
119 11 0
120 9 0
121 14 0
122 33 0
123 45 0
124 54 0
125 71 0
126 71 0
127 71 0
128 101 0
129 118 0
130 93 0
131 59 0
132 43 0
133 32 0
134 13 0
135 0 0
136 7 0
137 35 0
138 71 0
139 90 0
140 85 0
141 76 0
142 83 0
143 99 0
144 99 0
145 78 0
146 62 0
147 64 0
148 68 0
149 64 0
150 67 0
151 83 0
152 97 0
153 85 0
154 54 0
155 46 0
156 56 0
157 41 0
158 21 0
159 29 0
160 31 0
161 15 0
162 9 0
163 12 0
164 15 0
165 23 0
166 31 0
167 30 0
168 27 0
169 29 0
170 32 0
171 32 0
172 29 0
173 26 0
174 26 0
175 26 0
176 24 0
177 23 0
178 26 0
179 27 0
180 29 0
181 39 0
182 53 0
183 50 0
184 31 0
185 22 0
186 23 0
187 22 0
188 26 0
189 19 0
190 2 0
191 41 0
192 100 0
193 93 0
194 72 0
195 69 0
196 34 0
197 35 0
198 121 0
199 176 0
200 170 0
201 172 0
202 157 0
203 132 0
204 152 0
205 171 0
206 159 0
207 161 0
208 175 0
209 157 0
210 88 0
211 20 0
212 13 0
213 31 0
214 48 0
215 58 0
216 50 0
217 49 0
218 48 0
219 47 0
220 53 0
221 53 0
222 49 0
223 43 0
224 46 0
225 45 0
226 42 0
227 61 0
228 41 0
229 2 0
230 30 0
231 62 0
232 62 0
233 60 0
234 39 0
235 16 0
236 20 0
237 34 0
238 41 0
239 45 0
240 44 0
241 44 0
242 46 0
243 47 0
244 48 0
245 46 0
246 47 0
247 43 0
248 43 0
249 46 0
250 43 0
251 44 0
252 44 0
253 7 0
254 0 0
255 0 0

0 0 0
1 0 0
2 0 0
3 0 0
4 15 0
5 59 0
6 57 0
7 56 0
8 57 0
9 58 0
10 59 0
11 59 0
12 64 0
13 66 0
14 65 0
15 60 0
16 59 0
17 61 0
18 52 0
19 65 0
20 69 0
21 35 0
22 45 0
23 85 0
24 86 0
25 83 0
26 54 0
27 9 0
28 41 0
29 89 0
30 66 0
31 53 0
32 63 0
33 56 0
34 57 0
35 59 0
36 56 0
37 57 0
38 58 0
39 63 0
40 59 0
41 53 0
42 60 0
43 58 0
44 56 0
45 59 0
46 68 0
47 90 0
48 88 0
49 73 0
50 92 0
51 126 0
52 155 0
53 164 0
54 168 0
55 176 0
56 159 0
57 141 0
58 158 0
59 181 0
60 172 0
61 105 0
62 41 0
63 44 0
64 57 0
65 53 0
66 56 0
67 59 0
68 50 0
69 29 0
70 9 0
71 9 0
72 9 0
73 4 0
74 10 0
75 13 0
76 14 0
77 20 0
78 21 0
79 22 0
80 27 0
81 26 0
82 22 0
83 20 0
84 25 0
85 31 0
86 26 0
87 19 0
88 13 0
89 11 0
90 16 0
91 17 0
92 18 0
93 22 0
94 21 0
95 18 0
96 16 0
97 14 0
98 19 0
99 20 0
100 22 0
101 24 0
102 11 0
103 15 0
104 67 0
105 104 0
106 90 0
107 88 0
108 105 0
109 88 0
110 56 0
111 49 0
112 52 0
113 50 0
114 67 0
115 110 0
116 121 0
117 68 0
118 20 0
119 17 0
120 29 0
121 36 0
122 44 0
123 55 0
124 76 0
125 98 0
126 93 0
127 85 0
128 102 0
129 118 0
130 110 0
131 82 0
132 59 0
133 52 0
134 43 0
135 24 0
136 13 0
137 25 0
138 55 0
139 82 0
140 84 0
141 76 0
142 88 0
143 110 0
144 109 0
145 83 0
146 59 0
147 49 0
148 44 0
149 49 0
150 69 0
151 86 0
152 87 0
153 70 0
154 46 0
155 42 0
156 49 0
157 26 0
158 2 0
159 17 0
160 29 0
161 15 0
162 10 0
163 12 0
164 15 0
165 26 0
166 30 0
167 24 0
168 21 0
169 25 0
170 29 0
171 29 0
172 26 0
173 24 0
174 24 0
175 25 0
176 22 0
177 22 0
178 36 0
179 44 0
180 33 0
181 27 0
182 35 0
183 39 0
184 28 0
185 22 0
186 22 0
187 21 0
188 28 0
189 19 0
190 0 0
191 34 0
192 88 0
193 76 0
194 60 0
195 71 0
196 43 0
197 25 0
198 96 0
199 172 0
200 176 0
201 166 0
202 156 0
203 133 0
204 146 0
205 172 0
206 167 0
207 165 0
208 168 0
209 170 0
210 163 0
211 127 0
212 83 0
213 40 0
214 25 0
215 49 0
216 54 0
217 49 0
218 51 0
219 51 0
220 49 0
221 46 0
222 48 0
223 46 0
224 47 0
225 51 0
226 43 0
227 58 0
228 56 0
229 14 0
230 17 0
231 49 0
232 55 0
233 51 0
234 36 0
235 17 0
236 20 0
237 37 0
238 44 0
239 46 0
240 44 0
241 43 0
242 45 0
243 45 0
244 46 0
245 47 0
246 48 0
247 42 0
248 42 0
249 40 0
250 39 0
251 46 0
252 46 0
253 5 0
254 0 0
255 0 0

0 0 0
1 0 0
2 0 0
3 0 0
4 11 0
5 56 0
6 55 0
7 56 0
8 56 0
9 54 0
10 56 0
11 58 0
12 63 0
13 65 0
14 59 0
15 55 0
16 59 0
17 61 0
18 51 0
19 65 0
20 71 0
21 38 0
22 36 0
23 61 0
24 73 0
25 73 0
26 36 0
27 12 0
28 59 0
29 89 0
30 60 0
31 54 0
32 62 0
33 58 0
34 60 0
35 58 0
36 57 0
37 60 0
38 60 0
39 61 0
40 56 0
41 54 0
42 58 0
43 57 0
44 58 0
45 57 0
46 62 0
47 76 0
48 72 0
49 80 0
50 124 0
51 152 0
52 159 0
53 166 0
54 169 0
55 174 0
56 175 0
57 157 0
58 156 0
59 182 0
60 157 0
61 76 0
62 38 0
63 53 0
64 57 0
65 51 0
66 56 0
67 60 0
68 43 0
69 14 0
70 4 0
71 13 0
72 9 0
73 4 0
74 9 0
75 10 0
76 12 0
77 19 0
78 21 0
79 23 0
80 24 0
81 24 0
82 24 0
83 20 0
84 17 0
85 20 0
86 15 0
87 10 0
88 9 0
89 6 0
90 8 0
91 12 0
92 12 0
93 13 0
94 16 0
95 21 0
96 24 0
97 21 0
98 22 0
99 21 0
100 18 0
101 18 0
102 6 0
103 2 0
104 50 0
105 105 0
106 102 0
107 87 0
108 98 0
109 87 0
110 55 0
111 49 0
112 53 0
113 43 0
114 37 0
115 60 0
116 94 0
117 97 0
118 66 0
119 45 0
120 49 0
121 52 0
122 55 0
123 78 0
124 111 0
125 123 0
126 114 0
127 112 0
128 118 0
129 116 0
130 115 0
131 108 0
132 81 0
133 52 0
134 46 0
135 47 0
136 39 0
137 34 0
138 52 0
139 71 0
140 63 0
141 44 0
142 53 0
143 88 0
144 117 0
145 130 0
146 133 0
147 132 0
148 130 0
149 127 0
150 119 0
151 109 0
152 104 0
153 98 0
154 85 0
155 70 0
156 46 0
157 13 0
158 2 0
159 14 0
160 23 0
161 10 0
162 6 0
163 7 0
164 11 0
165 23 0
166 24 0
167 17 0
168 17 0
169 25 0
170 28 0
171 27 0
172 26 0
173 28 0
174 26 0
175 26 0
176 22 0
177 22 0
178 35 0
179 40 0
180 29 0
181 22 0
182 25 0
183 28 0
184 26 0
185 23 0
186 24 0
187 24 0
188 27 0
189 26 0
190 14 0
191 25 0
192 58 0
193 65 0
194 65 0
195 74 0
196 56 0
197 30 0
198 72 0
199 156 0
200 181 0
201 165 0
202 163 0
203 151 0
204 152 0
205 174 0
206 171 0
207 166 0
208 170 0
209 169 0
210 180 0
211 186 0
212 173 0
213 117 0
214 44 0
215 32 0
216 50 0
217 49 0
218 45 0
219 45 0
220 46 0
221 48 0
222 52 0
223 49 0
224 46 0
225 50 0
226 42 0
227 53 0
228 67 0
229 27 0
230 5 0
231 36 0
232 47 0
233 38 0
234 30 0
235 12 0
236 12 0
237 31 0
238 44 0
239 47 0
240 43 0
241 40 0
242 45 0
243 45 0
244 42 0
245 46 0
246 45 0
247 40 0
248 44 0
249 41 0
250 44 0
251 49 0
252 49 0
253 3 0
254 0 0
255 0 0

0 0 0
1 0 0
2 0 0
3 0 0
4 9 0
5 58 0
6 54 0
7 55 0
8 56 0
9 54 0
10 56 0
11 58 0
12 58 0
13 57 0
14 55 0
15 54 0
16 61 0
17 61 0
18 51 0
19 66 0
20 69 0
21 39 0
22 33 0
23 46 0
24 58 0
25 54 0
26 16 0
27 21 0
28 76 0
29 80 0
30 51 0
31 55 0
32 62 0
33 57 0
34 58 0
35 59 0
36 59 0
37 60 0
38 60 0
39 60 0
40 56 0
41 56 0
42 57 0
43 55 0
44 59 0
45 55 0
46 56 0
47 93 0
48 127 0
49 138 0
50 155 0
51 163 0
52 160 0
53 171 0
54 172 0
55 171 0
56 177 0
57 154 0
58 149 0
59 180 0
60 144 0
61 63 0
62 42 0
63 56 0
64 52 0
65 48 0
66 51 0
67 52 0
68 34 0
69 10 0
70 9 0
71 17 0
72 13 0
73 11 0
74 15 0
75 19 0
76 21 0
77 18 0
78 18 0
79 24 0
80 24 0
81 26 0
82 35 0
83 37 0
84 32 0
85 34 0
86 36 0
87 37 0
88 39 0
89 34 0
90 27 0
91 30 0
92 34 0
93 30 0
94 25 0
95 21 0
96 15 0
97 9 0
98 12 0
99 17 0
100 18 0
101 20 0
102 18 0
103 11 0
104 29 0
105 73 0
106 93 0
107 87 0
108 87 0
109 80 0
110 62 0
111 55 0
112 54 0
113 54 0
114 52 0
115 48 0
116 57 0
117 76 0
118 77 0
119 70 0
120 70 0
121 68 0
122 73 0
123 94 0
124 110 0
125 105 0
126 105 0
127 116 0
128 123 0
129 118 0
130 116 0
131 125 0
132 119 0
133 84 0
134 57 0
135 63 0
136 75 0
137 67 0
138 52 0
139 54 0
140 59 0
141 47 0
142 25 0
143 22 0
144 43 0
145 71 0
146 89 0
147 97 0
148 98 0
149 88 0
150 73 0
151 72 0
152 78 0
153 74 0
154 68 0
155 60 0
156 31 0
157 1 0
158 3 0
159 20 0
160 22 0
161 12 0
162 14 0
163 18 0
164 18 0
165 19 0
166 16 0
167 14 0
168 19 0
169 26 0
170 25 0
171 23 0
172 25 0
173 27 0
174 25 0
175 25 0
176 31 0
177 40 0
178 44 0
179 40 0
180 38 0
181 34 0
182 27 0
183 27 0
184 29 0
185 23 0
186 19 0
187 19 0
188 20 0
189 20 0
190 16 0
191 22 0
192 40 0
193 56 0
194 67 0
195 67 0
196 55 0
197 36 0
198 54 0
199 134 0
200 183 0
201 164 0
202 159 0
203 164 0
204 161 0
205 173 0
206 173 0
207 166 0
208 171 0
209 171 0
210 170 0
211 166 0
212 170 0
213 165 0
214 108 0
215 49 0
216 44 0
217 55 0
218 50 0
219 47 0
220 50 0
221 48 0
222 47 0
223 47 0
224 46 0
225 49 0
226 42 0
227 46 0
228 67 0
229 42 0
230 7 0
231 28 0
232 42 0
233 28 0
234 26 0
235 15 0
236 8 0
237 24 0
238 40 0
239 49 0
240 50 0
241 44 0
242 43 0
243 46 0
244 44 0
245 44 0
246 44 0
247 44 0
248 43 0
249 40 0
250 45 0
251 45 0
252 44 0
253 1 0
254 0 0
255 0 0

0 0 0
1 0 0
2 0 0
3 0 0
4 7 0
5 61 0
6 57 0
7 53 0
8 55 0
9 56 0
10 57 0
11 58 0
12 58 0
13 55 0
14 51 0
15 49 0
16 53 0
17 52 0
18 53 0
19 71 0
20 60 0
21 29 0
22 31 0
23 39 0
24 45 0
25 34 0
26 7 0
27 36 0
28 85 0
29 73 0
30 53 0
31 57 0
32 56 0
33 55 0
34 58 0
35 58 0
36 59 0
37 56 0
38 56 0
39 60 0
40 59 0
41 58 0
42 57 0
43 61 0
44 62 0
45 46 0
46 67 0
47 132 0
48 160 0
49 147 0
50 154 0
51 161 0
52 162 0
53 175 0
54 172 0
55 176 0
56 187 0
57 164 0
58 162 0
59 181 0
60 124 0
61 53 0
62 50 0
63 55 0
64 41 0
65 39 0
66 50 0
67 51 0
68 29 0
69 7 0
70 10 0
71 17 0
72 17 0
73 17 0
74 15 0
75 19 0
76 25 0
77 27 0
78 31 0
79 37 0
80 37 0
81 33 0
82 32 0
83 32 0
84 29 0
85 35 0
86 43 0
87 39 0
88 31 0
89 28 0
90 28 0
91 33 0
92 40 0
93 44 0
94 47 0
95 48 0
96 45 0
97 43 0
98 47 0
99 52 0
100 50 0
101 50 0
102 56 0
103 56 0
104 49 0
105 53 0
106 67 0
107 73 0
108 67 0
109 54 0
110 44 0
111 43 0
112 43 0
113 35 0
114 26 0
115 46 0
116 92 0
117 123 0
118 117 0
119 100 0
120 87 0
121 81 0
122 87 0
123 93 0
124 85 0
125 81 0
126 89 0
127 102 0
128 112 0
129 112 0
130 107 0
131 117 0
132 132 0
133 128 0
134 103 0
135 79 0
136 75 0
137 82 0
138 81 0
139 72 0
140 73 0
141 75 0
142 59 0
143 35 0
144 22 0
145 17 0
146 14 0
147 16 0
148 22 0
149 32 0
150 48 0
151 57 0
152 46 0
153 29 0
154 28 0
155 30 0
156 19 0
157 14 0
158 35 0
159 56 0
160 54 0
161 40 0
162 27 0
163 16 0
164 12 0
165 13 0
166 13 0
167 14 0
168 20 0
169 24 0
170 24 0
171 24 0
172 26 0
173 30 0
174 36 0
175 41 0
176 40 0
177 38 0
178 36 0
179 36 0
180 38 0
181 31 0
182 22 0
183 27 0
184 31 0
185 24 0
186 17 0
187 17 0
188 19 0
189 16 0
190 15 0
191 17 0
192 21 0
193 46 0
194 73 0
195 66 0
196 53 0
197 42 0
198 41 0
199 106 0
200 176 0
201 169 0
202 154 0
203 166 0
204 166 0
205 168 0
206 176 0
207 170 0
208 165 0
209 169 0
210 168 0
211 160 0
212 161 0
213 176 0
214 144 0
215 62 0
216 31 0
217 53 0
218 53 0
219 47 0
220 51 0
221 46 0
222 46 0
223 50 0
224 48 0
225 49 0
226 46 0
227 44 0
228 63 0
229 57 0
230 13 0
231 14 0
232 37 0
233 27 0
234 22 0
235 17 0
236 13 0
237 26 0
238 37 0
239 45 0
240 49 0
241 46 0
242 44 0
243 44 0
244 42 0
245 40 0
246 43 0
247 45 0
248 42 0
249 41 0
250 46 0
251 40 0
252 39 0
253 0 0
254 0 0
255 0 0

0 0 0
1 0 0
2 0 0
3 0 0
4 4 0
5 62 0
6 63 0
7 55 0
8 54 0
9 55 0
10 57 0
11 56 0
12 56 0
13 53 0
14 49 0
15 49 0
16 53 0
17 55 0
18 63 0
19 71 0
20 49 0
21 27 0
22 27 0
23 29 0
24 35 0
25 26 0
26 18 0
27 55 0
28 80 0
29 61 0
30 54 0
31 59 0
32 56 0
33 58 0
34 58 0
35 55 0
36 56 0
37 55 0
38 55 0
39 57 0
40 58 0
41 57 0
42 58 0
43 68 0
44 52 0
45 31 0
46 84 0
47 156 0
48 156 0
49 146 0
50 166 0
51 168 0
52 172 0
53 180 0
54 171 0
55 182 0
56 173 0
57 139 0
58 167 0
59 181 0
60 100 0
61 45 0
62 53 0
63 52 0
64 44 0
65 44 0
66 46 0
67 41 0
68 21 0
69 9 0
70 14 0
71 16 0
72 18 0
73 20 0
74 15 0
75 9 0
76 11 0
77 22 0
78 29 0
79 26 0
80 24 0
81 23 0
82 17 0
83 15 0
84 14 0
85 12 0
86 13 0
87 10 0
88 5 0
89 4 0
90 5 0
91 7 0
92 7 0
93 10 0
94 17 0
95 25 0
96 30 0
97 31 0
98 29 0
99 24 0
100 21 0
101 18 0
102 19 0
103 22 0
104 23 0
105 34 0
106 56 0
107 66 0
108 66 0
109 73 0
110 81 0
111 84 0
112 89 0
113 89 0
114 86 0
115 117 0
116 168 0
117 173 0
118 133 0
119 99 0
120 86 0
121 85 0
122 92 0
123 88 0
124 76 0
125 76 0
126 83 0
127 95 0
128 115 0
129 123 0
130 120 0
131 127 0
132 137 0
133 138 0
134 137 0
135 121 0
136 87 0
137 70 0
138 88 0
139 110 0
140 108 0
141 91 0
142 77 0
143 74 0
144 79 0
145 78 0
146 66 0
147 55 0
148 52 0
149 68 0
150 88 0
151 77 0
152 41 0
153 16 0
154 14 0
155 16 0
156 14 0
157 33 0
158 76 0
159 98 0
160 81 0
161 73 0
162 80 0
163 58 0
164 17 0
165 4 0
166 12 0
167 15 0
168 16 0
169 16 0
170 14 0
171 17 0
172 26 0
173 35 0
174 39 0
175 32 0
176 24 0
177 25 0
178 28 0
179 27 0
180 29 0
181 28 0
182 22 0
183 22 0
184 24 0
185 22 0
186 22 0
187 23 0
188 21 0
189 19 0
190 20 0
191 16 0
192 17 0
193 51 0
194 78 0
195 60 0
196 53 0
197 55 0
198 39 0
199 77 0
200 158 0
201 175 0
202 156 0
203 169 0
204 173 0
205 165 0
206 169 0
207 165 0
208 160 0
209 166 0
210 169 0
211 172 0
212 174 0
213 181 0
214 169 0
215 90 0
216 30 0
217 44 0
218 52 0
219 44 0
220 48 0
221 47 0
222 45 0
223 47 0
224 44 0
225 45 0
226 47 0
227 39 0
228 50 0
229 62 0
230 26 0
231 8 0
232 33 0
233 31 0
234 18 0
235 19 0
236 16 0
237 21 0
238 33 0
239 40 0
240 42 0
241 43 0
242 44 0
243 43 0
244 43 0
245 42 0
246 40 0
247 41 0
248 41 0
249 41 0
250 43 0
251 37 0
252 35 0
253 0 0
254 0 0
255 0 0

0 0 0
1 0 0
2 0 0
3 0 0
4 3 0
5 64 0
6 62 0
7 52 0
8 54 0
9 53 0
10 53 0
11 55 0
12 54 0
13 52 0
14 51 0
15 49 0
16 53 0
17 57 0
18 65 0
19 64 0
20 41 0
21 25 0
22 22 0
23 26 0
24 31 0
25 19 0
26 29 0
27 68 0
28 71 0
29 52 0
30 54 0
31 54 0
32 52 0
33 58 0
34 58 0
35 56 0
36 55 0
37 56 0
38 57 0
39 53 0
40 51 0
41 55 0
42 63 0
43 56 0
44 33 0
45 49 0
46 117 0
47 162 0
48 161 0
49 171 0
50 178 0
51 170 0
52 180 0
53 170 0
54 154 0
55 164 0
56 122 0
57 88 0
58 157 0
59 166 0
60 76 0
61 44 0
62 51 0
63 51 0
64 70 0
65 71 0
66 51 0
67 37 0
68 20 0
69 13 0
70 18 0
71 14 0
72 12 0
73 17 0
74 17 0
75 12 0
76 9 0
77 14 0
78 21 0
79 19 0
80 18 0
81 21 0
82 21 0
83 22 0
84 22 0
85 20 0
86 16 0
87 14 0
88 13 0
89 12 0
90 9 0
91 9 0
92 10 0
93 10 0
94 8 0
95 5 0
96 5 0
97 7 0
98 6 0
99 4 0
100 4 0
101 4 0
102 6 0
103 8 0
104 6 0
105 19 0
106 46 0
107 57 0
108 59 0
109 99 0
110 159 0
111 177 0
112 160 0
113 147 0
114 136 0
115 126 0
116 115 0
117 96 0
118 86 0
119 95 0
120 101 0
121 93 0
122 84 0
123 77 0
124 76 0
125 78 0
126 73 0
127 79 0
128 116 0
129 144 0
130 147 0
131 148 0
132 147 0
133 134 0
134 130 0
135 137 0
136 132 0
137 110 0
138 95 0
139 97 0
140 110 0
141 117 0
142 111 0
143 93 0
144 73 0
145 58 0
146 51 0
147 45 0
148 39 0
149 43 0
150 54 0
151 49 0
152 30 0
153 19 0
154 22 0
155 21 0
156 9 0
157 13 0
158 53 0
159 78 0
160 65 0
161 88 0
162 141 0
163 118 0
164 38 0
165 4 0
166 9 0
167 10 0
168 13 0
169 15 0
170 14 0
171 27 0
172 46 0
173 51 0
174 40 0
175 26 0
176 22 0
177 29 0
178 30 0
179 25 0
180 25 0
181 26 0
182 22 0
183 22 0
184 22 0
185 21 0
186 24 0
187 24 0
188 19 0
189 19 0
190 23 0
191 16 0
192 21 0
193 71 0
194 122 0
195 115 0
196 90 0
197 71 0
198 38 0
199 54 0
200 134 0
201 174 0
202 161 0
203 157 0
204 161 0
205 161 0
206 162 0
207 163 0
208 166 0
209 166 0
210 166 0
211 174 0
212 164 0
213 159 0
214 180 0
215 142 0
216 57 0
217 37 0
218 53 0
219 46 0
220 46 0
221 49 0
222 47 0
223 49 0
224 47 0
225 45 0
226 48 0
227 42 0
228 47 0
229 69 0
230 47 0
231 7 0
232 20 0
233 28 0
234 19 0
235 27 0
236 17 0
237 16 0
238 37 0
239 44 0
240 42 0
241 41 0
242 42 0
243 43 0
244 41 0
245 41 0
246 43 0
247 44 0
248 41 0
249 37 0
250 41 0
251 38 0
252 35 0
253 0 0
254 0 0
255 0 0

0 0 0
1 0 0
2 0 0
3 0 0
4 1 0
5 60 0
6 60 0
7 49 0
8 53 0
9 53 0
10 51 0
11 56 0
12 55 0
13 52 0
14 50 0
15 48 0
16 51 0
17 52 0
18 54 0
19 54 0
20 38 0
21 21 0
22 17 0
23 25 0
24 25 0
25 16 0
26 44 0
27 75 0
28 63 0
29 51 0
30 58 0
31 58 0
32 53 0
33 56 0
34 58 0
35 59 0
36 54 0
37 52 0
38 56 0
39 53 0
40 55 0
41 62 0
42 51 0
43 26 0
44 40 0
45 105 0
46 164 0
47 176 0
48 173 0
49 179 0
50 172 0
51 168 0
52 174 0
53 147 0
54 129 0
55 129 0
56 73 0
57 71 0
58 161 0
59 141 0
60 55 0
61 51 0
62 48 0
63 46 0
64 78 0
65 74 0
66 65 0
67 79 0
68 52 0
69 18 0
70 17 0
71 14 0
72 10 0
73 15 0
74 13 0
75 10 0
76 10 0
77 12 0
78 14 0
79 17 0
80 20 0
81 22 0
82 21 0
83 20 0
84 20 0
85 19 0
86 15 0
87 9 0
88 8 0
89 11 0
90 11 0
91 9 0
92 11 0
93 13 0
94 11 0
95 11 0
96 14 0
97 16 0
98 15 0
99 16 0
100 16 0
101 14 0
102 14 0
103 18 0
104 14 0
105 12 0
106 34 0
107 64 0
108 70 0
109 80 0
110 115 0
111 125 0
112 104 0
113 96 0
114 98 0
115 90 0
116 88 0
117 98 0
118 107 0
119 103 0
120 86 0
121 69 0
122 62 0
123 59 0
124 63 0
125 66 0
126 55 0
127 55 0
128 93 0
129 132 0
130 146 0
131 148 0
132 145 0
133 135 0
134 128 0
135 135 0
136 154 0
137 166 0
138 152 0
139 109 0
140 75 0
141 79 0
142 101 0
143 105 0
144 88 0
145 61 0
146 42 0
147 34 0
148 31 0
149 31 0
150 35 0
151 28 0
152 15 0
153 14 0
154 24 0
155 36 0
156 30 0
157 8 0
158 11 0
159 40 0
160 55 0
161 58 0
162 57 0
163 34 0
164 13 0
165 22 0
166 34 0
167 38 0
168 50 0
169 59 0
170 55 0
171 44 0
172 31 0
173 20 0
174 15 0
175 18 0
176 26 0
177 31 0
178 33 0
179 32 0
180 28 0
181 21 0
182 19 0
183 23 0
184 23 0
185 19 0
186 21 0
187 20 0
188 16 0
189 17 0
190 22 0
191 16 0
192 12 0
193 58 0
194 139 0
195 163 0
196 126 0
197 87 0
198 46 0
199 47 0
200 116 0
201 168 0
202 164 0
203 148 0
204 152 0
205 165 0
206 166 0
207 165 0
208 166 0
209 166 0
210 169 0
211 164 0
212 150 0
213 152 0
214 186 0
215 186 0
216 102 0
217 37 0
218 46 0
219 53 0
220 46 0
221 49 0
222 48 0
223 49 0
224 49 0
225 45 0
226 45 0
227 43 0
228 44 0
229 68 0
230 64 0
231 16 0
232 10 0
233 24 0
234 20 0
235 27 0
236 17 0
237 17 0
238 42 0
239 45 0
240 44 0
241 42 0
242 39 0
243 41 0
244 41 0
245 42 0
246 43 0
247 45 0
248 44 0
249 39 0
250 44 0
251 41 0
252 37 0
253 0 0
254 0 0
255 0 0

0 0 0
1 0 0
2 0 0
3 0 0
4 0 0
5 61 0
6 63 0
7 49 0
8 50 0
9 54 0
10 52 0
11 53 0
12 54 0
13 52 0
14 48 0
15 46 0
16 50 0
17 51 0
18 49 0
19 47 0
20 34 0
21 17 0
22 14 0
23 22 0
24 18 0
25 22 0
26 61 0
27 74 0
28 53 0
29 52 0
30 57 0
31 55 0
32 55 0
33 54 0
34 55 0
35 56 0
36 54 0
37 56 0
38 58 0
39 55 0
40 60 0
41 58 0
42 31 0
43 45 0
44 113 0
45 156 0
46 171 0
47 180 0
48 170 0
49 164 0
50 166 0
51 169 0
52 173 0
53 151 0
54 137 0
55 125 0
56 68 0
57 84 0
58 161 0
59 111 0
60 40 0
61 55 0
62 41 0
63 42 0
64 80 0
65 62 0
66 69 0
67 105 0
68 58 0
69 5 0
70 10 0
71 10 0
72 6 0
73 12 0
74 9 0
75 6 0
76 8 0
77 11 0
78 12 0
79 12 0
80 14 0
81 17 0
82 17 0
83 18 0
84 17 0
85 15 0
86 14 0
87 10 0
88 9 0
89 10 0
90 8 0
91 6 0
92 9 0
93 12 0
94 12 0
95 10 0
96 13 0
97 15 0
98 14 0
99 13 0
100 14 0
101 12 0
102 9 0
103 10 0
104 10 0
105 5 0
106 7 0
107 34 0
108 74 0
109 99 0
110 97 0
111 79 0
112 69 0
113 80 0
114 94 0
115 103 0
116 115 0
117 120 0
118 105 0
119 75 0
120 54 0
121 49 0
122 47 0
123 44 0
124 45 0
125 51 0
126 57 0
127 73 0
128 97 0
129 117 0
130 134 0
131 150 0
132 155 0
133 153 0
134 156 0
135 163 0
136 168 0
137 177 0
138 181 0
139 160 0
140 120 0
141 87 0
142 68 0
143 62 0
144 73 0
145 83 0
146 77 0
147 66 0
148 53 0
149 44 0
150 47 0
151 49 0
152 46 0
153 54 0
154 76 0
155 97 0
156 98 0
157 68 0
158 34 0
159 32 0
160 48 0
161 46 0
162 26 0
163 13 0
164 19 0
165 26 0
166 28 0
167 37 0
168 54 0
169 73 0
170 83 0
171 78 0
172 69 0
173 61 0
174 56 0
175 59 0
176 58 0
177 39 0
178 27 0
179 30 0
180 26 0
181 19 0
182 17 0
183 18 0
184 19 0
185 18 0
186 18 0
187 17 0
188 17 0
189 17 0
190 17 0
191 14 0
192 6 0
193 36 0
194 103 0
195 112 0
196 84 0
197 84 0
198 60 0
199 41 0
200 99 0
201 162 0
202 171 0
203 164 0
204 163 0
205 166 0
206 167 0
207 165 0
208 164 0
209 167 0
210 169 0
211 150 0
212 136 0
213 130 0
214 142 0
215 183 0
216 155 0
217 63 0
218 41 0
219 56 0
220 46 0
221 44 0
222 46 0
223 46 0
224 49 0
225 45 0
226 46 0
227 48 0
228 39 0
229 56 0
230 81 0
231 43 0
232 9 0
233 20 0
234 23 0
235 24 0
236 20 0
237 20 0
238 39 0
239 43 0
240 44 0
241 41 0
242 38 0
243 45 0
244 44 0
245 42 0
246 41 0
247 40 0
248 40 0
249 38 0
250 42 0
251 41 0
252 35 0
253 0 0
254 0 0
255 0 0

0 0 0
1 0 0
2 0 0
3 0 0
4 0 0
5 63 0
6 66 0
7 49 0
8 46 0
9 53 0
10 57 0
11 53 0
12 51 0
13 49 0
14 47 0
15 47 0
16 49 0
17 52 0
18 50 0
19 44 0
20 36 0
21 22 0
22 19 0
23 23 0
24 14 0
25 31 0
26 71 0
27 69 0
28 49 0
29 53 0
30 54 0
31 49 0
32 53 0
33 56 0
34 56 0
35 55 0
36 55 0
37 57 0
38 55 0
39 56 0
40 56 0
41 41 0
42 51 0
43 120 0
44 181 0
45 176 0
46 160 0
47 174 0
48 177 0
49 169 0
50 169 0
51 169 0
52 176 0
53 165 0
54 153 0
55 156 0
56 138 0
57 146 0
58 159 0
59 82 0
60 35 0
61 57 0
62 39 0
63 51 0
64 85 0
65 58 0
66 78 0
67 110 0
68 40 0
69 0 0
70 10 0
71 9 0
72 6 0
73 14 0
74 14 0
75 13 0
76 14 0
77 14 0
78 14 0
79 14 0
80 17 0
81 18 0
82 16 0
83 16 0
84 14 0
85 11 0
86 11 0
87 15 0
88 19 0
89 17 0
90 13 0
91 12 0
92 14 0
93 17 0
94 17 0
95 10 0
96 7 0
97 11 0
98 14 0
99 17 0
100 19 0
101 18 0
102 16 0
103 14 0
104 11 0
105 7 0
106 14 0
107 47 0
108 95 0
109 114 0
110 89 0
111 64 0
112 68 0
113 88 0
114 105 0
115 116 0
116 113 0
117 93 0
118 65 0
119 44 0
120 40 0
121 45 0
122 43 0
123 36 0
124 38 0
125 51 0
126 77 0
127 114 0
128 140 0
129 151 0
130 159 0
131 164 0
132 164 0
133 164 0
134 155 0
135 139 0
136 130 0
137 132 0
138 126 0
139 112 0
140 107 0
141 106 0
142 87 0
143 57 0
144 44 0
145 46 0
146 53 0
147 61 0
148 70 0
149 79 0
150 93 0
151 98 0
152 85 0
153 69 0
154 65 0
155 58 0
156 47 0
157 48 0
158 54 0
159 46 0
160 41 0
161 50 0
162 50 0
163 35 0
164 24 0
165 18 0
166 16 0
167 21 0
168 31 0
169 41 0
170 61 0
171 87 0
172 111 0
173 125 0
174 131 0
175 128 0
176 105 0
177 63 0
178 30 0
179 22 0
180 22 0
181 22 0
182 21 0
183 18 0
184 18 0
185 24 0
186 20 0
187 17 0
188 22 0
189 22 0
190 22 0
191 20 0
192 10 0
193 32 0
194 80 0
195 75 0
196 56 0
197 78 0
198 59 0
199 31 0
200 89 0
201 157 0
202 171 0
203 169 0
204 164 0
205 164 0
206 168 0
207 173 0
208 174 0
209 167 0
210 159 0
211 142 0
212 115 0
213 78 0
214 57 0
215 115 0
216 154 0
217 85 0
218 37 0
219 52 0
220 49 0
221 43 0
222 48 0
223 46 0
224 45 0
225 42 0
226 44 0
227 49 0
228 39 0
229 49 0
230 95 0
231 74 0
232 12 0
233 12 0
234 22 0
235 20 0
236 23 0
237 19 0
238 32 0
239 41 0
240 39 0
241 41 0
242 42 0
243 44 0
244 40 0
245 41 0
246 44 0
247 41 0
248 38 0
249 39 0
250 41 0
251 39 0
252 33 0
253 0 0
254 0 0
255 0 0

0 0 0
1 0 0
2 0 0
3 0 0
4 0 0
5 57 0
6 59 0
7 46 0
8 48 0
9 53 0
10 54 0
11 52 0
12 50 0
13 49 0
14 49 0
15 49 0
16 46 0
17 49 0
18 48 0
19 41 0
20 37 0
21 32 0
22 30 0
23 25 0
24 19 0
25 51 0
26 79 0
27 62 0
28 51 0
29 55 0
30 52 0
31 52 0
32 56 0
33 57 0
34 57 0
35 55 0
36 55 0
37 54 0
38 51 0
39 57 0
40 53 0
41 53 0
42 107 0
43 171 0
44 183 0
45 174 0
46 163 0
47 160 0
48 170 0
49 173 0
50 167 0
51 169 0
52 175 0
53 161 0
54 146 0
55 158 0
56 174 0
57 185 0
58 148 0
59 60 0
60 41 0
61 57 0
62 35 0
63 63 0
64 87 0
65 65 0
66 110 0
67 122 0
68 34 0
69 0 0
70 16 0
71 13 0
72 10 0
73 19 0
74 17 0
75 18 0
76 21 0
77 22 0
78 21 0
79 18 0
80 23 0
81 27 0
82 26 0
83 28 0
84 28 0
85 25 0
86 24 0
87 26 0
88 25 0
89 23 0
90 20 0
91 19 0
92 16 0
93 14 0
94 19 0
95 19 0
96 19 0
97 21 0
98 18 0
99 12 0
100 12 0
101 14 0
102 17 0
103 18 0
104 11 0
105 9 0
106 48 0
107 112 0
108 137 0
109 102 0
110 56 0
111 49 0
112 79 0
113 106 0
114 112 0
115 100 0
116 75 0
117 46 0
118 32 0
119 38 0
120 52 0
121 57 0
122 50 0
123 51 0
124 75 0
125 110 0
126 140 0
127 158 0
128 156 0
129 148 0
130 137 0
131 117 0
132 108 0
133 111 0
134 92 0
135 66 0
136 73 0
137 98 0
138 103 0
139 96 0
140 94 0
141 94 0
142 96 0
143 108 0
144 122 0
145 117 0
146 93 0
147 77 0
148 84 0
149 95 0
150 88 0
151 64 0
152 42 0
153 31 0
154 36 0
155 40 0
156 30 0
157 24 0
158 39 0
159 52 0
160 65 0
161 84 0
162 85 0
163 54 0
164 26 0
165 20 0
166 19 0
167 19 0
168 22 0
169 23 0
170 26 0
171 35 0
172 36 0
173 35 0
174 40 0
175 46 0
176 54 0
177 60 0
178 45 0
179 24 0
180 17 0
181 19 0
182 24 0
183 22 0
184 22 0
185 26 0
186 17 0
187 12 0
188 20 0
189 23 0
190 26 0
191 24 0
192 12 0
193 33 0
194 73 0
195 65 0
196 50 0
197 68 0
198 59 0
199 38 0
200 81 0
201 142 0
202 162 0
203 170 0
204 173 0
205 166 0
206 164 0
207 171 0
208 174 0
209 163 0
210 148 0
211 122 0
212 93 0
213 67 0
214 39 0
215 71 0
216 132 0
217 92 0
218 36 0
219 47 0
220 51 0
221 44 0
222 46 0
223 44 0
224 46 0
225 47 0
226 42 0
227 47 0
228 43 0
229 41 0
230 83 0
231 90 0
232 29 0
233 13 0
234 24 0
235 18 0
236 20 0
237 22 0
238 32 0
239 37 0
240 36 0
241 42 0
242 44 0
243 41 0
244 40 0
245 41 0
246 39 0
247 41 0
248 40 0
249 37 0
250 40 0
251 39 0
252 31 0
253 0 0
254 0 0
255 0 0

0 0 0
1 0 0
2 0 0
3 0 0
4 0 0
5 51 0
6 52 0
7 44 0
8 50 0
9 51 0
10 49 0
11 51 0
12 50 0
13 49 0
14 50 0
15 49 0
16 44 0
17 45 0
18 46 0
19 41 0
20 36 0
21 31 0
22 28 0
23 17 0
24 26 0
25 69 0
26 79 0
27 50 0
28 48 0
29 52 0
30 49 0
31 55 0
32 57 0
33 55 0
34 53 0
35 52 0
36 51 0
37 51 0
38 58 0
39 54 0
40 43 0
41 81 0
42 149 0
43 174 0
44 167 0
45 174 0
46 174 0
47 159 0
48 163 0
49 169 0
50 166 0
51 174 0
52 177 0
53 159 0
54 147 0
55 156 0
56 171 0
57 179 0
58 129 0
59 53 0
60 46 0
61 53 0
62 37 0
63 66 0
64 75 0
65 64 0
66 131 0
67 129 0
68 30 0
69 5 0
70 16 0
71 14 0
72 8 0
73 17 0
74 17 0
75 19 0
76 21 0
77 23 0
78 22 0
79 18 0
80 25 0
81 32 0
82 30 0
83 30 0
84 31 0
85 30 0
86 31 0
87 28 0
88 27 0
89 30 0
90 29 0
91 26 0
92 21 0
93 18 0
94 21 0
95 17 0
96 10 0
97 9 0
98 10 0
99 16 0
100 32 0
101 35 0
102 26 0
103 24 0
104 25 0
105 38 0
106 85 0
107 129 0
108 119 0
109 89 0
110 90 0
111 111 0
112 126 0
113 119 0
114 94 0
115 68 0
116 46 0
117 34 0
118 49 0
119 76 0
120 82 0
121 72 0
122 79 0
123 108 0
124 139 0
125 147 0
126 131 0
127 110 0
128 91 0
129 81 0
130 79 0
131 77 0
132 82 0
133 87 0
134 71 0
135 61 0
136 81 0
137 96 0
138 92 0
139 95 0
140 96 0
141 78 0
142 64 0
143 86 0
144 132 0
145 170 0
146 185 0
147 183 0
148 179 0
149 173 0
150 156 0
151 137 0
152 119 0
153 95 0
154 73 0
155 59 0
156 46 0
157 33 0
158 22 0
159 19 0
160 35 0
161 67 0
162 87 0
163 70 0
164 35 0
165 20 0
166 22 0
167 21 0
168 22 0
169 24 0
170 22 0
171 26 0
172 26 0
173 17 0
174 13 0
175 12 0
176 16 0
177 24 0
178 23 0
179 19 0
180 22 0
181 22 0
182 22 0
183 19 0
184 19 0
185 23 0
186 19 0
187 18 0
188 20 0
189 15 0
190 20 0
191 19 0
192 10 0
193 41 0
194 82 0
195 73 0
196 56 0
197 68 0
198 62 0
199 40 0
200 73 0
201 138 0
202 162 0
203 165 0
204 171 0
205 166 0
206 161 0
207 163 0
208 161 0
209 152 0
210 126 0
211 77 0
212 53 0
213 61 0
214 50 0
215 79 0
216 144 0
217 105 0
218 37 0
219 41 0
220 51 0
221 48 0
222 49 0
223 46 0
224 47 0
225 48 0
226 44 0
227 43 0
228 46 0
229 40 0
230 60 0
231 85 0
232 49 0
233 19 0
234 29 0
235 25 0
236 21 0
237 26 0
238 31 0
239 36 0
240 37 0
241 40 0
242 44 0
243 43 0
244 44 0
245 44 0
246 40 0
247 44 0
248 42 0
249 40 0
250 39 0
251 39 0
252 30 0
253 0 0
254 0 0
255 0 0

0 0 0
1 0 0
2 0 0
3 0 0
4 0 0
5 48 0
6 56 0
7 49 0
8 53 0
9 53 0
10 53 0
11 53 0
12 50 0
13 47 0
14 49 0
15 51 0
16 50 0
17 49 0
18 45 0
19 41 0
20 37 0
21 33 0
22 29 0
23 19 0
24 35 0
25 74 0
26 72 0
27 50 0
28 53 0
29 54 0
30 50 0
31 53 0
32 53 0
33 56 0
34 54 0
35 53 0
36 51 0
37 51 0
38 64 0
39 47 0
40 45 0
41 121 0
42 179 0
43 171 0
44 162 0
45 171 0
46 174 0
47 166 0
48 159 0
49 161 0
50 167 0
51 177 0
52 176 0
53 162 0
54 152 0
55 155 0
56 174 0
57 175 0
58 117 0
59 49 0
60 41 0
61 63 0
62 67 0
63 74 0
64 68 0
65 73 0
66 137 0
67 137 0
68 36 0
69 0 0
70 15 0
71 12 0
72 7 0
73 18 0
74 17 0
75 19 0
76 20 0
77 17 0
78 21 0
79 21 0
80 20 0
81 26 0
82 31 0
83 36 0
84 35 0
85 31 0
86 31 0
87 31 0
88 31 0
89 31 0
90 23 0
91 16 0
92 12 0
93 14 0
94 22 0
95 29 0
96 33 0
97 44 0
98 58 0
99 68 0
100 67 0
101 49 0
102 27 0
103 20 0
104 28 0
105 51 0
106 86 0
107 107 0
108 105 0
109 109 0
110 123 0
111 118 0
112 90 0
113 61 0
114 44 0
115 36 0
116 40 0
117 63 0
118 103 0
119 122 0
120 109 0
121 110 0
122 137 0
123 142 0
124 119 0
125 89 0
126 67 0
127 64 0
128 73 0
129 81 0
130 84 0
131 80 0
132 71 0
133 61 0
134 54 0
135 68 0
136 94 0
137 96 0
138 83 0
139 86 0
140 90 0
141 78 0
142 64 0
143 60 0
144 66 0
145 88 0
146 114 0
147 125 0
148 121 0
149 112 0
150 115 0
151 125 0
152 110 0
153 71 0
154 40 0
155 24 0
156 19 0
157 24 0
158 25 0
159 16 0
160 19 0
161 52 0
162 105 0
163 122 0
164 71 0
165 18 0
166 16 0
167 26 0
168 26 0
169 25 0
170 22 0
171 28 0
172 34 0
173 25 0
174 19 0
175 21 0
176 17 0
177 16 0
178 16 0
179 14 0
180 11 0
181 9 0
182 14 0
183 19 0
184 17 0
185 19 0
186 20 0
187 19 0
188 19 0
189 15 0
190 19 0
191 21 0
192 11 0
193 32 0
194 70 0
195 67 0
196 48 0
197 58 0
198 60 0
199 37 0
200 62 0
201 132 0
202 160 0
203 156 0
204 164 0
205 167 0
206 160 0
207 164 0
208 163 0
209 151 0
210 125 0
211 69 0
212 43 0
213 62 0
214 49 0
215 76 0
216 157 0
217 131 0
218 46 0
219 36 0
220 47 0
221 44 0
222 44 0
223 46 0
224 46 0
225 49 0
226 49 0
227 42 0
228 46 0
229 43 0
230 45 0
231 77 0
232 62 0
233 17 0
234 19 0
235 28 0
236 26 0
237 31 0
238 34 0
239 42 0
240 41 0
241 39 0
242 46 0
243 43 0
244 39 0
245 41 0
246 45 0
247 44 0
248 39 0
249 41 0
250 39 0
251 37 0
252 28 0
253 0 0
254 0 0
255 0 0

0 0 0
1 0 0
2 0 0
3 0 0
4 0 0
5 44 0
6 58 0
7 51 0
8 51 0
9 51 0
10 51 0
11 54 0
12 52 0
13 51 0
14 52 0
15 50 0
16 49 0
17 50 0
18 46 0
19 40 0
20 35 0
21 35 0
22 33 0
23 26 0
24 50 0
25 78 0
26 61 0
27 47 0
28 53 0
29 53 0
30 54 0
31 52 0
32 52 0
33 56 0
34 53 0
35 54 0
36 53 0
37 56 0
38 55 0
39 34 0
40 72 0
41 159 0
42 181 0
43 166 0
44 166 0
45 165 0
46 169 0
47 169 0
48 165 0
49 167 0
50 171 0
51 176 0
52 175 0
53 167 0
54 155 0
55 153 0
56 176 0
57 170 0
58 105 0
59 41 0
60 45 0
61 90 0
62 98 0
63 83 0
64 101 0
65 132 0
66 154 0
67 120 0
68 29 0
69 0 0
70 15 0
71 10 0
72 3 0
73 14 0
74 14 0
75 17 0
76 17 0
77 13 0
78 29 0
79 46 0
80 47 0
81 38 0
82 29 0
83 24 0
84 19 0
85 17 0
86 22 0
87 29 0
88 36 0
89 41 0
90 41 0
91 44 0
92 50 0
93 56 0
94 71 0
95 84 0
96 86 0
97 81 0
98 68 0
99 44 0
100 20 0
101 16 0
102 23 0
103 18 0
104 17 0
105 35 0
106 53 0
107 63 0
108 72 0
109 74 0
110 66 0
111 49 0
112 35 0
113 33 0
114 41 0
115 61 0
116 85 0
117 104 0
118 129 0
119 150 0
120 147 0
121 131 0
122 112 0
123 80 0
124 60 0
125 70 0
126 85 0
127 93 0
128 95 0
129 87 0
130 77 0
131 65 0
132 56 0
133 67 0
134 89 0
135 101 0
136 97 0
137 82 0
138 76 0
139 83 0
140 89 0
141 90 0
142 91 0
143 85 0
144 72 0
145 68 0
146 71 0
147 71 0
148 66 0
149 62 0
150 66 0
151 69 0
152 48 0
153 19 0
154 14 0
155 13 0
156 4 0
157 7 0
158 20 0
159 24 0
160 23 0
161 31 0
162 73 0
163 129 0
164 121 0
165 58 0
166 24 0
167 24 0
168 25 0
169 29 0
170 27 0
171 25 0
172 29 0
173 25 0
174 17 0
175 18 0
176 22 0
177 19 0
178 19 0
179 26 0
180 34 0
181 45 0
182 53 0
183 39 0
184 21 0
185 19 0
186 17 0
187 13 0
188 19 0
189 19 0
190 19 0
191 23 0
192 16 0
193 23 0
194 52 0
195 53 0
196 39 0
197 57 0
198 67 0
199 44 0
200 59 0
201 122 0
202 155 0
203 157 0
204 164 0
205 165 0
206 157 0
207 159 0
208 165 0
209 160 0
210 134 0
211 73 0
212 37 0
213 59 0
214 59 0
215 73 0
216 152 0
217 148 0
218 58 0
219 36 0
220 51 0
221 46 0
222 44 0
223 46 0
224 46 0
225 46 0
226 47 0
227 42 0
228 44 0
229 41 0
230 35 0
231 68 0
232 74 0
233 23 0
234 13 0
235 29 0
236 28 0
237 32 0
238 40 0
239 47 0
240 42 0
241 41 0
242 48 0
243 44 0
244 41 0
245 41 0
246 42 0
247 36 0
248 34 0
249 38 0
250 34 0
251 36 0
252 26 0
253 0 0
254 0 0
255 0 0

0 0 0
1 0 0
2 0 0
3 0 0
4 0 0
5 40 0
6 52 0
7 47 0
8 49 0
9 51 0
10 52 0
11 53 0
12 47 0
13 45 0
14 51 0
15 49 0
16 47 0
17 49 0
18 49 0
19 45 0
20 37 0
21 38 0
22 32 0
23 29 0
24 69 0
25 86 0
26 53 0
27 46 0
28 51 0
29 51 0
30 56 0
31 54 0
32 54 0
33 55 0
34 53 0
35 54 0
36 56 0
37 60 0
38 40 0
39 40 0
40 129 0
41 202 0
42 189 0
43 182 0
44 186 0
45 169 0
46 166 0
47 171 0
48 171 0
49 169 0
50 169 0
51 174 0
52 170 0
53 162 0
54 156 0
55 160 0
56 178 0
57 159 0
58 90 0
59 41 0
60 58 0
61 98 0
62 94 0
63 78 0
64 97 0
65 115 0
66 111 0
67 76 0
68 18 0
69 5 0
70 21 0
71 13 0
72 7 0
73 14 0
74 14 0
75 13 0
76 13 0
77 13 0
78 21 0
79 34 0
80 47 0
81 55 0
82 54 0
83 50 0
84 41 0
85 41 0
86 53 0
87 60 0
88 61 0
89 59 0
90 56 0
91 59 0
92 64 0
93 61 0
94 49 0
95 33 0
96 18 0
97 11 0
98 10 0
99 7 0
100 5 0
101 13 0
102 21 0
103 21 0
104 32 0
105 47 0
106 52 0
107 57 0
108 61 0
109 56 0
110 48 0
111 46 0
112 60 0
113 78 0
114 88 0
115 103 0
116 103 0
117 77 0
118 86 0
119 142 0
120 151 0
121 98 0
122 63 0
123 62 0
124 69 0
125 80 0
126 83 0
127 78 0
128 74 0
129 66 0
130 58 0
131 63 0
132 78 0
133 102 0
134 116 0
135 110 0
136 93 0
137 76 0
138 68 0
139 72 0
140 77 0
141 81 0
142 92 0
143 97 0
144 90 0
145 84 0
146 79 0
147 67 0
148 54 0
149 50 0
150 52 0
151 49 0
152 31 0
153 12 0
154 7 0
155 7 0
156 6 0
157 13 0
158 20 0
159 16 0
160 17 0
161 20 0
162 22 0
163 53 0
164 86 0
165 70 0
166 34 0
167 23 0
168 25 0
169 29 0
170 29 0
171 21 0
172 23 0
173 31 0
174 25 0
175 22 0
176 24 0
177 14 0
178 21 0
179 55 0
180 73 0
181 62 0
182 44 0
183 24 0
184 14 0
185 19 0
186 19 0
187 20 0
188 25 0
189 17 0
190 13 0
191 21 0
192 18 0
193 18 0
194 37 0
195 46 0
196 49 0
197 70 0
198 73 0
199 45 0
200 59 0
201 117 0
202 151 0
203 158 0
204 165 0
205 169 0
206 166 0
207 161 0
208 165 0
209 169 0
210 150 0
211 105 0
212 59 0
213 59 0
214 69 0
215 75 0
216 140 0
217 160 0
218 76 0
219 36 0
220 49 0
221 45 0
222 45 0
223 44 0
224 43 0
225 44 0
226 44 0
227 44 0
228 45 0
229 44 0
230 31 0
231 56 0
232 84 0
233 44 0
234 19 0
235 31 0
236 29 0
237 33 0
238 43 0
239 43 0
240 38 0
241 41 0
242 43 0
243 41 0
244 42 0
245 39 0
246 39 0
247 35 0
248 37 0
249 41 0
250 38 0
251 43 0
252 30 0
253 0 0
254 0 0
255 0 0

0 0 0
1 0 0
2 0 0
3 0 0
4 0 0
5 41 0
6 53 0
7 49 0
8 45 0
9 49 0
10 51 0
11 53 0
12 49 0
13 43 0
14 46 0
15 48 0
16 50 0
17 49 0
18 47 0
19 44 0
20 40 0
21 44 0
22 32 0
23 41 0
24 87 0
25 80 0
26 46 0
27 50 0
28 53 0
29 51 0
30 53 0
31 54 0
32 55 0
33 53 0
34 54 0
35 51 0
36 55 0
37 56 0
38 36 0
39 83 0
40 183 0
41 192 0
42 142 0
43 136 0
44 154 0
45 166 0
46 175 0
47 179 0
48 175 0
49 164 0
50 169 0
51 176 0
52 166 0
53 160 0
54 161 0
55 163 0
56 175 0
57 148 0
58 76 0
59 45 0
60 67 0
61 77 0
62 67 0
63 65 0
64 64 0
65 59 0
66 60 0
67 43 0
68 12 0
69 10 0
70 21 0
71 19 0
72 23 0
73 34 0
74 32 0
75 22 0
76 17 0
77 22 0
78 23 0
79 18 0
80 15 0
81 24 0
82 49 0
83 62 0
84 52 0
85 41 0
86 35 0
87 26 0
88 20 0
89 15 0
90 9 0
91 8 0
92 13 0
93 13 0
94 9 0
95 4 0
96 2 0
97 8 0
98 13 0
99 13 0
100 12 0
101 9 0
102 7 0
103 24 0
104 49 0
105 58 0
106 68 0
107 88 0
108 91 0
109 79 0
110 75 0
111 85 0
112 108 0
113 122 0
114 118 0
115 112 0
116 90 0
117 51 0
118 63 0
119 120 0
120 127 0
121 92 0
122 92 0
123 108 0
124 107 0
125 105 0
126 105 0
127 103 0
128 104 0
129 101 0
130 94 0
131 96 0
132 106 0
133 106 0
134 88 0
135 73 0
136 72 0
137 71 0
138 67 0
139 65 0
140 67 0
141 76 0
142 90 0
143 86 0
144 70 0
145 65 0
146 71 0
147 69 0
148 61 0
149 56 0
150 58 0
151 63 0
152 59 0
153 42 0
154 27 0
155 25 0
156 28 0
157 26 0
158 18 0
159 8 0
160 9 0
161 21 0
162 18 0
163 11 0
164 24 0
165 35 0
166 29 0
167 23 0
168 20 0
169 20 0
170 26 0
171 25 0
172 21 0
173 30 0
174 36 0
175 28 0
176 21 0
177 14 0
178 11 0
179 21 0
180 24 0
181 14 0
182 12 0
183 15 0
184 14 0
185 17 0
186 16 0
187 16 0
188 22 0
189 18 0
190 17 0
191 22 0
192 19 0
193 22 0
194 37 0
195 50 0
196 64 0
197 83 0
198 75 0
199 41 0
200 56 0
201 126 0
202 166 0
203 164 0
204 154 0
205 147 0
206 154 0
207 163 0
208 163 0
209 161 0
210 162 0
211 152 0
212 97 0
213 46 0
214 47 0
215 68 0
216 137 0
217 181 0
218 105 0
219 41 0
220 44 0
221 48 0
222 48 0
223 44 0
224 43 0
225 44 0
226 43 0
227 44 0
228 44 0
229 48 0
230 36 0
231 45 0
232 82 0
233 61 0
234 24 0
235 30 0
236 36 0
237 36 0
238 38 0
239 37 0
240 38 0
241 40 0
242 39 0
243 38 0
244 39 0
245 37 0
246 36 0
247 35 0
248 38 0
249 37 0
250 38 0
251 42 0
252 28 0
253 0 0
254 0 0
255 0 0

0 0 0
1 0 0
2 0 0
3 0 0
4 0 0
5 35 0
6 48 0
7 51 0
8 45 0
9 45 0
10 48 0
11 50 0
12 51 0
13 48 0
14 44 0
15 46 0
16 50 0
17 46 0
18 47 0
19 44 0
20 44 0
21 48 0
22 33 0
23 57 0
24 93 0
25 62 0
26 43 0
27 56 0
28 52 0
29 52 0
30 53 0
31 54 0
32 56 0
33 53 0
34 54 0
35 51 0
36 56 0
37 49 0
38 45 0
39 128 0
40 187 0
41 120 0
42 65 0
43 66 0
44 82 0
45 132 0
46 170 0
47 172 0
48 168 0
49 164 0
50 172 0
51 174 0
52 161 0
53 164 0
54 161 0
55 156 0
56 172 0
57 139 0
58 62 0
59 46 0
60 72 0
61 66 0
62 56 0
63 59 0
64 55 0
65 53 0
66 51 0
67 28 0
68 8 0
69 10 0
70 14 0
71 13 0
72 17 0
73 26 0
74 27 0
75 22 0
76 21 0
77 23 0
78 26 0
79 30 0
80 27 0
81 29 0
82 38 0
83 31 0
84 15 0
85 19 0
86 24 0
87 14 0
88 9 0
89 15 0
90 20 0
91 22 0
92 20 0
93 18 0
94 17 0
95 16 0
96 14 0
97 12 0
98 10 0
99 9 0
100 9 0
101 6 0
102 4 0
103 24 0
104 46 0
105 53 0
106 69 0
107 84 0
108 70 0
109 52 0
110 52 0
111 54 0
112 57 0
113 71 0
114 93 0
115 107 0
116 89 0
117 56 0
118 64 0
119 103 0
120 110 0
121 93 0
122 91 0
123 93 0
124 89 0
125 90 0
126 90 0
127 88 0
128 90 0
129 98 0
130 98 0
131 95 0
132 95 0
133 91 0
134 78 0
135 67 0
136 62 0
137 59 0
138 59 0
139 58 0
140 58 0
141 72 0
142 90 0
143 85 0
144 65 0
145 53 0
146 44 0
147 36 0
148 40 0
149 54 0
150 68 0
151 76 0
152 78 0
153 72 0
154 53 0
155 34 0
156 23 0
157 17 0
158 13 0
159 12 0
160 8 0
161 10 0
162 17 0
163 16 0
164 13 0
165 16 0
166 17 0
167 18 0
168 22 0
169 24 0
170 25 0
171 22 0
172 17 0
173 21 0
174 29 0
175 24 0
176 16 0
177 19 0
178 19 0
179 17 0
180 21 0
181 19 0
182 17 0
183 17 0
184 10 0
185 14 0
186 18 0
187 16 0
188 17 0
189 15 0
190 19 0
191 23 0
192 12 0
193 24 0
194 51 0
195 57 0
196 72 0
197 90 0
198 75 0
199 41 0
200 44 0
201 109 0
202 167 0
203 170 0
204 151 0
205 134 0
206 137 0
207 155 0
208 161 0
209 156 0
210 153 0
211 156 0
212 127 0
213 71 0
214 52 0
215 66 0
216 119 0
217 174 0
218 123 0
219 46 0
220 42 0
221 51 0
222 47 0
223 44 0
224 45 0
225 48 0
226 49 0
227 46 0
228 41 0
229 46 0
230 44 0
231 40 0
232 66 0
233 64 0
234 28 0
235 23 0
236 38 0
237 40 0
238 37 0
239 39 0
240 40 0
241 41 0
242 41 0
243 41 0
244 43 0
245 39 0
246 37 0
247 40 0
248 40 0
249 35 0
250 38 0
251 38 0
252 25 0
253 0 0
254 0 0
255 0 0

0 0 0
1 0 0
2 0 0
3 0 0
4 0 0
5 34 0
6 46 0
7 50 0
8 47 0
9 47 0
10 51 0
11 49 0
12 49 0
13 50 0
14 45 0
15 46 0
16 51 0
17 50 0
18 51 0
19 46 0
20 46 0
21 44 0
22 36 0
23 71 0
24 88 0
25 51 0
26 45 0
27 56 0
28 52 0
29 54 0
30 53 0
31 53 0
32 53 0
33 53 0
34 54 0
35 55 0
36 59 0
37 44 0
38 65 0
39 154 0
40 161 0
41 79 0
42 60 0
43 67 0
44 71 0
45 127 0
46 170 0
47 167 0
48 163 0
49 167 0
50 174 0
51 169 0
52 161 0
53 169 0
54 163 0
55 159 0
56 172 0
57 127 0
58 53 0
59 47 0
60 67 0
61 57 0
62 50 0
63 48 0
64 44 0
65 53 0
66 51 0
67 26 0
68 11 0
69 15 0
70 17 0
71 14 0
72 15 0
73 17 0
74 15 0
75 13 0
76 18 0
77 22 0
78 24 0
79 28 0
80 30 0
81 34 0
82 36 0
83 26 0
84 18 0
85 28 0
86 35 0
87 27 0
88 20 0
89 25 0
90 32 0
91 27 0
92 17 0
93 12 0
94 12 0
95 13 0
96 12 0
97 11 0
98 10 0
99 10 0
100 12 0
101 9 0
102 2 0
103 12 0
104 43 0
105 61 0
106 62 0
107 61 0
108 58 0
109 59 0
110 54 0
111 39 0
112 45 0
113 88 0
114 126 0
115 120 0
116 80 0
117 48 0
118 56 0
119 85 0
120 96 0
121 93 0
122 92 0
123 86 0
124 75 0
125 69 0
126 68 0
127 70 0
128 75 0
129 80 0
130 84 0
131 89 0
132 93 0
133 88 0
134 74 0
135 64 0
136 61 0
137 59 0
138 58 0
139 56 0
140 54 0
141 69 0
142 94 0
143 98 0
144 80 0
145 65 0
146 50 0
147 33 0
148 45 0
149 82 0
150 90 0
151 57 0
152 37 0
153 51 0
154 58 0
155 41 0
156 22 0
157 10 0
158 9 0
159 12 0
160 8 0
161 6 0
162 10 0
163 15 0
164 16 0
165 15 0
166 13 0
167 14 0
168 22 0
169 28 0
170 24 0
171 19 0
172 19 0
173 18 0
174 26 0
175 29 0
176 20 0
177 17 0
178 20 0
179 22 0
180 27 0
181 22 0
182 14 0
183 15 0
184 12 0
185 16 0
186 24 0
187 24 0
188 27 0
189 21 0
190 19 0
191 25 0
192 9 0
193 35 0
194 93 0
195 82 0
196 65 0
197 85 0
198 73 0
199 40 0
200 31 0
201 76 0
202 149 0
203 171 0
204 158 0
205 159 0
206 158 0
207 158 0
208 164 0
209 165 0
210 154 0
211 149 0
212 154 0
213 127 0
214 72 0
215 41 0
216 85 0
217 162 0
218 144 0
219 63 0
220 45 0
221 53 0
222 48 0
223 47 0
224 46 0
225 48 0
226 49 0
227 44 0
228 40 0
229 44 0
230 45 0
231 37 0
232 46 0
233 58 0
234 38 0
235 24 0
236 35 0
237 40 0
238 37 0
239 39 0
240 39 0
241 39 0
242 40 0
243 38 0
244 39 0
245 37 0
246 36 0
247 39 0
248 38 0
249 34 0
250 37 0
251 39 0
252 25 0
253 0 0
254 0 0
255 0 0

0 0 0
1 0 0
2 0 0
3 0 0
4 0 0
5 35 0
6 48 0
7 45 0
8 44 0
9 51 0
10 54 0
11 50 0
12 49 0
13 51 0
14 46 0
15 45 0
16 47 0
17 49 0
18 51 0
19 48 0
20 47 0
21 40 0
22 44 0
23 79 0
24 73 0
25 44 0
26 49 0
27 51 0
28 49 0
29 54 0
30 53 0
31 53 0
32 50 0
33 53 0
34 53 0
35 54 0
36 56 0
37 41 0
38 88 0
39 158 0
40 116 0
41 55 0
42 63 0
43 65 0
44 86 0
45 146 0
46 172 0
47 167 0
48 166 0
49 169 0
50 174 0
51 167 0
52 164 0
53 171 0
54 161 0
55 163 0
56 168 0
57 110 0
58 47 0
59 53 0
60 59 0
61 34 0
62 31 0
63 42 0
64 43 0
65 49 0
66 48 0
67 25 0
68 12 0
69 17 0
70 20 0
71 17 0
72 19 0
73 23 0
74 24 0
75 23 0
76 21 0
77 20 0
78 22 0
79 23 0
80 24 0
81 30 0
82 31 0
83 24 0
84 22 0
85 25 0
86 22 0
87 14 0
88 13 0
89 23 0
90 31 0
91 26 0
92 15 0
93 12 0
94 12 0
95 12 0
96 12 0
97 13 0
98 16 0
99 14 0
100 10 0
101 11 0
102 9 0
103 14 0
104 36 0
105 49 0
106 46 0
107 49 0
108 53 0
109 44 0
110 43 0
111 66 0
112 105 0
113 143 0
114 155 0
115 122 0
116 66 0
117 44 0
118 69 0
119 98 0
120 107 0
121 105 0
122 94 0
123 78 0
124 64 0
125 61 0
126 69 0
127 76 0
128 76 0
129 77 0
130 80 0
131 85 0
132 93 0
133 88 0
134 71 0
135 58 0
136 57 0
137 59 0
138 61 0
139 61 0
140 56 0
141 64 0
142 89 0
143 95 0
144 71 0
145 60 0
146 61 0
147 44 0
148 58 0
149 117 0
150 119 0
151 45 0
152 4 0
153 17 0
154 29 0
155 29 0
156 26 0
157 14 0
158 9 0
159 13 0
160 12 0
161 12 0
162 12 0
163 12 0
164 15 0
165 16 0
166 14 0
167 16 0
168 22 0
169 26 0
170 23 0
171 20 0
172 21 0
173 19 0
174 23 0
175 29 0
176 22 0
177 19 0
178 21 0
179 19 0
180 22 0
181 22 0
182 17 0
183 18 0
184 12 0
185 12 0
186 17 0
187 14 0
188 23 0
189 23 0
190 17 0
191 21 0
192 1 0
193 29 0
194 115 0
195 103 0
196 56 0
197 85 0
198 84 0
199 46 0
200 34 0
201 61 0
202 134 0
203 171 0
204 156 0
205 160 0
206 163 0
207 155 0
208 159 0
209 165 0
210 161 0
211 155 0
212 164 0
213 144 0
214 72 0
215 31 0
216 80 0
217 165 0
218 163 0
219 82 0
220 44 0
221 48 0
222 46 0
223 44 0
224 45 0
225 47 0
226 46 0
227 43 0
228 44 0
229 42 0
230 42 0
231 41 0
232 39 0
233 49 0
234 49 0
235 34 0
236 35 0
237 42 0
238 37 0
239 37 0
240 39 0
241 39 0
242 41 0
243 41 0
244 39 0
245 38 0
246 39 0
247 39 0
248 33 0
249 32 0
250 37 0
251 44 0
252 27 0
253 0 0
254 0 0
255 0 0

0 0 0
1 0 0
2 0 0
3 0 0
4 0 0
5 33 0
6 48 0
7 48 0
8 48 0
9 51 0
10 52 0
11 49 0
12 47 0
13 46 0
14 44 0
15 44 0
16 44 0
17 46 0
18 50 0
19 49 0
20 46 0
21 43 0
22 59 0
23 78 0
24 55 0
25 44 0
26 57 0
27 53 0
28 51 0
29 53 0
30 52 0
31 51 0
32 50 0
33 52 0
34 48 0
35 54 0
36 51 0
37 45 0
38 105 0
39 144 0
40 78 0
41 45 0
42 68 0
43 60 0
44 84 0
45 149 0
46 172 0
47 167 0
48 164 0
49 162 0
50 165 0
51 164 0
52 165 0
53 167 0
54 159 0
55 166 0
56 160 0
57 96 0
58 41 0
59 50 0
60 61 0
61 40 0
62 39 0
63 63 0
64 66 0
65 54 0
66 42 0
67 23 0
68 12 0
69 15 0
70 16 0
71 16 0
72 18 0
73 19 0
74 22 0
75 26 0
76 26 0
77 24 0
78 26 0
79 26 0
80 27 0
81 29 0
82 29 0
83 26 0
84 26 0
85 31 0
86 29 0
87 22 0
88 18 0
89 21 0
90 23 0
91 22 0
92 17 0
93 12 0
94 13 0
95 14 0
96 12 0
97 13 0
98 17 0
99 14 0
100 7 0
101 4 0
102 4 0
103 7 0
104 19 0
105 36 0
106 48 0
107 55 0
108 50 0
109 47 0
110 81 0
111 134 0
112 149 0
113 140 0
114 135 0
115 109 0
116 66 0
117 66 0
118 102 0
119 120 0
120 111 0
121 93 0
122 73 0
123 63 0
124 61 0
125 61 0
126 63 0
127 64 0
128 62 0
129 68 0
130 79 0
131 85 0
132 90 0
133 89 0
134 75 0
135 63 0
136 62 0
137 61 0
138 62 0
139 62 0
140 56 0
141 62 0
142 87 0
143 87 0
144 59 0
145 64 0
146 80 0
147 46 0
148 33 0
149 107 0
150 145 0
151 73 0
152 8 0
153 10 0
154 12 0
155 10 0
156 18 0
157 15 0
158 9 0
159 12 0
160 17 0
161 24 0
162 24 0
163 14 0
164 10 0
165 10 0
166 9 0
167 14 0
168 19 0
169 21 0
170 19 0
171 15 0
172 19 0
173 21 0
174 17 0
175 19 0
176 19 0
177 19 0
178 21 0
179 19 0
180 21 0
181 21 0
182 16 0
183 17 0
184 12 0
185 14 0
186 21 0
187 14 0
188 19 0
189 21 0
190 16 0
191 24 0
192 4 0
193 20 0
194 110 0
195 115 0
196 61 0
197 81 0
198 84 0
199 49 0
200 38 0
201 41 0
202 95 0
203 161 0
204 162 0
205 155 0
206 162 0
207 155 0
208 156 0
209 165 0
210 164 0
211 157 0
212 156 0
213 135 0
214 76 0
215 33 0
216 69 0
217 151 0
218 170 0
219 102 0
220 46 0
221 43 0
222 45 0
223 44 0
224 46 0
225 49 0
226 46 0
227 44 0
228 46 0
229 43 0
230 41 0
231 44 0
232 40 0
233 46 0
234 51 0
235 38 0
236 38 0
237 47 0
238 39 0
239 37 0
240 42 0
241 39 0
242 41 0
243 48 0
244 46 0
245 40 0
246 39 0
247 39 0
248 35 0
249 34 0
250 43 0
251 54 0
252 33 0
253 0 0
254 0 0
255 0 0

0 0 0
1 0 0
2 0 0
3 0 0
4 0 0
5 31 0
6 47 0
7 49 0
8 49 0
9 45 0
10 46 0
11 50 0
12 48 0
13 45 0
14 44 0
15 48 0
16 49 0
17 48 0
18 51 0
19 46 0
20 39 0
21 49 0
22 69 0
23 68 0
24 46 0
25 47 0
26 55 0
27 51 0
28 51 0
29 50 0
30 47 0
31 49 0
32 56 0
33 55 0
34 49 0
35 57 0
36 48 0
37 55 0
38 129 0
39 153 0
40 76 0
41 46 0
42 74 0
43 69 0
44 82 0
45 141 0
46 171 0
47 166 0
48 160 0
49 161 0
50 167 0
51 170 0
52 169 0
53 159 0
54 152 0
55 167 0
56 164 0
57 112 0
58 54 0
59 45 0
60 84 0
61 99 0
62 79 0
63 73 0
64 67 0
65 55 0
66 48 0
67 26 0
68 10 0
69 14 0
70 12 0
71 12 0
72 15 0
73 16 0
74 26 0
75 34 0
76 34 0
77 34 0
78 31 0
79 32 0
80 35 0
81 32 0
82 27 0
83 28 0
84 29 0
85 28 0
86 26 0
87 22 0
88 17 0
89 16 0
90 17 0
91 17 0
92 15 0
93 13 0
94 15 0
95 18 0
96 16 0
97 12 0
98 10 0
99 9 0
100 9 0
101 9 0
102 7 0
103 2 0
104 2 0
105 15 0
106 31 0
107 37 0
108 44 0
109 63 0
110 93 0
111 103 0
112 78 0
113 70 0
114 96 0
115 94 0
116 61 0
117 65 0
118 107 0
119 129 0
120 115 0
121 89 0
122 67 0
123 58 0
124 61 0
125 64 0
126 63 0
127 61 0
128 58 0
129 64 0
130 78 0
131 85 0
132 88 0
133 93 0
134 85 0
135 71 0
136 63 0
137 58 0
138 61 0
139 61 0
140 56 0
141 72 0
142 94 0
143 78 0
144 51 0
145 65 0
146 80 0
147 41 0
148 22 0
149 100 0
150 166 0
151 106 0
152 16 0
153 2 0
154 11 0
155 6 0
156 11 0
157 12 0
158 6 0
159 9 0
160 11 0
161 17 0
162 22 0
163 15 0
164 12 0
165 15 0
166 14 0
167 14 0
168 15 0
169 17 0
170 19 0
171 19 0
172 23 0
173 24 0
174 18 0
175 18 0
176 18 0
177 13 0
178 14 0
179 18 0
180 22 0
181 20 0
182 17 0
183 19 0
184 16 0
185 16 0
186 21 0
187 17 0
188 19 0
189 20 0
190 17 0
191 28 0
192 13 0
193 5 0
194 76 0
195 108 0
196 67 0
197 77 0
198 81 0
199 46 0
200 41 0
201 37 0
202 71 0
203 148 0
204 164 0
205 151 0
206 158 0
207 152 0
208 155 0
209 166 0
210 161 0
211 156 0
212 159 0
213 158 0
214 118 0
215 49 0
216 49 0
217 132 0
218 172 0
219 111 0
220 46 0
221 40 0
222 45 0
223 42 0
224 44 0
225 47 0
226 46 0
227 46 0
228 46 0
229 43 0
230 41 0
231 42 0
232 41 0
233 44 0
234 48 0
235 40 0
236 39 0
237 47 0
238 42 0
239 39 0
240 43 0
241 38 0
242 38 0
243 44 0
244 43 0
245 39 0
246 35 0
247 36 0
248 35 0
249 33 0
250 58 0
251 84 0
252 50 0
253 0 0
254 0 0
255 0 0

0 0 0
1 0 0
2 0 0
3 0 0
4 0 0
5 31 0
6 44 0
7 46 0
8 50 0
9 47 0
10 49 0
11 54 0
12 51 0
13 48 0
14 46 0
15 50 0
16 50 0
17 46 0
18 48 0
19 46 0
20 48 0
21 60 0
22 64 0
23 55 0
24 46 0
25 49 0
26 48 0
27 46 0
28 49 0
29 51 0
30 51 0
31 50 0
32 55 0
33 53 0
34 53 0
35 60 0
36 43 0
37 66 0
38 149 0
39 162 0
40 85 0
41 51 0
42 69 0
43 71 0
44 94 0
45 151 0
46 173 0
47 165 0
48 158 0
49 161 0
50 171 0
51 169 0
52 167 0
53 155 0
54 146 0
55 168 0
56 172 0
57 129 0
58 67 0
59 42 0
60 84 0
61 111 0
62 90 0
63 73 0
64 54 0
65 60 0
66 78 0
67 37 0
68 1 0
69 12 0
70 13 0
71 13 0
72 19 0
73 20 0
74 29 0
75 33 0
76 29 0
77 31 0
78 34 0
79 35 0
80 36 0
81 36 0
82 38 0
83 40 0
84 39 0
85 32 0
86 24 0
87 20 0
88 17 0
89 15 0
90 15 0
91 16 0
92 17 0
93 15 0
94 14 0
95 18 0
96 21 0
97 18 0
98 15 0
99 15 0
100 16 0
101 15 0
102 11 0
103 5 0
104 4 0
105 14 0
106 25 0
107 25 0
108 28 0
109 32 0
110 30 0
111 19 0
112 5 0
113 17 0
114 60 0
115 76 0
116 50 0
117 49 0
118 89 0
119 120 0
120 122 0
121 107 0
122 84 0
123 63 0
124 57 0
125 62 0
126 63 0
127 63 0
128 62 0
129 61 0
130 66 0
131 71 0
132 76 0
133 86 0
134 89 0
135 80 0
136 66 0
137 59 0
138 66 0
139 62 0
140 54 0
141 78 0
142 94 0
143 66 0
144 51 0
145 66 0
146 64 0
147 44 0
148 50 0
149 100 0
150 136 0
151 84 0
152 9 0
153 0 0
154 12 0
155 13 0
156 18 0
157 17 0
158 9 0
159 11 0
160 13 0
161 17 0
162 20 0
163 10 0
164 6 0
165 10 0
166 9 0
167 10 0
168 14 0
169 19 0
170 23 0
171 26 0
172 27 0
173 21 0
174 16 0
175 19 0
176 17 0
177 11 0
178 12 0
179 16 0
180 19 0
181 19 0
182 17 0
183 19 0
184 17 0
185 14 0
186 19 0
187 20 0
188 19 0
189 18 0
190 17 0
191 27 0
192 16 0
193 0 0
194 63 0
195 117 0
196 81 0
197 70 0
198 85 0
199 66 0
200 55 0
201 41 0
202 55 0
203 130 0
204 162 0
205 149 0
206 152 0
207 151 0
208 155 0
209 161 0
210 155 0
211 160 0
212 163 0
213 170 0
214 158 0
215 80 0
216 39 0
217 115 0
218 174 0
219 120 0
220 50 0
221 39 0
222 46 0
223 45 0
224 45 0
225 45 0
226 46 0
227 50 0
228 50 0
229 44 0
230 43 0
231 43 0
232 41 0
233 41 0
234 41 0
235 42 0
236 41 0
237 43 0
238 45 0
239 42 0
240 43 0
241 42 0
242 40 0
243 38 0
244 36 0
245 37 0
246 36 0
247 35 0
248 29 0
249 39 0
250 86 0
251 116 0
252 67 0
253 0 0
254 0 0
255 0 0

0 0 0
1 0 0
2 0 0
3 0 0
4 0 0
5 30 0
6 45 0
7 45 0
8 47 0
9 48 0
10 51 0
11 51 0
12 50 0
13 46 0
14 45 0
15 51 0
16 49 0
17 47 0
18 47 0
19 52 0
20 66 0
21 66 0
22 54 0
23 47 0
24 48 0
25 51 0
26 49 0
27 49 0
28 52 0
29 51 0
30 49 0
31 48 0
32 53 0
33 50 0
34 54 0
35 56 0
36 43 0
37 85 0
38 166 0
39 166 0
40 99 0
41 61 0
42 58 0
43 62 0
44 110 0
45 168 0
46 175 0
47 168 0
48 163 0
49 164 0
50 170 0
51 159 0
52 156 0
53 154 0
54 154 0
55 176 0
56 152 0
57 88 0
58 47 0
59 43 0
60 69 0
61 76 0
62 74 0
63 76 0
64 55 0
65 77 0
66 104 0
67 39 0
68 0 0
69 14 0
70 13 0
71 11 0
72 18 0
73 17 0
74 20 0
75 19 0
76 15 0
77 17 0
78 19 0
79 21 0
80 19 0
81 21 0
82 26 0
83 27 0
84 29 0
85 28 0
86 21 0
87 17 0
88 14 0
89 14 0
90 13 0
91 13 0
92 17 0
93 17 0
94 18 0
95 24 0
96 23 0
97 17 0
98 14 0
99 11 0
100 9 0
101 9 0
102 8 0
103 10 0
104 19 0
105 32 0
106 34 0
107 26 0
108 26 0
109 27 0
110 26 0
111 29 0
112 22 0
113 19 0
114 49 0
115 71 0
116 53 0
117 50 0
118 76 0
119 96 0
120 105 0
121 106 0
122 91 0
123 66 0
124 56 0
125 63 0
126 65 0
127 62 0
128 63 0
129 66 0
130 71 0
131 78 0
132 82 0
133 88 0
134 93 0
135 90 0
136 77 0
137 66 0
138 64 0
139 56 0
140 58 0
141 87 0
142 90 0
143 58 0
144 52 0
145 60 0
146 51 0
147 53 0
148 87 0
149 134 0
150 150 0
151 91 0
152 14 0
153 0 0
154 12 0
155 17 0
156 19 0
157 16 0
158 10 0
159 9 0
160 10 0
161 17 0
162 19 0
163 11 0
164 8 0
165 10 0
166 7 0
167 9 0
168 15 0
169 16 0
170 18 0
171 22 0
172 22 0
173 17 0
174 15 0
175 17 0
176 15 0
177 12 0
178 11 0
179 12 0
180 17 0
181 23 0
182 23 0
183 20 0
184 16 0
185 15 0
186 23 0
187 26 0
188 20 0
189 20 0
190 17 0
191 22 0
192 19 0
193 0 0
194 49 0
195 139 0
196 121 0
197 68 0
198 74 0
199 80 0
200 73 0
201 45 0
202 41 0
203 112 0
204 160 0
205 152 0
206 155 0
207 157 0
208 158 0
209 161 0
210 157 0
211 163 0
212 159 0
213 163 0
214 176 0
215 112 0
216 35 0
217 92 0
218 177 0
219 139 0
220 60 0
221 37 0
222 45 0
223 48 0
224 44 0
225 42 0
226 41 0
227 47 0
228 51 0
229 46 0
230 46 0
231 45 0
232 41 0
233 40 0
234 39 0
235 44 0
236 43 0
237 37 0
238 41 0
239 44 0
240 45 0
241 43 0
242 37 0
243 38 0
244 40 0
245 39 0
246 40 0
247 34 0
248 31 0
249 67 0
250 112 0
251 123 0
252 70 0
253 0 0
254 0 0
255 0 0

0 0 0
1 0 0
2 0 0
3 0 0
4 0 0
5 30 0
6 47 0
7 47 0
8 45 0
9 48 0
10 50 0
11 49 0
12 48 0
13 44 0
14 45 0
15 49 0
16 46 0
17 47 0
18 47 0
19 55 0
20 69 0
21 58 0
22 47 0
23 49 0
24 48 0
25 49 0
26 49 0
27 51 0
28 51 0
29 49 0
30 47 0
31 50 0
32 56 0
33 52 0
34 53 0
35 47 0
36 42 0
37 102 0
38 174 0
39 162 0
40 96 0
41 56 0
42 62 0
43 100 0
44 152 0
45 167 0
46 158 0
47 164 0
48 159 0
49 161 0
50 169 0
51 161 0
52 162 0
53 153 0
54 157 0
55 174 0
56 122 0
57 56 0
58 37 0
59 46 0
60 73 0
61 75 0
62 73 0
63 76 0
64 58 0
65 88 0
66 101 0
67 29 0
68 0 0
69 17 0
70 12 0
71 10 0
72 14 0
73 11 0
74 14 0
75 11 0
76 10 0
77 8 0
78 5 0
79 9 0
80 7 0
81 7 0
82 9 0
83 8 0
84 14 0
85 21 0
86 19 0
87 17 0
88 14 0
89 14 0
90 14 0
91 14 0
92 19 0
93 21 0
94 22 0
95 26 0
96 21 0
97 15 0
98 17 0
99 14 0
100 10 0
101 10 0
102 14 0
103 22 0
104 28 0
105 35 0
106 36 0
107 29 0
108 33 0
109 35 0
110 28 0
111 30 0
112 24 0
113 17 0
114 49 0
115 78 0
116 57 0
117 44 0
118 66 0
119 85 0
120 98 0
121 113 0
122 112 0
123 89 0
124 61 0
125 55 0
126 63 0
127 66 0
128 67 0
129 73 0
130 81 0
131 82 0
132 79 0
133 82 0
134 88 0
135 91 0
136 88 0
137 83 0
138 76 0
139 69 0
140 79 0
141 97 0
142 85 0
143 53 0
144 48 0
145 58 0
146 59 0
147 63 0
148 95 0
149 143 0
150 143 0
151 71 0
152 7 0
153 1 0
154 12 0
155 14 0
156 15 0
157 14 0
158 12 0
159 12 0
160 14 0
161 22 0
162 18 0
163 9 0
164 13 0
165 17 0
166 12 0
167 12 0
168 17 0
169 16 0
170 14 0
171 15 0
172 17 0
173 20 0
174 22 0
175 21 0
176 20 0
177 19 0
178 16 0
179 16 0
180 19 0
181 25 0
182 26 0
183 21 0
184 15 0
185 14 0
186 21 0
187 20 0
188 14 0
189 19 0
190 18 0
191 22 0
192 28 0
193 2 0
194 33 0
195 142 0
196 155 0
197 88 0
198 76 0
199 94 0
200 91 0
201 53 0
202 33 0
203 95 0
204 154 0
205 152 0
206 150 0
207 157 0
208 157 0
209 159 0
210 161 0
211 164 0
212 154 0
213 150 0
214 176 0
215 142 0
216 46 0
217 70 0
218 172 0
219 157 0
220 72 0
221 38 0
222 44 0
223 48 0
224 45 0
225 46 0
226 42 0
227 45 0
228 50 0
229 45 0
230 44 0
231 43 0
232 39 0
233 41 0
234 40 0
235 42 0
236 41 0
237 36 0
238 41 0
239 46 0
240 44 0
241 37 0
242 38 0
243 46 0
244 45 0
245 40 0
246 34 0
247 26 0
248 54 0
249 101 0
250 117 0
251 117 0
252 66 0
253 0 0
254 0 0
255 0 0

0 0 0
1 0 0
2 0 0
3 0 0
4 0 0
5 30 0
6 45 0
7 43 0
8 43 0
9 46 0
10 45 0
11 46 0
12 47 0
13 42 0
14 44 0
15 45 0
16 44 0
17 49 0
18 47 0
19 52 0
20 60 0
21 51 0
22 44 0
23 47 0
24 50 0
25 49 0
26 49 0
27 52 0
28 49 0
29 50 0
30 51 0
31 53 0
32 53 0
33 49 0
34 53 0
35 42 0
36 49 0
37 112 0
38 167 0
39 163 0
40 108 0
41 57 0
42 70 0
43 127 0
44 161 0
45 152 0
46 154 0
47 168 0
48 159 0
49 161 0
50 169 0
51 162 0
52 159 0
53 147 0
54 164 0
55 166 0
56 101 0
57 56 0
58 44 0
59 56 0
60 101 0
61 93 0
62 71 0
63 73 0
64 67 0
65 102 0
66 92 0
67 20 0
68 6 0
69 14 0
70 6 0
71 12 0
72 12 0
73 6 0
74 12 0
75 12 0
76 12 0
77 11 0
78 9 0
79 12 0
80 8 0
81 9 0
82 12 0
83 9 0
84 11 0
85 11 0
86 9 0
87 12 0
88 12 0
89 11 0
90 12 0
91 12 0
92 17 0
93 16 0
94 16 0
95 25 0
96 27 0
97 22 0
98 20 0
99 17 0
100 14 0
101 11 0
102 19 0
103 33 0
104 29 0
105 20 0
106 23 0
107 26 0
108 30 0
109 26 0
110 14 0
111 17 0
112 23 0
113 19 0
114 46 0
115 78 0
116 60 0
117 36 0
118 46 0
119 62 0
120 74 0
121 97 0
122 122 0
123 128 0
124 105 0
125 77 0
126 72 0
127 79 0
128 81 0
129 86 0
130 90 0
131 87 0
132 86 0
133 91 0
134 93 0
135 92 0
136 93 0
137 92 0
138 89 0
139 89 0
140 94 0
141 93 0
142 75 0
143 48 0
144 39 0
145 48 0
146 53 0
147 62 0
148 103 0
149 149 0
150 137 0
151 70 0
152 16 0
153 4 0
154 10 0
155 11 0
156 9 0
157 11 0
158 11 0
159 9 0
160 17 0
161 29 0
162 26 0
163 13 0
164 14 0
165 22 0
166 19 0
167 13 0
168 12 0
169 14 0
170 15 0
171 16 0
172 19 0
173 23 0
174 22 0
175 19 0
176 19 0
177 16 0
178 12 0
179 12 0
180 14 0
181 16 0
182 13 0
183 11 0
184 11 0
185 10 0
186 14 0
187 15 0
188 10 0
189 17 0
190 14 0
191 12 0
192 20 0
193 0 0
194 19 0
195 109 0
196 127 0
197 71 0
198 57 0
199 81 0
200 90 0
201 58 0
202 33 0
203 84 0
204 150 0
205 157 0
206 148 0
207 155 0
208 160 0
209 161 0
210 161 0
211 163 0
212 158 0
213 144 0
214 163 0
215 161 0
216 73 0
217 58 0
218 161 0
219 172 0
220 82 0
221 38 0
222 42 0
223 46 0
224 45 0
225 46 0
226 44 0
227 47 0
228 52 0
229 45 0
230 40 0
231 40 0
232 39 0
233 42 0
234 39 0
235 37 0
236 41 0
237 42 0
238 41 0
239 44 0
240 43 0
241 36 0
242 44 0
243 51 0
244 42 0
245 34 0
246 24 0
247 42 0
248 98 0
249 127 0
250 120 0
251 116 0
252 66 0
253 0 0
254 0 0
255 0 0

0 0 0
1 0 0
2 0 0
3 0 0
4 0 0
5 27 0
6 45 0
7 44 0
8 44 0
9 47 0
10 40 0
11 37 0
12 44 0
13 43 0
14 44 0
15 47 0
16 48 0
17 51 0
18 49 0
19 49 0
20 51 0
21 48 0
22 45 0
23 44 0
24 51 0
25 51 0
26 51 0
27 52 0
28 49 0
29 53 0
30 54 0
31 54 0
32 54 0
33 55 0
34 58 0
35 40 0
36 60 0
37 129 0
38 166 0
39 164 0
40 117 0
41 62 0
42 82 0
43 132 0
44 150 0
45 152 0
46 169 0
47 175 0
48 155 0
49 148 0
50 159 0
51 168 0
52 159 0
53 146 0
54 169 0
55 145 0
56 69 0
57 50 0
58 48 0
59 71 0
60 126 0
61 107 0
62 66 0
63 68 0
64 88 0
65 123 0
66 81 0
67 6 0
68 10 0
69 14 0
70 3 0
71 9 0
72 9 0
73 7 0
74 15 0
75 15 0
76 15 0
77 18 0
78 19 0
79 17 0
80 8 0
81 10 0
82 16 0
83 12 0
84 11 0
85 12 0
86 13 0
87 14 0
88 12 0
89 14 0
90 12 0
91 8 0
92 12 0
93 11 0
94 7 0
95 16 0
96 20 0
97 15 0
98 12 0
99 12 0
100 11 0
101 7 0
102 11 0
103 26 0
104 33 0
105 26 0
106 23 0
107 23 0
108 25 0
109 27 0
110 22 0
111 23 0
112 26 0
113 18 0
114 29 0
115 60 0
116 62 0
117 39 0
118 36 0
119 44 0
120 45 0
121 55 0
122 77 0
123 102 0
124 115 0
125 108 0
126 94 0
127 89 0
128 85 0
129 84 0
130 85 0
131 85 0
132 88 0
133 93 0
134 91 0
135 88 0
136 92 0
137 94 0
138 96 0
139 99 0
140 98 0
141 85 0
142 61 0
143 46 0
144 54 0
145 58 0
146 50 0
147 70 0
148 109 0
149 126 0
150 119 0
151 93 0
152 42 0
153 6 0
154 7 0
155 14 0
156 12 0
157 10 0
158 9 0
159 8 0
160 12 0
161 21 0
162 23 0
163 13 0
164 7 0
165 11 0
166 12 0
167 9 0
168 9 0
169 12 0
170 16 0
171 19 0
172 22 0
173 25 0
174 19 0
175 14 0
176 14 0
177 12 0
178 9 0
179 8 0
180 8 0
181 7 0
182 3 0
183 4 0
184 9 0
185 7 0
186 9 0
187 8 0
188 4 0
189 9 0
190 7 0
191 4 0
192 11 0
193 2 0
194 5 0
195 52 0
196 73 0
197 51 0
198 41 0
199 63 0
200 85 0
201 70 0
202 40 0
203 64 0
204 134 0
205 162 0
206 151 0
207 154 0
208 161 0
209 164 0
210 160 0
211 154 0
212 159 0
213 154 0
214 159 0
215 173 0
216 102 0
217 54 0
218 144 0
219 180 0
220 92 0
221 38 0
222 44 0
223 47 0
224 43 0
225 42 0
226 42 0
227 49 0
228 58 0
229 49 0
230 39 0
231 41 0
232 43 0
233 43 0
234 41 0
235 38 0
236 40 0
237 40 0
238 37 0
239 41 0
240 44 0
241 43 0
242 54 0
243 57 0
244 40 0
245 29 0
246 45 0
247 85 0
248 116 0
249 122 0
250 123 0
251 123 0
252 68 0
253 0 0
254 0 0
255 0 0

0 0 0
1 0 0
2 0 0
3 0 0
4 0 0
5 26 0
6 45 0
7 42 0
8 42 0
9 60 0
10 63 0
11 44 0
12 44 0
13 48 0
14 46 0
15 47 0
16 50 0
17 48 0
18 46 0
19 48 0
20 48 0
21 46 0
22 46 0
23 48 0
24 49 0
25 47 0
26 51 0
27 49 0
28 48 0
29 55 0
30 53 0
31 52 0
32 49 0
33 53 0
34 55 0
35 40 0
36 76 0
37 149 0
38 175 0
39 156 0
40 99 0
41 52 0
42 76 0
43 125 0
44 154 0
45 165 0
46 168 0
47 168 0
48 157 0
49 141 0
50 145 0
51 166 0
52 158 0
53 149 0
54 172 0
55 137 0
56 62 0
57 48 0
58 52 0
59 67 0
60 105 0
61 93 0
62 60 0
63 74 0
64 120 0
65 129 0
66 56 0
67 0 0
68 7 0
69 14 0
70 6 0
71 12 0
72 10 0
73 9 0
74 12 0
75 10 0
76 12 0
77 13 0
78 14 0
79 15 0
80 12 0
81 13 0
82 15 0
83 13 0
84 13 0
85 16 0
86 16 0
87 13 0
88 12 0
89 16 0
90 14 0
91 12 0
92 19 0
93 20 0
94 13 0
95 13 0
96 15 0
97 13 0
98 12 0
99 10 0
100 10 0
101 14 0
102 14 0
103 17 0
104 27 0
105 33 0
106 30 0
107 26 0
108 26 0
109 33 0
110 39 0
111 38 0
112 37 0
113 31 0
114 30 0
115 49 0
116 59 0
117 40 0
118 31 0
119 44 0
120 47 0
121 43 0
122 48 0
123 58 0
124 73 0
125 88 0
126 93 0
127 90 0
128 80 0
129 73 0
130 73 0
131 70 0
132 68 0
133 73 0
134 72 0
135 72 0
136 74 0
137 77 0
138 83 0
139 92 0
140 94 0
141 78 0
142 49 0
143 51 0
144 78 0
145 68 0
146 45 0
147 71 0
148 99 0
149 103 0
150 125 0
151 132 0
152 76 0
153 19 0
154 4 0
155 7 0
156 9 0
157 9 0
158 7 0
159 7 0
160 8 0
161 11 0
162 13 0
163 10 0
164 7 0
165 7 0
166 9 0
167 11 0
168 9 0
169 9 0
170 14 0
171 17 0
172 18 0
173 20 0
174 15 0
175 10 0
176 10 0
177 11 0
178 12 0
179 14 0
180 13 0
181 10 0
182 7 0
183 7 0
184 10 0
185 9 0
186 9 0
187 9 0
188 9 0
189 12 0
190 9 0
191 8 0
192 12 0
193 7 0
194 1 0
195 14 0
196 41 0
197 51 0
198 47 0
199 55 0
200 69 0
201 65 0
202 41 0
203 44 0
204 107 0
205 154 0
206 147 0
207 150 0
208 158 0
209 158 0
210 161 0
211 156 0
212 161 0
213 165 0
214 161 0
215 176 0
216 119 0
217 49 0
218 119 0
219 179 0
220 104 0
221 39 0
222 42 0
223 48 0
224 43 0
225 43 0
226 42 0
227 45 0
228 59 0
229 56 0
230 41 0
231 42 0
232 44 0
233 42 0
234 42 0
235 39 0
236 39 0
237 41 0
238 41 0
239 42 0
240 46 0
241 45 0
242 50 0
243 49 0
244 36 0
245 49 0
246 89 0
247 117 0
248 122 0
249 120 0
250 123 0
251 123 0
252 67 0
253 0 0
254 0 0
255 0 0

0 0 0
1 0 0
2 0 0
3 0 0
4 0 0
5 25 0
6 42 0
7 40 0
8 41 0
9 61 0
10 75 0
11 53 0
12 41 0
13 49 0
14 48 0
15 46 0
16 50 0
17 49 0
18 47 0
19 47 0
20 47 0
21 46 0
22 45 0
23 50 0
24 47 0
25 46 0
26 54 0
27 53 0
28 53 0
29 54 0
30 51 0
31 51 0
32 45 0
33 51 0
34 47 0
35 39 0
36 90 0
37 159 0
38 177 0
39 148 0
40 85 0
41 55 0
42 80 0
43 112 0
44 142 0
45 162 0
46 163 0
47 164 0
48 167 0
49 154 0
50 146 0
51 156 0
52 154 0
53 156 0
54 159 0
55 115 0
56 64 0
57 61 0
58 60 0
59 51 0
60 68 0
61 79 0
62 66 0
63 77 0
64 111 0
65 84 0
66 16 0
67 0 0
68 12 0
69 9 0
70 9 0
71 14 0
72 9 0
73 9 0
74 12 0
75 12 0
76 13 0
77 13 0
78 11 0
79 12 0
80 13 0
81 11 0
82 9 0
83 9 0
84 9 0
85 11 0
86 13 0
87 15 0
88 19 0
89 18 0
90 13 0
91 12 0
92 16 0
93 15 0
94 12 0
95 12 0
96 12 0
97 11 0
98 12 0
99 12 0
100 14 0
101 18 0
102 19 0
103 17 0
104 19 0
105 21 0
106 22 0
107 22 0
108 24 0
109 25 0
110 23 0
111 21 0
112 27 0
113 30 0
114 22 0
115 28 0
116 46 0
117 45 0
118 34 0
119 39 0
120 46 0
121 46 0
122 45 0
123 45 0
124 44 0
125 49 0
126 61 0
127 71 0
128 70 0
129 67 0
130 65 0
131 61 0
132 58 0
133 57 0
134 55 0
135 56 0
136 57 0
137 58 0
138 65 0
139 72 0
140 76 0
141 66 0
142 51 0
143 64 0
144 81 0
145 56 0
146 44 0
147 74 0
148 78 0
149 71 0
150 102 0
151 114 0
152 75 0
153 39 0
154 20 0
155 7 0
156 5 0
157 9 0
158 8 0
159 7 0
160 9 0
161 13 0
162 13 0
163 7 0
164 7 0
165 10 0
166 12 0
167 12 0
168 9 0
169 10 0
170 14 0
171 13 0
172 14 0
173 18 0
174 15 0
175 11 0
176 10 0
177 10 0
178 10 0
179 9 0
180 9 0
181 9 0
182 7 0
183 6 0
184 9 0
185 9 0
186 8 0
187 12 0
188 15 0
189 14 0
190 12 0
191 12 0
192 10 0
193 9 0
194 5 0
195 9 0
196 34 0
197 51 0
198 48 0
199 49 0
200 49 0
201 50 0
202 49 0
203 46 0
204 92 0
205 149 0
206 150 0
207 150 0
208 160 0
209 154 0
210 156 0
211 155 0
212 156 0
213 156 0
214 149 0
215 171 0
216 132 0
217 44 0
218 98 0
219 179 0
220 115 0
221 40 0
222 43 0
223 48 0
224 40 0
225 43 0
226 43 0
227 42 0
228 59 0
229 60 0
230 44 0
231 42 0
232 41 0
233 37 0
234 40 0
235 41 0
236 40 0
237 46 0
238 50 0
239 50 0
240 43 0
241 28 0
242 33 0
243 50 0
244 66 0
245 93 0
246 112 0
247 125 0
248 141 0
249 141 0
250 129 0
251 120 0
252 65 0
253 0 0
254 0 0
255 0 0

0 0 0
1 0 0
2 0 0
3 0 0
4 0 0
5 26 0
6 43 0
7 40 0
8 42 0
9 56 0
10 70 0
11 59 0
12 45 0
13 47 0
14 47 0
15 46 0
16 46 0
17 45 0
18 48 0
19 47 0
20 48 0
21 48 0
22 47 0
23 50 0
24 49 0
25 52 0
26 57 0
27 51 0
28 52 0
29 51 0
30 52 0
31 56 0
32 51 0
33 55 0
34 46 0
35 45 0
36 106 0
37 163 0
38 168 0
39 135 0
40 73 0
41 58 0
42 112 0
43 150 0
44 149 0
45 156 0
46 165 0
47 164 0
48 161 0
49 155 0
50 146 0
51 144 0
52 152 0
53 168 0
54 142 0
55 76 0
56 53 0
57 68 0
58 63 0
59 48 0
60 60 0
61 72 0
62 55 0
63 51 0
64 64 0
65 38 0
66 4 0
67 8 0
68 15 0
69 10 0
70 11 0
71 16 0
72 19 0
73 19 0
74 18 0
75 14 0
76 9 0
77 11 0
78 10 0
79 8 0
80 11 0
81 13 0
82 12 0
83 12 0
84 13 0
85 15 0
86 12 0
87 12 0
88 20 0
89 19 0
90 11 0
91 10 0
92 12 0
93 12 0
94 16 0
95 18 0
96 16 0
97 14 0
98 12 0
99 10 0
100 13 0
101 18 0
102 21 0
103 26 0
104 27 0
105 21 0
106 19 0
107 25 0
108 29 0
109 26 0
110 21 0
111 19 0
112 24 0
113 26 0
114 19 0
115 18 0
116 34 0
117 56 0
118 52 0
119 29 0
120 26 0
121 36 0
122 39 0
123 39 0
124 42 0
125 42 0
126 43 0
127 47 0
128 54 0
129 59 0
130 61 0
131 57 0
132 54 0
133 51 0
134 48 0
135 49 0
136 52 0
137 50 0
138 49 0
139 51 0
140 57 0
141 59 0
142 53 0
143 57 0
144 57 0
145 39 0
146 52 0
147 81 0
148 64 0
149 59 0
150 115 0
151 139 0
152 94 0
153 46 0
154 21 0
155 11 0
156 10 0
157 11 0
158 12 0
159 12 0
160 11 0
161 13 0
162 11 0
163 7 0
164 10 0
165 14 0
166 17 0
167 16 0
168 11 0
169 10 0
170 12 0
171 13 0
172 16 0
173 19 0
174 17 0
175 12 0
176 12 0
177 15 0
178 13 0
179 7 0
180 5 0
181 8 0
182 11 0
183 12 0
184 11 0
185 13 0
186 12 0
187 12 0
188 14 0
189 12 0
190 11 0
191 13 0
192 9 0
193 7 0
194 8 0
195 9 0
196 26 0
197 49 0
198 46 0
199 41 0
200 49 0
201 54 0
202 49 0
203 39 0
204 73 0
205 139 0
206 151 0
207 143 0
208 161 0
209 161 0
210 156 0
211 154 0
212 155 0
213 158 0
214 146 0
215 166 0
216 145 0
217 50 0
218 83 0
219 175 0
220 116 0
221 39 0
222 45 0
223 48 0
224 39 0
225 44 0
226 41 0
227 41 0
228 56 0
229 54 0
230 39 0
231 40 0
232 39 0
233 37 0
234 44 0
235 44 0
236 40 0
237 43 0
238 60 0
239 67 0
240 38 0
241 22 0
242 56 0
243 87 0
244 94 0
245 102 0
246 110 0
247 114 0
248 121 0
249 135 0
250 139 0
251 129 0
252 69 0
253 0 0
254 0 0
255 0 0

0 0 0
1 0 0
2 0 0
3 0 0
4 0 0
5 29 0
6 46 0
7 42 0
8 41 0
9 54 0
10 65 0
11 62 0
12 51 0
13 45 0
14 43 0
15 44 0
16 42 0
17 43 0
18 48 0
19 47 0
20 47 0
21 46 0
22 46 0
23 51 0
24 53 0
25 60 0
26 61 0
27 51 0
28 49 0
29 49 0
30 53 0
31 54 0
32 49 0
33 56 0
34 46 0
35 49 0
36 115 0
37 171 0
38 170 0
39 128 0
40 61 0
41 48 0
42 112 0
43 159 0
44 161 0
45 163 0
46 170 0
47 166 0
48 157 0
49 155 0
50 154 0
51 147 0
52 157 0
53 171 0
54 127 0
55 60 0
56 47 0
57 58 0
58 51 0
59 46 0
60 54 0
61 52 0
62 43 0
63 56 0
64 58 0
65 26 0
66 5 0
67 9 0
68 12 0
69 9 0
70 12 0
71 26 0
72 31 0
73 20 0
74 17 0
75 17 0
76 10 0
77 11 0
78 12 0
79 13 0
80 17 0
81 16 0
82 12 0
83 8 0
84 10 0
85 13 0
86 11 0
87 20 0
88 32 0
89 23 0
90 9 0
91 8 0
92 12 0
93 13 0
94 14 0
95 14 0
96 15 0
97 16 0
98 12 0
99 8 0
100 11 0
101 19 0
102 24 0
103 29 0
104 31 0
105 30 0
106 38 0
107 49 0
108 47 0
109 34 0
110 21 0
111 15 0
112 14 0
113 17 0
114 23 0
115 21 0
116 17 0
117 34 0
118 53 0
119 49 0
120 38 0
121 37 0
122 38 0
123 39 0
124 43 0
125 44 0
126 40 0
127 38 0
128 39 0
129 42 0
130 47 0
131 47 0
132 46 0
133 49 0
134 47 0
135 45 0
136 45 0
137 45 0
138 45 0
139 47 0
140 55 0
141 61 0
142 49 0
143 38 0
144 49 0
145 58 0
146 67 0
147 76 0
148 56 0
149 58 0
150 135 0
151 195 0
152 156 0
153 76 0
154 25 0
155 15 0
156 16 0
157 14 0
158 15 0
159 15 0
160 12 0
161 13 0
162 12 0
163 9 0
164 12 0
165 15 0
166 21 0
167 26 0
168 19 0
169 10 0
170 10 0
171 14 0
172 16 0
173 16 0
174 15 0
175 10 0
176 7 0
177 12 0
178 17 0
179 13 0
180 8 0
181 8 0
182 9 0
183 7 0
184 7 0
185 11 0
186 13 0
187 14 0
188 14 0
189 10 0
190 9 0
191 11 0
192 9 0
193 9 0
194 12 0
195 8 0
196 14 0
197 39 0
198 41 0
199 36 0
200 65 0
201 75 0
202 48 0
203 30 0
204 52 0
205 120 0
206 155 0
207 144 0
208 154 0
209 162 0
210 159 0
211 159 0
212 158 0
213 164 0
214 151 0
215 161 0
216 158 0
217 66 0
218 70 0
219 162 0
220 116 0
221 37 0
222 44 0
223 49 0
224 44 0
225 46 0
226 39 0
227 43 0
228 60 0
229 50 0
230 30 0
231 37 0
232 41 0
233 42 0
234 46 0
235 41 0
236 40 0
237 37 0
238 60 0
239 78 0
240 52 0
241 69 0
242 121 0
243 120 0
244 93 0
245 84 0
246 88 0
247 83 0
248 80 0
249 104 0
250 129 0
251 130 0
252 67 0
253 0 0
254 0 0
255 0 0

0 0 0
1 0 0
2 0 0
3 0 0
4 0 0
5 29 0
6 40 0
7 43 0
8 43 0
9 55 0
10 58 0
11 52 0
12 46 0
13 42 0
14 42 0
15 46 0
16 47 0
17 46 0
18 47 0
19 44 0
20 46 0
21 46 0
22 47 0
23 49 0
24 54 0
25 67 0
26 66 0
27 53 0
28 49 0
29 45 0
30 51 0
31 53 0
32 49 0
33 55 0
34 45 0
35 53 0
36 118 0
37 173 0
38 172 0
39 118 0
40 53 0
41 67 0
42 132 0
43 159 0
44 168 0
45 174 0
46 166 0
47 163 0
48 160 0
49 157 0
50 153 0
51 146 0
52 165 0
53 164 0
54 98 0
55 48 0
56 50 0
57 56 0
58 50 0
59 38 0
60 37 0
61 36 0
62 34 0
63 55 0
64 58 0
65 23 0
66 8 0
67 15 0
68 13 0
69 8 0
70 13 0
71 22 0
72 19 0
73 9 0
74 12 0
75 13 0
76 10 0
77 10 0
78 10 0
79 13 0
80 17 0
81 14 0
82 12 0
83 15 0
84 26 0
85 36 0
86 43 0
87 47 0
88 37 0
89 16 0
90 10 0
91 17 0
92 18 0
93 12 0
94 11 0
95 17 0
96 19 0
97 17 0
98 17 0
99 18 0
100 18 0
101 20 0
102 21 0
103 18 0
104 22 0
105 39 0
106 52 0
107 45 0
108 32 0
109 27 0
110 26 0
111 26 0
112 24 0
113 21 0
114 24 0
115 26 0
116 18 0
117 15 0
118 30 0
119 49 0
120 54 0
121 46 0
122 38 0
123 37 0
124 41 0
125 44 0
126 42 0
127 41 0
128 38 0
129 36 0
130 39 0
131 42 0
132 39 0
133 41 0
134 42 0
135 39 0
136 38 0
137 41 0
138 45 0
139 46 0
140 46 0
141 49 0
142 45 0
143 50 0
144 78 0
145 84 0
146 61 0
147 61 0
148 69 0
149 57 0
150 78 0
151 139 0
152 153 0
153 97 0
154 45 0
155 30 0
156 23 0
157 14 0
158 13 0
159 12 0
160 13 0
161 15 0
162 14 0
163 12 0
164 13 0
165 14 0
166 18 0
167 17 0
168 10 0
169 7 0
170 11 0
171 15 0
172 13 0
173 10 0
174 12 0
175 11 0
176 8 0
177 12 0
178 13 0
179 11 0
180 11 0
181 11 0
182 12 0
183 13 0
184 16 0
185 19 0
186 19 0
187 16 0
188 12 0
189 9 0
190 7 0
191 7 0
192 9 0
193 12 0
194 13 0
195 9 0
196 17 0
197 53 0
198 64 0
199 55 0
200 90 0
201 98 0
202 56 0
203 34 0
204 44 0
205 101 0
206 155 0
207 148 0
208 147 0
209 155 0
210 159 0
211 163 0
212 154 0
213 162 0
214 161 0
215 162 0
216 161 0
217 76 0
218 59 0
219 153 0
220 123 0
221 40 0
222 44 0
223 47 0
224 43 0
225 49 0
226 40 0
227 44 0
228 66 0
229 58 0
230 35 0
231 38 0
232 41 0
233 39 0
234 39 0
235 38 0
236 43 0
237 33 0
238 56 0
239 101 0
240 110 0
241 125 0
242 125 0
243 81 0
244 58 0
245 55 0
246 50 0
247 48 0
248 49 0
249 64 0
250 93 0
251 111 0
252 55 0
253 0 0
254 0 0
255 0 0

0 0 0
1 0 0
2 0 0
3 0 0
4 0 0
5 36 0
6 38 0
7 42 0
8 48 0
9 56 0
10 56 0
11 46 0
12 43 0
13 42 0
14 44 0
15 58 0
16 58 0
17 48 0
18 45 0
19 44 0
20 46 0
21 49 0
22 49 0
23 49 0
24 59 0
25 74 0
26 64 0
27 51 0
28 51 0
29 46 0
30 53 0
31 58 0
32 53 0
33 54 0
34 41 0
35 61 0
36 130 0
37 172 0
38 159 0
39 90 0
40 44 0
41 100 0
42 162 0
43 166 0
44 170 0
45 169 0
46 160 0
47 165 0
48 166 0
49 169 0
50 160 0
51 145 0
52 166 0
53 149 0
54 72 0
55 44 0
56 53 0
57 59 0
58 73 0
59 60 0
60 42 0
61 49 0
62 46 0
63 44 0
64 39 0
65 10 0
66 4 0
67 21 0
68 19 0
69 14 0
70 16 0
71 13 0
72 10 0
73 12 0
74 14 0
75 13 0
76 13 0
77 12 0
78 8 0
79 12 0
80 14 0
81 9 0
82 11 0
83 19 0
84 29 0
85 45 0
86 58 0
87 48 0
88 24 0
89 9 0
90 11 0
91 19 0
92 18 0
93 9 0
94 11 0
95 29 0
96 32 0
97 20 0
98 21 0
99 27 0
100 23 0
101 14 0
102 14 0
103 25 0
104 43 0
105 52 0
106 41 0
107 25 0
108 17 0
109 18 0
110 25 0
111 32 0
112 31 0
113 26 0
114 26 0
115 27 0
116 25 0
117 20 0
118 19 0
119 34 0
120 63 0
121 77 0
122 63 0
123 41 0
124 32 0
125 36 0
126 41 0
127 40 0
128 41 0
129 41 0
130 41 0
131 49 0
132 53 0
133 46 0
134 36 0
135 34 0
136 42 0
137 50 0
138 47 0
139 39 0
140 37 0
141 48 0
142 63 0
143 74 0
144 72 0
145 50 0
146 41 0
147 86 0
148 136 0
149 111 0
150 61 0
151 72 0
152 98 0
153 77 0
154 51 0
155 44 0
156 29 0
157 14 0
158 12 0
159 14 0
160 17 0
161 18 0
162 14 0
163 14 0
164 14 0
165 10 0
166 8 0
167 7 0
168 6 0
169 9 0
170 12 0
171 15 0
172 16 0
173 13 0
174 9 0
175 7 0
176 8 0
177 11 0
178 9 0
179 10 0
180 12 0
181 10 0
182 13 0
183 16 0
184 23 0
185 39 0
186 37 0
187 18 0
188 8 0
189 8 0
190 6 0
191 13 0
192 19 0
193 15 0
194 9 0
195 6 0
196 18 0
197 56 0
198 68 0
199 56 0
200 86 0
201 97 0
202 59 0
203 39 0
204 53 0
205 111 0
206 159 0
207 148 0
208 146 0
209 153 0
210 152 0
211 160 0
212 155 0
213 159 0
214 161 0
215 163 0
216 164 0
217 80 0
218 54 0
219 149 0
220 128 0
221 43 0
222 43 0
223 44 0
224 39 0
225 52 0
226 39 0
227 39 0
228 74 0
229 71 0
230 40 0
231 41 0
232 41 0
233 36 0
234 39 0
235 39 0
236 43 0
237 37 0
238 55 0
239 101 0
240 124 0
241 112 0
242 68 0
243 34 0
244 34 0
245 36 0
246 36 0
247 38 0
248 38 0
249 42 0
250 73 0
251 101 0
252 49 0
253 0 0
254 0 0
255 0 0

0 0 0
1 0 0
2 0 0
3 0 0
4 0 0
5 57 0
6 57 0
7 42 0
8 53 0
9 53 0
10 51 0
11 46 0
12 44 0
13 44 0
14 44 0
15 57 0
16 59 0
17 47 0
18 45 0
19 46 0
20 47 0
21 47 0
22 43 0
23 47 0
24 73 0
25 85 0
26 58 0
27 44 0
28 52 0
29 50 0
30 54 0
31 52 0
32 52 0
33 56 0
34 39 0
35 68 0
36 147 0
37 183 0
38 150 0
39 73 0
40 57 0
41 132 0
42 168 0
43 156 0
44 158 0
45 161 0
46 169 0
47 167 0
48 148 0
49 157 0
50 162 0
51 154 0
52 169 0
53 131 0
54 51 0
55 44 0
56 50 0
57 43 0
58 89 0
59 103 0
60 71 0
61 73 0
62 70 0
63 57 0
64 54 0
65 23 0
66 2 0
67 12 0
68 16 0
69 15 0
70 17 0
71 12 0
72 11 0
73 12 0
74 9 0
75 7 0
76 7 0
77 5 0
78 13 0
79 28 0
80 25 0
81 11 0
82 14 0
83 19 0
84 14 0
85 25 0
86 34 0
87 22 0
88 14 0
89 13 0
90 10 0
91 12 0
92 15 0
93 9 0
94 8 0
95 20 0
96 23 0
97 19 0
98 22 0
99 26 0
100 20 0
101 16 0
102 28 0
103 46 0
104 49 0
105 32 0
106 18 0
107 19 0
108 23 0
109 22 0
110 22 0
111 24 0
112 23 0
113 28 0
114 33 0
115 29 0
116 26 0
117 26 0
118 24 0
119 29 0
120 60 0
121 96 0
122 104 0
123 83 0
124 57 0
125 47 0
126 48 0
127 47 0
128 54 0
129 63 0
130 58 0
131 62 0
132 75 0
133 64 0
134 51 0
135 71 0
136 95 0
137 97 0
138 86 0
139 72 0
140 62 0
141 63 0
142 67 0
143 54 0
144 30 0
145 31 0
146 79 0
147 142 0
148 164 0
149 120 0
150 56 0
151 44 0
152 62 0
153 51 0
154 28 0
155 23 0
156 19 0
157 12 0
158 11 0
159 10 0
160 8 0
161 9 0
162 11 0
163 15 0
164 15 0
165 10 0
166 9 0
167 11 0
168 13 0
169 12 0
170 9 0
171 12 0
172 14 0
173 9 0
174 7 0
175 8 0
176 9 0
177 9 0
178 9 0
179 13 0
180 12 0
181 7 0
182 12 0
183 12 0
184 9 0
185 26 0
186 37 0
187 20 0
188 7 0
189 9 0
190 9 0
191 10 0
192 12 0
193 10 0
194 9 0
195 8 0
196 14 0
197 32 0
198 45 0
199 55 0
200 74 0
201 75 0
202 57 0
203 43 0
204 47 0
205 104 0
206 160 0
207 153 0
208 148 0
209 158 0
210 157 0
211 159 0
212 155 0
213 155 0
214 148 0
215 153 0
216 163 0
217 83 0
218 50 0
219 142 0
220 128 0
221 42 0
222 45 0
223 48 0
224 38 0
225 50 0
226 34 0
227 43 0
228 96 0
229 87 0
230 40 0
231 38 0
232 44 0
233 41 0
234 45 0
235 39 0
236 39 0
237 44 0
238 42 0
239 51 0
240 69 0
241 64 0
242 38 0
243 34 0
244 40 0
245 36 0
246 38 0
247 37 0
248 34 0
249 33 0
250 56 0
251 84 0
252 39 0
253 0 0
254 0 0
255 0 0

0 0 0
1 0 0
2 0 0
3 0 0
4 0 0
5 70 0
6 84 0
7 52 0
8 58 0
9 55 0
10 44 0
11 42 0
12 43 0
13 45 0
14 44 0
15 48 0
16 48 0
17 43 0
18 44 0
19 44 0
20 45 0
21 48 0
22 40 0
23 48 0
24 84 0
25 88 0
26 53 0
27 46 0
28 54 0
29 50 0
30 55 0
31 49 0
32 50 0
33 56 0
34 44 0
35 79 0
36 152 0
37 185 0
38 137 0
39 61 0
40 83 0
41 161 0
42 173 0
43 160 0
44 163 0
45 166 0
46 170 0
47 155 0
48 138 0
49 152 0
50 156 0
51 155 0
52 164 0
53 115 0
54 45 0
55 52 0
56 57 0
57 41 0
58 78 0
59 90 0
60 70 0
61 82 0
62 62 0
63 38 0
64 51 0
65 26 0
66 2 0
67 7 0
68 10 0
69 7 0
70 11 0
71 10 0
72 14 0
73 15 0
74 11 0
75 17 0
76 29 0
77 28 0
78 20 0
79 18 0
80 14 0
81 9 0
82 17 0
83 19 0
84 12 0
85 18 0
86 24 0
87 20 0
88 19 0
89 16 0
90 9 0
91 12 0
92 15 0
93 17 0
94 22 0
95 23 0
96 22 0
97 21 0
98 19 0
99 16 0
100 13 0
101 22 0
102 37 0
103 39 0
104 29 0
105 26 0
106 28 0
107 26 0
108 24 0
109 26 0
110 26 0
111 26 0
112 27 0
113 29 0
114 29 0
115 23 0
116 19 0
117 22 0
118 21 0
119 17 0
120 31 0
121 66 0
122 103 0
123 122 0
124 117 0
125 98 0
126 84 0
127 77 0
128 83 0
129 94 0
130 89 0
131 83 0
132 89 0
133 89 0
134 95 0
135 112 0
136 111 0
137 105 0
138 117 0
139 111 0
140 77 0
141 51 0
142 37 0
143 30 0
144 53 0
145 105 0
146 147 0
147 147 0
148 126 0
149 103 0
150 71 0
151 51 0
152 59 0
153 56 0
154 27 0
155 11 0
156 12 0
157 12 0
158 9 0
159 8 0
160 11 0
161 12 0
162 11 0
163 9 0
164 11 0
165 11 0
166 9 0
167 8 0
168 13 0
169 14 0
170 9 0
171 10 0
172 13 0
173 10 0
174 10 0
175 11 0
176 10 0
177 10 0
178 8 0
179 5 0
180 8 0
181 10 0
182 13 0
183 12 0
184 4 0
185 12 0
186 33 0
187 32 0
188 14 0
189 8 0
190 12 0
191 11 0
192 6 0
193 8 0
194 9 0
195 4 0
196 18 0
197 39 0
198 51 0
199 73 0
200 82 0
201 55 0
202 46 0
203 52 0
204 34 0
205 61 0
206 134 0
207 159 0
208 152 0
209 153 0
210 161 0
211 159 0
212 144 0
213 146 0
214 151 0
215 157 0
216 166 0
217 88 0
218 41 0
219 129 0
220 124 0
221 38 0
222 44 0
223 52 0
224 37 0
225 48 0
226 37 0
227 49 0
228 92 0
229 78 0
230 33 0
231 29 0
232 40 0
233 42 0
234 46 0
235 39 0
236 38 0
237 42 0
238 30 0
239 39 0
240 64 0
241 55 0
242 35 0
243 37 0
244 39 0
245 37 0
246 41 0
247 38 0
248 35 0
249 31 0
250 43 0
251 67 0
252 31 0
253 0 0
254 0 0
255 0 0

0 0 0
1 0 0
2 0 0
3 0 0
4 0 0
5 74 0
6 108 0
7 76 0
8 66 0
9 63 0
10 48 0
11 39 0
12 41 0
13 46 0
14 44 0
15 44 0
16 44 0
17 41 0
18 46 0
19 43 0
20 41 0
21 49 0
22 42 0
23 59 0
24 100 0
25 88 0
26 48 0
27 49 0
28 52 0
29 46 0
30 55 0
31 53 0
32 52 0
33 52 0
34 46 0
35 77 0
36 144 0
37 179 0
38 116 0
39 52 0
40 108 0
41 171 0
42 166 0
43 165 0
44 171 0
45 170 0
46 167 0
47 153 0
48 154 0
49 164 0
50 154 0
51 151 0
52 159 0
53 121 0
54 64 0
55 58 0
56 59 0
57 52 0
58 67 0
59 58 0
60 64 0
61 94 0
62 63 0
63 40 0
64 51 0
65 21 0
66 1 0
67 17 0
68 17 0
69 13 0
70 12 0
71 8 0
72 12 0
73 13 0
74 13 0
75 26 0
76 46 0
77 46 0
78 22 0
79 7 0
80 8 0
81 9 0
82 11 0
83 9 0
84 7 0
85 14 0
86 18 0
87 17 0
88 19 0
89 17 0
90 15 0
91 15 0
92 15 0
93 20 0
94 28 0
95 31 0
96 33 0
97 29 0
98 19 0
99 16 0
100 17 0
101 22 0
102 29 0
103 27 0
104 21 0
105 24 0
106 31 0
107 33 0
108 34 0
109 31 0
110 25 0
111 26 0
112 30 0
113 27 0
114 25 0
115 24 0
116 24 0
117 31 0
118 31 0
119 19 0
120 18 0
121 39 0
122 70 0
123 101 0
124 122 0
125 129 0
126 127 0
127 121 0
128 119 0
129 127 0
130 128 0
131 116 0
132 108 0
133 115 0
134 112 0
135 88 0
136 71 0
137 96 0
138 125 0
139 97 0
140 50 0
141 47 0
142 68 0
143 92 0
144 129 0
145 153 0
146 131 0
147 93 0
148 79 0
149 87 0
150 86 0
151 71 0
152 64 0
153 63 0
154 42 0
155 14 0
156 8 0
157 12 0
158 12 0
159 12 0
160 15 0
161 16 0
162 14 0
163 11 0
164 14 0
165 16 0
166 10 0
167 8 0
168 17 0
169 22 0
170 16 0
171 10 0
172 9 0
173 11 0
174 13 0
175 10 0
176 9 0
177 13 0
178 11 0
179 6 0
180 9 0
181 10 0
182 7 0
183 10 0
184 11 0
185 7 0
186 13 0
187 21 0
188 18 0
189 12 0
190 17 0
191 19 0
192 12 0
193 12 0
194 10 0
195 0 0
196 15 0
197 44 0
198 53 0
199 80 0
200 96 0
201 53 0
202 33 0
203 56 0
204 41 0
205 44 0
206 112 0
207 159 0
208 158 0
209 149 0
210 154 0
211 160 0
212 151 0
213 154 0
214 157 0
215 156 0
216 167 0
217 98 0
218 44 0
219 124 0
220 127 0
221 40 0
222 42 0
223 52 0
224 39 0
225 51 0
226 42 0
227 42 0
228 69 0
229 62 0
230 33 0
231 34 0
232 40 0
233 38 0
234 44 0
235 39 0
236 39 0
237 38 0
238 32 0
239 68 0
240 89 0
241 55 0
242 33 0
243 36 0
244 37 0
245 37 0
246 39 0
247 36 0
248 36 0
249 34 0
250 39 0
251 56 0
252 26 0
253 0 0
254 0 0
255 0 0

0 0 0
1 0 0
2 0 0
3 0 0
4 0 0
5 66 0
6 112 0
7 105 0
8 93 0
9 79 0
10 61 0
11 50 0
12 52 0
13 54 0
14 44 0
15 40 0
16 44 0
17 42 0
18 45 0
19 44 0
20 44 0
21 51 0
22 43 0
23 63 0
24 103 0
25 81 0
26 43 0
27 47 0
28 48 0
29 45 0
30 53 0
31 54 0
32 53 0
33 52 0
34 49 0
35 73 0
36 149 0
37 191 0
38 107 0
39 55 0
40 133 0
41 179 0
42 164 0
43 169 0
44 172 0
45 166 0
46 157 0
47 151 0
48 161 0
49 163 0
50 154 0
51 164 0
52 178 0
53 134 0
54 63 0
55 46 0
56 50 0
57 56 0
58 61 0
59 45 0
60 71 0
61 95 0
62 58 0
63 60 0
64 67 0
65 17 0
66 2 0
67 16 0
68 13 0
69 19 0
70 17 0
71 9 0
72 13 0
73 10 0
74 9 0
75 13 0
76 13 0
77 12 0
78 9 0
79 9 0
80 14 0
81 12 0
82 9 0
83 8 0
84 13 0
85 22 0
86 18 0
87 12 0
88 15 0
89 18 0
90 16 0
91 13 0
92 17 0
93 24 0
94 23 0
95 24 0
96 31 0
97 31 0
98 22 0
99 16 0
100 17 0
101 22 0
102 29 0
103 30 0
104 23 0
105 19 0
106 26 0
107 29 0
108 22 0
109 12 0
110 10 0
111 21 0
112 30 0
113 30 0
114 29 0
115 26 0
116 25 0
117 31 0
118 30 0
119 18 0
120 14 0
121 26 0
122 47 0
123 71 0
124 100 0
125 125 0
126 138 0
127 138 0
128 136 0
129 142 0
130 148 0
131 144 0
132 141 0
133 139 0
134 111 0
135 74 0
136 73 0
137 88 0
138 62 0
139 24 0
140 40 0
141 100 0
142 142 0
143 159 0
144 169 0
145 147 0
146 98 0
147 69 0
148 63 0
149 61 0
150 66 0
151 70 0
152 63 0
153 54 0
154 44 0
155 22 0
156 6 0
157 7 0
158 13 0
159 14 0
160 12 0
161 12 0
162 13 0
163 12 0
164 9 0
165 9 0
166 9 0
167 12 0
168 21 0
169 28 0
170 28 0
171 22 0
172 15 0
173 16 0
174 19 0
175 16 0
176 10 0
177 12 0
178 19 0
179 21 0
180 17 0
181 17 0
182 18 0
183 17 0
184 14 0
185 9 0
186 8 0
187 14 0
188 17 0
189 8 0
190 7 0
191 15 0
192 13 0
193 12 0
194 12 0
195 1 0
196 14 0
197 45 0
198 53 0
199 71 0
200 95 0
201 60 0
202 29 0
203 51 0
204 46 0
205 38 0
206 95 0
207 149 0
208 156 0
209 147 0
210 149 0
211 160 0
212 158 0
213 160 0
214 155 0
215 146 0
216 161 0
217 105 0
218 45 0
219 115 0
220 127 0
221 46 0
222 41 0
223 48 0
224 39 0
225 53 0
226 40 0
227 50 0
228 98 0
229 86 0
230 43 0
231 43 0
232 44 0
233 37 0
234 44 0
235 39 0
236 39 0
237 39 0
238 41 0
239 77 0
240 81 0
241 44 0
242 35 0
243 40 0
244 39 0
245 36 0
246 35 0
247 34 0
248 35 0
249 34 0
250 31 0
251 41 0
252 19 0
253 0 0
254 0 0
255 0 0

0 0 0
1 0 0
2 0 0
3 0 0
4 0 0
5 61 0
6 116 0
7 122 0
8 118 0
9 110 0
10 94 0
11 83 0
12 80 0
13 72 0
14 51 0
15 40 0
16 44 0
17 44 0
18 45 0
19 47 0
20 47 0
21 49 0
22 42 0
23 56 0
24 82 0
25 67 0
26 47 0
27 50 0
28 49 0
29 50 0
30 52 0
31 52 0
32 51 0
33 52 0
34 49 0
35 62 0
36 144 0
37 184 0
38 90 0
39 58 0
40 144 0
41 175 0
42 159 0
43 160 0
44 160 0
45 161 0
46 160 0
47 163 0
48 169 0
49 159 0
50 155 0
51 174 0
52 170 0
53 100 0
54 41 0
55 45 0
56 51 0
57 51 0
58 47 0
59 36 0
60 69 0
61 78 0
62 48 0
63 71 0
64 67 0
65 9 0
66 5 0
67 16 0
68 9 0
69 14 0
70 10 0
71 10 0
72 17 0
73 10 0
74 8 0
75 10 0
76 6 0
77 9 0
78 12 0
79 14 0
80 14 0
81 13 0
82 12 0
83 12 0
84 12 0
85 15 0
86 14 0
87 13 0
88 14 0
89 13 0
90 13 0
91 17 0
92 26 0
93 32 0
94 25 0
95 20 0
96 22 0
97 24 0
98 23 0
99 18 0
100 16 0
101 25 0
102 33 0
103 29 0
104 23 0
105 22 0
106 24 0
107 19 0
108 11 0
109 7 0
110 9 0
111 14 0
112 24 0
113 32 0
114 32 0
115 23 0
116 16 0
117 17 0
118 18 0
119 13 0
120 9 0
121 13 0
122 25 0
123 46 0
124 76 0
125 103 0
126 120 0
127 132 0
128 143 0
129 152 0
130 154 0
131 152 0
132 154 0
133 142 0
134 101 0
135 66 0
136 50 0
137 24 0
138 6 0
139 43 0
140 115 0
141 158 0
142 164 0
143 162 0
144 148 0
145 112 0
146 76 0
147 63 0
148 61 0
149 57 0
150 57 0
151 68 0
152 75 0
153 64 0
154 46 0
155 28 0
156 15 0
157 8 0
158 7 0
159 8 0
160 8 0
161 11 0
162 19 0
163 19 0
164 11 0
165 9 0
166 14 0
167 17 0
168 17 0
169 15 0
170 19 0
171 27 0
172 37 0
173 41 0
174 35 0
175 29 0
176 25 0
177 22 0
178 24 0
179 24 0
180 22 0
181 39 0
182 50 0
183 31 0
184 14 0
185 11 0
186 16 0
187 24 0
188 22 0
189 10 0
190 7 0
191 12 0
192 10 0
193 8 0
194 9 0
195 3 0
196 7 0
197 30 0
198 46 0
199 61 0
200 80 0
201 58 0
202 32 0
203 52 0
204 52 0
205 34 0
206 78 0
207 142 0
208 156 0
209 140 0
210 138 0
211 155 0
212 158 0
213 158 0
214 156 0
215 156 0
216 174 0
217 116 0
218 44 0
219 102 0
220 119 0
221 46 0
222 42 0
223 51 0
224 42 0
225 51 0
226 39 0
227 51 0
228 85 0
229 67 0
230 35 0
231 40 0
232 44 0
233 41 0
234 45 0
235 40 0
236 40 0
237 42 0
238 45 0
239 71 0
240 70 0
241 41 0
242 38 0
243 38 0
244 34 0
245 34 0
246 36 0
247 36 0
248 33 0
249 33 0
250 27 0
251 30 0
252 14 0
253 0 0
254 0 0
255 0 0

0 0 0
1 0 0
2 0 0
3 0 0
4 0 0
5 63 0
6 125 0
7 121 0
8 112 0
9 125 0
10 130 0
11 119 0
12 102 0
13 76 0
14 53 0
15 42 0
16 45 0
17 46 0
18 45 0
19 46 0
20 45 0
21 45 0
22 45 0
23 64 0
24 81 0
25 61 0
26 45 0
27 47 0
28 51 0
29 53 0
30 51 0
31 50 0
32 46 0
33 53 0
34 53 0
35 53 0
36 132 0
37 165 0
38 68 0
39 68 0
40 165 0
41 181 0
42 164 0
43 163 0
44 161 0
45 172 0
46 174 0
47 172 0
48 166 0
49 152 0
50 160 0
51 178 0
52 141 0
53 61 0
54 32 0
55 53 0
56 54 0
57 49 0
58 41 0
59 41 0
60 72 0
61 71 0
62 59 0
63 88 0
64 61 0
65 5 0
66 10 0
67 17 0
68 9 0
69 10 0
70 9 0
71 14 0
72 17 0
73 9 0
74 12 0
75 17 0
76 13 0
77 13 0
78 14 0
79 12 0
80 12 0
81 12 0
82 10 0
83 8 0
84 10 0
85 10 0
86 10 0
87 16 0
88 14 0
89 7 0
90 9 0
91 16 0
92 15 0
93 12 0
94 16 0
95 26 0
96 29 0
97 24 0
98 20 0
99 18 0
100 24 0
101 39 0
102 39 0
103 24 0
104 21 0
105 30 0
106 26 0
107 14 0
108 10 0
109 14 0
110 16 0
111 17 0
112 23 0
113 29 0
114 30 0
115 24 0
116 17 0
117 12 0
118 16 0
119 17 0
120 11 0
121 12 0
122 19 0
123 33 0
124 54 0
125 78 0
126 103 0
127 127 0
128 137 0
129 139 0
130 143 0
131 143 0
132 140 0
133 125 0
134 87 0
135 46 0
136 23 0
137 34 0
138 85 0
139 144 0
140 169 0
141 166 0
142 166 0
143 159 0
144 129 0
145 97 0
146 80 0
147 68 0
148 59 0
149 54 0
150 43 0
151 46 0
152 66 0
153 69 0
154 46 0
155 24 0
156 16 0
157 11 0
158 7 0
159 10 0
160 12 0
161 11 0
162 17 0
163 17 0
164 10 0
165 10 0
166 13 0
167 15 0
168 14 0
169 11 0
170 8 0
171 11 0
172 19 0
173 29 0
174 32 0
175 32 0
176 31 0
177 27 0
178 24 0
179 19 0
180 13 0
181 18 0
182 23 0
183 17 0
184 10 0
185 8 0
186 11 0
187 16 0
188 18 0
189 15 0
190 9 0
191 9 0
192 14 0
193 16 0
194 14 0
195 11 0
196 7 0
197 16 0
198 40 0
199 69 0
200 86 0
201 68 0
202 38 0
203 44 0
204 53 0
205 38 0
206 62 0
207 126 0
208 157 0
209 152 0
210 150 0
211 157 0
212 156 0
213 160 0
214 156 0
215 154 0
216 176 0
217 120 0
218 46 0
219 101 0
220 118 0
221 44 0
222 41 0
223 51 0
224 39 0
225 47 0
226 46 0
227 46 0
228 46 0
229 36 0
230 33 0
231 38 0
232 43 0
233 41 0
234 39 0
235 39 0
236 41 0
237 40 0
238 41 0
239 62 0
240 64 0
241 39 0
242 37 0
243 39 0
244 35 0
245 37 0
246 41 0
247 36 0
248 31 0
249 36 0
250 31 0
251 28 0
252 14 0
253 0 0
254 0 0
255 0 0

0 0 0
1 0 0
2 0 0
3 0 0
4 0 0
5 70 0
6 133 0
7 119 0
8 97 0
9 107 0
10 137 0
11 145 0
12 113 0
13 67 0
14 46 0
15 43 0
16 43 0
17 46 0
18 46 0
19 44 0
20 45 0
21 46 0
22 47 0
23 67 0
24 80 0
25 58 0
26 46 0
27 48 0
28 48 0
29 49 0
30 50 0
31 53 0
32 48 0
33 51 0
34 53 0
35 53 0
36 134 0
37 163 0
38 63 0
39 71 0
40 169 0
41 177 0
42 166 0
43 172 0
44 169 0
45 176 0
46 171 0
47 165 0
48 159 0
49 148 0
50 168 0
51 171 0
52 105 0
53 44 0
54 51 0
55 66 0
56 50 0
57 49 0
58 52 0
59 60 0
60 83 0
61 74 0
62 75 0
63 100 0
64 52 0
65 4 0
66 14 0
67 17 0
68 9 0
69 14 0
70 12 0
71 13 0
72 11 0
73 5 0
74 12 0
75 16 0
76 14 0
77 13 0
78 10 0
79 8 0
80 12 0
81 19 0
82 23 0
83 27 0
84 33 0
85 34 0
86 36 0
87 46 0
88 44 0
89 36 0
90 38 0
91 39 0
92 34 0
93 25 0
94 19 0
95 17 0
96 12 0
97 7 0
98 11 0
99 17 0
100 25 0
101 34 0
102 29 0
103 17 0
104 19 0
105 29 0
106 26 0
107 14 0
108 9 0
109 12 0
110 17 0
111 17 0
112 15 0
113 20 0
114 26 0
115 26 0
116 19 0
117 8 0
118 6 0
119 10 0
120 10 0
121 18 0
122 26 0
123 26 0
124 33 0
125 49 0
126 74 0
127 109 0
128 127 0
129 127 0
130 129 0
131 125 0
132 116 0
133 103 0
134 71 0
135 51 0
136 76 0
137 122 0
138 156 0
139 166 0
140 161 0
141 163 0
142 164 0
143 143 0
144 111 0
145 93 0
146 82 0
147 64 0
148 49 0
149 44 0
150 36 0
151 30 0
152 39 0
153 46 0
154 36 0
155 22 0
156 12 0
157 7 0
158 8 0
159 16 0
160 15 0
161 10 0
162 12 0
163 12 0
164 10 0
165 11 0
166 13 0
167 14 0
168 14 0
169 11 0
170 11 0
171 8 0
172 4 0
173 7 0
174 13 0
175 16 0
176 14 0
177 13 0
178 15 0
179 15 0
180 11 0
181 8 0
182 9 0
183 14 0
184 12 0
185 9 0
186 12 0
187 13 0
188 14 0
189 14 0
190 7 0
191 10 0
192 20 0
193 20 0
194 16 0
195 13 0
196 8 0
197 11 0
198 45 0
199 78 0
200 78 0
201 74 0
202 67 0
203 56 0
204 53 0
205 39 0
206 48 0
207 112 0
208 157 0
209 153 0
210 154 0
211 157 0
212 147 0
213 154 0
214 154 0
215 149 0
216 169 0
217 112 0
218 42 0
219 105 0
220 125 0
221 47 0
222 38 0
223 49 0
224 39 0
225 50 0
226 51 0
227 53 0
228 62 0
229 55 0
230 41 0
231 37 0
232 43 0
233 39 0
234 36 0
235 38 0
236 39 0
237 37 0
238 40 0
239 62 0
240 60 0
241 35 0
242 35 0
243 40 0
244 38 0
245 40 0
246 40 0
247 36 0
248 31 0
249 38 0
250 34 0
251 27 0
252 14 0
253 0 0
254 0 0
255 0 0

0 0 0
1 0 0
2 0 0
3 0 0
4 0 0
5 76 0
6 131 0
7 116 0
8 97 0
9 85 0
10 108 0
11 137 0
12 116 0
13 68 0
14 45 0
15 43 0
16 42 0
17 46 0
18 49 0
19 45 0
20 47 0
21 49 0
22 49 0
23 63 0
24 67 0
25 49 0
26 48 0
27 53 0
28 50 0
29 49 0
30 49 0
31 55 0
32 52 0
33 53 0
34 52 0
35 55 0
36 131 0
37 157 0
38 66 0
39 82 0
40 171 0
41 172 0
42 166 0
43 170 0
44 162 0
45 165 0
46 161 0
47 165 0
48 161 0
49 152 0
50 175 0
51 154 0
52 73 0
53 43 0
54 72 0
55 68 0
56 37 0
57 63 0
58 91 0
59 73 0
60 68 0
61 76 0
62 95 0
63 109 0
64 51 0
65 4 0
66 17 0
67 18 0
68 14 0
69 23 0
70 16 0
71 9 0
72 10 0
73 12 0
74 13 0
75 8 0
76 7 0
77 12 0
78 17 0
79 28 0
80 38 0
81 44 0
82 51 0
83 56 0
84 59 0
85 58 0
86 61 0
87 62 0
88 57 0
89 58 0
90 60 0
91 56 0
92 57 0
93 57 0
94 51 0
95 45 0
96 35 0
97 24 0
98 18 0
99 14 0
100 16 0
101 23 0
102 25 0
103 22 0
104 23 0
105 28 0
106 25 0
107 17 0
108 10 0
109 8 0
110 11 0
111 9 0
112 4 0
113 12 0
114 21 0
115 17 0
116 12 0
117 9 0
118 8 0
119 10 0
120 11 0
121 18 0
122 24 0
123 19 0
124 23 0
125 32 0
126 43 0
127 78 0
128 117 0
129 125 0
130 114 0
131 99 0
132 90 0
133 83 0
134 68 0
135 86 0
136 141 0
137 170 0
138 165 0
139 162 0
140 166 0
141 170 0
142 162 0
143 139 0
144 127 0
145 123 0
146 104 0
147 70 0
148 42 0
149 31 0
150 29 0
151 28 0
152 28 0
153 31 0
154 29 0
155 18 0
156 11 0
157 12 0
158 14 0
159 16 0
160 11 0
161 6 0
162 8 0
163 9 0
164 8 0
165 9 0
166 10 0
167 14 0
168 17 0
169 14 0
170 12 0
171 12 0
172 12 0
173 13 0
174 13 0
175 9 0
176 6 0
177 8 0
178 13 0
179 14 0
180 12 0
181 16 0
182 20 0
183 20 0
184 16 0
185 14 0
186 14 0
187 14 0
188 15 0
189 11 0
190 8 0
191 16 0
192 20 0
193 17 0
194 15 0
195 13 0
196 4 0
197 12 0
198 68 0
199 107 0
200 76 0
201 73 0
202 101 0
203 78 0
204 50 0
205 42 0
206 44 0
207 103 0
208 164 0
209 152 0
210 145 0
211 160 0
212 150 0
213 154 0
214 158 0
215 156 0
216 175 0
217 115 0
218 42 0
219 105 0
220 126 0
221 51 0
222 45 0
223 55 0
224 41 0
225 50 0
226 51 0
227 55 0
228 66 0
229 56 0
230 40 0
231 39 0
232 41 0
233 37 0
234 39 0
235 41 0
236 39 0
237 37 0
238 41 0
239 61 0
240 56 0
241 34 0
242 38 0
243 41 0
244 36 0
245 35 0
246 36 0
247 39 0
248 33 0
249 35 0
250 34 0
251 28 0
252 14 0
253 0 0
254 0 0
255 0 0

0 0 0
1 0 0
2 0 0
3 0 0
4 0 0
5 71 0
6 100 0
7 85 0
8 78 0
9 60 0
10 67 0
11 95 0
12 88 0
13 61 0
14 50 0
15 44 0
16 42 0
17 46 0
18 47 0
19 46 0
20 49 0
21 46 0
22 48 0
23 66 0
24 68 0
25 49 0
26 44 0
27 48 0
28 52 0
29 55 0
30 52 0
31 53 0
32 50 0
33 56 0
34 56 0
35 56 0
36 125 0
37 135 0
38 53 0
39 90 0
40 175 0
41 166 0
42 155 0
43 157 0
44 155 0
45 164 0
46 164 0
47 172 0
48 165 0
49 161 0
50 181 0
51 139 0
52 57 0
53 41 0
54 65 0
55 51 0
56 39 0
57 102 0
58 146 0
59 96 0
60 59 0
61 70 0
62 93 0
63 98 0
64 46 0
65 6 0
66 17 0
67 12 0
68 4 0
69 16 0
70 17 0
71 15 0
72 14 0
73 13 0
74 12 0
75 12 0
76 24 0
77 40 0
78 48 0
79 55 0
80 58 0
81 58 0
82 64 0
83 69 0
84 68 0
85 64 0
86 65 0
87 64 0
88 61 0
89 65 0
90 66 0
91 63 0
92 62 0
93 61 0
94 63 0
95 70 0
96 69 0
97 59 0
98 44 0
99 26 0
100 16 0
101 15 0
102 19 0
103 19 0
104 17 0
105 19 0
106 18 0
107 11 0
108 8 0
109 11 0
110 17 0
111 15 0
112 8 0
113 11 0
114 18 0
115 16 0
116 13 0
117 9 0
118 8 0
119 12 0
120 13 0
121 17 0
122 26 0
123 25 0
124 24 0
125 21 0
126 23 0
127 60 0
128 107 0
129 112 0
130 90 0
131 70 0
132 63 0
133 58 0
134 56 0
135 84 0
136 134 0
137 159 0
138 161 0
139 165 0
140 169 0
141 169 0
142 161 0
143 145 0
144 132 0
145 120 0
146 106 0
147 85 0
148 54 0
149 24 0
150 12 0
151 12 0
152 14 0
153 19 0
154 19 0
155 13 0
156 11 0
157 12 0
158 12 0
159 11 0
160 9 0
161 12 0
162 18 0
163 19 0
164 17 0
165 12 0
166 12 0
167 26 0
168 35 0
169 22 0
170 11 0
171 9 0
172 11 0
173 16 0
174 19 0
175 13 0
176 7 0
177 8 0
178 11 0
179 9 0
180 10 0
181 18 0
182 19 0
183 12 0
184 11 0
185 14 0
186 10 0
187 12 0
188 23 0
189 21 0
190 13 0
191 15 0
192 17 0
193 14 0
194 14 0
195 12 0
196 4 0
197 10 0
198 66 0
199 112 0
200 83 0
201 69 0
202 98 0
203 77 0
204 50 0
205 57 0
206 48 0
207 79 0
208 154 0
209 162 0
210 144 0
211 155 0
212 152 0
213 157 0
214 155 0
215 147 0
216 174 0
217 124 0
218 48 0
219 104 0
220 122 0
221 48 0
222 44 0
223 55 0
224 41 0
225 49 0
226 50 0
227 50 0
228 56 0
229 51 0
230 43 0
231 43 0
232 43 0
233 41 0
234 47 0
235 46 0
236 38 0
237 37 0
238 41 0
239 55 0
240 53 0
241 35 0
242 39 0
243 42 0
244 36 0
245 34 0
246 36 0
247 39 0
248 33 0
249 37 0
250 38 0
251 32 0
252 16 0
253 0 0
254 0 0
255 0 0

0 0 0
1 0 0
2 0 0
3 0 0
4 0 0
5 50 0
6 55 0
7 45 0
8 46 0
9 38 0
10 49 0
11 78 0
12 68 0
13 46 0
14 49 0
15 46 0
16 41 0
17 47 0
18 48 0
19 46 0
20 47 0
21 46 0
22 50 0
23 71 0
24 71 0
25 51 0
26 47 0
27 49 0
28 52 0
29 52 0
30 50 0
31 55 0
32 48 0
33 53 0
34 52 0
35 54 0
36 127 0
37 131 0
38 56 0
39 106 0
40 177 0
41 161 0
42 162 0
43 169 0
44 164 0
45 170 0
46 170 0
47 168 0
48 153 0
49 159 0
50 178 0
51 125 0
52 49 0
53 42 0
54 62 0
55 48 0
56 54 0
57 115 0
58 132 0
59 83 0
60 53 0
61 52 0
62 63 0
63 64 0
64 27 0
65 8 0
66 21 0
67 14 0
68 8 0
69 17 0
70 21 0
71 15 0
72 9 0
73 12 0
74 28 0
75 44 0
76 58 0
77 63 0
78 61 0
79 60 0
80 61 0
81 63 0
82 68 0
83 71 0
84 71 0
85 68 0
86 67 0
87 66 0
88 63 0
89 65 0
90 68 0
91 70 0
92 70 0
93 66 0
94 68 0
95 74 0
96 75 0
97 76 0
98 76 0
99 66 0
100 45 0
101 26 0
102 19 0
103 18 0
104 14 0
105 15 0
106 14 0
107 9 0
108 10 0
109 14 0
110 15 0
111 12 0
112 7 0
113 8 0
114 14 0
115 18 0
116 16 0
117 10 0
118 8 0
119 13 0
120 14 0
121 15 0
122 21 0
123 25 0
124 24 0
125 16 0
126 14 0
127 46 0
128 89 0
129 92 0
130 63 0
131 40 0
132 32 0
133 32 0
134 39 0
135 61 0
136 100 0
137 137 0
138 151 0
139 153 0
140 156 0
141 162 0
142 157 0
143 139 0
144 118 0
145 97 0
146 78 0
147 67 0
148 51 0
149 24 0
150 8 0
151 9 0
152 12 0
153 13 0
154 12 0
155 12 0
156 12 0
157 9 0
158 10 0
159 13 0
160 12 0
161 14 0
162 22 0
163 21 0
164 17 0
165 16 0
166 17 0
167 20 0
168 18 0
169 9 0
170 7 0
171 11 0
172 12 0
173 13 0
174 14 0
175 12 0
176 12 0
177 15 0
178 14 0
179 9 0
180 9 0
181 11 0
182 12 0
183 11 0
184 8 0
185 9 0
186 9 0
187 11 0
188 26 0
189 33 0
190 20 0
191 12 0
192 14 0
193 15 0
194 13 0
195 12 0
196 8 0
197 9 0
198 52 0
199 94 0
200 68 0
201 49 0
202 78 0
203 73 0
204 49 0
205 58 0
206 51 0
207 62 0
208 128 0
209 155 0
210 144 0
211 152 0
212 149 0
213 151 0
214 148 0
215 142 0
216 172 0
217 127 0
218 46 0
219 100 0
220 121 0
221 46 0
222 40 0
223 53 0
224 42 0
225 49 0
226 47 0
227 50 0
228 61 0
229 55 0
230 47 0
231 47 0
232 45 0
233 39 0
234 46 0
235 50 0
236 41 0
237 39 0
238 42 0
239 49 0
240 49 0
241 36 0
242 38 0
243 40 0
244 39 0
245 39 0
246 39 0
247 36 0
248 30 0
249 38 0
250 39 0
251 34 0
252 16 0
253 0 0
254 0 0
255 0 0

0 0 0
1 0 0
2 0 0
3 0 0
4 0 0
5 30 0
6 35 0
7 38 0
8 44 0
9 40 0
10 51 0
11 91 0
12 90 0
13 58 0
14 46 0
15 44 0
16 41 0
17 44 0
18 49 0
19 49 0
20 47 0
21 48 0
22 53 0
23 63 0
24 57 0
25 47 0
26 53 0
27 56 0
28 58 0
29 55 0
30 49 0
31 54 0
32 49 0
33 53 0
34 50 0
35 53 0
36 129 0
37 130 0
38 58 0
39 115 0
40 179 0
41 164 0
42 176 0
43 180 0
44 162 0
45 166 0
46 170 0
47 166 0
48 154 0
49 164 0
50 176 0
51 118 0
52 48 0
53 44 0
54 54 0
55 40 0
56 61 0
57 104 0
58 88 0
59 51 0
60 48 0
61 49 0
62 66 0
63 71 0
64 29 0
65 7 0
66 19 0
67 16 0
68 14 0
69 20 0
70 16 0
71 12 0
72 20 0
73 37 0
74 52 0
75 63 0
76 71 0
77 72 0
78 71 0
79 70 0
80 68 0
81 67 0
82 66 0
83 66 0
84 68 0
85 67 0
86 66 0
87 66 0
88 65 0
89 66 0
90 68 0
91 71 0
92 73 0
93 76 0
94 74 0
95 68 0
96 66 0
97 72 0
98 84 0
99 93 0
100 86 0
101 66 0
102 41 0
103 18 0
104 9 0
105 12 0
106 12 0
107 6 0
108 7 0
109 11 0
110 7 0
111 4 0
112 5 0
113 7 0
114 11 0
115 13 0
116 11 0
117 8 0
118 7 0
119 10 0
120 15 0
121 18 0
122 20 0
123 26 0
124 34 0
125 29 0
126 23 0
127 48 0
128 88 0
129 85 0
130 44 0
131 16 0
132 11 0
133 12 0
134 17 0
135 29 0
136 58 0
137 103 0
138 136 0
139 142 0
140 134 0
141 132 0
142 137 0
143 125 0
144 86 0
145 48 0
146 29 0
147 29 0
148 31 0
149 22 0
150 10 0
151 9 0
152 13 0
153 14 0
154 12 0
155 11 0
156 9 0
157 8 0
158 9 0
159 11 0
160 10 0
161 13 0
162 20 0
163 17 0
164 13 0
165 17 0
166 19 0
167 14 0
168 9 0
169 9 0
170 8 0
171 6 0
172 7 0
173 8 0
174 7 0
175 7 0
176 11 0
177 14 0
178 12 0
179 10 0
180 13 0
181 9 0
182 8 0
183 14 0
184 12 0
185 8 0
186 9 0
187 10 0
188 17 0
189 23 0
190 19 0
191 14 0
192 14 0
193 13 0
194 13 0
195 12 0
196 4 0
197 9 0
198 49 0
199 72 0
200 48 0
201 47 0
202 80 0
203 73 0
204 44 0
205 43 0
206 37 0
207 56 0
208 130 0
209 158 0
210 148 0
211 161 0
212 154 0
213 149 0
214 154 0
215 148 0
216 169 0
217 123 0
218 47 0
219 100 0
220 120 0
221 44 0
222 41 0
223 52 0
224 39 0
225 49 0
226 48 0
227 49 0
228 58 0
229 51 0
230 42 0
231 40 0
232 41 0
233 38 0
234 42 0
235 47 0
236 41 0
237 40 0
238 44 0
239 47 0
240 44 0
241 36 0
242 37 0
243 37 0
244 36 0
245 38 0
246 38 0
247 31 0
248 27 0
249 34 0
250 36 0
251 36 0
252 17 0
253 0 0
254 0 0
255 0 0

0 0 0
1 0 0
2 0 0
3 0 0
4 0 0
5 24 0
6 42 0
7 44 0
8 49 0
9 44 0
10 48 0
11 85 0
12 98 0
13 66 0
14 42 0
15 43 0
16 45 0
17 47 0
18 49 0
19 49 0
20 46 0
21 46 0
22 49 0
23 55 0
24 52 0
25 49 0
26 56 0
27 55 0
28 56 0
29 54 0
30 46 0
31 50 0
32 47 0
33 56 0
34 53 0
35 51 0
36 127 0
37 130 0
38 57 0
39 121 0
40 191 0
41 164 0
42 161 0
43 166 0
44 164 0
45 174 0
46 168 0
47 161 0
48 154 0
49 166 0
50 175 0
51 114 0
52 45 0
53 41 0
54 56 0
55 49 0
56 61 0
57 97 0
58 83 0
59 45 0
60 47 0
61 51 0
62 47 0
63 46 0
64 23 0
65 11 0
66 22 0
67 19 0
68 13 0
69 13 0
70 16 0
71 31 0
72 53 0
73 66 0
74 71 0
75 77 0
76 82 0
77 83 0
78 78 0
79 70 0
80 65 0
81 66 0
82 67 0
83 67 0
84 69 0
85 68 0
86 66 0
87 66 0
88 66 0
89 71 0
90 76 0
91 78 0
92 80 0
93 84 0
94 83 0
95 76 0
96 70 0
97 68 0
98 71 0
99 77 0
100 85 0
101 90 0
102 83 0
103 58 0
104 34 0
105 24 0
106 18 0
107 7 0
108 4 0
109 10 0
110 12 0
111 10 0
112 9 0
113 8 0
114 12 0
115 19 0
116 23 0
117 22 0
118 20 0
119 20 0
120 22 0
121 24 0
122 24 0
123 23 0
124 28 0
125 29 0
126 26 0
127 45 0
128 82 0
129 78 0
130 34 0
131 8 0
132 7 0
133 7 0
134 7 0
135 12 0
136 30 0
137 71 0
138 112 0
139 126 0
140 122 0
141 121 0
142 129 0
143 113 0
144 57 0
145 10 0
146 1 0
147 6 0
148 10 0
149 15 0
150 11 0
151 6 0
152 10 0
153 12 0
154 10 0
155 12 0
156 12 0
157 9 0
158 9 0
159 10 0
160 11 0
161 12 0
162 15 0
163 19 0
164 20 0
165 18 0
166 13 0
167 9 0
168 10 0
169 12 0
170 11 0
171 11 0
172 12 0
173 15 0
174 19 0
175 21 0
176 22 0
177 20 0
178 15 0
179 13 0
180 14 0
181 11 0
182 8 0
183 9 0
184 7 0
185 7 0
186 11 0
187 15 0
188 12 0
189 10 0
190 15 0
191 22 0
192 22 0
193 14 0
194 14 0
195 12 0
196 6 0
197 23 0
198 58 0
199 61 0
200 44 0
201 54 0
202 76 0
203 71 0
204 69 0
205 72 0
206 44 0
207 56 0
208 135 0
209 156 0
210 136 0
211 155 0
212 150 0
213 145 0
214 159 0
215 155 0
216 169 0
217 122 0
218 50 0
219 104 0
220 118 0
221 41 0
222 41 0
223 53 0
224 40 0
225 51 0
226 49 0
227 45 0
228 51 0
229 50 0
230 44 0
231 39 0
232 44 0
233 45 0
234 44 0
235 44 0
236 38 0
237 37 0
238 45 0
239 53 0
240 49 0
241 37 0
242 37 0
243 39 0
244 38 0
245 36 0
246 36 0
247 34 0
248 31 0
249 35 0
250 38 0
251 41 0
252 19 0
253 0 0
254 0 0
255 0 0

0 0 0
1 0 0
2 0 0
3 0 0
4 0 0
5 24 0
6 46 0
7 45 0
8 46 0
9 44 0
10 49 0
11 77 0
12 88 0
13 59 0
14 43 0
15 50 0
16 50 0
17 47 0
18 48 0
19 47 0
20 45 0
21 45 0
22 51 0
23 60 0
24 58 0
25 53 0
26 56 0
27 53 0
28 53 0
29 51 0
30 47 0
31 52 0
32 47 0
33 55 0
34 55 0
35 51 0
36 126 0
37 139 0
38 65 0
39 122 0
40 191 0
41 163 0
42 162 0
43 170 0
44 169 0
45 175 0
46 163 0
47 156 0
48 150 0
49 164 0
50 177 0
51 108 0
52 38 0
53 51 0
54 78 0
55 66 0
56 56 0
57 96 0
58 100 0
59 36 0
60 31 0
61 68 0
62 61 0
63 44 0
64 25 0
65 9 0
66 16 0
67 17 0
68 9 0
69 16 0
70 34 0
71 56 0
72 68 0
73 71 0
74 78 0
75 81 0
76 83 0
77 85 0
78 81 0
79 76 0
80 74 0
81 73 0
82 68 0
83 64 0
84 65 0
85 66 0
86 69 0
87 71 0
88 68 0
89 70 0
90 75 0
91 71 0
92 72 0
93 78 0
94 73 0
95 72 0
96 80 0
97 78 0
98 70 0
99 67 0
100 71 0
101 79 0
102 87 0
103 85 0
104 72 0
105 55 0
106 36 0
107 22 0
108 17 0
109 17 0
110 14 0
111 12 0
112 12 0
113 17 0
114 31 0
115 44 0
116 45 0
117 44 0
118 45 0
119 39 0
120 31 0
121 29 0
122 26 0
123 22 0
124 24 0
125 27 0
126 24 0
127 35 0
128 62 0
129 61 0
130 26 0
131 8 0
132 12 0
133 10 0
134 10 0
135 11 0
136 14 0
137 41 0
138 78 0
139 107 0
140 129 0
141 126 0
142 93 0
143 56 0
144 28 0
145 13 0
146 15 0
147 15 0
148 11 0
149 11 0
150 9 0
151 8 0
152 11 0
153 10 0
154 9 0
155 22 0
156 32 0
157 26 0
158 12 0
159 7 0
160 8 0
161 11 0
162 15 0
163 19 0
164 17 0
165 10 0
166 6 0
167 11 0
168 22 0
169 29 0
170 36 0
171 45 0
172 49 0
173 48 0
174 46 0
175 49 0
176 54 0
177 55 0
178 55 0
179 52 0
180 45 0
181 37 0
182 29 0
183 19 0
184 9 0
185 4 0
186 9 0
187 13 0
188 11 0
189 11 0
190 12 0
191 17 0
192 19 0
193 14 0
194 15 0
195 11 0
196 3 0
197 22 0
198 50 0
199 51 0
200 44 0
201 49 0
202 62 0
203 67 0
204 71 0
205 73 0
206 55 0
207 70 0
208 139 0
209 156 0
210 134 0
211 149 0
212 154 0
213 152 0
214 156 0
215 158 0
216 178 0
217 121 0
218 47 0
219 104 0
220 118 0
221 41 0
222 41 0
223 54 0
224 41 0
225 48 0
226 43 0
227 43 0
228 51 0
229 48 0
230 44 0
231 42 0
232 44 0
233 43 0
234 43 0
235 47 0
236 42 0
237 39 0
238 43 0
239 54 0
240 52 0
241 36 0
242 35 0
243 38 0
244 38 0
245 34 0
246 34 0
247 38 0
248 36 0
249 36 0
250 37 0
251 40 0
252 19 0
253 0 0
254 0 0
255 0 0

0 0 0
1 0 0
2 0 0
3 0 0
4 0 0
5 24 0
6 46 0
7 48 0
8 46 0
9 44 0
10 50 0
11 70 0
12 76 0
13 56 0
14 47 0
15 51 0
16 48 0
17 46 0
18 46 0
19 47 0
20 50 0
21 52 0
22 53 0
23 55 0
24 53 0
25 52 0
26 53 0
27 51 0
28 51 0
29 51 0
30 50 0
31 56 0
32 47 0
33 52 0
34 53 0
35 46 0
36 114 0
37 133 0
38 64 0
39 111 0
40 179 0
41 161 0
42 171 0
43 176 0
44 162 0
45 173 0
46 169 0
47 167 0
48 161 0
49 165 0
50 174 0
51 109 0
52 48 0
53 64 0
54 76 0
55 57 0
56 44 0
57 79 0
58 110 0
59 62 0
60 34 0
61 67 0
62 75 0
63 61 0
64 38 0
65 13 0
66 12 0
67 11 0
68 14 0
69 41 0
70 60 0
71 70 0
72 76 0
73 77 0
74 82 0
75 88 0
76 93 0
77 91 0
78 82 0
79 78 0
80 72 0
81 59 0
82 57 0
83 67 0
84 77 0
85 84 0
86 87 0
87 87 0
88 80 0
89 77 0
90 79 0
91 76 0
92 81 0
93 90 0
94 81 0
95 76 0
96 86 0
97 86 0
98 75 0
99 70 0
100 68 0
101 66 0
102 67 0
103 75 0
104 87 0
105 91 0
106 79 0
107 61 0
108 49 0
109 45 0
110 45 0
111 52 0
112 56 0
113 53 0
114 56 0
115 58 0
116 53 0
117 54 0
118 64 0
119 60 0
120 47 0
121 39 0
122 32 0
123 23 0
124 21 0
125 27 0
126 32 0
127 40 0
128 52 0
129 41 0
130 12 0
131 3 0
132 11 0
133 10 0
134 9 0
135 7 0
136 7 0
137 31 0
138 67 0
139 103 0
140 130 0
141 106 0
142 43 0
143 10 0
144 10 0
145 9 0
146 11 0
147 16 0
148 16 0
149 12 0
150 8 0
151 11 0
152 19 0
153 17 0
154 9 0
155 14 0
156 22 0
157 19 0
158 9 0
159 7 0
160 7 0
161 6 0
162 7 0
163 7 0
164 12 0
165 22 0
166 26 0
167 28 0
168 29 0
169 26 0
170 21 0
171 19 0
172 21 0
173 18 0
174 10 0
175 10 0
176 18 0
177 20 0
178 22 0
179 30 0
180 38 0
181 45 0
182 51 0
183 53 0
184 45 0
185 31 0
186 21 0
187 9 0
188 6 0
189 11 0
190 13 0
191 14 0
192 13 0
193 12 0
194 17 0
195 13 0
196 7 0
197 17 0
198 32 0
199 45 0
200 45 0
201 38 0
202 51 0
203 63 0
204 47 0
205 36 0
206 52 0
207 101 0
208 154 0
209 153 0
210 136 0
211 148 0
212 153 0
213 153 0
214 147 0
215 145 0
216 168 0
217 110 0
218 41 0
219 107 0
220 122 0
221 43 0
222 38 0
223 51 0
224 46 0
225 51 0
226 43 0
227 44 0
228 50 0
229 43 0
230 39 0
231 40 0
232 45 0
233 42 0
234 45 0
235 51 0
236 43 0
237 39 0
238 41 0
239 48 0
240 48 0
241 39 0
242 39 0
243 38 0
244 37 0
245 36 0
246 33 0
247 37 0
248 36 0
249 37 0
250 35 0
251 34 0
252 16 0
253 0 0
254 0 0
255 0 0

0 0 0
1 0 0
2 0 0
3 0 0
4 0 0
5 25 0
6 46 0
7 47 0
8 47 0
9 46 0
10 53 0
11 65 0
12 64 0
13 52 0
14 48 0
15 46 0
16 46 0
17 49 0
18 47 0
19 48 0
20 51 0
21 51 0
22 51 0
23 51 0
24 51 0
25 50 0
26 52 0
27 51 0
28 54 0
29 53 0
30 50 0
31 55 0
32 48 0
33 52 0
34 56 0
35 46 0
36 94 0
37 111 0
38 61 0
39 113 0
40 182 0
41 163 0
42 165 0
43 172 0
44 165 0
45 175 0
46 166 0
47 163 0
48 166 0
49 161 0
50 169 0
51 139 0
52 83 0
53 61 0
54 53 0
55 54 0
56 49 0
57 53 0
58 89 0
59 91 0
60 71 0
61 77 0
62 65 0
63 37 0
64 26 0
65 16 0
66 10 0
67 18 0
68 39 0
69 67 0
70 78 0
71 82 0
72 89 0
73 85 0
74 78 0
75 81 0
76 86 0
77 88 0
78 85 0
79 84 0
80 73 0
81 59 0
82 66 0
83 82 0
84 89 0
85 93 0
86 95 0
87 91 0
88 86 0
89 86 0
90 88 0
91 82 0
92 79 0
93 88 0
94 93 0
95 92 0
96 94 0
97 86 0
98 77 0
99 77 0
100 74 0
101 68 0
102 68 0
103 67 0
104 70 0
105 82 0
106 95 0
107 100 0
108 102 0
109 107 0
110 110 0
111 110 0
112 103 0
113 83 0
114 65 0
115 61 0
116 60 0
117 59 0
118 63 0
119 64 0
120 58 0
121 51 0
122 43 0
123 32 0
124 25 0
125 31 0
126 44 0
127 53 0
128 54 0
129 37 0
130 11 0
131 3 0
132 9 0
133 11 0
134 14 0
135 9 0
136 6 0
137 27 0
138 58 0
139 85 0
140 100 0
141 74 0
142 31 0
143 19 0
144 20 0
145 12 0
146 12 0
147 16 0
148 19 0
149 22 0
150 20 0
151 19 0
152 22 0
153 17 0
154 9 0
155 10 0
156 13 0
157 9 0
158 7 0
159 4 0
160 4 0
161 12 0
162 24 0
163 29 0
164 29 0
165 26 0
166 20 0
167 21 0
168 28 0
169 31 0
170 30 0
171 24 0
172 28 0
173 45 0
174 54 0
175 53 0
176 52 0
177 44 0
178 34 0
179 25 0
180 16 0
181 9 0
182 11 0
183 23 0
184 37 0
185 48 0
186 51 0
187 41 0
188 26 0
189 15 0
190 10 0
191 12 0
192 14 0
193 13 0
194 14 0
195 10 0
196 7 0
197 14 0
198 29 0
199 49 0
200 53 0
201 44 0
202 50 0
203 58 0
204 55 0
205 49 0
206 51 0
207 99 0
208 160 0
209 157 0
210 142 0
211 156 0
212 151 0
213 151 0
214 149 0
215 137 0
216 152 0
217 100 0
218 45 0
219 118 0
220 129 0
221 45 0
222 40 0
223 51 0
224 43 0
225 49 0
226 43 0
227 42 0
228 47 0
229 45 0
230 41 0
231 41 0
232 46 0
233 43 0
234 46 0
235 52 0
236 42 0
237 40 0
238 43 0
239 46 0
240 46 0
241 39 0
242 41 0
243 41 0
244 39 0
245 38 0
246 36 0
247 38 0
248 35 0
249 36 0
250 34 0
251 30 0
252 14 0
253 0 0
254 0 0
255 0 0

0 0 0
1 0 0
2 0 0
3 0 0
4 0 0
5 25 0
6 46 0
7 47 0
8 50 0
9 50 0
10 52 0
11 59 0
12 56 0
13 47 0
14 47 0
15 46 0
16 49 0
17 50 0
18 47 0
19 50 0
20 50 0
21 48 0
22 53 0
23 56 0
24 52 0
25 49 0
26 51 0
27 51 0
28 53 0
29 51 0
30 50 0
31 56 0
32 50 0
33 51 0
34 56 0
35 51 0
36 102 0
37 119 0
38 65 0
39 112 0
40 186 0
41 171 0
42 166 0
43 168 0
44 161 0
45 170 0
46 163 0
47 164 0
48 169 0
49 160 0
50 170 0
51 151 0
52 87 0
53 51 0
54 50 0
55 60 0
56 57 0
57 48 0
58 61 0
59 68 0
60 76 0
61 91 0
62 60 0
63 24 0
64 25 0
65 20 0
66 20 0
67 46 0
68 66 0
69 74 0
70 78 0
71 81 0
72 86 0
73 88 0
74 88 0
75 88 0
76 85 0
77 85 0
78 84 0
79 80 0
80 73 0
81 72 0
82 86 0
83 95 0
84 91 0
85 91 0
86 92 0
87 87 0
88 87 0
89 93 0
90 95 0
91 87 0
92 80 0
93 83 0
94 88 0
95 90 0
96 88 0
97 79 0
98 77 0
99 85 0
100 80 0
101 68 0
102 67 0
103 68 0
104 63 0
105 61 0
106 66 0
107 77 0
108 95 0
109 121 0
110 130 0
111 104 0
112 72 0
113 59 0
114 56 0
115 57 0
116 59 0
117 57 0
118 55 0
119 57 0
120 57 0
121 51 0
122 43 0
123 35 0
124 25 0
125 23 0
126 31 0
127 42 0
128 48 0
129 32 0
130 10 0
131 9 0
132 16 0
133 16 0
134 19 0
135 12 0
136 4 0
137 20 0
138 52 0
139 83 0
140 97 0
141 66 0
142 22 0
143 15 0
144 19 0
145 12 0
146 9 0
147 7 0
148 10 0
149 19 0
150 20 0
151 16 0
152 15 0
153 11 0
154 9 0
155 12 0
156 9 0
157 1 0
158 2 0
159 13 0
160 21 0
161 25 0
162 23 0
163 15 0
164 20 0
165 46 0
166 81 0
167 114 0
168 133 0
169 142 0
170 148 0
171 143 0
172 137 0
173 147 0
174 155 0
175 157 0
176 159 0
177 156 0
178 145 0
179 128 0
180 107 0
181 83 0
182 53 0
183 25 0
184 9 0
185 9 0
186 27 0
187 50 0
188 57 0
189 44 0
190 22 0
191 11 0
192 13 0
193 17 0
194 18 0
195 13 0
196 3 0
197 13 0
198 38 0
199 48 0
200 49 0
201 64 0
202 72 0
203 54 0
204 57 0
205 72 0
206 48 0
207 61 0
208 139 0
209 161 0
210 150 0
211 158 0
212 143 0
213 149 0
214 164 0
215 153 0
216 157 0
217 100 0
218 51 0
219 126 0
220 129 0
221 45 0
222 42 0
223 52 0
224 43 0
225 48 0
226 43 0
227 42 0
228 46 0
229 46 0
230 43 0
231 40 0
232 45 0
233 42 0
234 43 0
235 48 0
236 42 0
237 42 0
238 43 0
239 42 0
240 39 0
241 35 0
242 44 0
243 47 0
244 41 0
245 37 0
246 36 0
247 39 0
248 34 0
249 36 0
250 36 0
251 30 0
252 14 0
253 0 0
254 0 0
255 0 0

0 0 0
1 0 0
2 0 0
3 0 0
4 0 0
5 24 0
6 47 0
7 51 0
8 53 0
9 52 0
10 51 0
11 51 0
12 48 0
13 45 0
14 47 0
15 46 0
16 48 0
17 49 0
18 45 0
19 49 0
20 53 0
21 53 0
22 53 0
23 53 0
24 51 0
25 48 0
26 50 0
27 50 0
28 53 0
29 52 0
30 49 0
31 54 0
32 49 0
33 53 0
34 57 0
35 54 0
36 115 0
37 136 0
38 68 0
39 105 0
40 183 0
41 171 0
42 167 0
43 171 0
44 162 0
45 173 0
46 166 0
47 162 0
48 164 0
49 162 0
50 169 0
51 124 0
52 58 0
53 47 0
54 57 0
55 58 0
56 51 0
57 51 0
58 54 0
59 43 0
60 59 0
61 80 0
62 53 0
63 34 0
64 31 0
65 18 0
66 31 0
67 62 0
68 74 0
69 78 0
70 82 0
71 82 0
72 76 0
73 77 0
74 88 0
75 93 0
76 88 0
77 85 0
78 75 0
79 68 0
80 74 0
81 84 0
82 93 0
83 95 0
84 92 0
85 93 0
86 95 0
87 93 0
88 93 0
89 90 0
90 88 0
91 88 0
92 85 0
93 85 0
94 93 0
95 95 0
96 83 0
97 73 0
98 80 0
99 89 0
100 81 0
101 68 0
102 63 0
103 65 0
104 68 0
105 65 0
106 60 0
107 56 0
108 57 0
109 83 0
110 115 0
111 99 0
112 57 0
113 44 0
114 51 0
115 54 0
116 57 0
117 55 0
118 51 0
119 53 0
120 55 0
121 54 0
122 49 0
123 41 0
124 32 0
125 27 0
126 33 0
127 47 0
128 51 0
129 30 0
130 11 0
131 18 0
132 27 0
133 23 0
134 19 0
135 14 0
136 8 0
137 19 0
138 44 0
139 83 0
140 111 0
141 74 0
142 17 0
143 9 0
144 18 0
145 14 0
146 11 0
147 11 0
148 13 0
149 15 0
150 12 0
151 10 0
152 12 0
153 9 0
154 8 0
155 7 0
156 9 0
157 17 0
158 26 0
159 29 0
160 29 0
161 44 0
162 73 0
163 106 0
164 139 0
165 169 0
166 189 0
167 196 0
168 191 0
169 182 0
170 174 0
171 162 0
172 156 0
173 154 0
174 149 0
175 149 0
176 159 0
177 164 0
178 161 0
179 158 0
180 161 0
181 164 0
182 157 0
183 134 0
184 94 0
185 49 0
186 16 0
187 4 0
188 19 0
189 44 0
190 50 0
191 34 0
192 14 0
193 7 0
194 14 0
195 18 0
196 9 0
197 14 0
198 37 0
199 50 0
200 53 0
201 68 0
202 77 0
203 56 0
204 43 0
205 60 0
206 48 0
207 52 0
208 126 0
209 158 0
210 145 0
211 153 0
212 142 0
213 141 0
214 158 0
215 165 0
216 176 0
217 106 0
218 49 0
219 122 0
220 122 0
221 42 0
222 42 0
223 53 0
224 46 0
225 50 0
226 46 0
227 47 0
228 48 0
229 44 0
230 41 0
231 42 0
232 47 0
233 43 0
234 44 0
235 49 0
236 43 0
237 44 0
238 44 0
239 42 0
240 36 0
241 34 0
242 46 0
243 47 0
244 38 0
245 36 0
246 39 0
247 41 0
248 32 0
249 31 0
250 38 0
251 33 0
252 16 0
253 0 0
254 0 0
255 0 0

0 0 0
1 0 0
2 0 0
3 0 0
4 0 0
5 26 0
6 50 0
7 53 0
8 52 0
9 55 0
10 54 0
11 49 0
12 44 0
13 45 0
14 48 0
15 48 0
16 48 0
17 50 0
18 46 0
19 47 0
20 51 0
21 51 0
22 48 0
23 50 0
24 52 0
25 51 0
26 51 0
27 51 0
28 53 0
29 52 0
30 50 0
31 55 0
32 50 0
33 56 0
34 58 0
35 45 0
36 104 0
37 137 0
38 68 0
39 96 0
40 176 0
41 167 0
42 168 0
43 176 0
44 167 0
45 179 0
46 169 0
47 153 0
48 155 0
49 169 0
50 174 0
51 117 0
52 53 0
53 47 0
54 57 0
55 55 0
56 48 0
57 56 0
58 60 0
59 46 0
60 58 0
61 70 0
62 51 0
63 41 0
64 26 0
65 22 0
66 54 0
67 71 0
68 69 0
69 74 0
70 79 0
71 87 0
72 89 0
73 86 0
74 94 0
75 98 0
76 98 0
77 100 0
78 82 0
79 63 0
80 76 0
81 91 0
82 92 0
83 94 0
84 98 0
85 97 0
86 94 0
87 96 0
88 103 0
89 105 0
90 97 0
91 91 0
92 86 0
93 82 0
94 88 0
95 82 0
96 63 0
97 65 0
98 84 0
99 90 0
100 81 0
101 72 0
102 66 0
103 65 0
104 66 0
105 66 0
106 67 0
107 68 0
108 63 0
109 63 0
110 78 0
111 78 0
112 57 0
113 49 0
114 53 0
115 53 0
116 54 0
117 57 0
118 59 0
119 59 0
120 54 0
121 52 0
122 53 0
123 49 0
124 41 0
125 34 0
126 39 0
127 55 0
128 57 0
129 32 0
130 10 0
131 14 0
132 22 0
133 20 0
134 22 0
135 23 0
136 21 0
137 24 0
138 39 0
139 85 0
140 125 0
141 85 0
142 18 0
143 9 0
144 19 0
145 13 0
146 9 0
147 6 0
148 8 0
149 16 0
150 14 0
151 9 0
152 7 0
153 10 0
154 21 0
155 24 0
156 25 0
157 36 0
158 46 0
159 61 0
160 89 0
161 118 0
162 143 0
163 174 0
164 193 0
165 181 0
166 156 0
167 148 0
168 164 0
169 188 0
170 198 0
171 182 0
172 162 0
173 155 0
174 150 0
175 148 0
176 152 0
177 150 0
178 147 0
179 150 0
180 152 0
181 152 0
182 158 0
183 164 0
184 161 0
185 152 0
186 125 0
187 74 0
188 26 0
189 14 0
190 34 0
191 55 0
192 48 0
193 20 0
194 7 0
195 13 0
196 14 0
197 11 0
198 15 0
199 41 0
200 71 0
201 62 0
202 53 0
203 56 0
204 43 0
205 49 0
206 49 0
207 46 0
208 111 0
209 157 0
210 151 0
211 160 0
212 154 0
213 147 0
214 147 0
215 157 0
216 181 0
217 109 0
218 46 0
219 118 0
220 116 0
221 39 0
222 44 0
223 54 0
224 43 0
225 46 0
226 45 0
227 46 0
228 46 0
229 42 0
230 40 0
231 42 0
232 45 0
233 41 0
234 43 0
235 47 0
236 43 0
237 41 0
238 39 0
239 41 0
240 39 0
241 36 0
242 46 0
243 45 0
244 38 0
245 41 0
246 42 0
247 41 0
248 32 0
249 32 0
250 43 0
251 40 0
252 19 0
253 0 0
254 0 0
255 0 0

0 0 0
1 0 0
2 0 0
3 0 0
4 0 0
5 27 0
6 53 0
7 50 0
8 48 0
9 53 0
10 53 0
11 50 0
12 48 0
13 46 0
14 48 0
15 48 0
16 46 0
17 50 0
18 51 0
19 51 0
20 52 0
21 51 0
22 50 0
23 52 0
24 52 0
25 49 0
26 51 0
27 51 0
28 52 0
29 51 0
30 50 0
31 58 0
32 53 0
33 54 0
34 60 0
35 46 0
36 100 0
37 141 0
38 70 0
39 86 0
40 178 0
41 176 0
42 166 0
43 173 0
44 163 0
45 173 0
46 154 0
47 122 0
48 133 0
49 166 0
50 171 0
51 116 0
52 53 0
53 47 0
54 61 0
55 53 0
56 41 0
57 57 0
58 66 0
59 53 0
60 64 0
61 77 0
62 68 0
63 56 0
64 34 0
65 41 0
66 74 0
67 76 0
68 67 0
69 74 0
70 80 0
71 88 0
72 89 0
73 88 0
74 91 0
75 80 0
76 73 0
77 87 0
78 83 0
79 66 0
80 79 0
81 92 0
82 84 0
83 86 0
84 95 0
85 94 0
86 92 0
87 85 0
88 81 0
89 89 0
90 93 0
91 93 0
92 88 0
93 77 0
94 74 0
95 78 0
96 79 0
97 86 0
98 90 0
99 84 0
100 78 0
101 73 0
102 73 0
103 76 0
104 72 0
105 64 0
106 61 0
107 66 0
108 69 0
109 65 0
110 65 0
111 65 0
112 58 0
113 55 0
114 57 0
115 56 0
116 56 0
117 57 0
118 57 0
119 57 0
120 52 0
121 49 0
122 49 0
123 45 0
124 40 0
125 36 0
126 36 0
127 45 0
128 49 0
129 32 0
130 15 0
131 21 0
132 29 0
133 23 0
134 23 0
135 26 0
136 25 0
137 23 0
138 25 0
139 69 0
140 132 0
141 111 0
142 35 0
143 10 0
144 17 0
145 14 0
146 14 0
147 12 0
148 11 0
149 15 0
150 8 0
151 3 0
152 14 0
153 26 0
154 29 0
155 27 0
156 39 0
157 61 0
158 72 0
159 86 0
160 98 0
161 78 0
162 52 0
163 58 0
164 78 0
165 76 0
166 58 0
167 53 0
168 65 0
169 90 0
170 131 0
171 171 0
172 187 0
173 177 0
174 158 0
175 152 0
176 158 0
177 157 0
178 151 0
179 152 0
180 154 0
181 154 0
182 156 0
183 154 0
184 151 0
185 157 0
186 168 0
187 166 0
188 133 0
189 73 0
190 25 0
191 23 0
192 49 0
193 51 0
194 29 0
195 12 0
196 11 0
197 18 0
198 21 0
199 45 0
200 83 0
201 66 0
202 42 0
203 61 0
204 53 0
205 48 0
206 51 0
207 41 0
208 98 0
209 156 0
210 149 0
211 149 0
212 150 0
213 154 0
214 154 0
215 150 0
216 164 0
217 95 0
218 41 0
219 122 0
220 118 0
221 40 0
222 46 0
223 53 0
224 41 0
225 45 0
226 46 0
227 49 0
228 48 0
229 44 0
230 43 0
231 44 0
232 45 0
233 41 0
234 43 0
235 45 0
236 42 0
237 43 0
238 40 0
239 39 0
240 40 0
241 39 0
242 44 0
243 43 0
244 39 0
245 42 0
246 39 0
247 38 0
248 37 0
249 38 0
250 40 0
251 36 0
252 17 0
253 0 0
254 0 0
255 0 0

0 0 0
1 0 0
2 0 0
3 0 0
4 0 0
5 26 0
6 52 0
7 51 0
8 52 0
9 53 0
10 49 0
11 45 0
12 49 0
13 51 0
14 49 0
15 46 0
16 46 0
17 51 0
18 50 0
19 48 0
20 50 0
21 51 0
22 51 0
23 52 0
24 50 0
25 47 0
26 52 0
27 54 0
28 54 0
29 51 0
30 46 0
31 55 0
32 52 0
33 51 0
34 58 0
35 44 0
36 90 0
37 140 0
38 72 0
39 77 0
40 170 0
41 172 0
42 166 0
43 182 0
44 171 0
45 179 0
46 147 0
47 90 0
48 113 0
49 166 0
50 171 0
51 121 0
52 58 0
53 44 0
54 63 0
55 62 0
56 50 0
57 54 0
58 61 0
59 56 0
60 59 0
61 79 0
62 89 0
63 68 0
64 44 0
65 57 0
66 75 0
67 73 0
68 78 0
69 87 0
70 89 0
71 90 0
72 86 0
73 88 0
74 95 0
75 82 0
76 64 0
77 70 0
78 78 0
79 77 0
80 85 0
81 90 0
82 82 0
83 89 0
84 98 0
85 95 0
86 96 0
87 93 0
88 85 0
89 89 0
90 97 0
91 100 0
92 98 0
93 77 0
94 51 0
95 48 0
96 66 0
97 83 0
98 88 0
99 84 0
100 77 0
101 73 0
102 78 0
103 81 0
104 77 0
105 70 0
106 64 0
107 61 0
108 58 0
109 53 0
110 56 0
111 58 0
112 49 0
113 48 0
114 55 0
115 57 0
116 56 0
117 56 0
118 53 0
119 51 0
120 49 0
121 49 0
122 49 0
123 46 0
124 40 0
125 36 0
126 40 0
127 51 0
128 55 0
129 42 0
130 26 0
131 25 0
132 31 0
133 26 0
134 26 0
135 24 0
136 22 0
137 27 0
138 24 0
139 46 0
140 117 0
141 126 0
142 46 0
143 3 0
144 11 0
145 11 0
146 10 0
147 12 0
148 7 0
149 5 0
150 13 0
151 29 0
152 37 0
153 31 0
154 38 0
155 64 0
156 88 0
157 91 0
158 72 0
159 53 0
160 43 0
161 39 0
162 40 0
163 45 0
164 49 0
165 49 0
166 42 0
167 38 0
168 35 0
169 30 0
170 42 0
171 84 0
172 142 0
173 182 0
174 186 0
175 168 0
176 156 0
177 156 0
178 157 0
179 151 0
180 145 0
181 147 0
182 152 0
183 157 0
184 161 0
185 156 0
186 147 0
187 153 0
188 167 0
189 162 0
190 116 0
191 45 0
192 14 0
193 34 0
194 49 0
195 31 0
196 4 0
197 13 0
198 36 0
199 47 0
200 73 0
201 68 0
202 42 0
203 56 0
204 50 0
205 45 0
206 53 0
207 40 0
208 87 0
209 151 0
210 152 0
211 155 0
212 151 0
213 143 0
214 148 0
215 153 0
216 161 0
217 90 0
218 44 0
219 117 0
220 105 0
221 37 0
222 50 0
223 53 0
224 42 0
225 47 0
226 47 0
227 49 0
228 46 0
229 41 0
230 41 0
231 42 0
232 43 0
233 40 0
234 45 0
235 44 0
236 40 0
237 43 0
238 43 0
239 42 0
240 42 0
241 40 0
242 43 0
243 43 0
244 39 0
245 39 0
246 36 0
247 36 0
248 37 0
249 35 0
250 36 0
251 36 0
252 17 0
253 0 0
254 0 0
255 0 0

0 0 0
1 0 0
2 0 0
3 0 0
4 0 0
5 29 0
6 55 0
7 51 0
8 53 0
9 55 0
10 49 0
11 44 0
12 49 0
13 52 0
14 50 0
15 49 0
16 51 0
17 53 0
18 49 0
19 46 0
20 49 0
21 51 0
22 50 0
23 52 0
24 55 0
25 53 0
26 55 0
27 57 0
28 56 0
29 54 0
30 48 0
31 54 0
32 53 0
33 53 0
34 59 0
35 41 0
36 85 0
37 147 0
38 85 0
39 73 0
40 165 0
41 179 0
42 177 0
43 187 0
44 162 0
45 178 0
46 156 0
47 79 0
48 102 0
49 171 0
50 169 0
51 120 0
52 67 0
53 49 0
54 64 0
55 69 0
56 58 0
57 51 0
58 62 0
59 66 0
60 62 0
61 107 0
62 141 0
63 89 0
64 49 0
65 68 0
66 74 0
67 71 0
68 82 0
69 81 0
70 80 0
71 90 0
72 92 0
73 93 0
74 102 0
75 105 0
76 99 0
77 97 0
78 93 0
79 86 0
80 88 0
81 96 0
82 100 0
83 105 0
84 101 0
85 90 0
86 88 0
87 82 0
88 73 0
89 82 0
90 92 0
91 95 0
92 101 0
93 98 0
94 76 0
95 59 0
96 66 0
97 75 0
98 76 0
99 79 0
100 77 0
101 73 0
102 76 0
103 75 0
104 73 0
105 76 0
106 73 0
107 68 0
108 66 0
109 63 0
110 63 0
111 56 0
112 47 0
113 53 0
114 65 0
115 62 0
116 53 0
117 53 0
118 57 0
119 59 0
120 58 0
121 53 0
122 51 0
123 48 0
124 39 0
125 29 0
126 36 0
127 51 0
128 56 0
129 48 0
130 34 0
131 25 0
132 21 0
133 15 0
134 18 0
135 18 0
136 13 0
137 27 0
138 34 0
139 43 0
140 102 0
141 129 0
142 58 0
143 8 0
144 23 0
145 25 0
146 16 0
147 23 0
148 32 0
149 49 0
150 64 0
151 57 0
152 41 0
153 53 0
154 88 0
155 102 0
156 74 0
157 47 0
158 44 0
159 47 0
160 47 0
161 49 0
162 49 0
163 49 0
164 53 0
165 56 0
166 49 0
167 43 0
168 46 0
169 49 0
170 46 0
171 41 0
172 51 0
173 94 0
174 151 0
175 181 0
176 174 0
177 160 0
178 153 0
179 153 0
180 154 0
181 154 0
182 148 0
183 143 0
184 150 0
185 159 0
186 156 0
187 152 0
188 149 0
189 158 0
190 173 0
191 144 0
192 72 0
193 19 0
194 27 0
195 50 0
196 19 0
197 3 0
198 45 0
199 65 0
200 70 0
201 70 0
202 45 0
203 45 0
204 49 0
205 54 0
206 62 0
207 39 0
208 78 0
209 149 0
210 154 0
211 157 0
212 159 0
213 142 0
214 139 0
215 152 0
216 159 0
217 88 0
218 51 0
219 121 0
220 99 0
221 31 0
222 49 0
223 52 0
224 45 0
225 49 0
226 46 0
227 50 0
228 45 0
229 41 0
230 44 0
231 45 0
232 46 0
233 41 0
234 41 0
235 41 0
236 41 0
237 44 0
238 41 0
239 42 0
240 43 0
241 38 0
242 43 0
243 46 0
244 39 0
245 38 0
246 36 0
247 36 0
248 37 0
249 36 0
250 38 0
251 39 0
252 18 0
253 0 0
254 0 0
255 0 0

0 0 0
1 0 0
2 0 0
3 0 0
4 0 0
5 29 0
6 55 0
7 52 0
8 51 0
9 51 0
10 48 0
11 47 0
12 49 0
13 49 0
14 49 0
15 51 0
16 51 0
17 53 0
18 55 0
19 51 0
20 48 0
21 49 0
22 52 0
23 54 0
24 53 0
25 52 0
26 54 0
27 54 0
28 53 0
29 54 0
30 55 0
31 62 0
32 54 0
33 49 0
34 61 0
35 46 0
36 82 0
37 147 0
38 90 0
39 65 0
40 160 0
41 184 0
42 172 0
43 177 0
44 153 0
45 171 0
46 156 0
47 73 0
48 88 0
49 162 0
50 171 0
51 135 0
52 83 0
53 51 0
54 55 0
55 59 0
56 53 0
57 56 0
58 81 0
59 80 0
60 69 0
61 128 0
62 164 0
63 96 0
64 54 0
65 72 0
66 73 0
67 72 0
68 81 0
69 78 0
70 82 0
71 91 0
72 88 0
73 88 0
74 93 0
75 88 0
76 85 0
77 91 0
78 93 0
79 86 0
80 89 0
81 96 0
82 96 0
83 99 0
84 101 0
85 93 0
86 85 0
87 76 0
88 73 0
89 87 0
90 99 0
91 98 0
92 98 0
93 96 0
94 76 0
95 63 0
96 73 0
97 80 0
98 72 0
99 71 0
100 73 0
101 70 0
102 70 0
103 70 0
104 68 0
105 71 0
106 72 0
107 71 0
108 71 0
109 68 0
110 63 0
111 57 0
112 49 0
113 51 0
114 59 0
115 59 0
116 57 0
117 59 0
118 60 0
119 56 0
120 54 0
121 53 0
122 54 0
123 53 0
124 41 0
125 23 0
126 27 0
127 47 0
128 54 0
129 46 0
130 30 0
131 22 0
132 20 0
133 12 0
134 11 0
135 17 0
136 14 0
137 26 0
138 40 0
139 44 0
140 103 0
141 164 0
142 109 0
143 28 0
144 23 0
145 29 0
146 29 0
147 51 0
148 61 0
149 53 0
150 36 0
151 34 0
152 69 0
153 102 0
154 88 0
155 58 0
156 46 0
157 51 0
158 59 0
159 56 0
160 46 0
161 46 0
162 47 0
163 47 0
164 51 0
165 50 0
166 42 0
167 38 0
168 38 0
169 37 0
170 38 0
171 43 0
172 43 0
173 44 0
174 70 0
175 122 0
176 171 0
177 190 0
178 171 0
179 150 0
180 152 0
181 159 0
182 158 0
183 145 0
184 143 0
185 154 0
186 156 0
187 154 0
188 151 0
189 147 0
190 156 0
191 166 0
192 151 0
193 79 0
194 16 0
195 37 0
196 41 0
197 10 0
198 51 0
199 93 0
200 88 0
201 80 0
202 57 0
203 47 0
204 54 0
205 60 0
206 65 0
207 42 0
208 67 0
209 133 0
210 144 0
211 149 0
212 166 0
213 159 0
214 150 0
215 156 0
216 152 0
217 73 0
218 51 0
219 127 0
220 97 0
221 31 0
222 49 0
223 49 0
224 46 0
225 51 0
226 44 0
227 48 0
228 43 0
229 41 0
230 44 0
231 41 0
232 45 0
233 44 0
234 43 0
235 45 0
236 47 0
237 46 0
238 40 0
239 43 0
240 44 0
241 35 0
242 39 0
243 45 0
244 40 0
245 36 0
246 34 0
247 36 0
248 38 0
249 39 0
250 40 0
251 39 0
252 18 0
253 0 0
254 0 0
255 0 0

0 0 0
1 0 0
2 0 0
3 0 0
4 0 0
5 29 0
6 55 0
7 54 0
8 53 0
9 51 0
10 51 0
11 52 0
12 52 0
13 51 0
14 50 0
15 51 0
16 51 0
17 52 0
18 55 0
19 55 0
20 55 0
21 55 0
22 54 0
23 53 0
24 51 0
25 52 0
26 53 0
27 53 0
28 54 0
29 52 0
30 53 0
31 63 0
32 56 0
33 46 0
34 58 0
35 44 0
36 71 0
37 144 0
38 98 0
39 55 0
40 148 0
41 179 0
42 157 0
43 172 0
44 168 0
45 183 0
46 163 0
47 78 0
48 86 0
49 161 0
50 181 0
51 139 0
52 77 0
53 46 0
54 51 0
55 59 0
56 49 0
57 60 0
58 125 0
59 134 0
60 81 0
61 86 0
62 97 0
63 63 0
64 58 0
65 72 0
66 71 0
67 77 0
68 86 0
69 86 0
70 88 0
71 90 0
72 88 0
73 88 0
74 96 0
75 98 0
76 94 0
77 95 0
78 92 0
79 85 0
80 93 0
81 93 0
82 73 0
83 72 0
84 91 0
85 90 0
86 76 0
87 73 0
88 79 0
89 92 0
90 102 0
91 100 0
92 98 0
93 95 0
94 77 0
95 61 0
96 65 0
97 76 0
98 73 0
99 70 0
100 73 0
101 71 0
102 67 0
103 70 0
104 73 0
105 74 0
106 73 0
107 68 0
108 64 0
109 56 0
110 51 0
111 51 0
112 44 0
113 55 0
114 87 0
115 94 0
116 73 0
117 65 0
118 69 0
119 62 0
120 55 0
121 58 0
122 62 0
123 63 0
124 56 0
125 31 0
126 22 0
127 42 0
128 58 0
129 58 0
130 49 0
131 37 0
132 34 0
133 23 0
134 12 0
135 19 0
136 19 0
137 30 0
138 53 0
139 50 0
140 88 0
141 163 0
142 137 0
143 58 0
144 51 0
145 62 0
146 56 0
147 54 0
148 40 0
149 32 0
150 59 0
151 113 0
152 164 0
153 148 0
154 80 0
155 51 0
156 58 0
157 54 0
158 51 0
159 49 0
160 43 0
161 41 0
162 43 0
163 45 0
164 50 0
165 50 0
166 46 0
167 44 0
168 47 0
169 47 0
170 40 0
171 39 0
172 47 0
173 49 0
174 52 0
175 61 0
176 88 0
177 143 0
178 181 0
179 175 0
180 156 0
181 154 0
182 162 0
183 155 0
184 141 0
185 149 0
186 160 0
187 158 0
188 152 0
189 152 0
190 154 0
191 150 0
192 166 0
193 158 0
194 74 0
195 23 0
196 35 0
197 30 0
198 52 0
199 88 0
200 83 0
201 78 0
202 74 0
203 58 0
204 50 0
205 52 0
206 63 0
207 79 0
208 110 0
209 138 0
210 143 0
211 151 0
212 155 0
213 146 0
214 146 0
215 169 0
216 164 0
217 75 0
218 60 0
219 131 0
220 87 0
221 31 0
222 53 0
223 44 0
224 42 0
225 51 0
226 46 0
227 49 0
228 43 0
229 42 0
230 42 0
231 38 0
232 43 0
233 42 0
234 44 0
235 49 0
236 47 0
237 44 0
238 40 0
239 44 0
240 46 0
241 40 0
242 39 0
243 41 0
244 39 0
245 34 0
246 36 0
247 39 0
248 38 0
249 37 0
250 41 0
251 41 0
252 19 0
253 0 0
254 0 0
255 0 0

0 0 0
1 0 0
2 0 0
3 0 0
4 0 0
5 32 0
6 56 0
7 55 0
8 53 0
9 54 0
10 54 0
11 51 0
12 51 0
13 51 0
14 49 0
15 51 0
16 51 0
17 50 0
18 49 0
19 51 0
20 54 0
21 56 0
22 52 0
23 49 0
24 53 0
25 54 0
26 51 0
27 54 0
28 58 0
29 54 0
30 51 0
31 61 0
32 60 0
33 51 0
34 61 0
35 47 0
36 63 0
37 144 0
38 112 0
39 51 0
40 131 0
41 184 0
42 178 0
43 188 0
44 171 0
45 176 0
46 161 0
47 79 0
48 82 0
49 163 0
50 162 0
51 88 0
52 49 0
53 48 0
54 52 0
55 62 0
56 45 0
57 65 0
58 157 0
59 160 0
60 85 0
61 74 0
62 76 0
63 60 0
64 67 0
65 70 0
66 66 0
67 71 0
68 80 0
69 85 0
70 82 0
71 84 0
72 93 0
73 93 0
74 93 0
75 92 0
76 90 0
77 93 0
78 90 0
79 85 0
80 94 0
81 105 0
82 100 0
83 98 0
84 103 0
85 97 0
86 91 0
87 94 0
88 91 0
89 88 0
90 94 0
91 98 0
92 100 0
93 104 0
94 94 0
95 73 0
96 68 0
97 80 0
98 80 0
99 71 0
100 73 0
101 75 0
102 72 0
103 72 0
104 72 0
105 72 0
106 69 0
107 64 0
108 66 0
109 61 0
110 53 0
111 51 0
112 46 0
113 71 0
114 122 0
115 123 0
116 86 0
117 84 0
118 102 0
119 92 0
120 70 0
121 60 0
122 56 0
123 59 0
124 68 0
125 55 0
126 32 0
127 36 0
128 53 0
129 64 0
130 67 0
131 55 0
132 43 0
133 35 0
134 31 0
135 36 0
136 34 0
137 43 0
138 69 0
139 56 0
140 61 0
141 129 0
142 148 0
143 107 0
144 99 0
145 94 0
146 60 0
147 35 0
148 41 0
149 91 0
150 151 0
151 171 0
152 168 0
153 137 0
154 83 0
155 58 0
156 59 0
157 52 0
158 49 0
159 49 0
160 44 0
161 45 0
162 45 0
163 47 0
164 52 0
165 52 0
166 47 0
167 43 0
168 41 0
169 42 0
170 41 0
171 38 0
172 35 0
173 39 0
174 56 0
175 60 0
176 46 0
177 58 0
178 112 0
179 167 0
180 176 0
181 154 0
182 152 0
183 160 0
184 150 0
185 142 0
186 147 0
187 156 0
188 161 0
189 154 0
190 153 0
191 152 0
192 154 0
193 176 0
194 152 0
195 73 0
196 27 0
197 27 0
198 56 0
199 91 0
200 91 0
201 84 0
202 91 0
203 69 0
204 45 0
205 48 0
206 43 0
207 63 0
208 127 0
209 152 0
210 144 0
211 146 0
212 143 0
213 144 0
214 139 0
215 156 0
216 159 0
217 69 0
218 61 0
219 133 0
220 81 0
221 32 0
222 58 0
223 45 0
224 41 0
225 50 0
226 47 0
227 48 0
228 44 0
229 46 0
230 44 0
231 41 0
232 47 0
233 44 0
234 42 0
235 45 0
236 48 0
237 46 0
238 39 0
239 41 0
240 46 0
241 47 0
242 44 0
243 45 0
244 45 0
245 40 0
246 41 0
247 40 0
248 37 0
249 38 0
250 41 0
251 43 0
252 19 0
253 0 0
254 0 0
255 0 0

0 0 0
1 0 0
2 0 0
3 0 0
4 0 0
5 31 0
6 56 0
7 56 0
8 55 0
9 53 0
10 53 0
11 53 0
12 53 0
13 52 0
14 50 0
15 48 0
16 49 0
17 51 0
18 50 0
19 48 0
20 50 0
21 53 0
22 53 0
23 51 0
24 53 0
25 52 0
26 49 0
27 53 0
28 53 0
29 50 0
30 52 0
31 62 0
32 59 0
33 46 0
34 61 0
35 51 0
36 56 0
37 144 0
38 131 0
39 58 0
40 121 0
41 180 0
42 177 0
43 179 0
44 156 0
45 167 0
46 164 0
47 77 0
48 76 0
49 163 0
50 143 0
51 58 0
52 44 0
53 52 0
54 49 0
55 54 0
56 44 0
57 81 0
58 147 0
59 109 0
60 53 0
61 63 0
62 62 0
63 59 0
64 70 0
65 68 0
66 67 0
67 68 0
68 74 0
69 85 0
70 84 0
71 86 0
72 90 0
73 86 0
74 87 0
75 88 0
76 90 0
77 95 0
78 98 0
79 96 0
80 96 0
81 97 0
82 95 0
83 94 0
84 98 0
85 95 0
86 91 0
87 93 0
88 91 0
89 93 0
90 99 0
91 98 0
92 97 0
93 98 0
94 89 0
95 72 0
96 74 0
97 92 0
98 94 0
99 84 0
100 78 0
101 73 0
102 72 0
103 73 0
104 68 0
105 63 0
106 59 0
107 59 0
108 68 0
109 68 0
110 57 0
111 48 0
112 49 0
113 73 0
114 96 0
115 89 0
116 83 0
117 93 0
118 100 0
119 99 0
120 88 0
121 70 0
122 57 0
123 57 0
124 73 0
125 75 0
126 52 0
127 47 0
128 57 0
129 55 0
130 54 0
131 55 0
132 46 0
133 32 0
134 22 0
135 28 0
136 41 0
137 55 0
138 68 0
139 58 0
140 65 0
141 118 0
142 135 0
143 93 0
144 61 0
145 44 0
146 34 0
147 58 0
148 110 0
149 158 0
150 161 0
151 142 0
152 159 0
153 161 0
154 97 0
155 48 0
156 51 0
157 65 0
158 67 0
159 56 0
160 46 0
161 50 0
162 50 0
163 47 0
164 49 0
165 50 0
166 50 0
167 49 0
168 46 0
169 44 0
170 41 0
171 42 0
172 44 0
173 42 0
174 46 0
175 50 0
176 51 0
177 48 0
178 51 0
179 100 0
180 168 0
181 177 0
182 153 0
183 151 0
184 155 0
185 151 0
186 140 0
187 137 0
188 152 0
189 160 0
190 156 0
191 157 0
192 152 0
193 156 0
194 171 0
195 143 0
196 64 0
197 13 0
198 37 0
199 91 0
200 112 0
201 105 0
202 98 0
203 67 0
204 39 0
205 59 0
206 55 0
207 36 0
208 85 0
209 135 0
210 148 0
211 151 0
212 148 0
213 156 0
214 151 0
215 154 0
216 149 0
217 68 0
218 66 0
219 136 0
220 79 0
221 31 0
222 56 0
223 44 0
224 43 0
225 50 0
226 45 0
227 48 0
228 45 0
229 48 0
230 45 0
231 40 0
232 43 0
233 44 0
234 43 0
235 41 0
236 45 0
237 47 0
238 40 0
239 41 0
240 42 0
241 41 0
242 39 0
243 42 0
244 45 0
245 38 0
246 38 0
247 41 0
248 40 0
249 40 0
250 40 0
251 41 0
252 19 0
253 0 0
254 0 0
255 0 0

0 0 0
1 0 0
2 0 0
3 0 0
4 0 0
5 29 0
6 53 0
7 56 0
8 58 0
9 55 0
10 53 0
11 56 0
12 55 0
13 52 0
14 51 0
15 50 0
16 50 0
17 53 0
18 51 0
19 50 0
20 53 0
21 54 0
22 54 0
23 52 0
24 53 0
25 53 0
26 51 0
27 53 0
28 50 0
29 47 0
30 52 0
31 62 0
32 60 0
33 45 0
34 61 0
35 55 0
36 54 0
37 139 0
38 133 0
39 55 0
40 116 0
41 174 0
42 154 0
43 158 0
44 156 0
45 176 0
46 168 0
47 71 0
48 75 0
49 164 0
50 126 0
51 45 0
52 45 0
53 54 0
54 53 0
55 51 0
56 42 0
57 82 0
58 111 0
59 71 0
60 54 0
61 62 0
62 51 0
63 63 0
64 76 0
65 69 0
66 73 0
67 78 0
68 83 0
69 90 0
70 90 0
71 93 0
72 90 0
73 81 0
74 83 0
75 83 0
76 73 0
77 63 0
78 61 0
79 71 0
80 83 0
81 95 0
82 99 0
83 99 0
84 102 0
85 103 0
86 97 0
87 89 0
88 90 0
89 98 0
90 99 0
91 93 0
92 91 0
93 90 0
94 81 0
95 71 0
96 77 0
97 90 0
98 93 0
99 93 0
100 88 0
101 76 0
102 72 0
103 72 0
104 67 0
105 63 0
106 64 0
107 66 0
108 66 0
109 63 0
110 58 0
111 51 0
112 56 0
113 81 0
114 92 0
115 83 0
116 83 0
117 85 0
118 95 0
119 110 0
120 95 0
121 66 0
122 54 0
123 55 0
124 69 0
125 73 0
126 46 0
127 37 0
128 53 0
129 56 0
130 57 0
131 68 0
132 70 0
133 61 0
134 57 0
135 63 0
136 72 0
137 70 0
138 62 0
139 57 0
140 63 0
141 78 0
142 76 0
143 57 0
144 41 0
145 39 0
146 63 0
147 109 0
148 152 0
149 163 0
150 144 0
151 149 0
152 176 0
153 147 0
154 74 0
155 45 0
156 53 0
157 56 0
158 56 0
159 52 0
160 46 0
161 46 0
162 47 0
163 44 0
164 44 0
165 46 0
166 46 0
167 47 0
168 45 0
169 41 0
170 40 0
171 39 0
172 41 0
173 43 0
174 44 0
175 44 0
176 51 0
177 58 0
178 48 0
179 44 0
180 97 0
181 162 0
182 173 0
183 154 0
184 151 0
185 157 0
186 151 0
187 138 0
188 139 0
189 154 0
190 158 0
191 154 0
192 158 0
193 154 0
194 157 0
195 169 0
196 117 0
197 29 0
198 24 0
199 71 0
200 88 0
201 86 0
202 81 0
203 59 0
204 41 0
205 58 0
206 69 0
207 46 0
208 60 0
209 112 0
210 149 0
211 157 0
212 145 0
213 146 0
214 156 0
215 169 0
216 147 0
217 64 0
218 67 0
219 127 0
220 76 0
221 35 0
222 55 0
223 43 0
224 46 0
225 50 0
226 41 0
227 49 0
228 46 0
229 43 0
230 43 0
231 44 0
232 46 0
233 43 0
234 46 0
235 43 0
236 41 0
237 46 0
238 45 0
239 46 0
240 42 0
241 39 0
242 41 0
243 43 0
244 42 0
245 36 0
246 39 0
247 45 0
248 43 0
249 39 0
250 42 0
251 47 0
252 22 0
253 0 0
254 0 0
255 0 0

0 0 0
1 0 0
2 0 0
3 0 0
4 0 0
5 29 0
6 50 0
7 56 0
8 58 0
9 54 0
10 53 0
11 53 0
12 53 0
13 53 0
14 52 0
15 51 0
16 51 0
17 52 0
18 50 0
19 50 0
20 53 0
21 51 0
22 52 0
23 52 0
24 53 0
25 58 0
26 55 0
27 53 0
28 53 0
29 54 0
30 53 0
31 54 0
32 56 0
33 49 0
34 61 0
35 54 0
36 50 0
37 134 0
38 138 0
39 56 0
40 111 0
41 184 0
42 177 0
43 181 0
44 166 0
45 174 0
46 163 0
47 66 0
48 78 0
49 156 0
50 97 0
51 36 0
52 56 0
53 59 0
54 55 0
55 50 0
56 47 0
57 76 0
58 78 0
59 46 0
60 46 0
61 53 0
62 49 0
63 65 0
64 73 0
65 72 0
66 78 0
67 81 0
68 85 0
69 89 0
70 89 0
71 93 0
72 97 0
73 98 0
74 102 0
75 97 0
76 85 0
77 78 0
78 77 0
79 80 0
80 85 0
81 92 0
82 98 0
83 100 0
84 93 0
85 89 0
86 91 0
87 91 0
88 91 0
89 97 0
90 102 0
91 103 0
92 98 0
93 84 0
94 73 0
95 75 0
96 84 0
97 89 0
98 88 0
99 90 0
100 93 0
101 90 0
102 84 0
103 75 0
104 70 0
105 70 0
106 70 0
107 67 0
108 61 0
109 55 0
110 58 0
111 56 0
112 55 0
113 81 0
114 113 0
115 117 0
116 96 0
117 75 0
118 75 0
119 88 0
120 80 0
121 60 0
122 53 0
123 60 0
124 80 0
125 93 0
126 73 0
127 51 0
128 56 0
129 60 0
130 53 0
131 50 0
132 53 0
133 61 0
134 68 0
135 70 0
136 64 0
137 56 0
138 48 0
139 51 0
140 63 0
141 62 0
142 51 0
143 43 0
144 42 0
145 51 0
146 64 0
147 70 0
148 78 0
149 95 0
150 125 0
151 156 0
152 138 0
153 74 0
154 38 0
155 44 0
156 50 0
157 51 0
158 53 0
159 51 0
160 47 0
161 46 0
162 47 0
163 46 0
164 46 0
165 47 0
166 47 0
167 49 0
168 48 0
169 45 0
170 45 0
171 44 0
172 45 0
173 45 0
174 40 0
175 41 0
176 44 0
177 49 0
178 61 0
179 55 0
180 56 0
181 114 0
182 171 0
183 162 0
184 145 0
185 155 0
186 158 0
187 152 0
188 146 0
189 144 0
190 151 0
191 150 0
192 153 0
193 156 0
194 149 0
195 163 0
196 147 0
197 63 0
198 28 0
199 53 0
200 56 0
201 60 0
202 72 0
203 61 0
204 50 0
205 51 0
206 53 0
207 45 0
208 53 0
209 93 0
210 138 0
211 157 0
212 157 0
213 150 0
214 149 0
215 171 0
216 152 0
217 64 0
218 66 0
219 122 0
220 72 0
221 36 0
222 55 0
223 45 0
224 48 0
225 51 0
226 41 0
227 48 0
228 46 0
229 42 0
230 41 0
231 45 0
232 46 0
233 41 0
234 46 0
235 48 0
236 43 0
237 43 0
238 41 0
239 43 0
240 41 0
241 40 0
242 44 0
243 44 0
244 42 0
245 40 0
246 42 0
247 47 0
248 45 0
249 37 0
250 39 0
251 45 0
252 21 0
253 0 0
254 0 0
255 0 0

0 0 0
1 0 0
2 0 0
3 0 0
4 0 0
5 31 0
6 53 0
7 56 0
8 56 0
9 52 0
10 54 0
11 53 0
12 53 0
13 54 0
14 52 0
15 50 0
16 49 0
17 53 0
18 51 0
19 49 0
20 51 0
21 51 0
22 53 0
23 53 0
24 54 0
25 59 0
26 56 0
27 52 0
28 51 0
29 53 0
30 53 0
31 54 0
32 58 0
33 52 0
34 60 0
35 54 0
36 45 0
37 125 0
38 141 0
39 56 0
40 99 0
41 182 0
42 183 0
43 176 0
44 154 0
45 166 0
46 158 0
47 62 0
48 76 0
49 140 0
50 76 0
51 37 0
52 61 0
53 52 0
54 47 0
55 47 0
56 45 0
57 61 0
58 60 0
59 43 0
60 44 0
61 51 0
62 59 0
63 71 0
64 75 0
65 76 0
66 78 0
67 76 0
68 76 0
69 84 0
70 92 0
71 95 0
72 94 0
73 93 0
74 96 0
75 97 0
76 95 0
77 95 0
78 97 0
79 96 0
80 93 0
81 91 0
82 95 0
83 102 0
84 99 0
85 95 0
86 96 0
87 95 0
88 97 0
89 105 0
90 104 0
91 89 0
92 73 0
93 68 0
94 77 0
95 88 0
96 92 0
97 96 0
98 100 0
99 99 0
100 97 0
101 98 0
102 93 0
103 85 0
104 81 0
105 75 0
106 65 0
107 61 0
108 64 0
109 66 0
110 66 0
111 59 0
112 52 0
113 69 0
114 100 0
115 106 0
116 87 0
117 71 0
118 65 0
119 69 0
120 73 0
121 66 0
122 63 0
123 73 0
124 83 0
125 92 0
126 92 0
127 71 0
128 56 0
129 58 0
130 58 0
131 59 0
132 60 0
133 53 0
134 47 0
135 47 0
136 51 0
137 54 0
138 49 0
139 50 0
140 63 0
141 63 0
142 47 0
143 44 0
144 66 0
145 79 0
146 66 0
147 54 0
148 61 0
149 82 0
150 125 0
151 139 0
152 87 0
153 47 0
154 58 0
155 62 0
156 52 0
157 51 0
158 53 0
159 51 0
160 49 0
161 46 0
162 44 0
163 44 0
164 49 0
165 52 0
166 51 0
167 51 0
168 50 0
169 47 0
170 46 0
171 44 0
172 42 0
173 42 0
174 39 0
175 40 0
176 44 0
177 43 0
178 53 0
179 66 0
180 55 0
181 73 0
182 142 0
183 172 0
184 153 0
185 152 0
186 155 0
187 150 0
188 146 0
189 140 0
190 147 0
191 152 0
192 147 0
193 152 0
194 148 0
195 156 0
196 156 0
197 87 0
198 30 0
199 41 0
200 49 0
201 56 0
202 71 0
203 60 0
204 50 0
205 55 0
206 51 0
207 45 0
208 46 0
209 73 0
210 123 0
211 146 0
212 152 0
213 154 0
214 139 0
215 159 0
216 145 0
217 59 0
218 77 0
219 134 0
220 73 0
221 35 0
222 53 0
223 43 0
224 45 0
225 50 0
226 47 0
227 50 0
228 44 0
229 42 0
230 42 0
231 44 0
232 46 0
233 43 0
234 47 0
235 45 0
236 43 0
237 45 0
238 42 0
239 41 0
240 42 0
241 42 0
242 41 0
243 39 0
244 43 0
245 42 0
246 40 0
247 42 0
248 41 0
249 38 0
250 39 0
251 41 0
252 19 0
253 0 0
254 0 0
255 0 0

0 0 0
1 0 0
2 0 0
3 0 0
4 0 0
5 34 0
6 59 0
7 55 0
8 55 0
9 51 0
10 53 0
11 54 0
12 50 0
13 49 0
14 51 0
15 53 0
16 53 0
17 55 0
18 52 0
19 48 0
20 51 0
21 51 0
22 54 0
23 52 0
24 52 0
25 60 0
26 58 0
27 54 0
28 55 0
29 55 0
30 53 0
31 52 0
32 58 0
33 51 0
34 56 0
35 56 0
36 43 0
37 115 0
38 144 0
39 60 0
40 94 0
41 181 0
42 178 0
43 171 0
44 166 0
45 179 0
46 161 0
47 66 0
48 73 0
49 128 0
50 68 0
51 32 0
52 56 0
53 52 0
54 53 0
55 63 0
56 58 0
57 51 0
58 49 0
59 49 0
60 48 0
61 53 0
62 66 0
63 72 0
64 73 0
65 76 0
66 79 0
67 80 0
68 83 0
69 93 0
70 98 0
71 91 0
72 90 0
73 93 0
74 95 0
75 99 0
76 97 0
77 93 0
78 90 0
79 90 0
80 93 0
81 93 0
82 93 0
83 94 0
84 94 0
85 99 0
86 101 0
87 89 0
88 78 0
89 81 0
90 79 0
91 68 0
92 65 0
93 71 0
94 83 0
95 94 0
96 95 0
97 93 0
98 99 0
99 101 0
100 98 0
101 97 0
102 93 0
103 85 0
104 78 0
105 73 0
106 71 0
107 72 0
108 73 0
109 70 0
110 64 0
111 60 0
112 59 0
113 66 0
114 80 0
115 81 0
116 70 0
117 63 0
118 63 0
119 76 0
120 90 0
121 76 0
122 61 0
123 75 0
124 83 0
125 83 0
126 93 0
127 80 0
128 56 0
129 53 0
130 55 0
131 51 0
132 51 0
133 49 0
134 48 0
135 51 0
136 52 0
137 52 0
138 50 0
139 50 0
140 58 0
141 58 0
142 45 0
143 56 0
144 95 0
145 101 0
146 83 0
147 103 0
148 132 0
149 134 0
150 127 0
151 98 0
152 52 0
153 43 0
154 58 0
155 57 0
156 53 0
157 52 0
158 48 0
159 45 0
160 45 0
161 45 0
162 46 0
163 47 0
164 48 0
165 45 0
166 44 0
167 47 0
168 47 0
169 46 0
170 47 0
171 47 0
172 46 0
173 47 0
174 47 0
175 45 0
176 47 0
177 47 0
178 44 0
179 58 0
180 59 0
181 48 0
182 100 0
183 163 0
184 159 0
185 149 0
186 155 0
187 149 0
188 147 0
189 148 0
190 151 0
191 154 0
192 152 0
193 154 0
194 149 0
195 151 0
196 158 0
197 111 0
198 46 0
199 39 0
200 47 0
201 44 0
202 56 0
203 58 0
204 51 0
205 52 0
206 51 0
207 52 0
208 50 0
209 66 0
210 124 0
211 146 0
212 135 0
213 146 0
214 146 0
215 159 0
216 134 0
217 53 0
218 87 0
219 139 0
220 65 0
221 35 0
222 56 0
223 42 0
224 44 0
225 47 0
226 46 0
227 51 0
228 46 0
229 47 0
230 44 0
231 42 0
232 43 0
233 43 0
234 47 0
235 43 0
236 42 0
237 46 0
238 44 0
239 45 0
240 43 0
241 41 0
242 40 0
243 38 0
244 43 0
245 44 0
246 41 0
247 41 0
248 38 0
249 39 0
250 41 0
251 41 0
252 19 0
253 0 0
254 0 0
255 0 0

0 0 0
1 0 0
2 0 0
3 0 0
4 0 0
5 34 0
6 66 0
7 61 0
8 57 0
9 53 0
10 55 0
11 56 0
12 49 0
13 44 0
14 49 0
15 54 0
16 51 0
17 51 0
18 51 0
19 52 0
20 54 0
21 54 0
22 56 0
23 52 0
24 49 0
25 56 0
26 54 0
27 53 0
28 54 0
29 53 0
30 51 0
31 50 0
32 58 0
33 50 0
34 52 0
35 58 0
36 44 0
37 110 0
38 152 0
39 71 0
40 84 0
41 164 0
42 171 0
43 175 0
44 159 0
45 152 0
46 150 0
47 76 0
48 75 0
49 125 0
50 75 0
51 41 0
52 59 0
53 47 0
54 42 0
55 58 0
56 61 0
57 53 0
58 54 0
59 61 0
60 56 0
61 59 0
62 69 0
63 71 0
64 76 0
65 80 0
66 81 0
67 80 0
68 78 0
69 85 0
70 92 0
71 90 0
72 94 0
73 99 0
74 98 0
75 95 0
76 94 0
77 97 0
78 98 0
79 96 0
80 98 0
81 100 0
82 97 0
83 91 0
84 86 0
85 87 0
86 80 0
87 57 0
88 43 0
89 47 0
90 58 0
91 67 0
92 75 0
93 82 0
94 90 0
95 98 0
96 102 0
97 100 0
98 99 0
99 98 0
100 95 0
101 93 0
102 89 0
103 83 0
104 78 0
105 80 0
106 83 0
107 81 0
108 75 0
109 73 0
110 70 0
111 67 0
112 66 0
113 64 0
114 65 0
115 68 0
116 68 0
117 61 0
118 61 0
119 90 0
120 118 0
121 98 0
122 72 0
123 86 0
124 99 0
125 98 0
126 102 0
127 90 0
128 69 0
129 68 0
130 61 0
131 47 0
132 48 0
133 51 0
134 48 0
135 48 0
136 46 0
137 45 0
138 48 0
139 49 0
140 56 0
141 57 0
142 46 0
143 67 0
144 112 0
145 124 0
146 129 0
147 156 0
148 157 0
149 123 0
150 90 0
151 60 0
152 40 0
153 37 0
154 33 0
155 37 0
156 51 0
157 56 0
158 52 0
159 49 0
160 45 0
161 46 0
162 45 0
163 46 0
164 48 0
165 47 0
166 49 0
167 51 0
168 48 0
169 47 0
170 46 0
171 45 0
172 45 0
173 44 0
174 44 0
175 42 0
176 43 0
177 51 0
178 53 0
179 63 0
180 64 0
181 40 0
182 66 0
183 137 0
184 159 0
185 151 0
186 157 0
187 154 0
188 148 0
189 148 0
190 147 0
191 149 0
192 151 0
193 152 0
194 151 0
195 149 0
196 156 0
197 134 0
198 70 0
199 42 0
200 50 0
201 39 0
202 48 0
203 71 0
204 62 0
205 48 0
206 46 0
207 53 0
208 53 0
209 60 0
210 112 0
211 142 0
212 125 0
213 133 0
214 152 0
215 171 0
216 134 0
217 51 0
218 94 0
219 142 0
220 63 0
221 38 0
222 57 0
223 43 0
224 49 0
225 48 0
226 43 0
227 48 0
228 47 0
229 48 0
230 43 0
231 43 0
232 45 0
233 42 0
234 45 0
235 43 0
236 43 0
237 44 0
238 41 0
239 43 0
240 41 0
241 42 0
242 44 0
243 41 0
244 43 0
245 43 0
246 42 0
247 42 0
248 39 0
249 41 0
250 41 0
251 39 0
252 19 0
253 0 0
254 0 0
255 0 0

0 0 0
1 0 0
2 0 0
3 0 0
4 0 0
5 33 0
6 69 0
7 70 0
8 59 0
9 54 0
10 54 0
11 52 0
12 53 0
13 54 0
14 52 0
15 52 0
16 51 0
17 50 0
18 51 0
19 51 0
20 52 0
21 52 0
22 53 0
23 54 0
24 53 0
25 55 0
26 53 0
27 53 0
28 53 0
29 51 0
30 52 0
31 58 0
32 65 0
33 49 0
34 47 0
35 58 0
36 42 0
37 103 0
38 155 0
39 74 0
40 70 0
41 150 0
42 169 0
43 179 0
44 166 0
45 162 0
46 164 0
47 82 0
48 67 0
49 116 0
50 73 0
51 49 0
52 70 0
53 55 0
54 51 0
55 59 0
56 49 0
57 51 0
58 71 0
59 70 0
60 52 0
61 55 0
62 66 0
63 67 0
64 72 0
65 74 0
66 75 0
67 82 0
68 84 0
69 87 0
70 91 0
71 87 0
72 86 0
73 91 0
74 94 0
75 91 0
76 90 0
77 93 0
78 93 0
79 93 0
80 97 0
81 99 0
82 98 0
83 98 0
84 94 0
85 85 0
86 68 0
87 55 0
88 58 0
89 66 0
90 73 0
91 78 0
92 80 0
93 86 0
94 96 0
95 102 0
96 103 0
97 104 0
98 101 0
99 95 0
100 89 0
101 83 0
102 78 0
103 79 0
104 84 0
105 85 0
106 81 0
107 76 0
108 76 0
109 77 0
110 72 0
111 66 0
112 64 0
113 61 0
114 63 0
115 75 0
116 73 0
117 63 0
118 76 0
119 107 0
120 114 0
121 91 0
122 82 0
123 95 0
124 100 0
125 96 0
126 98 0
127 88 0
128 73 0
129 71 0
130 65 0
131 53 0
132 53 0
133 54 0
134 51 0
135 52 0
136 53 0
137 51 0
138 49 0
139 45 0
140 49 0
141 51 0
142 57 0
143 97 0
144 144 0
145 156 0
146 158 0
147 147 0
148 103 0
149 65 0
150 54 0
151 51 0
152 50 0
153 49 0
154 43 0
155 47 0
156 53 0
157 48 0
158 45 0
159 47 0
160 47 0
161 48 0
162 46 0
163 44 0
164 46 0
165 49 0
166 51 0
167 49 0
168 46 0
169 49 0
170 46 0
171 42 0
172 43 0
173 44 0
174 44 0
175 42 0
176 39 0
177 44 0
178 48 0
179 52 0
180 53 0
181 42 0
182 65 0
183 130 0
184 159 0
185 152 0
186 156 0
187 155 0
188 149 0
189 149 0
190 148 0
191 152 0
192 153 0
193 149 0
194 151 0
195 150 0
196 156 0
197 152 0
198 93 0
199 41 0
200 43 0
201 36 0
202 38 0
203 69 0
204 69 0
205 51 0
206 49 0
207 55 0
208 55 0
209 54 0
210 99 0
211 149 0
212 148 0
213 140 0
214 150 0
215 177 0
216 138 0
217 51 0
218 93 0
219 136 0
220 60 0
221 39 0
222 55 0
223 40 0
224 51 0
225 51 0
226 43 0
227 47 0
228 44 0
229 46 0
230 44 0
231 46 0
232 51 0
233 45 0
234 43 0
235 42 0
236 45 0
237 45 0
238 41 0
239 43 0
240 41 0
241 45 0
242 47 0
243 44 0
244 47 0
245 42 0
246 39 0
247 43 0
248 44 0
249 45 0
250 43 0
251 41 0
252 19 0
253 0 0
254 0 0
255 0 0

0 0 0
1 0 0
2 0 0
3 0 0
4 0 0
5 32 0
6 70 0
7 75 0
8 60 0
9 53 0
10 53 0
11 49 0
12 57 0
13 60 0
14 50 0
15 50 0
16 54 0
17 56 0
18 54 0
19 50 0
20 53 0
21 52 0
22 50 0
23 54 0
24 54 0
25 55 0
26 54 0
27 51 0
28 51 0
29 52 0
30 51 0
31 58 0
32 71 0
33 54 0
34 45 0
35 56 0
36 39 0
37 97 0
38 159 0
39 79 0
40 71 0
41 165 0
42 179 0
43 173 0
44 177 0
45 181 0
46 167 0
47 76 0
48 60 0
49 112 0
50 67 0
51 33 0
52 60 0
53 63 0
54 74 0
55 73 0
56 41 0
57 50 0
58 77 0
59 60 0
60 42 0
61 61 0
62 76 0
63 71 0
64 69 0
65 71 0
66 76 0
67 82 0
68 82 0
69 81 0
70 83 0
71 82 0
72 84 0
73 88 0
74 88 0
75 86 0
76 89 0
77 93 0
78 93 0
79 96 0
80 100 0
81 98 0
82 96 0
83 95 0
84 93 0
85 88 0
86 81 0
87 74 0
88 67 0
89 61 0
90 69 0
91 90 0
92 97 0
93 92 0
94 92 0
95 95 0
96 94 0
97 95 0
98 97 0
99 95 0
100 88 0
101 75 0
102 70 0
103 80 0
104 92 0
105 95 0
106 88 0
107 80 0
108 80 0
109 83 0
110 75 0
111 67 0
112 71 0
113 74 0
114 71 0
115 80 0
116 85 0
117 81 0
118 93 0
119 103 0
120 88 0
121 76 0
122 85 0
123 95 0
124 96 0
125 94 0
126 98 0
127 96 0
128 78 0
129 66 0
130 65 0
131 55 0
132 48 0
133 48 0
134 46 0
135 47 0
136 51 0
137 53 0
138 51 0
139 49 0
140 51 0
141 51 0
142 62 0
143 97 0
144 124 0
145 122 0
146 107 0
147 78 0
148 50 0
149 46 0
150 52 0
151 48 0
152 45 0
153 44 0
154 43 0
155 45 0
156 46 0
157 43 0
158 43 0
159 44 0
160 46 0
161 48 0
162 49 0
163 49 0
164 51 0
165 49 0
166 47 0
167 45 0
168 44 0
169 45 0
170 44 0
171 44 0
172 46 0
173 46 0
174 47 0
175 46 0
176 42 0
177 43 0
178 44 0
179 49 0
180 56 0
181 49 0
182 68 0
183 132 0
184 160 0
185 149 0
186 155 0
187 158 0
188 150 0
189 149 0
190 147 0
191 149 0
192 153 0
193 149 0
194 153 0
195 155 0
196 159 0
197 161 0
198 110 0
199 45 0
200 41 0
201 44 0
202 30 0
203 56 0
204 88 0
205 66 0
206 43 0
207 60 0
208 60 0
209 45 0
210 86 0
211 148 0
212 163 0
213 149 0
214 146 0
215 170 0
216 134 0
217 52 0
218 85 0
219 120 0
220 53 0
221 39 0
222 56 0
223 41 0
224 46 0
225 47 0
226 45 0
227 50 0
228 43 0
229 45 0
230 44 0
231 45 0
232 49 0
233 44 0
234 41 0
235 44 0
236 47 0
237 43 0
238 41 0
239 49 0
240 47 0
241 47 0
242 49 0
243 44 0
244 45 0
245 41 0
246 39 0
247 44 0
248 45 0
249 45 0
250 43 0
251 45 0
252 21 0
253 0 0
254 0 0
255 0 0

0 0 0
1 0 0
2 0 0
3 0 0
4 0 0
5 31 0
6 68 0
7 75 0
8 58 0
9 52 0
10 53 0
11 51 0
12 60 0
13 59 0
14 50 0
15 51 0
16 52 0
17 51 0
18 52 0
19 49 0
20 53 0
21 52 0
22 49 0
23 53 0
24 52 0
25 53 0
26 55 0
27 52 0
28 55 0
29 56 0
30 53 0
31 56 0
32 70 0
33 58 0
34 48 0
35 58 0
36 40 0
37 91 0
38 165 0
39 94 0
40 71 0
41 165 0
42 183 0
43 172 0
44 171 0
45 160 0
46 141 0
47 73 0
48 61 0
49 113 0
50 80 0
51 36 0
52 51 0
53 59 0
54 66 0
55 59 0
56 31 0
57 45 0
58 67 0
59 49 0
60 44 0
61 66 0
62 72 0
63 68 0
64 69 0
65 72 0
66 75 0
67 74 0
68 73 0
69 74 0
70 75 0
71 82 0
72 89 0
73 90 0
74 86 0
75 83 0
76 87 0
77 93 0
78 95 0
79 98 0
80 98 0
81 98 0
82 100 0
83 98 0
84 96 0
85 95 0
86 85 0
87 72 0
88 65 0
89 66 0
90 78 0
91 94 0
92 97 0
93 97 0
94 111 0
95 120 0
96 110 0
97 95 0
98 88 0
99 88 0
100 91 0
101 95 0
102 101 0
103 100 0
104 91 0
105 90 0
106 92 0
107 86 0
108 84 0
109 87 0
110 80 0
111 70 0
112 72 0
113 75 0
114 66 0
115 70 0
116 84 0
117 85 0
118 93 0
119 104 0
120 92 0
121 78 0
122 81 0
123 89 0
124 95 0
125 93 0
126 92 0
127 94 0
128 78 0
129 62 0
130 66 0
131 61 0
132 51 0
133 55 0
134 56 0
135 49 0
136 46 0
137 46 0
138 47 0
139 47 0
140 45 0
141 47 0
142 56 0
143 65 0
144 56 0
145 40 0
146 39 0
147 46 0
148 47 0
149 48 0
150 46 0
151 41 0
152 39 0
153 39 0
154 39 0
155 42 0
156 45 0
157 46 0
158 44 0
159 43 0
160 45 0
161 47 0
162 49 0
163 52 0
164 53 0
165 48 0
166 44 0
167 45 0
168 44 0
169 45 0
170 48 0
171 52 0
172 54 0
173 48 0
174 43 0
175 41 0
176 38 0
177 41 0
178 43 0
179 45 0
180 50 0
181 39 0
182 62 0
183 142 0
184 176 0
185 155 0
186 154 0
187 159 0
188 148 0
189 144 0
190 139 0
191 133 0
192 138 0
193 149 0
194 154 0
195 149 0
196 153 0
197 163 0
198 128 0
199 55 0
200 37 0
201 59 0
202 38 0
203 44 0
204 109 0
205 104 0
206 44 0
207 43 0
208 51 0
209 40 0
210 79 0
211 134 0
212 147 0
213 138 0
214 139 0
215 163 0
216 129 0
217 50 0
218 76 0
219 113 0
220 54 0
221 36 0
222 53 0
223 43 0
224 47 0
225 46 0
226 44 0
227 49 0
228 44 0
229 46 0
230 45 0
231 45 0
232 49 0
233 44 0
234 44 0
235 45 0
236 46 0
237 44 0
238 42 0
239 50 0
240 48 0
241 45 0
242 49 0
243 46 0
244 43 0
245 41 0
246 42 0
247 43 0
248 43 0
249 41 0
250 41 0
251 44 0
252 21 0
253 0 0
254 0 0
255 0 0

0 0 0
1 0 0
2 0 0
3 0 0
4 0 0
5 30 0
6 62 0
7 71 0
8 59 0
9 51 0
10 53 0
11 57 0
12 63 0
13 55 0
14 50 0
15 54 0
16 49 0
17 48 0
18 52 0
19 51 0
20 54 0
21 52 0
22 50 0
23 51 0
24 50 0
25 53 0
26 51 0
27 53 0
28 56 0
29 54 0
30 51 0
31 53 0
32 64 0
33 55 0
34 46 0
35 59 0
36 41 0
37 83 0
38 163 0
39 105 0
40 61 0
41 141 0
42 178 0
43 175 0
44 179 0
45 161 0
46 126 0
47 66 0
48 51 0
49 104 0
50 114 0
51 76 0
52 57 0
53 57 0
54 65 0
55 50 0
56 25 0
57 49 0
58 77 0
59 61 0
60 58 0
61 70 0
62 67 0
63 69 0
64 76 0
65 79 0
66 81 0
67 80 0
68 85 0
69 90 0
70 86 0
71 88 0
72 93 0
73 93 0
74 90 0
75 88 0
76 92 0
77 95 0
78 98 0
79 100 0
80 99 0
81 97 0
82 95 0
83 90 0
84 87 0
85 87 0
86 79 0
87 74 0
88 82 0
89 94 0
90 102 0
91 105 0
92 99 0
93 88 0
94 78 0
95 70 0
96 70 0
97 83 0
98 98 0
99 104 0
100 101 0
101 97 0
102 99 0
103 98 0
104 91 0
105 88 0
106 90 0
107 91 0
108 93 0
109 91 0
110 82 0
111 71 0
112 68 0
113 68 0
114 65 0
115 67 0
116 67 0
117 63 0
118 80 0
119 105 0
120 96 0
121 77 0
122 80 0
123 94 0
124 100 0
125 90 0
126 83 0
127 88 0
128 76 0
129 60 0
130 63 0
131 58 0
132 48 0
133 53 0
134 58 0
135 56 0
136 53 0
137 51 0
138 51 0
139 50 0
140 46 0
141 50 0
142 52 0
143 47 0
144 43 0
145 40 0
146 39 0
147 43 0
148 42 0
149 42 0
150 44 0
151 44 0
152 42 0
153 41 0
154 43 0
155 45 0
156 43 0
157 42 0
158 44 0
159 45 0
160 45 0
161 47 0
162 49 0
163 49 0
164 49 0
165 47 0
166 47 0
167 45 0
168 43 0
169 46 0
170 48 0
171 47 0
172 47 0
173 43 0
174 39 0
175 39 0
176 39 0
177 45 0
178 49 0
179 54 0
180 57 0
181 47 0
182 61 0
183 123 0
184 169 0
185 162 0
186 148 0
187 149 0
188 151 0
189 152 0
190 153 0
191 148 0
192 143 0
193 143 0
194 137 0
195 129 0
196 141 0
197 161 0
198 142 0
199 68 0
200 30 0
201 59 0
202 61 0
203 47 0
204 83 0
205 99 0
206 58 0
207 38 0
208 40 0
209 36 0
210 68 0
211 130 0
212 152 0
213 132 0
214 132 0
215 169 0
216 137 0
217 51 0
218 77 0
219 120 0
220 60 0
221 36 0
222 53 0
223 47 0
224 51 0
225 48 0
226 44 0
227 48 0
228 43 0
229 47 0
230 48 0
231 46 0
232 48 0
233 44 0
234 44 0
235 45 0
236 46 0
237 48 0
238 46 0
239 48 0
240 44 0
241 42 0
242 48 0
243 46 0
244 43 0
245 44 0
246 44 0
247 42 0
248 41 0
249 41 0
250 40 0
251 44 0
252 21 0
253 0 0
254 0 0
255 0 0

0 0 0
1 0 0
2 0 0
3 0 0
4 0 0
5 30 0
6 56 0
7 66 0
8 58 0
9 49 0
10 53 0
11 59 0
12 61 0
13 54 0
14 51 0
15 55 0
16 51 0
17 51 0
18 54 0
19 52 0
20 53 0
21 53 0
22 55 0
23 56 0
24 55 0
25 56 0
26 53 0
27 54 0
28 55 0
29 53 0
30 53 0
31 54 0
32 63 0
33 53 0
34 45 0
35 57 0
36 41 0
37 75 0
38 150 0
39 101 0
40 56 0
41 137 0
42 181 0
43 171 0
44 182 0
45 171 0
46 127 0
47 66 0
48 43 0
49 104 0
50 149 0
51 105 0
52 49 0
53 42 0
54 56 0
55 40 0
56 21 0
57 51 0
58 73 0
59 56 0
60 61 0
61 74 0
62 70 0
63 69 0
64 74 0
65 80 0
66 86 0
67 85 0
68 84 0
69 86 0
70 88 0
71 91 0
72 90 0
73 88 0
74 85 0
75 85 0
76 94 0
77 98 0
78 95 0
79 96 0
80 95 0
81 88 0
82 80 0
83 78 0
84 78 0
85 76 0
86 71 0
87 69 0
88 73 0
89 80 0
90 81 0
91 81 0
92 84 0
93 74 0
94 52 0
95 46 0
96 69 0
97 89 0
98 82 0
99 71 0
100 81 0
101 93 0
102 93 0
103 90 0
104 93 0
105 93 0
106 89 0
107 90 0
108 94 0
109 90 0
110 81 0
111 73 0
112 69 0
113 71 0
114 71 0
115 66 0
116 63 0
117 74 0
118 107 0
119 121 0
120 94 0
121 74 0
122 83 0
123 94 0
124 98 0
125 91 0
126 83 0
127 86 0
128 77 0
129 61 0
130 60 0
131 56 0
132 47 0
133 47 0
134 49 0
135 51 0
136 56 0
137 55 0
138 54 0
139 54 0
140 53 0
141 56 0
142 55 0
143 53 0
144 61 0
145 64 0
146 60 0
147 57 0
148 51 0
149 46 0
150 47 0
151 46 0
152 41 0
153 38 0
154 38 0
155 39 0
156 39 0
157 40 0
158 42 0
159 41 0
160 40 0
161 42 0
162 43 0
163 45 0
164 46 0
165 47 0
166 47 0
167 45 0
168 47 0
169 51 0
170 51 0
171 50 0
172 46 0
173 43 0
174 41 0
175 41 0
176 50 0
177 58 0
178 57 0
179 58 0
180 53 0
181 53 0
182 73 0
183 84 0
184 108 0
185 150 0
186 156 0
187 146 0
188 155 0
189 155 0
190 154 0
191 159 0
192 156 0
193 149 0
194 144 0
195 146 0
196 148 0
197 156 0
198 150 0
199 89 0
200 34 0
201 46 0
202 68 0
203 65 0
204 55 0
205 62 0
206 76 0
207 78 0
208 80 0
209 61 0
210 52 0
211 110 0
212 154 0
213 132 0
214 134 0
215 179 0
216 139 0
217 49 0
218 78 0
219 120 0
220 58 0
221 40 0
222 60 0
223 46 0
224 48 0
225 49 0
226 51 0
227 54 0
228 44 0
229 44 0
230 44 0
231 44 0
232 47 0
233 43 0
234 43 0
235 44 0
236 46 0
237 47 0
238 43 0
239 46 0
240 42 0
241 44 0
242 49 0
243 44 0
244 42 0
245 44 0
246 45 0
247 46 0
248 44 0
249 44 0
250 42 0
251 42 0
252 20 0
253 0 0
254 0 0
255 0 0

0 0 0
1 0 0
2 0 0
3 0 0
4 0 0
5 29 0
6 56 0
7 63 0
8 56 0
9 50 0
10 51 0
11 52 0
12 55 0
13 55 0
14 52 0
15 52 0
16 51 0
17 52 0
18 55 0
19 54 0
20 53 0
21 53 0
22 55 0
23 56 0
24 55 0
25 53 0
26 52 0
27 54 0
28 53 0
29 53 0
30 58 0
31 56 0
32 57 0
33 52 0
34 50 0
35 59 0
36 44 0
37 71 0
38 140 0
39 95 0
40 56 0
41 148 0
42 191 0
43 169 0
44 177 0
45 170 0
46 134 0
47 71 0
48 39 0
49 105 0
50 142 0
51 86 0
52 42 0
53 46 0
54 53 0
55 38 0
56 27 0
57 51 0
58 60 0
59 48 0
60 59 0
61 72 0
62 69 0
63 71 0
64 76 0
65 85 0
66 93 0
67 94 0
68 89 0
69 84 0
70 88 0
71 95 0
72 95 0
73 91 0
74 83 0
75 84 0
76 97 0
77 101 0
78 96 0
79 94 0
80 96 0
81 98 0
82 99 0
83 97 0
84 87 0
85 73 0
86 68 0
87 67 0
88 66 0
89 71 0
90 65 0
91 54 0
92 65 0
93 85 0
94 91 0
95 94 0
96 105 0
97 103 0
98 80 0
99 68 0
100 86 0
101 104 0
102 100 0
103 93 0
104 97 0
105 101 0
106 100 0
107 101 0
108 99 0
109 90 0
110 83 0
111 74 0
112 61 0
113 64 0
114 78 0
115 74 0
116 63 0
117 78 0
118 113 0
119 121 0
120 93 0
121 79 0
122 89 0
123 95 0
124 97 0
125 94 0
126 85 0
127 88 0
128 83 0
129 63 0
130 54 0
131 54 0
132 49 0
133 49 0
134 50 0
135 45 0
136 45 0
137 49 0
138 51 0
139 52 0
140 51 0
141 49 0
142 49 0
143 54 0
144 60 0
145 51 0
146 40 0
147 42 0
148 43 0
149 41 0
150 44 0
151 46 0
152 42 0
153 38 0
154 33 0
155 32 0
156 36 0
157 41 0
158 44 0
159 44 0
160 43 0
161 43 0
162 45 0
163 48 0
164 47 0
165 47 0
166 48 0
167 48 0
168 50 0
169 51 0
170 50 0
171 49 0
172 45 0
173 42 0
174 41 0
175 36 0
176 45 0
177 50 0
178 46 0
179 51 0
180 35 0
181 37 0
182 89 0
183 92 0
184 80 0
185 137 0
186 167 0
187 149 0
188 155 0
189 156 0
190 150 0
191 154 0
192 156 0
193 154 0
194 148 0
195 152 0
196 150 0
197 150 0
198 156 0
199 108 0
200 44 0
201 41 0
202 63 0
203 63 0
204 43 0
205 49 0
206 68 0
207 66 0
208 100 0
209 124 0
210 81 0
211 95 0
212 153 0
213 148 0
214 141 0
215 170 0
216 131 0
217 50 0
218 80 0
219 117 0
220 56 0
221 40 0
222 56 0
223 40 0
224 47 0
225 50 0
226 48 0
227 51 0
228 45 0
229 45 0
230 44 0
231 47 0
232 49 0
233 44 0
234 46 0
235 42 0
236 44 0
237 46 0
238 42 0
239 50 0
240 51 0
241 46 0
242 50 0
243 46 0
244 43 0
245 44 0
246 46 0
247 49 0
248 46 0
249 46 0
250 45 0
251 41 0
252 20 0
253 0 0
254 0 0
255 0 0

0 0 0
1 0 0
2 0 0
3 0 0
4 0 0
5 29 0
6 55 0
7 59 0
8 55 0
9 52 0
10 50 0
11 50 0
12 52 0
13 51 0
14 48 0
15 50 0
16 50 0
17 49 0
18 53 0
19 54 0
20 54 0
21 53 0
22 51 0
23 52 0
24 52 0
25 51 0
26 51 0
27 51 0
28 51 0
29 49 0
30 54 0
31 53 0
32 56 0
33 56 0
34 52 0
35 61 0
36 46 0
37 69 0
38 139 0
39 98 0
40 65 0
41 157 0
42 193 0
43 165 0
44 158 0
45 152 0
46 137 0
47 74 0
48 50 0
49 110 0
50 104 0
51 51 0
52 49 0
53 58 0
54 54 0
55 40 0
56 40 0
57 69 0
58 76 0
59 62 0
60 65 0
61 72 0
62 71 0
63 76 0
64 83 0
65 84 0
66 85 0
67 90 0
68 92 0
69 88 0
70 92 0
71 95 0
72 91 0
73 85 0
74 82 0
75 88 0
76 97 0
77 96 0
78 93 0
79 95 0
80 100 0
81 98 0
82 88 0
83 85 0
84 85 0
85 82 0
86 85 0
87 87 0
88 81 0
89 83 0
90 89 0
91 91 0
92 95 0
93 98 0
94 94 0
95 89 0
96 91 0
97 101 0
98 111 0
99 114 0
100 111 0
101 106 0
102 99 0
103 96 0
104 100 0
105 101 0
106 98 0
107 98 0
108 97 0
109 87 0
110 80 0
111 71 0
112 53 0
113 52 0
114 66 0
115 65 0
116 60 0
117 78 0
118 107 0
119 114 0
120 92 0
121 81 0
122 93 0
123 98 0
124 93 0
125 85 0
126 78 0
127 84 0
128 83 0
129 59 0
130 51 0
131 58 0
132 53 0
133 51 0
134 52 0
135 47 0
136 49 0
137 54 0
138 51 0
139 50 0
140 53 0
141 52 0
142 49 0
143 47 0
144 46 0
145 45 0
146 44 0
147 47 0
148 46 0
149 42 0
150 41 0
151 40 0
152 40 0
153 40 0
154 40 0
155 42 0
156 45 0
157 43 0
158 42 0
159 42 0
160 42 0
161 44 0
162 46 0
163 49 0
164 49 0
165 47 0
166 49 0
167 49 0
168 49 0
169 51 0
170 51 0
171 48 0
172 43 0
173 44 0
174 43 0
175 37 0
176 39 0
177 42 0
178 49 0
179 65 0
180 50 0
181 51 0
182 114 0
183 132 0
184 106 0
185 134 0
186 161 0
187 151 0
188 154 0
189 156 0
190 153 0
191 151 0
192 151 0
193 153 0
194 144 0
195 146 0
196 153 0
197 154 0
198 165 0
199 128 0
200 50 0
201 37 0
202 67 0
203 59 0
204 31 0
205 42 0
206 60 0
207 31 0
208 54 0
209 122 0
210 109 0
211 97 0
212 152 0
213 164 0
214 146 0
215 168 0
216 136 0
217 54 0
218 81 0
219 122 0
220 61 0
221 39 0
222 56 0
223 43 0
224 48 0
225 49 0
226 42 0
227 48 0
228 46 0
229 46 0
230 46 0
231 49 0
232 48 0
233 44 0
234 50 0
235 46 0
236 44 0
237 47 0
238 40 0
239 51 0
240 55 0
241 43 0
242 45 0
243 47 0
244 43 0
245 43 0
246 45 0
247 46 0
248 43 0
249 44 0
250 45 0
251 44 0
252 22 0
253 0 0
254 0 0
255 0 0

0 0 0
1 0 0
2 0 0
3 0 0
4 0 0
5 28 0
6 52 0
7 54 0
8 51 0
9 51 0
10 51 0
11 54 0
12 56 0
13 50 0
14 46 0
15 51 0
16 49 0
17 45 0
18 50 0
19 51 0
20 53 0
21 53 0
22 52 0
23 53 0
24 52 0
25 53 0
26 50 0
27 50 0
28 52 0
29 49 0
30 53 0
31 53 0
32 57 0
33 56 0
34 51 0
35 61 0
36 45 0
37 72 0
38 141 0
39 95 0
40 63 0
41 142 0
42 181 0
43 180 0
44 169 0
45 156 0
46 142 0
47 75 0
48 64 0
49 112 0
50 78 0
51 40 0
52 53 0
53 51 0
54 48 0
55 49 0
56 53 0
57 76 0
58 85 0
59 73 0
60 70 0
61 78 0
62 80 0
63 80 0
64 87 0
65 93 0
66 98 0
67 104 0
68 96 0
69 84 0
70 86 0
71 91 0
72 90 0
73 83 0
74 82 0
75 95 0
76 104 0
77 103 0
78 99 0
79 98 0
80 101 0
81 97 0
82 85 0
83 88 0
84 97 0
85 95 0
86 91 0
87 91 0
88 91 0
89 93 0
90 95 0
91 97 0
92 96 0
93 93 0
94 92 0
95 95 0
96 100 0
97 105 0
98 105 0
99 96 0
100 93 0
101 99 0
102 101 0
103 95 0
104 96 0
105 102 0
106 100 0
107 98 0
108 95 0
109 83 0
110 72 0
111 63 0
112 60 0
113 70 0
114 73 0
115 63 0
116 68 0
117 90 0
118 110 0
119 113 0
120 93 0
121 78 0
122 91 0
123 101 0
124 95 0
125 85 0
126 78 0
127 83 0
128 81 0
129 58 0
130 50 0
131 60 0
132 56 0
133 47 0
134 47 0
135 46 0
136 48 0
137 52 0
138 49 0
139 47 0
140 49 0
141 51 0
142 56 0
143 54 0
144 47 0
145 46 0
146 45 0
147 44 0
148 44 0
149 41 0
150 38 0
151 40 0
152 45 0
153 47 0
154 46 0
155 45 0
156 45 0
157 42 0
158 41 0
159 40 0
160 39 0
161 43 0
162 48 0
163 49 0
164 50 0
165 48 0
166 47 0
167 48 0
168 46 0
169 47 0
170 53 0
171 51 0
172 45 0
173 42 0
174 42 0
175 42 0
176 40 0
177 46 0
178 56 0
179 51 0
180 49 0
181 86 0
182 139 0
183 151 0
184 137 0
185 145 0
186 156 0
187 153 0
188 152 0
189 153 0
190 154 0
191 151 0
192 151 0
193 157 0
194 147 0
195 142 0
196 153 0
197 152 0
198 163 0
199 153 0
200 80 0
201 38 0
202 62 0
203 66 0
204 31 0
205 29 0
206 56 0
207 45 0
208 38 0
209 82 0
210 96 0
211 96 0
212 142 0
213 154 0
214 139 0
215 174 0
216 147 0
217 56 0
218 78 0
219 119 0
220 58 0
221 37 0
222 57 0
223 43 0
224 45 0
225 49 0
226 45 0
227 51 0
228 48 0
229 47 0
230 48 0
231 49 0
232 46 0
233 40 0
234 46 0
235 47 0
236 45 0
237 47 0
238 40 0
239 46 0
240 51 0
241 40 0
242 42 0
243 47 0
244 42 0
245 41 0
246 43 0
247 44 0
248 43 0
249 44 0
250 44 0
251 46 0
252 22 0
253 0 0
254 0 0
255 0 0

0 0 0
1 0 0
2 0 0
3 0 0
4 0 0
5 28 0
6 53 0
7 52 0
8 47 0
9 49 0
10 50 0
11 53 0
12 58 0
13 54 0
14 46 0
15 49 0
16 48 0
17 47 0
18 51 0
19 50 0
20 51 0
21 51 0
22 51 0
23 51 0
24 49 0
25 54 0
26 54 0
27 54 0
28 56 0
29 53 0
30 56 0
31 56 0
32 59 0
33 57 0
34 53 0
35 61 0
36 42 0
37 78 0
38 138 0
39 79 0
40 62 0
41 145 0
42 175 0
43 176 0
44 163 0
45 143 0
46 127 0
47 78 0
48 74 0
49 100 0
50 66 0
51 43 0
52 49 0
53 44 0
54 50 0
55 53 0
56 58 0
57 78 0
58 85 0
59 74 0
60 71 0
61 80 0
62 80 0
63 73 0
64 71 0
65 67 0
66 66 0
67 69 0
68 67 0
69 65 0
70 66 0
71 68 0
72 69 0
73 64 0
74 61 0
75 69 0
76 75 0
77 75 0
78 74 0
79 79 0
80 90 0
81 90 0
82 83 0
83 83 0
84 84 0
85 84 0
86 87 0
87 92 0
88 101 0
89 107 0
90 104 0
91 96 0
92 93 0
93 92 0
94 95 0
95 100 0
96 104 0
97 101 0
98 92 0
99 88 0
100 94 0
101 103 0
102 100 0
103 91 0
104 94 0
105 102 0
106 99 0
107 94 0
108 89 0
109 83 0
110 74 0
111 63 0
112 63 0
113 73 0
114 69 0
115 66 0
116 82 0
117 97 0
118 104 0
119 105 0
120 85 0
121 72 0
122 90 0
123 103 0
124 96 0
125 88 0
126 82 0
127 84 0
128 82 0
129 59 0
130 47 0
131 61 0
132 61 0
133 47 0
134 46 0
135 51 0
136 50 0
137 48 0
138 50 0
139 51 0
140 50 0
141 51 0
142 56 0
143 58 0
144 57 0
145 56 0
146 52 0
147 48 0
148 46 0
149 43 0
150 40 0
151 42 0
152 43 0
153 39 0
154 35 0
155 37 0
156 41 0
157 44 0
158 44 0
159 44 0
160 44 0
161 49 0
162 53 0
163 51 0
164 49 0
165 49 0
166 51 0
167 54 0
168 52 0
169 53 0
170 61 0
171 64 0
172 59 0
173 49 0
174 45 0
175 43 0
176 39 0
177 50 0
178 51 0
179 31 0
180 58 0
181 127 0
182 153 0
183 148 0
184 148 0
185 151 0
186 150 0
187 150 0
188 151 0
189 153 0
190 154 0
191 153 0
192 150 0
193 152 0
194 146 0
195 139 0
196 148 0
197 153 0
198 156 0
199 164 0
200 117 0
201 50 0
202 52 0
203 75 0
204 46 0
205 23 0
206 45 0
207 53 0
208 40 0
209 54 0
210 68 0
211 85 0
212 137 0
213 146 0
214 122 0
215 160 0
216 146 0
217 57 0
218 77 0
219 117 0
220 57 0
221 39 0
222 60 0
223 45 0
224 46 0
225 50 0
226 42 0
227 46 0
228 48 0
229 49 0
230 47 0
231 47 0
232 49 0
233 44 0
234 46 0
235 45 0
236 45 0
237 48 0
238 45 0
239 46 0
240 47 0
241 42 0
242 44 0
243 46 0
244 44 0
245 41 0
246 42 0
247 44 0
248 46 0
249 47 0
250 45 0
251 46 0
252 22 0
253 0 0
254 0 0
255 0 0

0 0 0
1 0 0
2 0 0
3 0 0
4 0 0
5 29 0
6 51 0
7 50 0
8 47 0
9 50 0
10 48 0
11 50 0
12 56 0
13 53 0
14 46 0
15 46 0
16 48 0
17 54 0
18 54 0
19 49 0
20 52 0
21 52 0
22 53 0
23 52 0
24 48 0
25 53 0
26 53 0
27 54 0
28 53 0
29 51 0
30 57 0
31 55 0
32 58 0
33 55 0
34 53 0
35 57 0
36 41 0
37 93 0
38 148 0
39 75 0
40 73 0
41 174 0
42 195 0
43 177 0
44 167 0
45 158 0
46 133 0
47 80 0
48 73 0
49 86 0
50 60 0
51 46 0
52 49 0
53 51 0
54 54 0
55 51 0
56 76 0
57 104 0
58 89 0
59 66 0
60 68 0
61 73 0
62 73 0
63 74 0
64 73 0
65 65 0
66 63 0
67 70 0
68 76 0
69 77 0
70 73 0
71 70 0
72 72 0
73 69 0
74 65 0
75 62 0
76 55 0
77 54 0
78 66 0
79 84 0
80 94 0
81 91 0
82 86 0
83 85 0
84 82 0
85 86 0
86 96 0
87 99 0
88 98 0
89 96 0
90 89 0
91 87 0
92 91 0
93 96 0
94 99 0
95 100 0
96 99 0
97 95 0
98 93 0
99 98 0
100 104 0
101 105 0
102 97 0
103 90 0
104 94 0
105 96 0
106 93 0
107 94 0
108 91 0
109 83 0
110 74 0
111 64 0
112 63 0
113 70 0
114 71 0
115 77 0
116 91 0
117 94 0
118 94 0
119 93 0
120 76 0
121 69 0
122 90 0
123 103 0
124 96 0
125 88 0
126 82 0
127 80 0
128 78 0
129 60 0
130 43 0
131 58 0
132 72 0
133 53 0
134 41 0
135 51 0
136 53 0
137 50 0
138 51 0
139 51 0
140 49 0
141 44 0
142 37 0
143 40 0
144 48 0
145 49 0
146 45 0
147 42 0
148 41 0
149 42 0
150 44 0
151 45 0
152 43 0
153 41 0
154 40 0
155 41 0
156 43 0
157 45 0
158 47 0
159 48 0
160 48 0
161 49 0
162 49 0
163 47 0
164 46 0
165 49 0
166 55 0
167 58 0
168 57 0
169 50 0
170 34 0
171 29 0
172 39 0
173 47 0
174 49 0
175 46 0
176 50 0
177 56 0
178 44 0
179 52 0
180 115 0
181 164 0
182 158 0
183 150 0
184 154 0
185 153 0
186 152 0
187 153 0
188 155 0
189 154 0
190 152 0
191 156 0
192 156 0
193 152 0
194 148 0
195 138 0
196 140 0
197 148 0
198 147 0
199 160 0
200 146 0
201 73 0
202 41 0
203 69 0
204 59 0
205 36 0
206 49 0
207 51 0
208 41 0
209 49 0
210 56 0
211 77 0
212 139 0
213 156 0
214 125 0
215 159 0
216 154 0
217 60 0
218 76 0
219 124 0
220 62 0
221 38 0
222 59 0
223 47 0
224 47 0
225 49 0
226 41 0
227 46 0
228 49 0
229 49 0
230 47 0
231 47 0
232 50 0
233 49 0
234 47 0
235 46 0
236 48 0
237 49 0
238 46 0
239 46 0
240 45 0
241 45 0
242 48 0
243 47 0
244 46 0
245 45 0
246 46 0
247 45 0
248 43 0
249 47 0
250 46 0
251 46 0
252 23 0
253 0 0
254 0 0
255 0 0

0 0 0
1 0 0
2 0 0
3 0 0
4 0 0
5 27 0
6 49 0
7 48 0
8 49 0
9 51 0
10 49 0
11 51 0
12 52 0
13 49 0
14 48 0
15 50 0
16 52 0
17 54 0
18 49 0
19 45 0
20 51 0
21 51 0
22 51 0
23 53 0
24 50 0
25 52 0
26 52 0
27 55 0
28 51 0
29 48 0
30 56 0
31 55 0
32 56 0
33 52 0
34 52 0
35 58 0
36 39 0
37 84 0
38 133 0
39 73 0
40 80 0
41 164 0
42 176 0
43 175 0
44 184 0
45 183 0
46 147 0
47 77 0
48 68 0
49 86 0
50 61 0
51 46 0
52 50 0
53 52 0
54 47 0
55 58 0
56 100 0
57 106 0
58 71 0
59 61 0
60 72 0
61 72 0
62 71 0
63 76 0
64 79 0
65 78 0
66 78 0
67 80 0
68 76 0
69 74 0
70 76 0
71 79 0
72 80 0
73 80 0
74 84 0
75 85 0
76 78 0
77 76 0
78 82 0
79 92 0
80 101 0
81 100 0
82 96 0
83 96 0
84 95 0
85 99 0
86 103 0
87 100 0
88 97 0
89 94 0
90 91 0
91 94 0
92 101 0
93 103 0
94 102 0
95 102 0
96 105 0
97 109 0
98 109 0
99 104 0
100 101 0
101 102 0
102 99 0
103 94 0
104 91 0
105 88 0
106 87 0
107 89 0
108 85 0
109 76 0
110 70 0
111 66 0
112 68 0
113 83 0
114 90 0
115 89 0
116 97 0
117 103 0
118 91 0
119 74 0
120 62 0
121 64 0
122 83 0
123 100 0
124 95 0
125 85 0
126 81 0
127 79 0
128 79 0
129 65 0
130 39 0
131 52 0
132 87 0
133 74 0
134 41 0
135 44 0
136 53 0
137 49 0
138 46 0
139 48 0
140 54 0
141 61 0
142 56 0
143 51 0
144 51 0
145 49 0
146 51 0
147 54 0
148 52 0
149 48 0
150 47 0
151 46 0
152 44 0
153 43 0
154 44 0
155 46 0
156 45 0
157 46 0
158 46 0
159 46 0
160 46 0
161 49 0
162 49 0
163 51 0
164 50 0
165 51 0
166 51 0
167 47 0
168 51 0
169 54 0
170 46 0
171 44 0
172 55 0
173 59 0
174 53 0
175 53 0
176 60 0
177 46 0
178 31 0
179 82 0
180 154 0
181 165 0
182 150 0
183 151 0
184 151 0
185 150 0
186 156 0
187 158 0
188 153 0
189 150 0
190 150 0
191 152 0
192 154 0
193 149 0
194 146 0
195 144 0
196 141 0
197 145 0
198 147 0
199 154 0
200 156 0
201 94 0
202 39 0
203 63 0
204 71 0
205 47 0
206 46 0
207 44 0
208 49 0
209 56 0
210 46 0
211 73 0
212 150 0
213 168 0
214 131 0
215 161 0
216 152 0
217 54 0
218 77 0
219 136 0
220 70 0
221 34 0
222 53 0
223 45 0
224 47 0
225 48 0
226 46 0
227 52 0
228 49 0
229 49 0
230 49 0
231 45 0
232 46 0
233 46 0
234 45 0
235 46 0
236 49 0
237 49 0
238 46 0
239 48 0
240 47 0
241 46 0
242 46 0
243 45 0
244 45 0
245 46 0
246 51 0
247 49 0
248 44 0
249 49 0
250 47 0
251 47 0
252 24 0
253 0 0
254 0 0
255 0 0

0 0 0
1 0 0
2 0 0
3 0 0
4 0 0
5 26 0
6 48 0
7 49 0
8 49 0
9 48 0
10 44 0
11 46 0
12 49 0
13 48 0
14 49 0
15 52 0
16 52 0
17 51 0
18 49 0
19 47 0
20 50 0
21 48 0
22 49 0
23 53 0
24 53 0
25 53 0
26 52 0
27 54 0
28 51 0
29 52 0
30 57 0
31 54 0
32 58 0
33 53 0
34 52 0
35 54 0
36 41 0
37 92 0
38 123 0
39 63 0
40 88 0
41 159 0
42 164 0
43 169 0
44 169 0
45 178 0
46 169 0
47 93 0
48 61 0
49 79 0
50 63 0
51 47 0
52 54 0
53 50 0
54 43 0
55 67 0
56 93 0
57 74 0
58 54 0
59 64 0
60 72 0
61 73 0
62 73 0
63 70 0
64 68 0
65 64 0
66 64 0
67 68 0
68 68 0
69 70 0
70 73 0
71 74 0
72 75 0
73 79 0
74 80 0
75 72 0
76 69 0
77 80 0
78 84 0
79 83 0
80 89 0
81 91 0
82 95 0
83 104 0
84 104 0
85 99 0
86 98 0
87 99 0
88 98 0
89 98 0
90 100 0
91 106 0
92 108 0
93 104 0
94 101 0
95 103 0
96 106 0
97 103 0
98 98 0
99 98 0
100 102 0
101 103 0
102 100 0
103 94 0
104 88 0
105 84 0
106 82 0
107 85 0
108 83 0
109 76 0
110 73 0
111 68 0
112 68 0
113 77 0
114 73 0
115 69 0
116 96 0
117 110 0
118 79 0
119 56 0
120 59 0
121 68 0
122 80 0
123 95 0
124 94 0
125 84 0
126 80 0
127 80 0
128 79 0
129 71 0
130 44 0
131 43 0
132 88 0
133 100 0
134 56 0
135 37 0
136 53 0
137 53 0
138 48 0
139 51 0
140 49 0
141 48 0
142 50 0
143 50 0
144 50 0
145 51 0
146 54 0
147 57 0
148 56 0
149 52 0
150 49 0
151 48 0
152 49 0
153 49 0
154 47 0
155 47 0
156 46 0
157 46 0
158 44 0
159 41 0
160 43 0
161 49 0
162 53 0
163 52 0
164 51 0
165 49 0
166 46 0
167 45 0
168 53 0
169 62 0
170 63 0
171 63 0
172 64 0
173 60 0
174 55 0
175 56 0
176 46 0
177 26 0
178 53 0
179 127 0
180 163 0
181 150 0
182 146 0
183 149 0
184 137 0
185 129 0
186 139 0
187 152 0
188 149 0
189 146 0
190 150 0
191 149 0
192 151 0
193 150 0
194 145 0
195 148 0
196 144 0
197 143 0
198 148 0
199 149 0
200 158 0
201 120 0
202 55 0
203 68 0
204 89 0
205 58 0
206 41 0
207 46 0
208 59 0
209 65 0
210 43 0
211 60 0
212 134 0
213 159 0
214 134 0
215 162 0
216 150 0
217 56 0
218 73 0
219 127 0
220 68 0
221 38 0
222 53 0
223 44 0
224 49 0
225 46 0
226 45 0
227 53 0
228 48 0
229 50 0
230 50 0
231 44 0
232 44 0
233 43 0
234 44 0
235 46 0
236 47 0
237 46 0
238 46 0
239 49 0
240 49 0
241 48 0
242 44 0
243 41 0
244 42 0
245 46 0
246 53 0
247 48 0
248 46 0
249 53 0
250 51 0
251 51 0
252 26 0
253 0 0
254 0 0
255 0 0

0 0 0
1 0 0
2 0 0
3 0 0
4 0 0
5 26 0
6 45 0
7 47 0
8 46 0
9 45 0
10 41 0
11 44 0
12 51 0
13 49 0
14 46 0
15 47 0
16 47 0
17 51 0
18 53 0
19 51 0
20 51 0
21 51 0
22 52 0
23 53 0
24 55 0
25 56 0
26 52 0
27 51 0
28 50 0
29 53 0
30 55 0
31 53 0
32 61 0
33 54 0
34 56 0
35 49 0
36 47 0
37 138 0
38 157 0
39 61 0
40 92 0
41 182 0
42 190 0
43 169 0
44 144 0
45 162 0
46 171 0
47 95 0
48 58 0
49 77 0
50 63 0
51 49 0
52 53 0
53 42 0
54 41 0
55 66 0
56 76 0
57 58 0
58 56 0
59 68 0
60 73 0
61 75 0
62 74 0
63 72 0
64 73 0
65 76 0
66 77 0
67 77 0
68 75 0
69 73 0
70 77 0
71 81 0
72 81 0
73 77 0
74 72 0
75 66 0
76 71 0
77 85 0
78 88 0
79 83 0
80 85 0
81 88 0
82 93 0
83 99 0
84 98 0
85 95 0
86 92 0
87 88 0
88 91 0
89 95 0
90 100 0
91 103 0
92 101 0
93 99 0
94 99 0
95 99 0
96 102 0
97 101 0
98 96 0
99 101 0
100 105 0
101 100 0
102 98 0
103 97 0
104 95 0
105 89 0
106 82 0
107 80 0
108 79 0
109 76 0
110 75 0
111 67 0
112 68 0
113 83 0
114 75 0
115 59 0
116 79 0
117 93 0
118 70 0
119 54 0
120 57 0
121 63 0
122 77 0
123 94 0
124 99 0
125 91 0
126 83 0
127 78 0
128 71 0
129 62 0
130 48 0
131 36 0
132 74 0
133 122 0
134 91 0
135 39 0
136 43 0
137 55 0
138 49 0
139 52 0
140 47 0
141 37 0
142 42 0
143 48 0
144 47 0
145 46 0
146 46 0
147 50 0
148 55 0
149 56 0
150 53 0
151 47 0
152 44 0
153 46 0
154 43 0
155 41 0
156 44 0
157 46 0
158 46 0
159 44 0
160 42 0
161 48 0
162 51 0
163 47 0
164 46 0
165 47 0
166 47 0
167 53 0
168 61 0
169 60 0
170 51 0
171 49 0
172 58 0
173 68 0
174 66 0
175 45 0
176 18 0
177 39 0
178 116 0
179 165 0
180 153 0
181 136 0
182 140 0
183 143 0
184 129 0
185 112 0
186 116 0
187 139 0
188 148 0
189 146 0
190 148 0
191 149 0
192 154 0
193 153 0
194 146 0
195 148 0
196 145 0
197 143 0
198 149 0
199 148 0
200 161 0
201 147 0
202 75 0
203 56 0
204 88 0
205 76 0
206 53 0
207 50 0
208 51 0
209 59 0
210 51 0
211 48 0
212 97 0
213 144 0
214 139 0
215 152 0
216 144 0
217 63 0
218 63 0
219 107 0
220 62 0
221 39 0
222 54 0
223 43 0
224 48 0
225 49 0
226 45 0
227 52 0
228 46 0
229 43 0
230 43 0
231 44 0
232 45 0
233 43 0
234 48 0
235 48 0
236 44 0
237 44 0
238 46 0
239 46 0
240 46 0
241 50 0
242 46 0
243 43 0
244 44 0
245 47 0
246 50 0
247 43 0
248 45 0
249 51 0
250 46 0
251 48 0
252 25 0
253 0 0
254 0 0
255 0 0

0 0 0
1 0 0
2 0 0
3 0 0
4 0 0
5 27 0
6 45 0
7 46 0
8 44 0
9 45 0
10 44 0
11 43 0
12 48 0
13 48 0
14 44 0
15 45 0
16 46 0
17 49 0
18 50 0
19 49 0
20 51 0
21 53 0
22 53 0
23 51 0
24 52 0
25 53 0
26 50 0
27 52 0
28 51 0
29 54 0
30 55 0
31 51 0
32 55 0
33 53 0
34 63 0
35 48 0
36 48 0
37 154 0
38 167 0
39 57 0
40 92 0
41 189 0
42 190 0
43 168 0
44 157 0
45 165 0
46 146 0
47 73 0
48 54 0
49 73 0
50 63 0
51 53 0
52 43 0
53 38 0
54 61 0
55 76 0
56 65 0
57 53 0
58 56 0
59 67 0
60 73 0
61 72 0
62 72 0
63 73 0
64 73 0
65 73 0
66 73 0
67 75 0
68 76 0
69 74 0
70 75 0
71 76 0
72 70 0
73 64 0
74 66 0
75 70 0
76 75 0
77 80 0
78 79 0
79 78 0
80 81 0
81 71 0
82 43 0
83 18 0
84 23 0
85 54 0
86 78 0
87 88 0
88 99 0
89 105 0
90 103 0
91 102 0
92 100 0
93 97 0
94 96 0
95 95 0
96 93 0
97 86 0
98 83 0
99 94 0
100 102 0
101 102 0
102 104 0
103 103 0
104 97 0
105 93 0
106 88 0
107 82 0
108 76 0
109 76 0
110 77 0
111 69 0
112 67 0
113 80 0
114 71 0
115 52 0
116 66 0
117 80 0
118 66 0
119 57 0
120 55 0
121 59 0
122 78 0
123 93 0
124 98 0
125 93 0
126 85 0
127 85 0
128 73 0
129 56 0
130 51 0
131 41 0
132 60 0
133 125 0
134 131 0
135 63 0
136 38 0
137 56 0
138 55 0
139 50 0
140 54 0
141 57 0
142 59 0
143 56 0
144 49 0
145 49 0
146 51 0
147 52 0
148 54 0
149 54 0
150 53 0
151 49 0
152 47 0
153 48 0
154 46 0
155 44 0
156 46 0
157 44 0
158 41 0
159 41 0
160 42 0
161 48 0
162 50 0
163 46 0
164 45 0
165 46 0
166 44 0
167 44 0
168 46 0
169 55 0
170 64 0
171 69 0
172 66 0
173 48 0
174 29 0
175 29 0
176 59 0
177 114 0
178 158 0
179 157 0
180 138 0
181 131 0
182 133 0
183 132 0
184 118 0
185 99 0
186 106 0
187 131 0
188 140 0
189 140 0
190 147 0
191 150 0
192 153 0
193 154 0
194 149 0
195 148 0
196 143 0
197 139 0
198 151 0
199 150 0
200 156 0
201 159 0
202 99 0
203 49 0
204 69 0
205 78 0
206 60 0
207 52 0
208 47 0
209 51 0
210 55 0
211 54 0
212 95 0
213 145 0
214 141 0
215 158 0
216 161 0
217 71 0
218 62 0
219 120 0
220 74 0
221 35 0
222 51 0
223 46 0
224 50 0
225 53 0
226 48 0
227 53 0
228 44 0
229 39 0
230 43 0
231 47 0
232 48 0
233 46 0
234 50 0
235 50 0
236 45 0
237 47 0
238 50 0
239 48 0
240 44 0
241 48 0
242 48 0
243 45 0
244 47 0
245 48 0
246 49 0
247 44 0
248 48 0
249 51 0
250 45 0
251 50 0
252 26 0
253 0 0
254 0 0
255 0 0

0 0 0
1 0 0
2 0 0
3 0 0
4 0 0
5 27 0
6 45 0
7 47 0
8 46 0
9 45 0
10 44 0
11 43 0
12 46 0
13 48 0
14 46 0
15 48 0
16 49 0
17 48 0
18 49 0
19 50 0
20 49 0
21 49 0
22 50 0
23 51 0
24 53 0
25 49 0
26 47 0
27 54 0
28 53 0
29 56 0
30 57 0
31 52 0
32 54 0
33 55 0
34 63 0
35 45 0
36 58 0
37 172 0
38 171 0
39 55 0
40 90 0
41 173 0
42 176 0
43 171 0
44 161 0
45 166 0
46 154 0
47 84 0
48 48 0
49 60 0
50 64 0
51 46 0
52 30 0
53 63 0
54 93 0
55 75 0
56 57 0
57 53 0
58 58 0
59 71 0
60 74 0
61 73 0
62 75 0
63 73 0
64 71 0
65 69 0
66 71 0
67 76 0
68 76 0
69 73 0
70 74 0
71 78 0
72 81 0
73 82 0
74 82 0
75 80 0
76 78 0
77 76 0
78 76 0
79 73 0
80 66 0
81 60 0
82 53 0
83 53 0
84 74 0
85 98 0
86 97 0
87 93 0
88 99 0
89 97 0
90 93 0
91 101 0
92 106 0
93 100 0
94 93 0
95 87 0
96 86 0
97 89 0
98 95 0
99 102 0
100 103 0
101 102 0
102 103 0
103 98 0
104 94 0
105 95 0
106 94 0
107 90 0
108 85 0
109 83 0
110 80 0
111 70 0
112 64 0
113 66 0
114 59 0
115 58 0
116 78 0
117 83 0
118 63 0
119 54 0
120 56 0
121 61 0
122 81 0
123 98 0
124 99 0
125 93 0
126 87 0
127 86 0
128 73 0
129 52 0
130 50 0
131 47 0
132 46 0
133 98 0
134 148 0
135 108 0
136 49 0
137 46 0
138 57 0
139 53 0
140 49 0
141 49 0
142 49 0
143 46 0
144 46 0
145 47 0
146 46 0
147 46 0
148 50 0
149 51 0
150 51 0
151 49 0
152 46 0
153 44 0
154 42 0
155 40 0
156 43 0
157 44 0
158 41 0
159 41 0
160 45 0
161 49 0
162 49 0
163 48 0
164 52 0
165 59 0
166 63 0
167 67 0
168 70 0
169 68 0
170 60 0
171 43 0
172 29 0
173 32 0
174 62 0
175 113 0
176 161 0
177 176 0
178 161 0
179 142 0
180 132 0
181 117 0
182 103 0
183 103 0
184 90 0
185 73 0
186 95 0
187 132 0
188 145 0
189 147 0
190 153 0
191 152 0
192 153 0
193 152 0
194 147 0
195 146 0
196 142 0
197 136 0
198 144 0
199 145 0
200 149 0
201 163 0
202 120 0
203 53 0
204 56 0
205 74 0
206 55 0
207 44 0
208 46 0
209 47 0
210 45 0
211 45 0
212 100 0
213 147 0
214 117 0
215 146 0
216 176 0
217 78 0
218 56 0
219 125 0
220 81 0
221 33 0
222 50 0
223 48 0
224 51 0
225 53 0
226 52 0
227 58 0
228 48 0
229 45 0
230 50 0
231 49 0
232 49 0
233 46 0
234 47 0
235 49 0
236 49 0
237 50 0
238 49 0
239 49 0
240 47 0
241 45 0
242 46 0
243 44 0
244 45 0
245 45 0
246 49 0
247 48 0
248 48 0
249 49 0
250 45 0
251 48 0
252 25 0
253 0 0
254 0 0
255 0 0

0 0 0
1 0 0
2 0 0
3 0 0
4 0 0
5 28 0
6 42 0
7 43 0
8 45 0
9 44 0
10 45 0
11 44 0
12 45 0
13 46 0
14 46 0
15 50 0
16 49 0
17 47 0
18 51 0
19 52 0
20 50 0
21 47 0
22 48 0
23 53 0
24 58 0
25 53 0
26 51 0
27 57 0
28 52 0
29 52 0
30 56 0
31 54 0
32 56 0
33 52 0
34 58 0
35 43 0
36 63 0
37 180 0
38 169 0
39 55 0
40 99 0
41 177 0
42 186 0
43 178 0
44 155 0
45 172 0
46 172 0
47 90 0
48 38 0
49 68 0
50 98 0
51 68 0
52 60 0
53 106 0
54 93 0
55 54 0
56 60 0
57 58 0
58 60 0
59 74 0
60 75 0
61 76 0
62 76 0
63 74 0
64 76 0
65 71 0
66 68 0
67 71 0
68 73 0
69 74 0
70 77 0
71 83 0
72 84 0
73 78 0
74 73 0
75 73 0
76 75 0
77 76 0
78 78 0
79 80 0
80 79 0
81 85 0
82 96 0
83 103 0
84 113 0
85 113 0
86 98 0
87 93 0
88 97 0
89 92 0
90 89 0
91 91 0
92 91 0
93 90 0
94 85 0
95 84 0
96 91 0
97 99 0
98 103 0
99 103 0
100 100 0
101 102 0
102 100 0
103 98 0
104 99 0
105 97 0
106 89 0
107 91 0
108 95 0
109 89 0
110 77 0
111 68 0
112 61 0
113 56 0
114 55 0
115 63 0
116 80 0
117 84 0
118 69 0
119 59 0
120 55 0
121 54 0
122 68 0
123 88 0
124 95 0
125 93 0
126 90 0
127 85 0
128 71 0
129 52 0
130 49 0
131 53 0
132 51 0
133 85 0
134 147 0
135 152 0
136 91 0
137 51 0
138 51 0
139 55 0
140 52 0
141 52 0
142 52 0
143 51 0
144 49 0
145 47 0
146 45 0
147 46 0
148 50 0
149 53 0
150 54 0
151 51 0
152 45 0
153 44 0
154 45 0
155 44 0
156 45 0
157 45 0
158 43 0
159 44 0
160 46 0
161 48 0
162 48 0
163 48 0
164 49 0
165 56 0
166 68 0
167 77 0
168 67 0
169 41 0
170 26 0
171 33 0
172 55 0
173 99 0
174 158 0
175 191 0
176 185 0
177 173 0
178 159 0
179 139 0
180 125 0
181 107 0
182 90 0
183 90 0
184 77 0
185 57 0
186 83 0
187 127 0
188 146 0
189 147 0
190 142 0
191 143 0
192 150 0
193 152 0
194 149 0
195 148 0
196 144 0
197 144 0
198 149 0
199 142 0
200 144 0
201 165 0
202 135 0
203 57 0
204 42 0
205 67 0
206 59 0
207 46 0
208 47 0
209 52 0
210 47 0
211 33 0
212 91 0
213 159 0
214 129 0
215 140 0
216 174 0
217 82 0
218 53 0
219 125 0
220 88 0
221 35 0
222 51 0
223 49 0
224 46 0
225 49 0
226 47 0
227 53 0
228 50 0
229 49 0
230 51 0
231 49 0
232 51 0
233 45 0
234 44 0
235 48 0
236 49 0
237 47 0
238 42 0
239 44 0
240 48 0
241 48 0
242 46 0
243 45 0
244 48 0
245 47 0
246 47 0
247 45 0
248 44 0
249 49 0
250 49 0
251 49 0
252 26 0
253 0 0
254 0 0
255 0 0

0 0 0
1 0 0
2 0 0
3 0 0
4 0 0
5 29 0
6 41 0
7 40 0
8 43 0
9 41 0
10 41 0
11 42 0
12 45 0
13 46 0
14 45 0
15 46 0
16 44 0
17 48 0
18 52 0
19 50 0
20 50 0
21 49 0
22 49 0
23 49 0
24 50 0
25 50 0
26 53 0
27 58 0
28 51 0
29 51 0
30 53 0
31 51 0
32 54 0
33 50 0
34 61 0
35 45 0
36 51 0
37 155 0
38 142 0
39 46 0
40 107 0
41 192 0
42 197 0
43 172 0
44 151 0
45 188 0
46 186 0
47 93 0
48 34 0
49 71 0
50 130 0
51 117 0
52 99 0
53 113 0
54 73 0
55 42 0
56 56 0
57 51 0
58 59 0
59 79 0
60 75 0
61 71 0
62 69 0
63 71 0
64 77 0
65 74 0
66 74 0
67 78 0
68 78 0
69 74 0
70 73 0
71 77 0
72 77 0
73 76 0
74 78 0
75 79 0
76 81 0
77 85 0
78 89 0
79 94 0
80 92 0
81 88 0
82 87 0
83 84 0
84 81 0
85 76 0
86 77 0
87 90 0
88 92 0
89 82 0
90 85 0
91 95 0
92 99 0
93 98 0
94 90 0
95 86 0
96 91 0
97 93 0
98 93 0
99 96 0
100 101 0
101 102 0
102 95 0
103 88 0
104 88 0
105 88 0
106 90 0
107 98 0
108 99 0
109 88 0
110 77 0
111 66 0
112 58 0
113 70 0
114 93 0
115 100 0
116 88 0
117 75 0
118 65 0
119 61 0
120 62 0
121 66 0
122 77 0
123 91 0
124 96 0
125 96 0
126 94 0
127 86 0
128 69 0
129 50 0
130 45 0
131 50 0
132 53 0
133 77 0
134 130 0
135 163 0
136 144 0
137 93 0
138 50 0
139 40 0
140 49 0
141 49 0
142 48 0
143 51 0
144 51 0
145 47 0
146 47 0
147 48 0
148 46 0
149 49 0
150 54 0
151 54 0
152 50 0
153 48 0
154 47 0
155 46 0
156 43 0
157 38 0
158 36 0
159 39 0
160 41 0
161 43 0
162 48 0
163 53 0
164 59 0
165 67 0
166 72 0
167 53 0
168 16 0
169 17 0
170 60 0
171 84 0
172 68 0
173 45 0
174 47 0
175 62 0
176 83 0
177 135 0
178 182 0
179 163 0
180 115 0
181 93 0
182 88 0
183 76 0
184 46 0
185 38 0
186 79 0
187 122 0
188 133 0
189 134 0
190 135 0
191 144 0
192 153 0
193 154 0
194 152 0
195 150 0
196 149 0
197 152 0
198 156 0
199 153 0
200 152 0
201 167 0
202 147 0
203 74 0
204 40 0
205 54 0
206 57 0
207 49 0
208 41 0
209 48 0
210 54 0
211 38 0
212 83 0
213 164 0
214 152 0
215 146 0
216 170 0
217 89 0
218 53 0
219 125 0
220 95 0
221 33 0
222 49 0
223 52 0
224 45 0
225 51 0
226 49 0
227 50 0
228 47 0
229 49 0
230 51 0
231 49 0
232 51 0
233 46 0
234 46 0
235 49 0
236 48 0
237 48 0
238 46 0
239 44 0
240 44 0
241 46 0
242 46 0
243 46 0
244 48 0
245 47 0
246 46 0
247 44 0
248 47 0
249 52 0
250 52 0
251 52 0
252 29 0
253 0 0
254 0 0
255 0 0

0 0 0
1 0 0
2 0 0
3 0 0
4 0 0
5 28 0
6 43 0
7 40 0
8 42 0
9 41 0
10 41 0
11 44 0
12 46 0
13 46 0
14 46 0
15 45 0
16 44 0
17 50 0
18 51 0
19 46 0
20 47 0
21 47 0
22 48 0
23 49 0
24 49 0
25 49 0
26 50 0
27 55 0
28 51 0
29 54 0
30 56 0
31 53 0
32 55 0
33 51 0
34 65 0
35 48 0
36 49 0
37 144 0
38 127 0
39 40 0
40 109 0
41 194 0
42 194 0
43 172 0
44 158 0
45 181 0
46 169 0
47 93 0
48 34 0
49 58 0
50 134 0
51 137 0
52 98 0
53 98 0
54 70 0
55 44 0
56 54 0
57 53 0
58 63 0
59 76 0
60 73 0
61 74 0
62 73 0
63 73 0
64 73 0
65 69 0
66 70 0
67 73 0
68 75 0
69 77 0
70 78 0
71 82 0
72 82 0
73 83 0
74 90 0
75 91 0
76 89 0
77 92 0
78 98 0
79 100 0
80 98 0
81 95 0
82 96 0
83 98 0
84 96 0
85 87 0
86 84 0
87 91 0
88 84 0
89 73 0
90 80 0
91 94 0
92 98 0
93 94 0
94 85 0
95 80 0
96 83 0
97 91 0
98 95 0
99 98 0
100 103 0
101 97 0
102 81 0
103 78 0
104 91 0
105 101 0
106 103 0
107 100 0
108 93 0
109 88 0
110 81 0
111 65 0
112 62 0
113 96 0
114 137 0
115 137 0
116 108 0
117 83 0
118 68 0
119 61 0
120 66 0
121 79 0
122 92 0
123 98 0
124 96 0
125 95 0
126 97 0
127 90 0
128 72 0
129 51 0
130 45 0
131 49 0
132 52 0
133 73 0
134 115 0
135 148 0
136 159 0
137 133 0
138 73 0
139 36 0
140 46 0
141 56 0
142 52 0
143 53 0
144 55 0
145 51 0
146 46 0
147 42 0
148 40 0
149 43 0
150 45 0
151 47 0
152 48 0
153 46 0
154 43 0
155 43 0
156 45 0
157 46 0
158 46 0
159 44 0
160 41 0
161 43 0
162 52 0
163 61 0
164 62 0
165 62 0
166 51 0
167 25 0
168 35 0
169 105 0
170 139 0
171 91 0
172 39 0
173 19 0
174 11 0
175 12 0
176 20 0
177 56 0
178 133 0
179 176 0
180 137 0
181 88 0
182 78 0
183 67 0
184 43 0
185 53 0
186 97 0
187 126 0
188 134 0
189 140 0
190 149 0
191 158 0
192 159 0
193 159 0
194 156 0
195 152 0
196 154 0
197 149 0
198 151 0
199 160 0
200 155 0
201 161 0
202 156 0
203 91 0
204 45 0
205 58 0
206 69 0
207 58 0
208 31 0
209 26 0
210 46 0
211 42 0
212 77 0
213 157 0
214 155 0
215 145 0
216 175 0
217 101 0
218 51 0
219 122 0
220 103 0
221 34 0
222 49 0
223 55 0
224 48 0
225 53 0
226 50 0
227 49 0
228 46 0
229 46 0
230 49 0
231 45 0
232 46 0
233 46 0
234 47 0
235 47 0
236 46 0
237 49 0
238 49 0
239 48 0
240 44 0
241 43 0
242 45 0
243 45 0
244 44 0
245 45 0
246 46 0
247 41 0
248 45 0
249 50 0
250 50 0
251 54 0
252 30 0
253 0 0
254 0 0
255 0 0

0 0 0
1 0 0
2 0 0
3 0 0
4 0 0
5 24 0
6 40 0
7 40 0
8 42 0
9 43 0
10 44 0
11 45 0
12 45 0
13 46 0
14 44 0
15 44 0
16 45 0
17 47 0
18 45 0
19 46 0
20 49 0
21 46 0
22 48 0
23 52 0
24 53 0
25 53 0
26 51 0
27 51 0
28 50 0
29 52 0
30 53 0
31 55 0
32 58 0
33 53 0
34 61 0
35 44 0
36 57 0
37 152 0
38 119 0
39 29 0
40 103 0
41 182 0
42 179 0
43 180 0
44 174 0
45 164 0
46 147 0
47 98 0
48 43 0
49 60 0
50 131 0
51 118 0
52 69 0
53 77 0
54 66 0
55 44 0
56 52 0
57 58 0
58 65 0
59 73 0
60 73 0
61 74 0
62 72 0
63 73 0
64 75 0
65 73 0
66 72 0
67 72 0
68 78 0
69 84 0
70 86 0
71 90 0
72 90 0
73 86 0
74 88 0
75 89 0
76 92 0
77 98 0
78 101 0
79 101 0
80 101 0
81 100 0
82 96 0
83 94 0
84 95 0
85 94 0
86 90 0
87 88 0
88 84 0
89 80 0
90 85 0
91 91 0
92 95 0
93 93 0
94 83 0
95 75 0
96 77 0
97 87 0
98 93 0
99 94 0
100 99 0
101 98 0
102 89 0
103 90 0
104 100 0
105 103 0
106 98 0
107 93 0
108 90 0
109 91 0
110 85 0
111 69 0
112 65 0
113 94 0
114 126 0
115 118 0
116 86 0
117 69 0
118 62 0
119 57 0
120 61 0
121 71 0
122 83 0
123 93 0
124 94 0
125 96 0
126 100 0
127 91 0
128 72 0
129 54 0
130 46 0
131 51 0
132 59 0
133 80 0
134 115 0
135 140 0
136 155 0
137 154 0
138 111 0
139 51 0
140 33 0
141 48 0
142 53 0
143 46 0
144 44 0
145 50 0
146 55 0
147 53 0
148 49 0
149 47 0
150 43 0
151 41 0
152 43 0
153 40 0
154 36 0
155 35 0
156 36 0
157 41 0
158 44 0
159 44 0
160 48 0
161 58 0
162 66 0
163 65 0
164 53 0
165 34 0
166 18 0
167 40 0
168 121 0
169 169 0
170 107 0
171 28 0
172 19 0
173 35 0
174 34 0
175 39 0
176 42 0
177 25 0
178 40 0
179 113 0
180 152 0
181 114 0
182 76 0
183 69 0
184 65 0
185 75 0
186 103 0
187 129 0
188 148 0
189 154 0
190 150 0
191 152 0
192 154 0
193 154 0
194 156 0
195 156 0
196 154 0
197 150 0
198 152 0
199 158 0
200 142 0
201 142 0
202 166 0
203 113 0
204 43 0
205 63 0
206 89 0
207 73 0
208 48 0
209 21 0
210 20 0
211 37 0
212 85 0
213 160 0
214 158 0
215 146 0
216 180 0
217 109 0
218 46 0
219 116 0
220 109 0
221 40 0
222 46 0
223 53 0
224 46 0
225 51 0
226 49 0
227 48 0
228 46 0
229 45 0
230 45 0
231 42 0
232 44 0
233 45 0
234 46 0
235 45 0
236 47 0
237 48 0
238 46 0
239 47 0
240 46 0
241 43 0
242 44 0
243 47 0
244 45 0
245 44 0
246 49 0
247 42 0
248 45 0
249 53 0
250 51 0
251 52 0
252 29 0
253 0 0
254 0 0
255 0 0

0 0 0
1 0 0
2 0 0
3 0 0
4 0 0
5 24 0
6 40 0
7 42 0
8 44 0
9 42 0
10 41 0
11 41 0
12 44 0
13 48 0
14 45 0
15 46 0
16 48 0
17 44 0
18 44 0
19 47 0
20 49 0
21 46 0
22 50 0
23 52 0
24 49 0
25 53 0
26 56 0
27 50 0
28 48 0
29 52 0
30 51 0
31 54 0
32 58 0
33 55 0
34 60 0
35 41 0
36 71 0
37 163 0
38 109 0
39 14 0
40 96 0
41 183 0
42 181 0
43 170 0
44 159 0
45 170 0
46 176 0
47 119 0
48 43 0
49 57 0
50 121 0
51 95 0
52 52 0
53 70 0
54 62 0
55 41 0
56 49 0
57 54 0
58 65 0
59 76 0
60 74 0
61 74 0
62 72 0
63 72 0
64 73 0
65 73 0
66 73 0
67 72 0
68 73 0
69 76 0
70 83 0
71 94 0
72 98 0
73 95 0
74 93 0
75 95 0
76 102 0
77 105 0
78 102 0
79 99 0
80 102 0
81 108 0
82 108 0
83 98 0
84 88 0
85 85 0
86 84 0
87 78 0
88 75 0
89 83 0
90 87 0
91 84 0
92 83 0
93 81 0
94 77 0
95 76 0
96 78 0
97 83 0
98 90 0
99 95 0
100 98 0
101 96 0
102 93 0
103 93 0
104 96 0
105 98 0
106 100 0
107 102 0
108 102 0
109 99 0
110 88 0
111 71 0
112 63 0
113 78 0
114 98 0
115 90 0
116 69 0
117 63 0
118 62 0
119 61 0
120 67 0
121 73 0
122 82 0
123 95 0
124 97 0
125 96 0
126 98 0
127 84 0
128 63 0
129 49 0
130 44 0
131 51 0
132 67 0
133 83 0
134 103 0
135 126 0
136 145 0
137 160 0
138 146 0
139 88 0
140 36 0
141 33 0
142 51 0
143 56 0
144 51 0
145 46 0
146 44 0
147 46 0
148 48 0
149 48 0
150 44 0
151 42 0
152 43 0
153 50 0
154 63 0
155 68 0
156 57 0
157 46 0
158 49 0
159 54 0
160 57 0
161 58 0
162 56 0
163 50 0
164 31 0
165 16 0
166 47 0
167 132 0
168 189 0
169 135 0
170 37 0
171 9 0
172 27 0
173 29 0
174 26 0
175 32 0
176 44 0
177 39 0
178 17 0
179 44 0
180 116 0
181 131 0
182 88 0
183 68 0
184 75 0
185 85 0
186 107 0
187 134 0
188 154 0
189 154 0
190 147 0
191 156 0
192 159 0
193 139 0
194 136 0
195 154 0
196 164 0
197 165 0
198 162 0
199 161 0
200 151 0
201 146 0
202 169 0
203 128 0
204 46 0
205 61 0
206 87 0
207 80 0
208 112 0
209 107 0
210 51 0
211 43 0
212 88 0
213 145 0
214 141 0
215 138 0
216 184 0
217 123 0
218 47 0
219 107 0
220 111 0
221 44 0
222 45 0
223 55 0
224 48 0
225 53 0
226 53 0
227 51 0
228 48 0
229 46 0
230 48 0
231 49 0
232 48 0
233 47 0
234 49 0
235 49 0
236 49 0
237 49 0
238 45 0
239 46 0
240 48 0
241 45 0
242 44 0
243 49 0
244 46 0
245 41 0
246 45 0
247 44 0
248 48 0
249 53 0
250 49 0
251 47 0
252 28 0
253 0 0
254 0 0
255 0 0

0 0 0
1 0 0
2 0 0
3 0 0
4 0 0
5 26 0
6 40 0
7 42 0
8 41 0
9 39 0
10 44 0
11 46 0
12 46 0
13 48 0
14 47 0
15 49 0
16 48 0
17 44 0
18 44 0
19 46 0
20 46 0
21 44 0
22 48 0
23 49 0
24 45 0
25 51 0
26 57 0
27 53 0
28 50 0
29 54 0
30 52 0
31 53 0
32 55 0
33 51 0
34 57 0
35 44 0
36 77 0
37 156 0
38 91 0
39 5 0
40 88 0
41 181 0
42 195 0
43 183 0
44 165 0
45 170 0
46 171 0
47 112 0
48 41 0
49 62 0
50 120 0
51 84 0
52 47 0
53 70 0
54 63 0
55 46 0
56 49 0
57 51 0
58 67 0
59 78 0
60 75 0
61 73 0
62 71 0
63 72 0
64 73 0
65 73 0
66 77 0
67 78 0
68 74 0
69 74 0
70 79 0
71 89 0
72 95 0
73 93 0
74 93 0
75 98 0
76 98 0
77 94 0
78 95 0
79 95 0
80 86 0
81 86 0
82 96 0
83 92 0
84 79 0
85 85 0
86 97 0
87 89 0
88 75 0
89 78 0
90 84 0
91 79 0
92 72 0
93 72 0
94 76 0
95 79 0
96 77 0
97 76 0
98 85 0
99 95 0
100 94 0
101 88 0
102 90 0
103 96 0
104 97 0
105 98 0
106 98 0
107 97 0
108 96 0
109 98 0
110 90 0
111 72 0
112 62 0
113 63 0
114 61 0
115 54 0
116 54 0
117 59 0
118 61 0
119 61 0
120 63 0
121 68 0
122 80 0
123 95 0
124 96 0
125 97 0
126 97 0
127 80 0
128 59 0
129 49 0
130 43 0
131 48 0
132 71 0
133 87 0
134 96 0
135 115 0
136 135 0
137 149 0
138 158 0
139 139 0
140 88 0
141 39 0
142 29 0
143 46 0
144 59 0
145 55 0
146 49 0
147 48 0
148 49 0
149 49 0
150 48 0
151 51 0
152 56 0
153 58 0
154 61 0
155 63 0
156 60 0
157 59 0
158 62 0
159 61 0
160 59 0
161 57 0
162 44 0
163 24 0
164 19 0
165 55 0
166 137 0
167 195 0
168 149 0
169 50 0
170 9 0
171 29 0
172 40 0
173 36 0
174 36 0
175 33 0
176 31 0
177 35 0
178 28 0
179 22 0
180 63 0
181 118 0
182 117 0
183 95 0
184 100 0
185 107 0
186 117 0
187 137 0
188 150 0
189 152 0
190 154 0
191 164 0
192 160 0
193 133 0
194 131 0
195 159 0
196 169 0
197 166 0
198 162 0
199 156 0
200 154 0
201 159 0
202 174 0
203 137 0
204 58 0
205 53 0
206 65 0
207 52 0
208 117 0
209 183 0
210 141 0
211 69 0
212 63 0
213 112 0
214 126 0
215 127 0
216 176 0
217 132 0
218 51 0
219 107 0
220 123 0
221 50 0
222 44 0
223 57 0
224 49 0
225 53 0
226 53 0
227 53 0
228 51 0
229 50 0
230 53 0
231 52 0
232 50 0
233 48 0
234 49 0
235 50 0
236 48 0
237 48 0
238 47 0
239 45 0
240 47 0
241 46 0
242 43 0
243 45 0
244 46 0
245 47 0
246 46 0
247 44 0
248 53 0
249 54 0
250 48 0
251 48 0
252 29 0
253 0 0
254 0 0
255 0 0

0 0 0
1 0 0
2 0 0
3 0 0
4 0 0
5 29 0
6 40 0
7 41 0
8 40 0
9 39 0
10 41 0
11 45 0
12 46 0
13 47 0
14 44 0
15 42 0
16 43 0
17 44 0
18 45 0
19 50 0
20 49 0
21 44 0
22 46 0
23 46 0
24 43 0
25 49 0
26 58 0
27 58 0
28 53 0
29 55 0
30 52 0
31 53 0
32 53 0
33 53 0
34 58 0
35 44 0
36 83 0
37 148 0
38 71 0
39 0 0
40 73 0
41 167 0
42 185 0
43 176 0
44 160 0
45 156 0
46 157 0
47 107 0
48 37 0
49 55 0
50 99 0
51 68 0
52 44 0
53 61 0
54 63 0
55 60 0
56 54 0
57 53 0
58 68 0
59 77 0
60 73 0
61 68 0
62 68 0
63 74 0
64 75 0
65 72 0
66 78 0
67 83 0
68 84 0
69 81 0
70 76 0
71 83 0
72 96 0
73 100 0
74 97 0
75 97 0
76 95 0
77 93 0
78 98 0
79 98 0
80 85 0
81 78 0
82 87 0
83 88 0
84 77 0
85 81 0
86 93 0
87 90 0
88 79 0
89 77 0
90 77 0
91 73 0
92 71 0
93 72 0
94 74 0
95 76 0
96 76 0
97 76 0
98 80 0
99 88 0
100 90 0
101 89 0
102 88 0
103 85 0
104 85 0
105 94 0
106 109 0
107 115 0
108 108 0
109 100 0
110 89 0
111 74 0
112 65 0
113 61 0
114 53 0
115 46 0
116 46 0
117 54 0
118 72 0
119 83 0
120 75 0
121 68 0
122 79 0
123 88 0
124 86 0
125 87 0
126 88 0
127 73 0
128 55 0
129 49 0
130 44 0
131 46 0
132 69 0
133 93 0
134 106 0
135 120 0
136 134 0
137 142 0
138 149 0
139 160 0
140 152 0
141 105 0
142 41 0
143 15 0
144 26 0
145 44 0
146 57 0
147 63 0
148 60 0
149 57 0
150 56 0
151 58 0
152 61 0
153 57 0
154 50 0
155 47 0
156 47 0
157 48 0
158 44 0
159 31 0
160 26 0
161 26 0
162 20 0
163 35 0
164 85 0
165 147 0
166 192 0
167 172 0
168 82 0
169 14 0
170 15 0
171 27 0
172 24 0
173 24 0
174 24 0
175 23 0
176 25 0
177 32 0
178 43 0
179 33 0
180 27 0
181 73 0
182 116 0
183 112 0
184 106 0
185 118 0
186 134 0
187 151 0
188 158 0
189 158 0
190 159 0
191 157 0
192 148 0
193 147 0
194 165 0
195 166 0
196 135 0
197 119 0
198 139 0
199 160 0
200 157 0
201 154 0
202 171 0
203 147 0
204 73 0
205 44 0
206 55 0
207 44 0
208 75 0
209 165 0
210 172 0
211 79 0
212 52 0
213 122 0
214 149 0
215 141 0
216 179 0
217 147 0
218 56 0
219 93 0
220 129 0
221 59 0
222 41 0
223 57 0
224 47 0
225 49 0
226 48 0
227 50 0
228 53 0
229 50 0
230 53 0
231 47 0
232 46 0
233 49 0
234 48 0
235 48 0
236 47 0
237 48 0
238 49 0
239 46 0
240 46 0
241 46 0
242 46 0
243 46 0
244 42 0
245 44 0
246 42 0
247 44 0
248 61 0
249 57 0
250 49 0
251 51 0
252 31 0
253 0 0
254 0 0
255 0 0

0 0 0
1 0 0
2 0 0
3 0 0
4 0 0
5 31 0
6 40 0
7 39 0
8 40 0
9 39 0
10 39 0
11 41 0
12 43 0
13 44 0
14 43 0
15 44 0
16 48 0
17 49 0
18 48 0
19 51 0
20 47 0
21 42 0
22 47 0
23 48 0
24 44 0
25 49 0
26 56 0
27 52 0
28 50 0
29 53 0
30 53 0
31 55 0
32 51 0
33 55 0
34 52 0
35 45 0
36 115 0
37 159 0
38 57 0
39 0 0
40 62 0
41 166 0
42 192 0
43 173 0
44 144 0
45 146 0
46 178 0
47 139 0
48 53 0
49 50 0
50 73 0
51 59 0
52 53 0
53 56 0
54 71 0
55 79 0
56 58 0
57 54 0
58 69 0
59 72 0
60 73 0
61 72 0
62 72 0
63 76 0
64 73 0
65 71 0
66 76 0
67 79 0
68 77 0
69 76 0
70 76 0
71 79 0
72 88 0
73 95 0
74 101 0
75 104 0
76 104 0
77 101 0
78 101 0
79 100 0
80 94 0
81 87 0
82 84 0
83 84 0
84 81 0
85 83 0
86 86 0
87 81 0
88 78 0
89 79 0
90 76 0
91 72 0
92 75 0
93 79 0
94 80 0
95 83 0
96 85 0
97 83 0
98 79 0
99 84 0
100 98 0
101 105 0
102 98 0
103 92 0
104 92 0
105 81 0
106 69 0
107 77 0
108 93 0
109 96 0
110 86 0
111 73 0
112 62 0
113 53 0
114 49 0
115 51 0
116 51 0
117 52 0
118 71 0
119 86 0
120 73 0
121 61 0
122 69 0
123 79 0
124 80 0
125 85 0
126 86 0
127 73 0
128 55 0
129 48 0
130 49 0
131 51 0
132 62 0
133 83 0
134 107 0
135 119 0
136 124 0
137 137 0
138 148 0
139 148 0
140 156 0
141 158 0
142 118 0
143 60 0
144 23 0
145 8 0
146 12 0
147 24 0
148 34 0
149 44 0
150 45 0
151 40 0
152 42 0
153 47 0
154 47 0
155 41 0
156 39 0
157 47 0
158 51 0
159 37 0
160 23 0
161 29 0
162 61 0
163 112 0
164 152 0
165 167 0
166 147 0
167 87 0
168 31 0
169 21 0
170 26 0
171 22 0
172 22 0
173 25 0
174 24 0
175 29 0
176 31 0
177 25 0
178 30 0
179 31 0
180 19 0
181 38 0
182 80 0
183 99 0
184 105 0
185 125 0
186 147 0
187 158 0
188 160 0
189 160 0
190 163 0
191 166 0
192 157 0
193 158 0
194 173 0
195 149 0
196 98 0
197 73 0
198 90 0
199 142 0
200 162 0
201 147 0
202 164 0
203 156 0
204 85 0
205 40 0
206 53 0
207 55 0
208 51 0
209 118 0
210 161 0
211 87 0
212 68 0
213 142 0
214 154 0
215 138 0
216 177 0
217 161 0
218 66 0
219 73 0
220 122 0
221 66 0
222 38 0
223 58 0
224 49 0
225 50 0
226 49 0
227 46 0
228 49 0
229 44 0
230 50 0
231 47 0
232 44 0
233 47 0
234 46 0
235 49 0
236 47 0
237 46 0
238 48 0
239 47 0
240 45 0
241 44 0
242 47 0
243 46 0
244 43 0
245 43 0
246 40 0
247 48 0
248 62 0
249 54 0
250 50 0
251 54 0
252 33 0
253 0 0
254 0 0
255 0 0

0 0 0
1 0 0
2 0 0
3 0 0
4 0 0
5 28 0
6 41 0
7 41 0
8 39 0
9 39 0
10 41 0
11 41 0
12 41 0
13 43 0
14 44 0
15 44 0
16 46 0
17 46 0
18 47 0
19 50 0
20 44 0
21 41 0
22 47 0
23 49 0
24 45 0
25 47 0
26 52 0
27 48 0
28 50 0
29 53 0
30 52 0
31 53 0
32 49 0
33 57 0
34 51 0
35 56 0
36 143 0
37 149 0
38 36 0
39 0 0
40 39 0
41 131 0
42 187 0
43 189 0
44 162 0
45 149 0
46 164 0
47 135 0
48 65 0
49 49 0
50 56 0
51 51 0
52 53 0
53 48 0
54 75 0
55 92 0
56 53 0
57 45 0
58 67 0
59 68 0
60 70 0
61 74 0
62 73 0
63 74 0
64 71 0
65 71 0
66 74 0
67 75 0
68 73 0
69 73 0
70 77 0
71 76 0
72 73 0
73 76 0
74 83 0
75 91 0
76 94 0
77 96 0
78 96 0
79 88 0
80 81 0
81 82 0
82 85 0
83 87 0
84 86 0
85 85 0
86 80 0
87 75 0
88 73 0
89 75 0
90 76 0
91 76 0
92 79 0
93 85 0
94 88 0
95 80 0
96 74 0
97 76 0
98 77 0
99 77 0
100 89 0
101 104 0
102 105 0
103 103 0
104 110 0
105 103 0
106 83 0
107 76 0
108 89 0
109 95 0
110 85 0
111 72 0
112 65 0
113 57 0
114 50 0
115 50 0
116 49 0
117 53 0
118 78 0
119 99 0
120 83 0
121 63 0
122 73 0
123 89 0
124 92 0
125 91 0
126 85 0
127 69 0
128 54 0
129 45 0
130 44 0
131 52 0
132 58 0
133 64 0
134 88 0
135 112 0
136 122 0
137 138 0
138 149 0
139 137 0
140 135 0
141 157 0
142 169 0
143 159 0
144 130 0
145 86 0
146 50 0
147 31 0
148 20 0
149 18 0
150 24 0
151 31 0
152 44 0
153 58 0
154 63 0
155 61 0
156 74 0
157 109 0
158 137 0
159 142 0
160 137 0
161 142 0
162 155 0
163 157 0
164 158 0
165 162 0
166 115 0
167 39 0
168 20 0
169 34 0
170 27 0
171 23 0
172 31 0
173 30 0
174 26 0
175 31 0
176 34 0
177 27 0
178 26 0
179 28 0
180 26 0
181 37 0
182 62 0
183 86 0
184 107 0
185 124 0
186 143 0
187 156 0
188 158 0
189 160 0
190 167 0
191 166 0
192 148 0
193 145 0
194 155 0
195 117 0
196 71 0
197 58 0
198 57 0
199 110 0
200 159 0
201 151 0
202 166 0
203 159 0
204 85 0
205 41 0
206 49 0
207 61 0
208 47 0
209 78 0
210 138 0
211 93 0
212 72 0
213 151 0
214 159 0
215 129 0
216 171 0
217 176 0
218 82 0
219 61 0
220 124 0
221 85 0
222 36 0
223 55 0
224 50 0
225 53 0
226 57 0
227 51 0
228 51 0
229 44 0
230 48 0
231 48 0
232 47 0
233 50 0
234 47 0
235 51 0
236 49 0
237 45 0
238 48 0
239 46 0
240 45 0
241 45 0
242 46 0
243 44 0
244 46 0
245 46 0
246 44 0
247 58 0
248 64 0
249 52 0
250 53 0
251 56 0
252 35 0
253 0 0
254 0 0
255 0 0

0 0 0
1 0 0
2 0 0
3 0 0
4 0 0
5 29 0
6 38 0
7 38 0
8 39 0
9 40 0
10 41 0
11 40 0
12 39 0
13 44 0
14 49 0
15 47 0
16 45 0
17 44 0
18 45 0
19 51 0
20 46 0
21 41 0
22 46 0
23 47 0
24 44 0
25 46 0
26 51 0
27 51 0
28 54 0
29 53 0
30 52 0
31 54 0
32 48 0
33 58 0
34 51 0
35 61 0
36 143 0
37 120 0
38 19 0
39 0 0
40 22 0
41 98 0
42 163 0
43 179 0
44 182 0
45 167 0
46 158 0
47 136 0
48 76 0
49 51 0
50 51 0
51 53 0
52 53 0
53 37 0
54 68 0
55 91 0
56 46 0
57 38 0
58 67 0
59 74 0
60 77 0
61 76 0
62 71 0
63 71 0
64 72 0
65 75 0
66 76 0
67 74 0
68 74 0
69 76 0
70 77 0
71 76 0
72 82 0
73 90 0
74 90 0
75 92 0
76 97 0
77 99 0
78 95 0
79 89 0
80 88 0
81 95 0
82 102 0
83 97 0
84 81 0
85 70 0
86 70 0
87 73 0
88 75 0
89 78 0
90 78 0
91 74 0
92 66 0
93 64 0
94 60 0
95 47 0
96 47 0
97 69 0
98 81 0
99 77 0
100 78 0
101 86 0
102 92 0
103 95 0
104 100 0
105 107 0
106 110 0
107 109 0
108 105 0
109 95 0
110 80 0
111 69 0
112 61 0
113 51 0
114 44 0
115 43 0
116 43 0
117 57 0
118 88 0
119 104 0
120 85 0
121 65 0
122 75 0
123 95 0
124 100 0
125 93 0
126 76 0
127 60 0
128 56 0
129 51 0
130 44 0
131 56 0
132 64 0
133 55 0
134 63 0
135 89 0
136 106 0
137 127 0
138 144 0
139 142 0
140 142 0
141 149 0
142 153 0
143 168 0
144 182 0
145 174 0
146 161 0
147 141 0
148 95 0
149 68 0
150 89 0
151 112 0
152 102 0
153 90 0
154 107 0
155 139 0
156 153 0
157 132 0
158 106 0
159 123 0
160 168 0
161 187 0
162 166 0
163 142 0
164 151 0
165 148 0
166 83 0
167 25 0
168 34 0
169 42 0
170 28 0
171 27 0
172 31 0
173 26 0
174 22 0
175 23 0
176 27 0
177 31 0
178 35 0
179 29 0
180 20 0
181 36 0
182 60 0
183 84 0
184 118 0
185 140 0
186 151 0
187 161 0
188 164 0
189 170 0
190 168 0
191 144 0
192 132 0
193 149 0
194 152 0
195 95 0
196 50 0
197 52 0
198 45 0
199 85 0
200 152 0
201 155 0
202 166 0
203 163 0
204 92 0
205 45 0
206 44 0
207 59 0
208 56 0
209 68 0
210 116 0
211 85 0
212 68 0
213 156 0
214 173 0
215 129 0
216 161 0
217 175 0
218 84 0
219 53 0
220 137 0
221 115 0
222 38 0
223 49 0
224 51 0
225 48 0
226 58 0
227 56 0
228 58 0
229 49 0
230 47 0
231 50 0
232 51 0
233 53 0
234 49 0
235 50 0
236 49 0
237 46 0
238 49 0
239 47 0
240 47 0
241 49 0
242 48 0
243 47 0
244 48 0
245 43 0
246 45 0
247 58 0
248 56 0
249 46 0
250 54 0
251 52 0
252 34 0
253 0 0
254 0 0
255 0 0

0 0 0
1 0 0
2 0 0
3 0 0
4 0 0
5 31 0
6 37 0
7 38 0
8 39 0
9 41 0
10 42 0
11 42 0
12 41 0
13 42 0
14 48 0
15 49 0
16 48 0
17 46 0
18 44 0
19 51 0
20 53 0
21 45 0
22 44 0
23 46 0
24 46 0
25 49 0
26 50 0
27 51 0
28 56 0
29 53 0
30 53 0
31 58 0
32 54 0
33 62 0
34 49 0
35 70 0
36 143 0
37 90 0
38 8 0
39 1 0
40 14 0
41 93 0
42 159 0
43 170 0
44 175 0
45 168 0
46 166 0
47 138 0
48 71 0
49 48 0
50 49 0
51 49 0
52 48 0
53 41 0
54 76 0
55 93 0
56 57 0
57 58 0
58 78 0
59 74 0
60 73 0
61 72 0
62 71 0
63 70 0
64 71 0
65 74 0
66 73 0
67 72 0
68 73 0
69 73 0
70 76 0
71 77 0
72 83 0
73 90 0
74 92 0
75 93 0
76 95 0
77 93 0
78 86 0
79 80 0
80 80 0
81 86 0
82 93 0
83 95 0
84 88 0
85 81 0
86 76 0
87 72 0
88 74 0
89 82 0
90 77 0
91 57 0
92 40 0
93 39 0
94 41 0
95 40 0
96 57 0
97 81 0
98 83 0
99 78 0
100 80 0
101 78 0
102 76 0
103 82 0
104 87 0
105 86 0
106 85 0
107 88 0
108 94 0
109 91 0
110 80 0
111 71 0
112 61 0
113 49 0
114 45 0
115 46 0
116 49 0
117 57 0
118 66 0
119 67 0
120 59 0
121 58 0
122 75 0
123 95 0
124 95 0
125 76 0
126 55 0
127 47 0
128 51 0
129 51 0
130 44 0
131 55 0
132 64 0
133 53 0
134 56 0
135 78 0
136 91 0
137 113 0
138 142 0
139 144 0
140 139 0
141 149 0
142 156 0
143 169 0
144 190 0
145 198 0
146 197 0
147 198 0
148 188 0
149 180 0
150 176 0
151 143 0
152 90 0
153 55 0
154 53 0
155 76 0
156 90 0
157 63 0
158 27 0
159 60 0
160 145 0
161 179 0
162 155 0
163 156 0
164 168 0
165 120 0
166 46 0
167 22 0
168 29 0
169 25 0
170 23 0
171 27 0
172 26 0
173 23 0
174 22 0
175 26 0
176 29 0
177 23 0
178 23 0
179 23 0
180 20 0
181 32 0
182 50 0
183 81 0
184 132 0
185 156 0
186 157 0
187 160 0
188 164 0
189 169 0
190 149 0
191 130 0
192 150 0
193 154 0
194 118 0
195 70 0
196 46 0
197 52 0
198 43 0
199 70 0
200 143 0
201 157 0
202 159 0
203 163 0
204 102 0
205 50 0
206 47 0
207 49 0
208 45 0
209 62 0
210 93 0
211 75 0
212 85 0
213 156 0
214 161 0
215 137 0
216 159 0
217 166 0
218 90 0
219 49 0
220 132 0
221 129 0
222 43 0
223 49 0
224 55 0
225 44 0
226 56 0
227 58 0
228 61 0
229 49 0
230 44 0
231 51 0
232 48 0
233 49 0
234 47 0
235 47 0
236 48 0
237 44 0
238 44 0
239 45 0
240 47 0
241 47 0
242 46 0
243 48 0
244 49 0
245 49 0
246 54 0
247 57 0
248 50 0
249 46 0
250 55 0
251 50 0
252 34 0
253 0 0
254 0 0
255 0 0

0 0 0
1 0 0
2 0 0
3 0 0
4 0 0
5 30 0
6 39 0
7 44 0
8 42 0
9 41 0
10 44 0
11 44 0
12 43 0
13 43 0
14 47 0
15 46 0
16 46 0
17 46 0
18 44 0
19 47 0
20 51 0
21 48 0
22 45 0
23 44 0
24 48 0
25 53 0
26 49 0
27 49 0
28 53 0
29 51 0
30 56 0
31 56 0
32 54 0
33 58 0
34 46 0
35 95 0
36 148 0
37 58 0
38 0 0
39 3 0
40 7 0
41 87 0
42 167 0
43 174 0
44 175 0
45 172 0
46 168 0
47 136 0
48 71 0
49 47 0
50 46 0
51 48 0
52 55 0
53 59 0
54 84 0
55 88 0
56 56 0
57 60 0
58 72 0
59 65 0
60 69 0
61 75 0
62 76 0
63 74 0
64 73 0
65 74 0
66 73 0
67 75 0
68 76 0
69 74 0
70 80 0
71 89 0
72 91 0
73 90 0
74 88 0
75 87 0
76 90 0
77 94 0
78 93 0
79 85 0
80 83 0
81 90 0
82 97 0
83 98 0
84 96 0
85 92 0
86 84 0
87 76 0
88 73 0
89 67 0
90 50 0
91 39 0
92 40 0
93 50 0
94 57 0
95 52 0
96 57 0
97 74 0
98 77 0
99 76 0
100 83 0
101 85 0
102 85 0
103 89 0
104 92 0
105 89 0
106 85 0
107 88 0
108 94 0
109 88 0
110 76 0
111 71 0
112 67 0
113 59 0
114 52 0
115 51 0
116 55 0
117 57 0
118 58 0
119 59 0
120 57 0
121 63 0
122 84 0
123 99 0
124 80 0
125 52 0
126 42 0
127 44 0
128 46 0
129 49 0
130 48 0
131 52 0
132 59 0
133 54 0
134 59 0
135 79 0
136 87 0
137 103 0
138 134 0
139 141 0
140 137 0
141 152 0
142 157 0
143 150 0
144 158 0
145 152 0
146 134 0
147 159 0
148 210 0
149 212 0
150 145 0
151 67 0
152 40 0
153 48 0
154 48 0
155 41 0
156 47 0
157 53 0
158 49 0
159 78 0
160 153 0
161 178 0
162 147 0
163 155 0
164 156 0
165 83 0
166 26 0
167 26 0
168 26 0
169 19 0
170 21 0
171 20 0
172 19 0
173 19 0
174 19 0
175 26 0
176 34 0
177 25 0
178 20 0
179 29 0
180 25 0
181 23 0
182 58 0
183 117 0
184 155 0
185 159 0
186 159 0
187 159 0
188 165 0
189 170 0
190 143 0
191 134 0
192 157 0
193 125 0
194 70 0
195 53 0
196 49 0
197 52 0
198 45 0
199 62 0
200 133 0
201 161 0
202 159 0
203 161 0
204 102 0
205 41 0
206 40 0
207 47 0
208 47 0
209 62 0
210 75 0
211 63 0
212 86 0
213 138 0
214 142 0
215 138 0
216 163 0
217 176 0
218 108 0
219 40 0
220 115 0
221 142 0
222 53 0
223 44 0
224 53 0
225 42 0
226 53 0
227 52 0
228 54 0
229 47 0
230 41 0
231 48 0
232 42 0
233 44 0
234 49 0
235 48 0
236 49 0
237 46 0
238 45 0
239 46 0
240 45 0
241 42 0
242 44 0
243 46 0
244 41 0
245 46 0
246 51 0
247 49 0
248 45 0
249 45 0
250 53 0
251 50 0
252 34 0
253 0 0
254 0 0
255 0 0

0 0 0
1 0 0
2 0 0
3 0 0
4 0 0
5 32 0
6 39 0
7 41 0
8 41 0
9 42 0
10 44 0
11 40 0
12 40 0
13 45 0
14 45 0
15 42 0
16 44 0
17 46 0
18 44 0
19 44 0
20 45 0
21 45 0
22 45 0
23 43 0
24 47 0
25 51 0
26 49 0
27 53 0
28 52 0
29 50 0
30 56 0
31 53 0
32 56 0
33 54 0
34 55 0
35 125 0
36 134 0
37 36 0
38 0 0
39 5 0
40 0 0
41 75 0
42 165 0
43 176 0
44 171 0
45 156 0
46 162 0
47 168 0
48 110 0
49 50 0
50 40 0
51 69 0
52 91 0
53 78 0
54 83 0
55 85 0
56 54 0
57 56 0
58 73 0
59 70 0
60 72 0
61 72 0
62 69 0
63 71 0
64 71 0
65 71 0
66 71 0
67 73 0
68 76 0
69 73 0
70 71 0
71 76 0
72 85 0
73 91 0
74 89 0
75 90 0
76 94 0
77 93 0
78 90 0
79 86 0
80 85 0
81 92 0
82 96 0
83 93 0
84 86 0
85 76 0
86 68 0
87 71 0
88 78 0
89 68 0
90 51 0
91 47 0
92 48 0
93 50 0
94 56 0
95 53 0
96 52 0
97 67 0
98 77 0
99 75 0
100 77 0
101 77 0
102 74 0
103 75 0
104 77 0
105 73 0
106 71 0
107 77 0
108 88 0
109 89 0
110 81 0
111 71 0
112 59 0
113 49 0
114 46 0
115 46 0
116 47 0
117 47 0
118 50 0
119 53 0
120 49 0
121 55 0
122 84 0
123 94 0
124 67 0
125 58 0
126 78 0
127 75 0
128 52 0
129 47 0
130 48 0
131 51 0
132 62 0
133 60 0
134 58 0
135 69 0
136 71 0
137 82 0
138 119 0
139 139 0
140 145 0
141 161 0
142 157 0
143 123 0
144 92 0
145 63 0
146 54 0
147 96 0
148 133 0
149 110 0
150 69 0
151 52 0
152 52 0
153 56 0
154 58 0
155 55 0
156 55 0
157 58 0
158 47 0
159 51 0
160 98 0
161 133 0
162 142 0
163 164 0
164 142 0
165 63 0
166 20 0
167 24 0
168 24 0
169 24 0
170 27 0
171 25 0
172 27 0
173 30 0
174 24 0
175 19 0
176 24 0
177 30 0
178 34 0
179 43 0
180 30 0
181 18 0
182 73 0
183 146 0
184 156 0
185 148 0
186 161 0
187 165 0
188 167 0
189 169 0
190 144 0
191 136 0
192 148 0
193 113 0
194 68 0
195 58 0
196 51 0
197 51 0
198 47 0
199 58 0
200 127 0
201 171 0
202 166 0
203 165 0
204 110 0
205 40 0
206 39 0
207 56 0
208 62 0
209 67 0
210 63 0
211 52 0
212 68 0
213 120 0
214 154 0
215 149 0
216 157 0
217 179 0
218 115 0
219 31 0
220 100 0
221 160 0
222 75 0
223 41 0
224 58 0
225 48 0
226 52 0
227 49 0
228 49 0
229 48 0
230 39 0
231 49 0
232 49 0
233 45 0
234 46 0
235 42 0
236 43 0
237 50 0
238 50 0
239 48 0
240 47 0
241 41 0
242 41 0
243 46 0
244 44 0
245 47 0
246 48 0
247 45 0
248 45 0
249 46 0
250 52 0
251 46 0
252 33 0
253 0 0
254 0 0
255 0 0

0 0 0
1 0 0
2 0 0
3 0 0
4 0 0
5 36 0
6 37 0
7 38 0
8 40 0
9 41 0
10 42 0
11 42 0
12 43 0
13 46 0
14 43 0
15 43 0
16 48 0
17 44 0
18 44 0
19 51 0
20 47 0
21 41 0
22 45 0
23 44 0
24 48 0
25 53 0
26 51 0
27 53 0
28 51 0
29 51 0
30 54 0
31 53 0
32 56 0
33 45 0
34 71 0
35 148 0
36 105 0
37 22 0
38 5 0
39 1 0
40 0 0
41 61 0
42 159 0
43 186 0
44 161 0
45 132 0
46 156 0
47 187 0
48 137 0
49 52 0
50 33 0
51 96 0
52 131 0
53 90 0
54 78 0
55 90 0
56 64 0
57 58 0
58 74 0
59 73 0
60 74 0
61 73 0
62 69 0
63 73 0
64 72 0
65 73 0
66 76 0
67 72 0
68 73 0
69 76 0
70 73 0
71 72 0
72 81 0
73 90 0
74 90 0
75 93 0
76 99 0
77 98 0
78 94 0
79 92 0
80 96 0
81 104 0
82 98 0
83 84 0
84 84 0
85 85 0
86 77 0
87 77 0
88 82 0
89 74 0
90 61 0
91 55 0
92 52 0
93 50 0
94 53 0
95 55 0
96 63 0
97 74 0
98 75 0
99 71 0
100 74 0
101 76 0
102 71 0
103 70 0
104 71 0
105 71 0
106 71 0
107 76 0
108 81 0
109 82 0
110 76 0
111 66 0
112 56 0
113 49 0
114 47 0
115 49 0
116 50 0
117 47 0
118 47 0
119 51 0
120 50 0
121 55 0
122 79 0
123 85 0
124 68 0
125 89 0
126 124 0
127 98 0
128 53 0
129 42 0
130 44 0
131 51 0
132 63 0
133 61 0
134 57 0
135 64 0
136 60 0
137 67 0
138 108 0
139 140 0
140 149 0
141 162 0
142 162 0
143 120 0
144 63 0
145 39 0
146 51 0
147 70 0
148 61 0
149 39 0
150 46 0
151 64 0
152 59 0
153 51 0
154 53 0
155 52 0
156 51 0
157 51 0
158 51 0
159 64 0
160 84 0
161 93 0
162 124 0
163 148 0
164 100 0
165 34 0
166 24 0
167 34 0
168 29 0
169 25 0
170 24 0
171 26 0
172 27 0
173 27 0
174 28 0
175 24 0
176 23 0
177 27 0
178 28 0
179 32 0
180 23 0
181 7 0
182 50 0
183 129 0
184 157 0
185 152 0
186 161 0
187 169 0
188 166 0
189 159 0
190 144 0
191 145 0
192 160 0
193 133 0
194 83 0
195 56 0
196 44 0
197 49 0
198 49 0
199 50 0
200 112 0
201 167 0
202 163 0
203 160 0
204 112 0
205 40 0
206 50 0
207 80 0
208 76 0
209 67 0
210 56 0
211 50 0
212 65 0
213 108 0
214 149 0
215 145 0
216 142 0
217 168 0
218 123 0
219 28 0
220 71 0
221 163 0
222 111 0
223 46 0
224 54 0
225 52 0
226 53 0
227 51 0
228 49 0
229 50 0
230 40 0
231 53 0
232 65 0
233 50 0
234 41 0
235 39 0
236 41 0
237 50 0
238 48 0
239 43 0
240 47 0
241 46 0
242 45 0
243 48 0
244 48 0
245 47 0
246 47 0
247 48 0
248 49 0
249 49 0
250 49 0
251 44 0
252 33 0
253 0 0
254 0 0
255 0 0

0 0 0
1 0 0
2 0 0
3 0 0
4 0 0
5 32 0
6 35 0
7 41 0
8 45 0
9 39 0
10 40 0
11 46 0
12 44 0
13 45 0
14 44 0
15 46 0
16 51 0
17 49 0
18 47 0
19 51 0
20 46 0
21 41 0
22 46 0
23 43 0
24 49 0
25 57 0
26 53 0
27 52 0
28 49 0
29 53 0
30 56 0
31 56 0
32 57 0
33 43 0
34 97 0
35 157 0
36 72 0
37 11 0
38 9 0
39 3 0
40 4 0
41 39 0
42 129 0
43 179 0
44 184 0
45 174 0
46 155 0
47 156 0
48 150 0
49 80 0
50 29 0
51 89 0
52 146 0
53 99 0
54 68 0
55 88 0
56 72 0
57 58 0
58 74 0
59 73 0
60 72 0
61 73 0
62 71 0
63 74 0
64 73 0
65 75 0
66 78 0
67 72 0
68 70 0
69 75 0
70 79 0
71 81 0
72 84 0
73 90 0
74 94 0
75 92 0
76 93 0
77 98 0
78 101 0
79 93 0
80 84 0
81 93 0
82 101 0
83 88 0
84 78 0
85 80 0
86 76 0
87 76 0
88 80 0
89 78 0
90 69 0
91 61 0
92 56 0
93 55 0
94 52 0
95 55 0
96 68 0
97 74 0
98 68 0
99 68 0
100 71 0
101 71 0
102 71 0
103 74 0
104 71 0
105 69 0
106 72 0
107 76 0
108 78 0
109 78 0
110 72 0
111 62 0
112 52 0
113 46 0
114 46 0
115 48 0
116 51 0
117 49 0
118 50 0
119 57 0
120 55 0
121 52 0
122 63 0
123 69 0
124 76 0
125 116 0
126 136 0
127 87 0
128 44 0
129 46 0
130 49 0
131 55 0
132 63 0
133 57 0
134 56 0
135 64 0
136 54 0
137 56 0
138 99 0
139 136 0
140 139 0
141 149 0
142 169 0
143 146 0
144 83 0
145 48 0
146 52 0
147 53 0
148 51 0
149 60 0
150 64 0
151 56 0
152 53 0
153 56 0
154 55 0
155 53 0
156 54 0
157 49 0
158 52 0
159 81 0
160 95 0
161 90 0
162 115 0
163 122 0
164 65 0
165 21 0
166 27 0
167 34 0
168 27 0
169 18 0
170 10 0
171 19 0
172 26 0
173 20 0
174 20 0
175 26 0
176 30 0
177 29 0
178 22 0
179 26 0
180 32 0
181 17 0
182 27 0
183 93 0
184 147 0
185 154 0
186 154 0
187 158 0
188 152 0
189 152 0
190 154 0
191 154 0
192 163 0
193 142 0
194 85 0
195 56 0
196 49 0
197 51 0
198 51 0
199 40 0
200 83 0
201 151 0
202 166 0
203 165 0
204 117 0
205 38 0
206 46 0
207 85 0
208 73 0
209 61 0
210 54 0
211 47 0
212 72 0
213 122 0
214 151 0
215 144 0
216 143 0
217 164 0
218 129 0
219 30 0
220 43 0
221 162 0
222 157 0
223 69 0
224 49 0
225 52 0
226 51 0
227 50 0
228 48 0
229 52 0
230 44 0
231 49 0
232 62 0
233 56 0
234 44 0
235 40 0
236 44 0
237 51 0
238 47 0
239 43 0
240 44 0
241 42 0
242 44 0
243 49 0
244 49 0
245 44 0
246 44 0
247 49 0
248 50 0
249 48 0
250 44 0
251 43 0
252 32 0
253 0 0
254 0 0
255 0 0

0 0 0
1 0 0
2 0 0
3 0 0
4 0 0
5 35 0
6 39 0
7 39 0
8 42 0
9 39 0
10 41 0
11 44 0
12 44 0
13 45 0
14 45 0
15 44 0
16 48 0
17 51 0
18 46 0
19 43 0
20 43 0
21 43 0
22 46 0
23 44 0
24 53 0
25 57 0
26 53 0
27 54 0
28 48 0
29 53 0
30 54 0
31 57 0
32 52 0
33 48 0
34 125 0
35 149 0
36 37 0
37 7 0
38 4 0
39 1 0
40 3 0
41 33 0
42 114 0
43 169 0
44 185 0
45 157 0
46 97 0
47 117 0
48 169 0
49 113 0
50 32 0
51 73 0
52 151 0
53 121 0
54 72 0
55 85 0
56 75 0
57 60 0
58 76 0
59 75 0
60 70 0
61 73 0
62 72 0
63 76 0
64 75 0
65 72 0
66 74 0
67 73 0
68 74 0
69 76 0
70 77 0
71 79 0
72 79 0
73 84 0
74 91 0
75 95 0
76 96 0
77 102 0
78 111 0
79 101 0
80 71 0
81 64 0
82 88 0
83 99 0
84 93 0
85 88 0
86 85 0
87 87 0
88 94 0
89 95 0
90 88 0
91 73 0
92 57 0
93 49 0
94 50 0
95 59 0
96 71 0
97 72 0
98 69 0
99 75 0
100 78 0
101 75 0
102 71 0
103 71 0
104 70 0
105 70 0
106 71 0
107 73 0
108 74 0
109 73 0
110 71 0
111 64 0
112 56 0
113 50 0
114 46 0
115 47 0
116 47 0
117 46 0
118 51 0
119 56 0
120 50 0
121 49 0
122 59 0
123 63 0
124 85 0
125 132 0
126 132 0
127 72 0
128 41 0
129 48 0
130 48 0
131 53 0
132 63 0
133 55 0
134 54 0
135 60 0
136 49 0
137 53 0
138 100 0
139 134 0
140 131 0
141 140 0
142 171 0
143 171 0
144 125 0
145 83 0
146 71 0
147 59 0
148 48 0
149 57 0
150 68 0
151 57 0
152 52 0
153 58 0
154 54 0
155 53 0
156 64 0
157 61 0
158 58 0
159 78 0
160 91 0
161 97 0
162 119 0
163 108 0
164 53 0
165 25 0
166 30 0
167 27 0
168 24 0
169 24 0
170 21 0
171 28 0
172 33 0
173 25 0
174 21 0
175 26 0
176 30 0
177 26 0
178 21 0
179 29 0
180 38 0
181 25 0
182 23 0
183 76 0
184 141 0
185 160 0
186 157 0
187 154 0
188 135 0
189 132 0
190 149 0
191 155 0
192 159 0
193 136 0
194 79 0
195 52 0
196 49 0
197 47 0
198 51 0
199 42 0
200 70 0
201 134 0
202 158 0
203 161 0
204 127 0
205 44 0
206 43 0
207 88 0
208 69 0
209 60 0
210 74 0
211 53 0
212 68 0
213 135 0
214 165 0
215 159 0
216 164 0
217 171 0
218 129 0
219 33 0
220 27 0
221 128 0
222 140 0
223 67 0
224 44 0
225 49 0
226 50 0
227 50 0
228 49 0
229 53 0
230 51 0
231 51 0
232 59 0
233 63 0
234 47 0
235 36 0
236 46 0
237 53 0
238 47 0
239 44 0
240 45 0
241 42 0
242 44 0
243 51 0
244 49 0
245 45 0
246 46 0
247 51 0
248 51 0
249 47 0
250 44 0
251 44 0
252 34 0
253 0 0
254 0 0
255 0 0

0 0 0
1 0 0
2 0 0
3 0 0
4 0 0
5 37 0
6 43 0
7 40 0
8 39 0
9 41 0
10 45 0
11 43 0
12 44 0
13 46 0
14 44 0
15 42 0
16 43 0
17 46 0
18 42 0
19 44 0
20 46 0
21 44 0
22 46 0
23 48 0
24 56 0
25 53 0
26 51 0
27 57 0
28 52 0
29 52 0
30 50 0
31 58 0
32 46 0
33 56 0
34 142 0
35 123 0
36 20 0
37 4 0
38 2 0
39 2 0
40 3 0
41 29 0
42 118 0
43 178 0
44 164 0
45 119 0
46 105 0
47 158 0
48 184 0
49 120 0
50 39 0
51 54 0
52 131 0
53 119 0
54 74 0
55 84 0
56 73 0
57 61 0
58 75 0
59 71 0
60 67 0
61 72 0
62 71 0
63 74 0
64 74 0
65 72 0
66 76 0
67 77 0
68 75 0
69 75 0
70 76 0
71 76 0
72 75 0
73 78 0
74 83 0
75 84 0
76 78 0
77 78 0
78 91 0
79 105 0
80 100 0
81 89 0
82 87 0
83 91 0
84 97 0
85 97 0
86 92 0
87 93 0
88 96 0
89 92 0
90 84 0
91 78 0
92 75 0
93 74 0
94 75 0
95 73 0
96 71 0
97 69 0
98 69 0
99 72 0
100 73 0
101 70 0
102 66 0
103 66 0
104 69 0
105 68 0
106 65 0
107 68 0
108 70 0
109 71 0
110 68 0
111 60 0
112 53 0
113 49 0
114 46 0
115 48 0
116 48 0
117 47 0
118 53 0
119 55 0
120 49 0
121 52 0
122 56 0
123 58 0
124 93 0
125 137 0
126 118 0
127 61 0
128 44 0
129 50 0
130 47 0
131 51 0
132 59 0
133 53 0
134 54 0
135 56 0
136 40 0
137 52 0
138 109 0
139 139 0
140 133 0
141 147 0
142 160 0
143 123 0
144 76 0
145 61 0
146 71 0
147 83 0
148 71 0
149 50 0
150 50 0
151 53 0
152 51 0
153 58 0
154 57 0
155 54 0
156 68 0
157 69 0
158 58 0
159 61 0
160 68 0
161 88 0
162 118 0
163 103 0
164 46 0
165 24 0
166 34 0
167 30 0
168 18 0
169 18 0
170 26 0
171 31 0
172 30 0
173 26 0
174 27 0
175 28 0
176 28 0
177 29 0
178 29 0
179 31 0
180 35 0
181 26 0
182 22 0
183 63 0
184 129 0
185 159 0
186 163 0
187 167 0
188 147 0
189 122 0
190 131 0
191 151 0
192 158 0
193 137 0
194 87 0
195 57 0
196 50 0
197 49 0
198 55 0
199 45 0
200 62 0
201 126 0
202 155 0
203 158 0
204 136 0
205 51 0
206 39 0
207 97 0
208 65 0
209 55 0
210 112 0
211 79 0
212 60 0
213 130 0
214 151 0
215 141 0
216 159 0
217 169 0
218 133 0
219 39 0
220 14 0
221 103 0
222 139 0
223 87 0
224 49 0
225 46 0
226 51 0
227 49 0
228 48 0
229 52 0
230 54 0
231 56 0
232 62 0
233 59 0
234 44 0
235 40 0
236 51 0
237 52 0
238 45 0
239 45 0
240 49 0
241 46 0
242 45 0
243 48 0
244 46 0
245 45 0
246 46 0
247 51 0
248 52 0
249 49 0
250 45 0
251 46 0
252 37 0
253 0 0
254 0 0
255 0 0

0 0 0
1 0 0
2 0 0
3 0 0
4 0 0
5 33 0
6 41 0
7 43 0
8 40 0
9 41 0
10 41 0
11 41 0
12 47 0
13 47 0
14 44 0
15 45 0
16 45 0
17 44 0
18 42 0
19 51 0
20 51 0
21 41 0
22 43 0
23 50 0
24 55 0
25 51 0
26 53 0
27 54 0
28 51 0
29 49 0
30 49 0
31 60 0
32 41 0
33 67 0
34 145 0
35 85 0
36 17 0
37 2 0
38 0 0
39 5 0
40 0 0
41 17 0
42 108 0
43 179 0
44 176 0
45 157 0
46 164 0
47 185 0
48 182 0
49 129 0
50 50 0
51 46 0
52 111 0
53 117 0
54 92 0
55 89 0
56 67 0
57 64 0
58 81 0
59 74 0
60 72 0
61 78 0
62 72 0
63 72 0
64 77 0
65 80 0
66 80 0
67 78 0
68 76 0
69 73 0
70 73 0
71 76 0
72 78 0
73 85 0
74 93 0
75 93 0
76 89 0
77 82 0
78 76 0
79 79 0
80 93 0
81 104 0
82 101 0
83 95 0
84 98 0
85 100 0
86 90 0
87 85 0
88 89 0
89 89 0
90 80 0
91 74 0
92 71 0
93 69 0
94 68 0
95 67 0
96 65 0
97 66 0
98 69 0
99 78 0
100 87 0
101 81 0
102 66 0
103 63 0
104 68 0
105 67 0
106 64 0
107 66 0
108 68 0
109 70 0
110 68 0
111 60 0
112 52 0
113 49 0
114 49 0
115 49 0
116 49 0
117 50 0
118 55 0
119 54 0
120 53 0
121 52 0
122 44 0
123 56 0
124 109 0
125 140 0
126 100 0
127 52 0
128 46 0
129 51 0
130 48 0
131 52 0
132 56 0
133 50 0
134 52 0
135 51 0
136 35 0
137 58 0
138 124 0
139 148 0
140 134 0
141 155 0
142 159 0
143 88 0
144 32 0
145 39 0
146 55 0
147 63 0
148 66 0
149 54 0
150 53 0
151 56 0
152 54 0
153 59 0
154 55 0
155 47 0
156 57 0
157 61 0
158 59 0
159 71 0
160 73 0
161 83 0
162 113 0
163 102 0
164 47 0
165 23 0
166 32 0
167 30 0
168 19 0
169 17 0
170 24 0
171 31 0
172 27 0
173 26 0
174 31 0
175 30 0
176 29 0
177 34 0
178 38 0
179 36 0
180 36 0
181 30 0
182 26 0
183 67 0
184 140 0
185 169 0
186 161 0
187 170 0
188 169 0
189 145 0
190 136 0
191 147 0
192 151 0
193 133 0
194 93 0
195 61 0
196 49 0
197 50 0
198 53 0
199 41 0
200 49 0
201 114 0
202 156 0
203 160 0
204 145 0
205 60 0
206 31 0
207 98 0
208 66 0
209 53 0
210 142 0
211 106 0
212 58 0
213 128 0
214 147 0
215 127 0
216 146 0
217 167 0
218 138 0
219 39 0
220 5 0
221 91 0
222 168 0
223 144 0
224 76 0
225 45 0
226 51 0
227 51 0
228 49 0
229 54 0
230 50 0
231 50 0
232 56 0
233 48 0
234 42 0
235 54 0
236 56 0
237 48 0
238 45 0
239 46 0
240 52 0
241 51 0
242 47 0
243 45 0
244 46 0
245 51 0
246 47 0
247 44 0
248 49 0
249 50 0
250 45 0
251 42 0
252 35 0
253 0 0
254 0 0
255 0 0

0 0 0
1 0 0
2 0 0
3 0 0
4 0 0
5 37 0
6 40 0
7 44 0
8 43 0
9 42 0
10 44 0
11 48 0
12 50 0
13 46 0
14 48 0
15 48 0
16 49 0
17 51 0
18 43 0
19 50 0
20 53 0
21 43 0
22 46 0
23 51 0
24 51 0
25 52 0
26 52 0
27 51 0
28 53 0
29 51 0
30 53 0
31 51 0
32 39 0
33 96 0
34 137 0
35 43 0
36 13 0
37 4 0
38 2 0
39 2 0
40 0 0
41 21 0
42 103 0
43 161 0
44 179 0
45 177 0
46 168 0
47 182 0
48 188 0
49 131 0
50 48 0
51 45 0
52 106 0
53 120 0
54 97 0
55 80 0
56 58 0
57 62 0
58 77 0
59 72 0
60 76 0
61 82 0
62 76 0
63 77 0
64 83 0
65 80 0
66 76 0
67 76 0
68 78 0
69 76 0
70 75 0
71 77 0
72 77 0
73 78 0
74 80 0
75 84 0
76 94 0
77 95 0
78 88 0
79 85 0
80 90 0
81 97 0
82 101 0
83 99 0
84 95 0
85 91 0
86 82 0
87 76 0
88 79 0
89 82 0
90 76 0
91 71 0
92 70 0
93 68 0
94 69 0
95 68 0
96 66 0
97 62 0
98 52 0
99 46 0
100 58 0
101 71 0
102 68 0
103 64 0
104 64 0
105 63 0
106 62 0
107 65 0
108 70 0
109 73 0
110 68 0
111 63 0
112 55 0
113 48 0
114 47 0
115 48 0
116 49 0
117 53 0
118 55 0
119 56 0
120 62 0
121 60 0
122 47 0
123 68 0
124 120 0
125 135 0
126 93 0
127 52 0
128 45 0
129 48 0
130 46 0
131 50 0
132 53 0
133 51 0
134 55 0
135 49 0
136 36 0
137 70 0
138 131 0
139 142 0
140 127 0
141 153 0
142 166 0
143 107 0
144 47 0
145 41 0
146 51 0
147 57 0
148 59 0
149 58 0
150 61 0
151 61 0
152 56 0
153 58 0
154 57 0
155 55 0
156 62 0
157 54 0
158 54 0
159 89 0
160 114 0
161 125 0
162 139 0
163 112 0
164 51 0
165 25 0
166 30 0
167 31 0
168 31 0
169 32 0
170 31 0
171 34 0
172 32 0
173 24 0
174 20 0
175 24 0
176 34 0
177 46 0
178 55 0
179 53 0
180 47 0
181 36 0
182 29 0
183 75 0
184 164 0
185 195 0
186 172 0
187 169 0
188 177 0
189 163 0
190 151 0
191 152 0
192 152 0
193 133 0
194 92 0
195 56 0
196 44 0
197 45 0
198 52 0
199 45 0
200 44 0
201 101 0
202 153 0
203 162 0
204 154 0
205 74 0
206 28 0
207 90 0
208 74 0
209 60 0
210 141 0
211 106 0
212 44 0
213 107 0
214 152 0
215 139 0
216 138 0
217 165 0
218 145 0
219 39 0
220 4 0
221 62 0
222 143 0
223 157 0
224 97 0
225 47 0
226 47 0
227 51 0
228 49 0
229 51 0
230 49 0
231 51 0
232 58 0
233 44 0
234 39 0
235 63 0
236 58 0
237 43 0
238 48 0
239 44 0
240 45 0
241 51 0
242 52 0
243 47 0
244 45 0
245 52 0
246 51 0
247 44 0
248 45 0
249 48 0
250 46 0
251 44 0
252 38 0
253 0 0
254 0 0
255 0 0

0 0 0
1 0 0
2 0 0
3 0 0
4 1 0
5 43 0
6 39 0
7 44 0
8 42 0
9 39 0
10 44 0
11 49 0
12 46 0
13 45 0
14 49 0
15 45 0
16 47 0
17 61 0
18 55 0
19 49 0
20 46 0
21 49 0
22 62 0
23 54 0
24 47 0
25 52 0
26 49 0
27 53 0
28 56 0
29 53 0
30 54 0
31 42 0
32 69 0
33 129 0
34 93 0
35 8 0
36 6 0
37 6 0
38 2 0
39 2 0
40 0 0
41 21 0
42 90 0
43 142 0
44 173 0
45 161 0
46 147 0
47 183 0
48 191 0
49 116 0
50 42 0
51 57 0
52 116 0
53 109 0
54 67 0
55 60 0
56 63 0
57 69 0
58 76 0
59 72 0
60 76 0
61 84 0
62 85 0
63 85 0
64 83 0
65 79 0
66 78 0
67 79 0
68 78 0
69 76 0
70 76 0
71 78 0
72 78 0
73 78 0
74 81 0
75 84 0
76 83 0
77 78 0
78 84 0
79 96 0
80 98 0
81 94 0
82 90 0
83 87 0
84 82 0
85 79 0
86 78 0
87 75 0
88 73 0
89 74 0
90 71 0
91 68 0
92 70 0
93 70 0
94 68 0
95 65 0
96 64 0
97 68 0
98 58 0
99 28 0
100 14 0
101 31 0
102 51 0
103 63 0
104 69 0
105 70 0
106 68 0
107 67 0
108 66 0
109 64 0
110 61 0
111 59 0
112 55 0
113 51 0
114 51 0
115 50 0
116 49 0
117 53 0
118 53 0
119 49 0
120 66 0
121 91 0
122 103 0
123 111 0
124 117 0
125 106 0
126 79 0
127 53 0
128 44 0
129 50 0
130 54 0
131 51 0
132 46 0
133 48 0
134 53 0
135 45 0
136 42 0
137 76 0
138 108 0
139 104 0
140 111 0
141 150 0
142 170 0
143 152 0
144 118 0
145 73 0
146 50 0
147 63 0
148 73 0
149 62 0
150 55 0
151 53 0
152 56 0
153 64 0
154 69 0
155 77 0
156 78 0
157 56 0
158 44 0
159 82 0
160 133 0
161 160 0
162 156 0
163 112 0
164 55 0
165 36 0
166 36 0
167 29 0
168 28 0
169 31 0
170 29 0
171 30 0
172 29 0
173 27 0
174 44 0
175 66 0
176 71 0
177 66 0
178 63 0
179 56 0
180 41 0
181 26 0
182 38 0
183 94 0
184 166 0
185 200 0
186 193 0
187 188 0
188 186 0
189 170 0
190 156 0
191 159 0
192 161 0
193 138 0
194 93 0
195 56 0
196 44 0
197 44 0
198 51 0
199 48 0
200 41 0
201 88 0
202 148 0
203 169 0
204 162 0
205 83 0
206 37 0
207 89 0
208 77 0
209 71 0
210 136 0
211 97 0
212 51 0
213 111 0
214 152 0
215 141 0
216 138 0
217 169 0
218 148 0
219 42 0
220 5 0
221 42 0
222 115 0
223 135 0
224 87 0
225 49 0
226 47 0
227 53 0
228 53 0
229 50 0
230 51 0
231 55 0
232 61 0
233 46 0
234 44 0
235 71 0
236 61 0
237 43 0
238 49 0
239 45 0
240 43 0
241 50 0
242 54 0
243 48 0
244 47 0
245 53 0
246 49 0
247 44 0
248 45 0
249 47 0
250 48 0
251 48 0
252 42 0
253 0 0
254 0 0
255 0 0

0 0 0
1 0 0
2 0 0
3 0 0
4 2 0
5 46 0
6 39 0
7 41 0
8 44 0
9 43 0
10 42 0
11 44 0
12 49 0
13 49 0
14 49 0
15 45 0
16 47 0
17 64 0
18 63 0
19 49 0
20 45 0
21 56 0
22 66 0
23 51 0
24 49 0
25 53 0
26 52 0
27 58 0
28 56 0
29 58 0
30 51 0
31 46 0
32 107 0
33 127 0
34 37 0
35 9 0
36 0 0
37 1 0
38 4 0
39 2 0
40 0 0
41 20 0
42 93 0
43 165 0
44 190 0
45 164 0
46 139 0
47 160 0
48 166 0
49 103 0
50 40 0
51 68 0
52 125 0
53 107 0
54 62 0
55 52 0
56 58 0
57 69 0
58 78 0
59 74 0
60 76 0
61 83 0
62 85 0
63 89 0
64 90 0
65 88 0
66 88 0
67 85 0
68 80 0
69 75 0
70 74 0
71 81 0
72 88 0
73 90 0
74 84 0
75 74 0
76 74 0
77 88 0
78 100 0
79 103 0
80 100 0
81 92 0
82 86 0
83 85 0
84 81 0
85 74 0
86 71 0
87 68 0
88 66 0
89 70 0
90 71 0
91 65 0
92 64 0
93 66 0
94 68 0
95 65 0
96 63 0
97 75 0
98 85 0
99 73 0
100 62 0
101 71 0
102 76 0
103 68 0
104 65 0
105 67 0
106 68 0
107 65 0
108 57 0
109 51 0
110 54 0
111 59 0
112 58 0
113 53 0
114 51 0
115 49 0
116 47 0
117 54 0
118 55 0
119 45 0
120 60 0
121 108 0
122 150 0
123 154 0
124 125 0
125 85 0
126 62 0
127 55 0
128 47 0
129 47 0
130 52 0
131 50 0
132 44 0
133 48 0
134 51 0
135 42 0
136 48 0
137 86 0
138 107 0
139 94 0
140 107 0
141 143 0
142 147 0
143 140 0
144 136 0
145 86 0
146 34 0
147 46 0
148 73 0
149 68 0
150 49 0
151 38 0
152 53 0
153 72 0
154 69 0
155 68 0
156 68 0
157 46 0
158 30 0
159 60 0
160 111 0
161 153 0
162 164 0
163 126 0
164 66 0
165 39 0
166 41 0
167 36 0
168 28 0
169 29 0
170 28 0
171 25 0
172 27 0
173 48 0
174 75 0
175 70 0
176 36 0
177 20 0
178 23 0
179 22 0
180 20 0
181 41 0
182 103 0
183 169 0
184 190 0
185 192 0
186 200 0
187 203 0
188 203 0
189 191 0
190 163 0
191 150 0
192 155 0
193 143 0
194 96 0
195 54 0
196 49 0
197 49 0
198 51 0
199 51 0
200 44 0
201 85 0
202 146 0
203 171 0
204 161 0
205 90 0
206 58 0
207 105 0
208 80 0
209 69 0
210 127 0
211 92 0
212 68 0
213 138 0
214 156 0
215 126 0
216 144 0
217 179 0
218 141 0
219 44 0
220 2 0
221 34 0
222 107 0
223 134 0
224 92 0
225 53 0
226 45 0
227 50 0
228 49 0
229 46 0
230 49 0
231 53 0
232 57 0
233 44 0
234 53 0
235 75 0
236 63 0
237 53 0
238 51 0
239 46 0
240 49 0
241 52 0
242 53 0
243 49 0
244 51 0
245 53 0
246 46 0
247 46 0
248 50 0
249 47 0
250 46 0
251 47 0
252 43 0
253 0 0
254 0 0
255 0 0

0 0 0
1 0 0
2 0 0
3 0 0
4 4 0
5 43 0
6 42 0
7 41 0
8 44 0
9 49 0
10 46 0
11 44 0
12 48 0
13 49 0
14 50 0
15 48 0
16 45 0
17 57 0
18 52 0
19 45 0
20 68 0
21 76 0
22 60 0
23 49 0
24 53 0
25 55 0
26 54 0
27 54 0
28 54 0
29 60 0
30 41 0
31 53 0
32 125 0
33 104 0
34 9 0
35 7 0
36 2 0
37 2 0
38 2 0
39 1 0
40 0 0
41 14 0
42 98 0
43 176 0
44 180 0
45 164 0
46 159 0
47 164 0
48 150 0
49 87 0
50 42 0
51 65 0
52 104 0
53 122 0
54 102 0
55 60 0
56 50 0
57 73 0
58 83 0
59 78 0
60 78 0
61 79 0
62 81 0
63 84 0
64 84 0
65 87 0
66 93 0
67 90 0
68 80 0
69 78 0
70 84 0
71 87 0
72 85 0
73 83 0
74 79 0
75 80 0
76 95 0
77 100 0
78 89 0
79 88 0
80 93 0
81 88 0
82 77 0
83 70 0
84 67 0
85 66 0
86 63 0
87 59 0
88 61 0
89 73 0
90 78 0
91 71 0
92 64 0
93 65 0
94 68 0
95 71 0
96 69 0
97 71 0
98 74 0
99 66 0
100 63 0
101 76 0
102 81 0
103 71 0
104 66 0
105 66 0
106 66 0
107 67 0
108 63 0
109 61 0
110 63 0
111 64 0
112 61 0
113 55 0
114 53 0
115 51 0
116 47 0
117 53 0
118 56 0
119 47 0
120 61 0
121 111 0
122 148 0
123 147 0
124 126 0
125 87 0
126 53 0
127 51 0
128 51 0
129 48 0
130 53 0
131 53 0
132 47 0
133 49 0
134 49 0
135 42 0
136 53 0
137 103 0
138 144 0
139 134 0
140 122 0
141 142 0
142 138 0
143 118 0
144 123 0
145 99 0
146 53 0
147 56 0
148 77 0
149 72 0
150 60 0
151 51 0
152 49 0
153 44 0
154 38 0
155 61 0
156 95 0
157 88 0
158 62 0
159 65 0
160 87 0
161 122 0
162 160 0
163 148 0
164 82 0
165 32 0
166 26 0
167 31 0
168 28 0
169 26 0
170 23 0
171 24 0
172 40 0
173 56 0
174 56 0
175 34 0
176 15 0
177 18 0
178 25 0
179 34 0
180 59 0
181 97 0
182 150 0
183 191 0
184 174 0
185 144 0
186 138 0
187 142 0
188 163 0
189 190 0
190 181 0
191 147 0
192 138 0
193 149 0
194 109 0
195 51 0
196 44 0
197 49 0
198 47 0
199 48 0
200 44 0
201 86 0
202 145 0
203 162 0
204 151 0
205 93 0
206 59 0
207 96 0
208 83 0
209 67 0
210 107 0
211 84 0
212 66 0
213 129 0
214 157 0
215 134 0
216 141 0
217 161 0
218 116 0
219 32 0
220 0 0
221 16 0
222 76 0
223 127 0
224 107 0
225 60 0
226 45 0
227 49 0
228 47 0
229 47 0
230 52 0
231 58 0
232 58 0
233 48 0
234 59 0
235 76 0
236 66 0
237 57 0
238 49 0
239 46 0
240 51 0
241 49 0
242 50 0
243 50 0
244 50 0
245 50 0
246 46 0
247 47 0
248 49 0
249 45 0
250 46 0
251 46 0
252 44 0
253 0 0
254 0 0
255 0 0

0 0 0
1 0 0
2 0 0
3 0 0
4 5 0
5 39 0
6 44 0
7 46 0
8 44 0
9 46 0
10 50 0
11 46 0
12 43 0
13 42 0
14 47 0
15 48 0
16 46 0
17 58 0
18 47 0
19 49 0
20 91 0
21 85 0
22 50 0
23 46 0
24 51 0
25 52 0
26 56 0
27 53 0
28 55 0
29 56 0
30 43 0
31 81 0
32 135 0
33 70 0
34 0 0
35 7 0
36 2 0
37 0 0
38 2 0
39 2 0
40 0 0
41 10 0
42 105 0
43 182 0
44 172 0
45 165 0
46 176 0
47 174 0
48 132 0
49 65 0
50 43 0
51 56 0
52 88 0
53 137 0
54 123 0
55 61 0
56 50 0
57 75 0
58 83 0
59 83 0
60 84 0
61 83 0
62 79 0
63 78 0
64 83 0
65 92 0
66 97 0
67 87 0
68 74 0
69 76 0
70 83 0
71 84 0
72 82 0
73 85 0
74 90 0
75 94 0
76 95 0
77 84 0
78 75 0
79 79 0
80 82 0
81 76 0
82 66 0
83 58 0
84 59 0
85 62 0
86 62 0
87 64 0
88 64 0
89 61 0
90 61 0
91 64 0
92 67 0
93 68 0
94 67 0
95 68 0
96 68 0
97 67 0
98 68 0
99 63 0
100 56 0
101 59 0
102 66 0
103 70 0
104 70 0
105 68 0
106 70 0
107 68 0
108 57 0
109 55 0
110 60 0
111 60 0
112 59 0
113 55 0
114 50 0
115 51 0
116 50 0
117 53 0
118 53 0
119 45 0
120 71 0
121 134 0
122 163 0
123 146 0
124 126 0
125 93 0
126 52 0
127 44 0
128 49 0
129 49 0
130 52 0
131 50 0
132 46 0
133 47 0
134 47 0
135 45 0
136 61 0
137 106 0
138 148 0
139 146 0
140 129 0
141 138 0
142 136 0
143 118 0
144 139 0
145 164 0
146 138 0
147 99 0
148 73 0
149 69 0
150 97 0
151 120 0
152 84 0
153 20 0
154 25 0
155 104 0
156 154 0
157 130 0
158 93 0
159 79 0
160 74 0
161 87 0
162 128 0
163 152 0
164 114 0
165 50 0
166 19 0
167 17 0
168 20 0
169 23 0
170 21 0
171 24 0
172 43 0
173 46 0
174 31 0
175 21 0
176 16 0
177 16 0
178 21 0
179 34 0
180 58 0
181 92 0
182 126 0
183 124 0
184 72 0
185 28 0
186 19 0
187 24 0
188 41 0
189 91 0
190 150 0
191 163 0
192 145 0
193 142 0
194 105 0
195 49 0
196 44 0
197 51 0
198 47 0
199 49 0
200 45 0
201 76 0
202 132 0
203 160 0
204 159 0
205 104 0
206 49 0
207 65 0
208 78 0
209 70 0
210 78 0
211 66 0
212 68 0
213 123 0
214 164 0
215 149 0
216 137 0
217 154 0
218 122 0
219 36 0
220 1 0
221 6 0
222 51 0
223 119 0
224 118 0
225 63 0
226 42 0
227 47 0
228 47 0
229 51 0
230 52 0
231 53 0
232 61 0
233 58 0
234 63 0
235 77 0
236 70 0
237 53 0
238 46 0
239 49 0
240 49 0
241 46 0
242 50 0
243 52 0
244 49 0
245 49 0
246 48 0
247 47 0
248 45 0
249 40 0
250 40 0
251 44 0
252 44 0
253 0 0
254 0 0
255 0 0

0 0 0
1 0 0
2 0 0
3 0 0
4 8 0
5 42 0
6 44 0
7 51 0
8 49 0
9 44 0
10 47 0
11 50 0
12 50 0
13 46 0
14 46 0
15 46 0
16 44 0
17 57 0
18 45 0
19 50 0
20 97 0
21 85 0
22 48 0
23 51 0
24 53 0
25 52 0
26 57 0
27 54 0
28 53 0
29 51 0
30 62 0
31 115 0
32 123 0
33 39 0
34 0 0
35 1 0
36 4 0
37 3 0
38 2 0
39 2 0
40 3 0
41 12 0
42 114 0
43 190 0
44 180 0
45 161 0
46 163 0
47 164 0
48 118 0
49 58 0
50 47 0
51 55 0
52 83 0
53 110 0
54 80 0
55 50 0
56 61 0
57 72 0
58 76 0
59 81 0
60 86 0
61 86 0
62 83 0
63 85 0
64 93 0
65 98 0
66 93 0
67 78 0
68 72 0
69 78 0
70 79 0
71 79 0
72 83 0
73 87 0
74 84 0
75 78 0
76 78 0
77 80 0
78 79 0
79 75 0
80 68 0
81 63 0
82 62 0
83 61 0
84 63 0
85 63 0
86 63 0
87 70 0
88 73 0
89 71 0
90 70 0
91 70 0
92 70 0
93 69 0
94 68 0
95 70 0
96 70 0
97 69 0
98 69 0
99 68 0
100 67 0
101 68 0
102 69 0
103 68 0
104 66 0
105 69 0
106 76 0
107 65 0
108 47 0
109 49 0
110 57 0
111 55 0
112 55 0
113 52 0
114 46 0
115 46 0
116 48 0
117 54 0
118 53 0
119 44 0
120 68 0
121 129 0
122 161 0
123 146 0
124 123 0
125 89 0
126 52 0
127 44 0
128 49 0
129 49 0
130 48 0
131 44 0
132 44 0
133 49 0
134 49 0
135 51 0
136 67 0
137 95 0
138 124 0
139 139 0
140 138 0
141 136 0
142 141 0
143 147 0
144 147 0
145 135 0
146 105 0
147 75 0
148 73 0
149 100 0
150 139 0
151 166 0
152 136 0
153 79 0
154 88 0
155 146 0
156 144 0
157 89 0
158 61 0
159 58 0
160 56 0
161 62 0
162 90 0
163 134 0
164 137 0
165 79 0
166 29 0
167 18 0
168 17 0
169 19 0
170 16 0
171 12 0
172 22 0
173 26 0
174 20 0
175 16 0
176 9 0
177 7 0
178 12 0
179 24 0
180 55 0
181 103 0
182 113 0
183 62 0
184 11 0
185 5 0
186 13 0
187 15 0
188 7 0
189 4 0
190 53 0
191 127 0
192 164 0
193 161 0
194 111 0
195 51 0
196 46 0
197 52 0
198 47 0
199 52 0
200 51 0
201 73 0
202 122 0
203 161 0
204 173 0
205 118 0
206 51 0
207 56 0
208 78 0
209 73 0
210 61 0
211 46 0
212 66 0
213 131 0
214 176 0
215 160 0
216 145 0
217 164 0
218 128 0
219 34 0
220 0 0
221 1 0
222 40 0
223 110 0
224 120 0
225 70 0
226 44 0
227 44 0
228 45 0
229 49 0
230 49 0
231 46 0
232 50 0
233 50 0
234 59 0
235 78 0
236 70 0
237 48 0
238 47 0
239 51 0
240 48 0
241 46 0
242 52 0
243 51 0
244 44 0
245 44 0
246 48 0
247 50 0
248 47 0
249 45 0
250 49 0
251 51 0
252 51 0
253 1 0
254 0 0
255 0 0

0 0 0
1 0 0
2 0 0
3 0 0
4 9 0
5 44 0
6 46 0
7 51 0
8 50 0
9 44 0
10 44 0
11 50 0
12 54 0
13 49 0
14 51 0
15 50 0
16 46 0
17 55 0
18 40 0
19 43 0
20 86 0
21 75 0
22 46 0
23 56 0
24 56 0
25 53 0
26 55 0
27 56 0
28 56 0
29 50 0
30 81 0
31 134 0
32 99 0
33 17 0
34 0 0
35 2 0
36 4 0
37 2 0
38 3 0
39 1 0
40 4 0
41 17 0
42 103 0
43 172 0
44 179 0
45 156 0
46 153 0
47 156 0
48 102 0
49 53 0
50 55 0
51 57 0
52 71 0
53 78 0
54 55 0
55 53 0
56 67 0
57 71 0
58 76 0
59 80 0
60 85 0
61 86 0
62 85 0
63 89 0
64 91 0
65 93 0
66 91 0
67 80 0
68 78 0
69 85 0
70 82 0
71 77 0
72 78 0
73 83 0
74 84 0
75 79 0
76 74 0
77 71 0
78 67 0
79 62 0
80 56 0
81 54 0
82 58 0
83 64 0
84 66 0
85 65 0
86 67 0
87 73 0
88 81 0
89 92 0
90 95 0
91 84 0
92 73 0
93 71 0
94 70 0
95 71 0
96 72 0
97 72 0
98 71 0
99 69 0
100 68 0
101 68 0
102 67 0
103 66 0
104 68 0
105 75 0
106 73 0
107 52 0
108 37 0
109 49 0
110 58 0
111 54 0
112 53 0
113 53 0
114 51 0
115 50 0
116 50 0
117 53 0
118 49 0
119 41 0
120 71 0
121 128 0
122 152 0
123 141 0
124 119 0
125 82 0
126 49 0
127 43 0
128 45 0
129 48 0
130 49 0
131 46 0
132 49 0
133 50 0
134 44 0
135 49 0
136 67 0
137 86 0
138 107 0
139 127 0
140 129 0
141 127 0
142 144 0
143 169 0
144 160 0
145 107 0
146 63 0
147 57 0
148 74 0
149 105 0
150 136 0
151 150 0
152 154 0
153 164 0
154 169 0
155 139 0
156 81 0
157 49 0
158 52 0
159 53 0
160 51 0
161 55 0
162 65 0
163 104 0
164 135 0
165 98 0
166 45 0
167 30 0
168 24 0
169 17 0
170 12 0
171 7 0
172 13 0
173 19 0
174 16 0
175 11 0
176 12 0
177 18 0
178 16 0
179 22 0
180 72 0
181 116 0
182 87 0
183 29 0
184 17 0
185 33 0
186 32 0
187 26 0
188 29 0
189 15 0
190 8 0
191 44 0
192 99 0
193 144 0
194 131 0
195 66 0
196 41 0
197 46 0
198 45 0
199 50 0
200 48 0
201 76 0
202 134 0
203 163 0
204 169 0
205 124 0
206 51 0
207 50 0
208 69 0
209 63 0
210 58 0
211 42 0
212 57 0
213 122 0
214 162 0
215 146 0
216 141 0
217 166 0
218 122 0
219 26 0
220 0 0
221 2 0
222 26 0
223 76 0
224 98 0
225 82 0
226 60 0
227 48 0
228 45 0
229 42 0
230 38 0
231 40 0
232 46 0
233 56 0
234 78 0
235 82 0
236 61 0
237 46 0
238 46 0
239 46 0
240 47 0
241 48 0
242 49 0
243 48 0
244 44 0
245 45 0
246 47 0
247 49 0
248 46 0
249 46 0
250 51 0
251 48 0
252 47 0
253 3 0
254 0 0
255 0 0

0 0 0
1 0 0
2 0 0
3 0 0
4 11 0
5 42 0
6 44 0
7 46 0
8 48 0
9 51 0
10 48 0
11 47 0
12 51 0
13 46 0
14 49 0
15 52 0
16 51 0
17 58 0
18 40 0
19 38 0
20 73 0
21 67 0
22 49 0
23 56 0
24 54 0
25 54 0
26 54 0
27 58 0
28 63 0
29 54 0
30 92 0
31 139 0
32 85 0
33 9 0
34 0 0
35 2 0
36 1 0
37 1 0
38 3 0
39 0 0
40 5 0
41 20 0
42 100 0
43 168 0
44 181 0
45 155 0
46 156 0
47 159 0
48 95 0
49 48 0
50 55 0
51 52 0
52 60 0
53 69 0
54 52 0
55 47 0
56 58 0
57 69 0
58 78 0
59 78 0
60 79 0
61 79 0
62 80 0
63 87 0
64 90 0
65 91 0
66 92 0
67 87 0
68 89 0
69 94 0
70 92 0
71 83 0
72 78 0
73 79 0
74 78 0
75 71 0
76 68 0
77 66 0
78 61 0
79 58 0
80 54 0
81 55 0
82 64 0
83 71 0
84 71 0
85 71 0
86 75 0
87 77 0
88 76 0
89 77 0
90 75 0
91 71 0
92 72 0
93 73 0
94 69 0
95 66 0
96 67 0
97 70 0
98 71 0
99 69 0
100 68 0
101 67 0
102 64 0
103 65 0
104 74 0
105 80 0
106 69 0
107 47 0
108 42 0
109 53 0
110 55 0
111 53 0
112 56 0
113 53 0
114 49 0
115 49 0
116 49 0
117 51 0
118 52 0
119 54 0
120 85 0
121 131 0
122 151 0
123 142 0
124 115 0
125 72 0
126 46 0
127 46 0
128 48 0
129 50 0
130 49 0
131 46 0
132 49 0
133 48 0
134 44 0
135 51 0
136 66 0
137 91 0
138 121 0
139 124 0
140 111 0
141 125 0
142 144 0
143 151 0
144 152 0
145 115 0
146 67 0
147 56 0
148 54 0
149 55 0
150 70 0
151 83 0
152 105 0
153 143 0
154 143 0
155 86 0
156 42 0
157 43 0
158 52 0
159 49 0
160 49 0
161 54 0
162 53 0
163 77 0
164 125 0
165 119 0
166 63 0
167 32 0
168 25 0
169 18 0
170 13 0
171 12 0
172 15 0
173 16 0
174 15 0
175 12 0
176 11 0
177 17 0
178 15 0
179 27 0
180 73 0
181 87 0
182 48 0
183 27 0
184 30 0
185 27 0
186 26 0
187 24 0
188 23 0
189 22 0
190 22 0
191 22 0
192 20 0
193 58 0
194 107 0
195 83 0
196 47 0
197 49 0
198 52 0
199 52 0
200 41 0
201 71 0
202 140 0
203 160 0
204 164 0
205 137 0
206 58 0
207 45 0
208 62 0
209 51 0
210 54 0
211 45 0
212 51 0
213 112 0
214 148 0
215 133 0
216 139 0
217 168 0
218 125 0
219 32 0
220 0 0
221 5 0
222 20 0
223 57 0
224 103 0
225 107 0
226 63 0
227 46 0
228 51 0
229 44 0
230 41 0
231 54 0
232 71 0
233 85 0
234 101 0
235 80 0
236 50 0
237 50 0
238 48 0
239 45 0
240 49 0
241 51 0
242 50 0
243 47 0
244 48 0
245 48 0
246 46 0
247 46 0
248 46 0
249 44 0
250 47 0
251 46 0
252 45 0
253 5 0
254 0 0
255 0 0

0 0 0
1 0 0
2 0 0
3 0 0
4 14 0
5 41 0
6 43 0
7 44 0
8 45 0
9 53 0
10 51 0
11 48 0
12 52 0
13 46 0
14 44 0
15 48 0
16 50 0
17 58 0
18 47 0
19 39 0
20 60 0
21 63 0
22 51 0
23 51 0
24 55 0
25 57 0
26 56 0
27 60 0
28 62 0
29 63 0
30 103 0
31 132 0
32 77 0
33 14 0
34 0 0
35 2 0
36 1 0
37 0 0
38 1 0
39 4 0
40 0 0
41 22 0
42 103 0
43 168 0
44 173 0
45 156 0
46 166 0
47 158 0
48 85 0
49 45 0
50 54 0
51 50 0
52 62 0
53 77 0
54 58 0
55 47 0
56 52 0
57 65 0
58 78 0
59 78 0
60 77 0
61 76 0
62 73 0
63 76 0
64 80 0
65 82 0
66 85 0
67 88 0
68 92 0
69 92 0
70 86 0
71 82 0
72 81 0
73 80 0
74 72 0
75 67 0
76 70 0
77 68 0
78 62 0
79 64 0
80 65 0
81 64 0
82 67 0
83 71 0
84 75 0
85 77 0
86 76 0
87 79 0
88 86 0
89 86 0
90 77 0
91 70 0
92 70 0
93 72 0
94 72 0
95 71 0
96 67 0
97 65 0
98 66 0
99 66 0
100 68 0
101 71 0
102 74 0
103 76 0
104 76 0
105 67 0
106 49 0
107 46 0
108 63 0
109 69 0
110 54 0
111 50 0
112 57 0
113 52 0
114 48 0
115 49 0
116 46 0
117 51 0
118 55 0
119 50 0
120 63 0
121 100 0
122 131 0
123 133 0
124 104 0
125 62 0
126 44 0
127 48 0
128 49 0
129 51 0
130 48 0
131 45 0
132 48 0
133 48 0
134 51 0
135 59 0
136 74 0
137 107 0
138 135 0
139 118 0
140 101 0
141 133 0
142 152 0
143 140 0
144 139 0
145 110 0
146 53 0
147 37 0
148 54 0
149 55 0
150 44 0
151 63 0
152 116 0
153 136 0
154 92 0
155 48 0
156 46 0
157 51 0
158 49 0
159 49 0
160 53 0
161 58 0
162 51 0
163 59 0
164 112 0
165 139 0
166 100 0
167 56 0
168 37 0
169 24 0
170 14 0
171 12 0
172 14 0
173 11 0
174 9 0
175 13 0
176 13 0
177 11 0
178 13 0
179 36 0
180 73 0
181 66 0
182 27 0
183 19 0
184 24 0
185 22 0
186 30 0
187 32 0
188 24 0
189 18 0
190 25 0
191 38 0
192 20 0
193 24 0
194 87 0
195 103 0
196 63 0
197 45 0
198 51 0
199 53 0
200 39 0
201 66 0
202 134 0
203 155 0
204 163 0
205 145 0
206 62 0
207 44 0
208 75 0
209 62 0
210 52 0
211 49 0
212 53 0
213 109 0
214 159 0
215 155 0
216 157 0
217 172 0
218 119 0
219 32 0
220 0 0
221 5 0
222 14 0
223 49 0
224 117 0
225 127 0
226 67 0
227 46 0
228 44 0
229 34 0
230 41 0
231 62 0
232 79 0
233 88 0
234 96 0
235 71 0
236 46 0
237 51 0
238 50 0
239 49 0
240 50 0
241 49 0
242 50 0
243 48 0
244 48 0
245 49 0
246 47 0
247 45 0
248 45 0
249 44 0
250 44 0
251 44 0
252 44 0
253 7 0
254 0 0
255 0 0

0 0 0
1 0 0
2 0 0
3 0 0
4 15 0
5 42 0
6 49 0
7 49 0
8 47 0
9 50 0
10 48 0
11 50 0
12 52 0
13 50 0
14 50 0
15 50 0
16 50 0
17 57 0
18 60 0
19 53 0
20 54 0
21 58 0
22 55 0
23 54 0
24 58 0
25 58 0
26 59 0
27 63 0
28 61 0
29 79 0
30 113 0
31 114 0
32 64 0
33 14 0
34 0 0
35 0 0
36 4 0
37 3 0
38 2 0
39 4 0
40 0 0
41 16 0
42 105 0
43 184 0
44 190 0
45 168 0
46 164 0
47 139 0
48 73 0
49 49 0
50 61 0
51 54 0
52 62 0
53 70 0
54 56 0
55 55 0
56 60 0
57 66 0
58 78 0
59 78 0
60 76 0
61 76 0
62 73 0
63 73 0
64 75 0
65 78 0
66 80 0
67 84 0
68 88 0
69 84 0
70 76 0
71 76 0
72 82 0
73 83 0
74 77 0
75 73 0
76 75 0
77 73 0
78 70 0
79 73 0
80 77 0
81 78 0
82 82 0
83 88 0
84 90 0
85 90 0
86 91 0
87 97 0
88 98 0
89 88 0
90 75 0
91 69 0
92 70 0
93 71 0
94 72 0
95 71 0
96 70 0
97 66 0
98 65 0
99 68 0
100 73 0
101 80 0
102 82 0
103 74 0
104 61 0
105 48 0
106 43 0
107 63 0
108 100 0
109 104 0
110 72 0
111 56 0
112 59 0
113 53 0
114 48 0
115 48 0
116 48 0
117 55 0
118 54 0
119 46 0
120 69 0
121 125 0
122 156 0
123 139 0
124 95 0
125 58 0
126 45 0
127 48 0
128 48 0
129 46 0
130 45 0
131 46 0
132 47 0
133 46 0
134 47 0
135 56 0
136 74 0
137 99 0
138 114 0
139 111 0
140 116 0
141 139 0
142 146 0
143 136 0
144 137 0
145 125 0
146 85 0
147 60 0
148 65 0
149 51 0
150 28 0
151 75 0
152 153 0
153 139 0
154 63 0
155 43 0
156 58 0
157 54 0
158 51 0
159 53 0
160 55 0
161 59 0
162 48 0
163 53 0
164 112 0
165 160 0
166 142 0
167 93 0
168 53 0
169 30 0
170 19 0
171 17 0
172 19 0
173 16 0
174 12 0
175 14 0
176 16 0
177 16 0
178 24 0
179 50 0
180 78 0
181 64 0
182 27 0
183 19 0
184 23 0
185 24 0
186 30 0
187 29 0
188 26 0
189 24 0
190 21 0
191 29 0
192 29 0
193 24 0
194 65 0
195 104 0
196 81 0
197 42 0
198 46 0
199 58 0
200 41 0
201 69 0
202 139 0
203 163 0
204 172 0
205 148 0
206 59 0
207 51 0
208 102 0
209 81 0
210 49 0
211 53 0
212 64 0
213 108 0
214 163 0
215 166 0
216 154 0
217 168 0
218 127 0
219 35 0
220 0 0
221 2 0
222 13 0
223 57 0
224 129 0
225 121 0
226 56 0
227 36 0
228 45 0
229 66 0
230 71 0
231 54 0
232 59 0
233 74 0
234 95 0
235 79 0
236 44 0
237 46 0
238 49 0
239 49 0
240 52 0
241 49 0
242 48 0
243 51 0
244 50 0
245 46 0
246 48 0
247 47 0
248 44 0
249 45 0
250 45 0
251 44 0
252 44 0
253 9 0
254 0 0
255 0 0

0 0 0
1 0 0
2 0 0
3 0 0
4 18 0
5 48 0
6 52 0
7 49 0
8 48 0
9 47 0
10 47 0
11 51 0
12 51 0
13 55 0
14 52 0
15 51 0
16 51 0
17 49 0
18 63 0
19 77 0
20 66 0
21 56 0
22 54 0
23 53 0
24 53 0
25 53 0
26 60 0
27 62 0
28 65 0
29 98 0
30 122 0
31 105 0
32 64 0
33 21 0
34 2 0
35 0 0
36 2 0
37 1 0
38 4 0
39 1 0
40 0 0
41 15 0
42 103 0
43 188 0
44 186 0
45 155 0
46 162 0
47 146 0
48 71 0
49 43 0
50 62 0
51 57 0
52 54 0
53 54 0
54 47 0
55 54 0
56 61 0
57 68 0
58 78 0
59 76 0
60 72 0
61 75 0
62 76 0
63 76 0
64 75 0
65 77 0
66 78 0
67 80 0
68 82 0
69 80 0
70 76 0
71 76 0
72 76 0
73 76 0
74 80 0
75 83 0
76 82 0
77 80 0
78 76 0
79 71 0
80 76 0
81 88 0
82 100 0
83 102 0
84 96 0
85 93 0
86 95 0
87 92 0
88 83 0
89 73 0
90 70 0
91 70 0
92 72 0
93 72 0
94 71 0
95 69 0
96 69 0
97 69 0
98 74 0
99 85 0
100 91 0
101 83 0
102 68 0
103 52 0
104 41 0
105 33 0
106 32 0
107 56 0
108 95 0
109 105 0
110 81 0
111 64 0
112 60 0
113 51 0
114 49 0
115 51 0
116 54 0
117 61 0
118 54 0
119 43 0
120 71 0
121 125 0
122 146 0
123 120 0
124 84 0
125 58 0
126 45 0
127 46 0
128 49 0
129 45 0
130 46 0
131 47 0
132 46 0
133 45 0
134 46 0
135 46 0
136 46 0
137 48 0
138 63 0
139 101 0
140 137 0
141 146 0
142 141 0
143 137 0
144 136 0
145 142 0
146 136 0
147 101 0
148 47 0
149 3 0
150 22 0
151 103 0
152 142 0
153 88 0
154 40 0
155 52 0
156 58 0
157 47 0
158 49 0
159 49 0
160 56 0
161 59 0
162 41 0
163 61 0
164 128 0
165 172 0
166 163 0
167 128 0
168 89 0
169 58 0
170 41 0
171 29 0
172 23 0
173 22 0
174 21 0
175 19 0
176 19 0
177 24 0
178 39 0
179 60 0
180 73 0
181 56 0
182 27 0
183 23 0
184 26 0
185 23 0
186 26 0
187 28 0
188 24 0
189 28 0
190 29 0
191 30 0
192 33 0
193 21 0
194 26 0
195 74 0
196 96 0
197 58 0
198 46 0
199 58 0
200 43 0
201 74 0
202 144 0
203 163 0
204 175 0
205 150 0
206 58 0
207 55 0
208 111 0
209 85 0
210 46 0
211 46 0
212 71 0
213 128 0
214 169 0
215 152 0
216 139 0
217 171 0
218 148 0
219 48 0
220 4 0
221 2 0
222 17 0
223 68 0
224 119 0
225 107 0
226 61 0
227 41 0
228 79 0
229 134 0
230 100 0
231 46 0
232 61 0
233 71 0
234 82 0
235 83 0
236 51 0
237 47 0
238 46 0
239 44 0
240 55 0
241 54 0
242 49 0
243 50 0
244 50 0
245 46 0
246 48 0
247 49 0
248 45 0
249 45 0
250 46 0
251 44 0
252 44 0
253 12 0
254 0 0
255 0 0

0 0 0
1 0 0
2 0 0
3 0 0
4 21 0
5 47 0
6 51 0
7 50 0
8 49 0
9 46 0
10 49 0
11 51 0
12 52 0
13 53 0
14 44 0
15 56 0
16 61 0
17 41 0
18 64 0
19 101 0
20 94 0
21 70 0
22 52 0
23 50 0
24 53 0
25 52 0
26 56 0
27 52 0
28 64 0
29 103 0
30 123 0
31 114 0
32 77 0
33 23 0
34 0 0
35 1 0
36 1 0
37 3 0
38 3 0
39 0 0
40 2 0
41 7 0
42 90 0
43 173 0
44 166 0
45 137 0
46 164 0
47 164 0
48 82 0
49 40 0
50 59 0
51 55 0
52 50 0
53 58 0
54 56 0
55 54 0
56 56 0
57 64 0
58 76 0
59 77 0
60 77 0
61 79 0
62 76 0
63 74 0
64 76 0
65 80 0
66 85 0
67 84 0
68 80 0
69 77 0
70 77 0
71 78 0
72 76 0
73 76 0
74 79 0
75 79 0
76 78 0
77 80 0
78 78 0
79 72 0
80 74 0
81 83 0
82 92 0
83 95 0
84 90 0
85 86 0
86 85 0
87 80 0
88 73 0
89 72 0
90 73 0
91 71 0
92 69 0
93 69 0
94 69 0
95 72 0
96 80 0
97 90 0
98 89 0
99 79 0
100 66 0
101 49 0
102 34 0
103 29 0
104 33 0
105 40 0
106 51 0
107 69 0
108 88 0
109 94 0
110 84 0
111 72 0
112 63 0
113 54 0
114 53 0
115 52 0
116 54 0
117 61 0
118 53 0
119 43 0
120 76 0
121 129 0
122 134 0
123 96 0
124 68 0
125 54 0
126 45 0
127 46 0
128 48 0
129 46 0
130 49 0
131 50 0
132 44 0
133 44 0
134 51 0
135 45 0
136 33 0
137 42 0
138 76 0
139 110 0
140 122 0
141 121 0
142 127 0
143 129 0
144 124 0
145 144 0
146 170 0
147 139 0
148 63 0
149 43 0
150 105 0
151 154 0
152 114 0
153 51 0
154 46 0
155 62 0
156 53 0
157 51 0
158 52 0
159 51 0
160 62 0
161 53 0
162 36 0
163 80 0
164 152 0
165 167 0
166 153 0
167 152 0
168 134 0
169 95 0
170 61 0
171 36 0
172 22 0
173 21 0
174 23 0
175 22 0
176 17 0
177 17 0
178 41 0
179 69 0
180 65 0
181 37 0
182 22 0
183 26 0
184 30 0
185 25 0
186 27 0
187 34 0
188 31 0
189 28 0
190 33 0
191 34 0
192 35 0
193 29 0
194 17 0
195 50 0
196 90 0
197 66 0
198 47 0
199 53 0
200 40 0
201 85 0
202 155 0
203 162 0
204 171 0
205 149 0
206 62 0
207 49 0
208 84 0
209 71 0
210 51 0
211 46 0
212 73 0
213 135 0
214 167 0
215 146 0
216 138 0
217 171 0
218 149 0
219 50 0
220 9 0
221 4 0
222 37 0
223 65 0
224 72 0
225 100 0
226 101 0
227 66 0
228 102 0
229 152 0
230 109 0
231 79 0
232 100 0
233 79 0
234 66 0
235 71 0
236 52 0
237 48 0
238 46 0
239 51 0
240 60 0
241 51 0
242 46 0
243 45 0
244 45 0
245 48 0
246 49 0
247 49 0
248 46 0
249 46 0
250 46 0
251 41 0
252 40 0
253 13 0
254 0 0
255 0 0

0 0 0
1 0 0
2 0 0
3 0 0
4 24 0
5 50 0
6 52 0
7 50 0
8 50 0
9 48 0
10 50 0
11 53 0
12 53 0
13 53 0
14 45 0
15 58 0
16 66 0
17 57 0
18 85 0
19 113 0
20 129 0
21 116 0
22 71 0
23 54 0
24 51 0
25 40 0
26 37 0
27 52 0
28 88 0
29 107 0
30 105 0
31 103 0
32 76 0
33 22 0
34 1 0
35 1 0
36 4 0
37 4 0
38 3 0
39 4 0
40 6 0
41 0 0
42 75 0
43 165 0
44 171 0
45 128 0
46 134 0
47 148 0
48 88 0
49 43 0
50 57 0
51 55 0
52 50 0
53 61 0
54 59 0
55 54 0
56 53 0
57 60 0
58 73 0
59 76 0
60 75 0
61 77 0
62 74 0
63 73 0
64 78 0
65 85 0
66 91 0
67 87 0
68 81 0
69 78 0
70 74 0
71 73 0
72 75 0
73 76 0
74 77 0
75 77 0
76 78 0
77 81 0
78 80 0
79 76 0
80 73 0
81 73 0
82 78 0
83 84 0
84 82 0
85 78 0
86 84 0
87 89 0
88 84 0
89 73 0
90 69 0
91 73 0
92 80 0
93 86 0
94 88 0
95 85 0
96 81 0
97 73 0
98 56 0
99 41 0
100 32 0
101 26 0
102 36 0
103 60 0
104 78 0
105 93 0
106 109 0
107 117 0
108 112 0
109 100 0
110 83 0
111 69 0
112 61 0
113 58 0
114 56 0
115 53 0
116 53 0
117 60 0
118 52 0
119 43 0
120 83 0
121 144 0
122 147 0
123 97 0
124 60 0
125 49 0
126 44 0
127 46 0
128 50 0
129 46 0
130 47 0
131 50 0
132 44 0
133 44 0
134 52 0
135 41 0
136 27 0
137 61 0
138 122 0
139 137 0
140 114 0
141 113 0
142 134 0
143 124 0
144 98 0
145 119 0
146 167 0
147 169 0
148 139 0
149 150 0
150 179 0
151 146 0
152 73 0
153 44 0
154 55 0
155 56 0
156 49 0
157 52 0
158 51 0
159 51 0
160 56 0
161 41 0
162 42 0
163 108 0
164 174 0
165 169 0
166 148 0
167 159 0
168 159 0
169 122 0
170 75 0
171 43 0
172 29 0
173 23 0
174 19 0
175 22 0
176 24 0
177 24 0
178 51 0
179 90 0
180 79 0
181 37 0
182 22 0
183 26 0
184 26 0
185 26 0
186 26 0
187 30 0
188 30 0
189 29 0
190 34 0
191 29 0
192 22 0
193 29 0
194 34 0
195 59 0
196 91 0
197 71 0
198 52 0
199 51 0
200 42 0
201 99 0
202 166 0
203 166 0
204 173 0
205 143 0
206 62 0
207 46 0
208 57 0
209 50 0
210 52 0
211 47 0
212 64 0
213 101 0
214 126 0
215 148 0
216 158 0
217 165 0
218 134 0
219 41 0
220 2 0
221 15 0
222 48 0
223 53 0
224 69 0
225 111 0
226 94 0
227 57 0
228 95 0
229 134 0
230 134 0
231 137 0
232 112 0
233 68 0
234 68 0
235 77 0
236 66 0
237 63 0
238 63 0
239 63 0
240 58 0
241 50 0
242 50 0
243 47 0
244 45 0
245 45 0
246 45 0
247 46 0
248 46 0
249 44 0
250 40 0
251 39 0
252 40 0
253 15 0
254 0 0
255 0 0

0 0 0
1 0 0
2 0 0
3 0 0
4 29 0
5 52 0
6 53 0
7 51 0
8 51 0
9 50 0
10 51 0
11 56 0
12 54 0
13 54 0
14 51 0
15 49 0
16 69 0
17 113 0
18 122 0
19 103 0
20 140 0
21 156 0
22 105 0
23 64 0
24 58 0
25 71 0
26 73 0
27 99 0
28 130 0
29 108 0
30 100 0
31 105 0
32 75 0
33 31 0
34 2 0
35 1 0
36 4 0
37 4 0
38 5 0
39 5 0
40 4 0
41 0 0
42 75 0
43 167 0
44 184 0
45 152 0
46 149 0
47 149 0
48 87 0
49 43 0
50 58 0
51 57 0
52 51 0
53 57 0
54 55 0
55 56 0
56 53 0
57 56 0
58 74 0
59 77 0
60 71 0
61 77 0
62 80 0
63 78 0
64 80 0
65 88 0
66 92 0
67 85 0
68 83 0
69 85 0
70 80 0
71 77 0
72 80 0
73 79 0
74 79 0
75 78 0
76 75 0
77 76 0
78 78 0
79 76 0
80 72 0
81 68 0
82 67 0
83 69 0
84 71 0
85 71 0
86 69 0
87 68 0
88 72 0
89 78 0
90 87 0
91 93 0
92 90 0
93 78 0
94 61 0
95 46 0
96 36 0
97 32 0
98 31 0
99 38 0
100 46 0
101 56 0
102 80 0
103 104 0
104 111 0
105 116 0
106 125 0
107 124 0
108 115 0
109 105 0
110 88 0
111 70 0
112 61 0
113 60 0
114 58 0
115 56 0
116 56 0
117 61 0
118 52 0
119 44 0
120 83 0
121 143 0
122 144 0
123 90 0
124 53 0
125 46 0
126 44 0
127 46 0
128 49 0
129 45 0
130 46 0
131 49 0
132 44 0
133 48 0
134 56 0
135 32 0
136 9 0
137 56 0
138 128 0
139 132 0
140 102 0
141 123 0
142 159 0
143 134 0
144 85 0
145 101 0
146 160 0
147 179 0
148 169 0
149 178 0
150 174 0
151 120 0
152 63 0
153 51 0
154 56 0
155 52 0
156 51 0
157 55 0
158 56 0
159 56 0
160 50 0
161 44 0
162 72 0
163 127 0
164 158 0
165 153 0
166 149 0
167 164 0
168 178 0
169 163 0
170 118 0
171 73 0
172 47 0
173 30 0
174 21 0
175 28 0
176 37 0
177 50 0
178 83 0
179 103 0
180 71 0
181 29 0
182 26 0
183 32 0
184 31 0
185 31 0
186 28 0
187 24 0
188 24 0
189 27 0
190 32 0
191 26 0
192 17 0
193 30 0
194 44 0
195 65 0
196 92 0
197 81 0
198 56 0
199 46 0
200 55 0
201 118 0
202 169 0
203 165 0
204 172 0
205 134 0
206 55 0
207 47 0
208 58 0
209 50 0
210 53 0
211 44 0
212 65 0
213 101 0
214 118 0
215 152 0
216 164 0
217 162 0
218 143 0
219 49 0
220 0 0
221 26 0
222 38 0
223 64 0
224 129 0
225 132 0
226 68 0
227 55 0
228 103 0
229 132 0
230 149 0
231 151 0
232 105 0
233 76 0
234 89 0
235 103 0
236 107 0
237 102 0
238 98 0
239 80 0
240 52 0
241 51 0
242 55 0
243 51 0
244 48 0
245 44 0
246 44 0
247 43 0
248 44 0
249 44 0
250 43 0
251 41 0
252 40 0
253 18 0
254 0 0
255 0 0

0 0 0
1 0 0
2 0 0
3 0 0
4 32 0
5 52 0
6 53 0
7 50 0
8 49 0
9 52 0
10 52 0
11 57 0
12 53 0
13 53 0
14 55 0
15 44 0
16 70 0
17 139 0
18 143 0
19 103 0
20 119 0
21 133 0
22 116 0
23 92 0
24 94 0
25 116 0
26 105 0
27 134 0
28 161 0
29 122 0
30 115 0
31 104 0
32 65 0
33 42 0
34 13 0
35 1 0
36 3 0
37 3 0
38 2 0
39 5 0
40 1 0
41 8 0
42 76 0
43 157 0
44 174 0
45 161 0
46 165 0
47 155 0
48 91 0
49 46 0
50 55 0
51 53 0
52 48 0
53 57 0
54 58 0
55 60 0
56 56 0
57 56 0
58 76 0
59 81 0
60 75 0
61 80 0
62 84 0
63 80 0
64 81 0
65 90 0
66 96 0
67 90 0
68 85 0
69 85 0
70 80 0
71 78 0
72 81 0
73 77 0
74 74 0
75 74 0
76 73 0
77 75 0
78 76 0
79 74 0
80 73 0
81 74 0
82 72 0
83 69 0
84 68 0
85 69 0
86 71 0
87 78 0
88 89 0
89 89 0
90 76 0
91 58 0
92 42 0
93 36 0
94 38 0
95 42 0
96 49 0
97 55 0
98 56 0
99 64 0
100 84 0
101 100 0
102 106 0
103 105 0
104 107 0
105 119 0
106 122 0
107 103 0
108 87 0
109 93 0
110 97 0
111 80 0
112 64 0
113 60 0
114 59 0
115 56 0
116 56 0
117 61 0
118 52 0
119 46 0
120 86 0
121 144 0
122 139 0
123 83 0
124 47 0
125 45 0
126 44 0
127 44 0
128 47 0
129 42 0
130 44 0
131 46 0
132 41 0
133 52 0
134 58 0
135 23 0
136 0 0
137 61 0
138 136 0
139 127 0
140 86 0
141 104 0
142 150 0
143 145 0
144 105 0
145 106 0
146 139 0
147 147 0
148 139 0
149 148 0
150 141 0
151 99 0
152 63 0
153 54 0
154 55 0
155 57 0
156 56 0
157 54 0
158 57 0
159 56 0
160 47 0
161 50 0
162 75 0
163 98 0
164 103 0
165 110 0
166 134 0
167 157 0
168 165 0
169 156 0
170 130 0
171 95 0
172 64 0
173 41 0
174 30 0
175 32 0
176 39 0
177 66 0
178 107 0
179 101 0
180 49 0
181 23 0
182 31 0
183 34 0
184 32 0
185 34 0
186 31 0
187 29 0
188 29 0
189 30 0
190 30 0
191 24 0
192 21 0
193 27 0
194 30 0
195 47 0
196 85 0
197 89 0
198 54 0
199 39 0
200 76 0
201 141 0
202 168 0
203 163 0
204 170 0
205 124 0
206 49 0
207 49 0
208 60 0
209 53 0
210 57 0
211 43 0
212 57 0
213 106 0
214 130 0
215 147 0
216 154 0
217 169 0
218 155 0
219 55 0
220 6 0
221 31 0
222 44 0
223 108 0
224 161 0
225 107 0
226 49 0
227 64 0
228 114 0
229 142 0
230 148 0
231 144 0
232 125 0
233 126 0
234 129 0
235 115 0
236 105 0
237 102 0
238 103 0
239 80 0
240 49 0
241 50 0
242 52 0
243 51 0
244 50 0
245 44 0
246 46 0
247 44 0
248 40 0
249 42 0
250 44 0
251 43 0
252 39 0
253 20 0
254 0 0
255 0 0

0 0 0
1 0 0
2 0 0
3 0 0
4 35 0
5 51 0
6 54 0
7 49 0
8 47 0
9 51 0
10 52 0
11 61 0
12 59 0
13 54 0
14 54 0
15 49 0
16 63 0
17 114 0
18 151 0
19 145 0
20 129 0
21 109 0
22 111 0
23 120 0
24 122 0
25 125 0
26 112 0
27 140 0
28 164 0
29 125 0
30 110 0
31 110 0
32 84 0
33 53 0
34 20 0
35 4 0
36 1 0
37 2 0
38 6 0
39 1 0
40 2 0
41 11 0
42 69 0
43 162 0
44 183 0
45 159 0
46 154 0
47 163 0
48 111 0
49 51 0
50 55 0
51 57 0
52 49 0
53 57 0
54 56 0
55 57 0
56 61 0
57 61 0
58 74 0
59 79 0
60 73 0
61 77 0
62 82 0
63 84 0
64 84 0
65 87 0
66 98 0
67 99 0
68 91 0
69 86 0
70 80 0
71 76 0
72 76 0
73 77 0
74 80 0
75 80 0
76 74 0
77 75 0
78 78 0
79 76 0
80 73 0
81 74 0
82 72 0
83 71 0
84 75 0
85 82 0
86 83 0
87 76 0
88 61 0
89 41 0
90 29 0
91 37 0
92 57 0
93 73 0
94 80 0
95 79 0
96 74 0
97 64 0
98 54 0
99 58 0
100 76 0
101 90 0
102 96 0
103 98 0
104 98 0
105 99 0
106 94 0
107 80 0
108 80 0
109 105 0
110 124 0
111 107 0
112 74 0
113 58 0
114 58 0
115 54 0
116 55 0
117 61 0
118 50 0
119 44 0
120 91 0
121 147 0
122 132 0
123 72 0
124 43 0
125 47 0
126 46 0
127 46 0
128 48 0
129 44 0
130 46 0
131 49 0
132 46 0
133 56 0
134 56 0
135 20 0
136 1 0
137 56 0
138 129 0
139 131 0
140 90 0
141 69 0
142 93 0
143 127 0
144 123 0
145 97 0
146 92 0
147 105 0
148 116 0
149 118 0
150 99 0
151 66 0
152 52 0
153 55 0
154 57 0
155 58 0
156 56 0
157 50 0
158 44 0
159 40 0
160 46 0
161 63 0
162 72 0
163 67 0
164 67 0
165 76 0
166 99 0
167 135 0
168 157 0
169 153 0
170 141 0
171 124 0
172 100 0
173 76 0
174 61 0
175 53 0
176 53 0
177 78 0
178 105 0
179 88 0
180 43 0
181 26 0
182 29 0
183 26 0
184 29 0
185 36 0
186 36 0
187 34 0
188 29 0
189 24 0
190 24 0
191 13 0
192 7 0
193 30 0
194 42 0
195 51 0
196 93 0
197 109 0
198 71 0
199 63 0
200 112 0
201 156 0
202 156 0
203 157 0
204 172 0
205 120 0
206 48 0
207 50 0
208 56 0
209 47 0
210 58 0
211 49 0
212 55 0
213 103 0
214 147 0
215 156 0
216 152 0
217 182 0
218 158 0
219 51 0
220 14 0
221 36 0
222 82 0
223 160 0
224 142 0
225 62 0
226 50 0
227 88 0
228 137 0
229 158 0
230 149 0
231 151 0
232 147 0
233 125 0
234 103 0
235 97 0
236 107 0
237 112 0
238 96 0
239 67 0
240 51 0
241 55 0
242 49 0
243 46 0
244 48 0
245 44 0
246 46 0
247 45 0
248 41 0
249 43 0
250 44 0
251 42 0
252 41 0
253 24 0
254 0 0
255 0 0

0 0 0
1 0 0
2 0 0
3 0 0
4 42 0
5 52 0
6 52 0
7 51 0
8 52 0
9 55 0
10 54 0
11 57 0
12 59 0
13 60 0
14 56 0
15 53 0
16 55 0
17 98 0
18 156 0
19 158 0
20 127 0
21 104 0
22 111 0
23 127 0
24 139 0
25 155 0
26 143 0
27 138 0
28 152 0
29 120 0
30 98 0
31 126 0
32 113 0
33 60 0
34 31 0
35 6 0
36 2 0
37 4 0
38 2 0
39 0 0
40 5 0
41 7 0
42 68 0
43 169 0
44 201 0
45 177 0
46 165 0
47 181 0
48 130 0
49 50 0
50 51 0
51 64 0
52 52 0
53 54 0
54 52 0
55 53 0
56 63 0
57 64 0
58 70 0
59 76 0
60 76 0
61 76 0
62 74 0
63 79 0
64 87 0
65 93 0
66 105 0
67 107 0
68 91 0
69 83 0
70 82 0
71 76 0
72 68 0
73 71 0
74 82 0
75 83 0
76 75 0
77 74 0
78 77 0
79 77 0
80 74 0
81 71 0
82 72 0
83 80 0
84 84 0
85 73 0
86 53 0
87 44 0
88 54 0
89 71 0
90 86 0
91 103 0
92 113 0
93 109 0
94 93 0
95 73 0
96 56 0
97 41 0
98 36 0
99 46 0
100 65 0
101 82 0
102 95 0
103 93 0
104 82 0
105 78 0
106 83 0
107 88 0
108 96 0
109 115 0
110 134 0
111 123 0
112 85 0
113 59 0
114 56 0
115 56 0
116 58 0
117 62 0
118 47 0
119 48 0
120 96 0
121 136 0
122 109 0
123 59 0
124 44 0
125 47 0
126 45 0
127 45 0
128 46 0
129 43 0
130 44 0
131 50 0
132 51 0
133 52 0
134 36 0
135 13 0
136 7 0
137 30 0
138 97 0
139 131 0
140 130 0
141 105 0
142 99 0
143 127 0
144 122 0
145 71 0
146 56 0
147 96 0
148 122 0
149 111 0
150 87 0
151 60 0
152 48 0
153 53 0
154 53 0
155 50 0
156 54 0
157 58 0
158 52 0
159 44 0
160 51 0
161 67 0
162 65 0
163 53 0
164 56 0
165 62 0
166 69 0
167 102 0
168 143 0
169 155 0
170 144 0
171 132 0
172 121 0
173 107 0
174 95 0
175 86 0
176 85 0
177 90 0
178 83 0
179 55 0
180 30 0
181 22 0
182 17 0
183 19 0
184 32 0
185 41 0
186 40 0
187 34 0
188 22 0
189 11 0
190 7 0
191 2 0
192 12 0
193 47 0
194 51 0
195 38 0
196 88 0
197 139 0
198 126 0
199 118 0
200 146 0
201 158 0
202 146 0
203 154 0
204 171 0
205 117 0
206 50 0
207 55 0
208 56 0
209 50 0
210 61 0
211 52 0
212 62 0
213 110 0
214 154 0
215 166 0
216 160 0
217 183 0
218 155 0
219 55 0
220 16 0
221 45 0
222 118 0
223 163 0
224 88 0
225 39 0
226 86 0
227 127 0
228 144 0
229 152 0
230 151 0
231 153 0
232 150 0
233 111 0
234 73 0
235 94 0
236 121 0
237 115 0
238 90 0
239 61 0
240 56 0
241 58 0
242 46 0
243 43 0
244 46 0
245 46 0
246 48 0
247 45 0
248 44 0
249 44 0
250 43 0
251 40 0
252 39 0
253 26 0
254 0 0
255 0 0

0 0 0
1 0 0
2 0 0
3 0 0
4 48 0
5 51 0
6 49 0
7 54 0
8 55 0
9 57 0
10 57 0
11 55 0
12 55 0
13 59 0
14 65 0
15 58 0
16 45 0
17 77 0
18 142 0
19 162 0
20 139 0
21 117 0
22 115 0
23 132 0
24 156 0
25 182 0
26 159 0
27 127 0
28 149 0
29 140 0
30 96 0
31 116 0
32 136 0
33 87 0
34 37 0
35 9 0
36 4 0
37 4 0
38 1 0
39 4 0
40 2 0
41 3 0
42 68 0
43 149 0
44 183 0
45 181 0
46 170 0
47 185 0
48 148 0
49 53 0
50 36 0
51 62 0
52 55 0
53 53 0
54 56 0
55 53 0
56 59 0
57 63 0
58 69 0
59 78 0
60 83 0
61 80 0
62 69 0
63 73 0
64 87 0
65 86 0
66 81 0
67 83 0
68 82 0
69 78 0
70 82 0
71 90 0
72 86 0
73 77 0
74 75 0
75 74 0
76 74 0
77 75 0
78 76 0
79 76 0
80 74 0
81 74 0
82 85 0
83 84 0
84 66 0
85 54 0
86 67 0
87 97 0
88 127 0
89 135 0
90 125 0
91 116 0
92 113 0
93 105 0
94 83 0
95 65 0
96 69 0
97 83 0
98 94 0
99 109 0
100 125 0
101 127 0
102 110 0
103 84 0
104 70 0
105 80 0
106 98 0
107 111 0
108 120 0
109 123 0
110 125 0
111 114 0
112 85 0
113 61 0
114 57 0
115 58 0
116 57 0
117 56 0
118 46 0
119 53 0
120 87 0
121 106 0
122 90 0
123 63 0
124 49 0
125 46 0
126 46 0
127 45 0
128 45 0
129 44 0
130 44 0
131 47 0
132 52 0
133 48 0
134 28 0
135 9 0
136 6 0
137 16 0
138 72 0
139 124 0
140 156 0
141 137 0
142 104 0
143 112 0
144 107 0
145 59 0
146 51 0
147 97 0
148 111 0
149 89 0
150 80 0
151 67 0
152 50 0
153 52 0
154 54 0
155 53 0
156 58 0
157 58 0
158 49 0
159 46 0
160 57 0
161 64 0
162 58 0
163 51 0
164 55 0
165 58 0
166 53 0
167 68 0
168 118 0
169 168 0
170 180 0
171 166 0
172 149 0
173 129 0
174 115 0
175 112 0
176 113 0
177 110 0
178 83 0
179 39 0
180 18 0
181 21 0
182 20 0
183 19 0
184 24 0
185 22 0
186 20 0
187 26 0
188 19 0
189 0 0
190 0 0
191 30 0
192 55 0
193 55 0
194 49 0
195 58 0
196 94 0
197 138 0
198 149 0
199 140 0
200 143 0
201 150 0
202 149 0
203 163 0
204 167 0
205 106 0
206 49 0
207 54 0
208 54 0
209 55 0
210 65 0
211 49 0
212 59 0
213 109 0
214 143 0
215 152 0
216 155 0
217 173 0
218 148 0
219 66 0
220 22 0
221 69 0
222 149 0
223 134 0
224 58 0
225 66 0
226 116 0
227 139 0
228 136 0
229 128 0
230 147 0
231 146 0
232 126 0
233 107 0
234 100 0
235 116 0
236 102 0
237 77 0
238 68 0
239 54 0
240 59 0
241 59 0
242 48 0
243 47 0
244 48 0
245 47 0
246 43 0
247 43 0
248 46 0
249 43 0
250 38 0
251 36 0
252 35 0
253 26 0
254 0 0
255 0 0

0 0 0
1 0 0
2 0 0
3 0 0
4 46 0
5 44 0
6 47 0
7 53 0
8 53 0
9 53 0
10 55 0
11 62 0
12 65 0
13 62 0
14 61 0
15 58 0
16 50 0
17 57 0
18 116 0
19 169 0
20 149 0
21 107 0
22 104 0
23 133 0
24 162 0
25 182 0
26 166 0
27 139 0
28 158 0
29 140 0
30 73 0
31 86 0
32 135 0
33 103 0
34 45 0
35 14 0
36 0 0
37 4 0
38 5 0
39 3 0
40 0 0
41 2 0
42 63 0
43 142 0
44 172 0
45 173 0
46 162 0
47 172 0
48 161 0
49 80 0
50 32 0
51 51 0
52 59 0
53 54 0
54 54 0
55 53 0
56 55 0
57 58 0
58 69 0
59 81 0
60 84 0
61 83 0
62 80 0
63 83 0
64 86 0
65 68 0
66 52 0
67 62 0
68 73 0
69 72 0
70 73 0
71 79 0
72 83 0
73 80 0
74 73 0
75 70 0
76 73 0
77 76 0
78 77 0
79 75 0
80 74 0
81 84 0
82 83 0
83 64 0
84 66 0
85 107 0
86 144 0
87 155 0
88 149 0
89 132 0
90 115 0
91 108 0
92 104 0
93 96 0
94 86 0
95 95 0
96 125 0
97 145 0
98 147 0
99 146 0
100 144 0
101 134 0
102 120 0
103 104 0
104 94 0
105 100 0
106 112 0
107 129 0
108 143 0
109 137 0
110 122 0
111 105 0
112 79 0
113 57 0
114 53 0
115 57 0
116 56 0
117 54 0
118 49 0
119 52 0
120 66 0
121 73 0
122 70 0
123 61 0
124 49 0
125 43 0
126 45 0
127 44 0
128 42 0
129 44 0
130 43 0
131 47 0
132 52 0
133 43 0
134 20 0
135 5 0
136 3 0
137 8 0
138 55 0
139 114 0
140 154 0
141 125 0
142 69 0
143 76 0
144 104 0
145 80 0
146 52 0
147 69 0
148 77 0
149 63 0
150 71 0
151 72 0
152 54 0
153 51 0
154 53 0
155 49 0
156 50 0
157 50 0
158 46 0
159 53 0
160 64 0
161 63 0
162 56 0
163 54 0
164 55 0
165 58 0
166 53 0
167 51 0
168 88 0
169 152 0
170 186 0
171 182 0
172 170 0
173 166 0
174 163 0
175 154 0
176 146 0
177 135 0
178 93 0
179 31 0
180 8 0
181 21 0
182 23 0
183 19 0
184 20 0
185 10 0
186 3 0
187 9 0
188 13 0
189 15 0
190 38 0
191 68 0
192 61 0
193 43 0
194 93 0
195 150 0
196 131 0
197 105 0
198 120 0
199 120 0
200 115 0
201 131 0
202 148 0
203 168 0
204 160 0
205 89 0
206 42 0
207 53 0
208 53 0
209 55 0
210 63 0
211 48 0
212 59 0
213 110 0
214 146 0
215 149 0
216 149 0
217 172 0
218 157 0
219 73 0
220 20 0
221 88 0
222 166 0
223 119 0
224 75 0
225 106 0
226 108 0
227 116 0
228 139 0
229 123 0
230 132 0
231 148 0
232 118 0
233 102 0
234 128 0
235 139 0
236 112 0
237 83 0
238 58 0
239 51 0
240 66 0
241 56 0
242 45 0
243 45 0
244 43 0
245 46 0
246 42 0
247 42 0
248 43 0
249 40 0
250 39 0
251 39 0
252 37 0
253 30 0
254 0 0
255 0 0

0 0 0
1 0 0
2 0 0
3 3 0
4 51 0
5 51 0
6 49 0
7 53 0
8 56 0
9 52 0
10 52 0
11 58 0
12 67 0
13 74 0
14 63 0
15 57 0
16 56 0
17 49 0
18 99 0
19 152 0
20 127 0
21 100 0
22 108 0
23 126 0
24 153 0
25 186 0
26 196 0
27 178 0
28 147 0
29 98 0
30 68 0
31 85 0
32 94 0
33 73 0
34 53 0
35 24 0
36 1 0
37 3 0
38 4 0
39 0 0
40 0 0
41 9 0
42 87 0
43 172 0
44 184 0
45 179 0
46 172 0
47 159 0
48 163 0
49 128 0
50 60 0
51 42 0
52 56 0
53 53 0
54 48 0
55 53 0
56 58 0
57 59 0
58 67 0
59 79 0
60 83 0
61 83 0
62 80 0
63 81 0
64 79 0
65 62 0
66 59 0
67 77 0
68 80 0
69 76 0
70 72 0
71 63 0
72 67 0
73 76 0
74 72 0
75 69 0
76 78 0
77 81 0
78 76 0
79 74 0
80 84 0
81 83 0
82 63 0
83 68 0
84 120 0
85 169 0
86 174 0
87 154 0
88 135 0
89 117 0
90 105 0
91 96 0
92 94 0
93 103 0
94 117 0
95 139 0
96 156 0
97 156 0
98 152 0
99 151 0
100 146 0
101 140 0
102 143 0
103 142 0
104 136 0
105 132 0
106 134 0
107 148 0
108 156 0
109 138 0
110 115 0
111 103 0
112 83 0
113 59 0
114 53 0
115 59 0
116 58 0
117 53 0
118 49 0
119 60 0
120 82 0
121 83 0
122 64 0
123 50 0
124 45 0
125 44 0
126 44 0
127 44 0
128 44 0
129 46 0
130 43 0
131 46 0
132 50 0
133 38 0
134 17 0
135 5 0
136 0 0
137 4 0
138 45 0
139 107 0
140 149 0
141 126 0
142 58 0
143 43 0
144 97 0
145 118 0
146 73 0
147 43 0
148 52 0
149 59 0
150 67 0
151 74 0
152 63 0
153 54 0
154 56 0
155 55 0
156 53 0
157 54 0
158 51 0
159 51 0
160 56 0
161 56 0
162 54 0
163 54 0
164 53 0
165 59 0
166 62 0
167 57 0
168 80 0
169 141 0
170 180 0
171 168 0
172 150 0
173 166 0
174 187 0
175 175 0
176 162 0
177 160 0
178 111 0
179 32 0
180 7 0
181 22 0
182 23 0
183 18 0
184 15 0
185 9 0
186 13 0
187 27 0
188 43 0
189 56 0
190 58 0
191 47 0
192 41 0
193 71 0
194 134 0
195 149 0
196 96 0
197 67 0
198 90 0
199 100 0
200 94 0
201 103 0
202 130 0
203 170 0
204 163 0
205 83 0
206 39 0
207 54 0
208 55 0
209 55 0
210 60 0
211 46 0
212 57 0
213 106 0
214 144 0
215 152 0
216 149 0
217 173 0
218 164 0
219 66 0
220 24 0
221 112 0
222 155 0
223 105 0
224 89 0
225 105 0
226 99 0
227 110 0
228 138 0
229 138 0
230 129 0
231 131 0
232 100 0
233 93 0
234 139 0
235 142 0
236 117 0
237 89 0
238 52 0
239 60 0
240 70 0
241 53 0
242 50 0
243 46 0
244 40 0
245 42 0
246 44 0
247 44 0
248 44 0
249 43 0
250 41 0
251 38 0
252 39 0
253 34 0
254 0 0
255 0 0

0 0 0
1 0 0
2 0 0
3 7 0
4 51 0
5 55 0
6 53 0
7 58 0
8 54 0
9 50 0
10 57 0
11 55 0
12 56 0
13 85 0
14 88 0
15 66 0
16 61 0
17 52 0
18 100 0
19 156 0
20 134 0
21 121 0
22 127 0
23 125 0
24 130 0
25 159 0
26 207 0
27 206 0
28 139 0
29 70 0
30 58 0
31 57 0
32 45 0
33 61 0
34 68 0
35 40 0
36 8 0
37 4 0
38 1 0
39 4 0
40 2 0
41 23 0
42 110 0
43 184 0
44 186 0
45 183 0
46 181 0
47 157 0
48 166 0
49 164 0
50 102 0
51 54 0
52 63 0
53 77 0
54 64 0
55 50 0
56 55 0
57 59 0
58 64 0
59 76 0
60 83 0
61 81 0
62 77 0
63 80 0
64 88 0
65 81 0
66 77 0
67 85 0
68 84 0
69 80 0
70 83 0
71 81 0
72 80 0
73 78 0
74 71 0
75 71 0
76 80 0
77 77 0
78 73 0
79 85 0
80 86 0
81 60 0
82 57 0
83 105 0
84 156 0
85 165 0
86 144 0
87 115 0
88 89 0
89 80 0
90 83 0
91 90 0
92 100 0
93 114 0
94 129 0
95 146 0
96 155 0
97 151 0
98 147 0
99 149 0
100 154 0
101 156 0
102 149 0
103 139 0
104 137 0
105 138 0
106 142 0
107 153 0
108 156 0
109 131 0
110 100 0
111 85 0
112 73 0
113 57 0
114 52 0
115 55 0
116 53 0
117 49 0
118 49 0
119 61 0
120 78 0
121 76 0
122 58 0
123 47 0
124 46 0
125 45 0
126 47 0
127 49 0
128 50 0
129 48 0
130 44 0
131 46 0
132 50 0
133 34 0
134 14 0
135 7 0
136 1 0
137 4 0
138 43 0
139 98 0
140 132 0
141 136 0
142 91 0
143 44 0
144 73 0
145 129 0
146 109 0
147 53 0
148 50 0
149 69 0
150 78 0
151 81 0
152 70 0
153 57 0
154 60 0
155 62 0
156 56 0
157 59 0
158 64 0
159 60 0
160 56 0
161 53 0
162 54 0
163 57 0
164 53 0
165 58 0
166 62 0
167 53 0
168 69 0
169 131 0
170 184 0
171 178 0
172 150 0
173 150 0
174 158 0
175 147 0
176 159 0
177 187 0
178 143 0
179 57 0
180 33 0
181 40 0
182 30 0
183 27 0
184 31 0
185 31 0
186 43 0
187 53 0
188 47 0
189 35 0
190 22 0
191 29 0
192 69 0
193 110 0
194 113 0
195 78 0
196 48 0
197 56 0
198 68 0
199 71 0
200 81 0
201 93 0
202 123 0
203 175 0
204 161 0
205 78 0
206 41 0
207 55 0
208 53 0
209 54 0
210 60 0
211 45 0
212 51 0
213 102 0
214 147 0
215 159 0
216 155 0
217 172 0
218 153 0
219 58 0
220 55 0
221 156 0
222 161 0
223 125 0
224 119 0
225 89 0
226 88 0
227 113 0
228 117 0
229 122 0
230 125 0
231 116 0
232 71 0
233 70 0
234 127 0
235 123 0
236 87 0
237 65 0
238 61 0
239 80 0
240 65 0
241 46 0
242 51 0
243 48 0
244 43 0
245 42 0
246 43 0
247 42 0
248 40 0
249 41 0
250 41 0
251 35 0
252 36 0
253 36 0
254 0 0
255 0 0

0 0 0
1 0 0
2 0 0
3 12 0
4 54 0
5 56 0
6 51 0
7 53 0
8 49 0
9 46 0
10 53 0
11 56 0
12 53 0
13 80 0
14 98 0
15 81 0
16 64 0
17 41 0
18 88 0
19 156 0
20 132 0
21 111 0
22 116 0
23 112 0
24 109 0
25 115 0
26 159 0
27 212 0
28 181 0
29 83 0
30 33 0
31 20 0
32 48 0
33 109 0
34 100 0
35 52 0
36 18 0
37 2 0
38 4 0
39 6 0
40 0 0
41 26 0
42 116 0
43 183 0
44 179 0
45 171 0
46 181 0
47 174 0
48 167 0
49 162 0
50 133 0
51 88 0
52 82 0
53 104 0
54 83 0
55 47 0
56 52 0
57 61 0
58 63 0
59 76 0
60 86 0
61 85 0
62 82 0
63 81 0
64 83 0
65 81 0
66 77 0
67 78 0
68 80 0
69 78 0
70 76 0
71 77 0
72 80 0
73 78 0
74 75 0
75 78 0
76 77 0
77 73 0
78 83 0
79 90 0
80 69 0
81 58 0
82 98 0
83 139 0
84 133 0
85 105 0
86 82 0
87 70 0
88 76 0
89 99 0
90 119 0
91 131 0
92 142 0
93 153 0
94 160 0
95 161 0
96 156 0
97 152 0
98 152 0
99 149 0
100 144 0
101 141 0
102 137 0
103 139 0
104 146 0
105 147 0
106 144 0
107 152 0
108 156 0
109 133 0
110 96 0
111 73 0
112 62 0
113 53 0
114 51 0
115 52 0
116 50 0
117 48 0
118 50 0
119 53 0
120 57 0
121 59 0
122 57 0
123 53 0
124 48 0
125 43 0
126 43 0
127 46 0
128 46 0
129 41 0
130 41 0
131 51 0
132 52 0
133 31 0
134 12 0
135 8 0
136 4 0
137 7 0
138 39 0
139 79 0
140 109 0
141 145 0
142 152 0
143 111 0
144 98 0
145 138 0
146 147 0
147 105 0
148 85 0
149 90 0
150 93 0
151 89 0
152 75 0
153 65 0
154 71 0
155 77 0
156 71 0
157 70 0
158 79 0
159 79 0
160 69 0
161 57 0
162 55 0
163 58 0
164 56 0
165 58 0
166 60 0
167 49 0
168 59 0
169 117 0
170 171 0
171 179 0
172 172 0
173 171 0
174 159 0
175 148 0
176 179 0
177 225 0
178 184 0
179 78 0
180 36 0
181 50 0
182 47 0
183 50 0
184 62 0
185 48 0
186 31 0
187 28 0
188 24 0
189 34 0
190 68 0
191 106 0
192 119 0
193 98 0
194 68 0
195 48 0
196 42 0
197 53 0
198 52 0
199 49 0
200 71 0
201 91 0
202 128 0
203 181 0
204 155 0
205 71 0
206 45 0
207 59 0
208 53 0
209 52 0
210 58 0
211 44 0
212 55 0
213 116 0
214 161 0
215 168 0
216 166 0
217 177 0
218 148 0
219 61 0
220 59 0
221 143 0
222 161 0
223 134 0
224 101 0
225 77 0
226 107 0
227 126 0
228 107 0
229 100 0
230 105 0
231 103 0
232 78 0
233 71 0
234 93 0
235 92 0
236 63 0
237 39 0
238 56 0
239 77 0
240 57 0
241 43 0
242 44 0
243 42 0
244 42 0
245 42 0
246 44 0
247 41 0
248 38 0
249 40 0
250 40 0
251 34 0
252 31 0
253 32 0
254 1 0
255 0 0

0 0 0
1 0 0
2 0 0
3 19 0
4 55 0
5 54 0
6 48 0
7 48 0
8 53 0
9 59 0
10 53 0
11 54 0
12 65 0
13 66 0
14 73 0
15 82 0
16 76 0
17 46 0
18 83 0
19 157 0
20 132 0
21 93 0
22 96 0
23 101 0
24 115 0
25 109 0
26 84 0
27 120 0
28 141 0
29 76 0
30 68 0
31 105 0
32 126 0
33 144 0
34 101 0
35 48 0
36 29 0
37 3 0
38 6 0
39 3 0
40 0 0
41 24 0
42 123 0
43 190 0
44 186 0
45 179 0
46 185 0
47 169 0
48 147 0
49 154 0
50 154 0
51 106 0
52 76 0
53 82 0
54 63 0
55 45 0
56 59 0
57 59 0
58 50 0
59 67 0
60 85 0
61 85 0
62 80 0
63 78 0
64 80 0
65 74 0
66 62 0
67 63 0
68 81 0
69 86 0
70 75 0
71 73 0
72 78 0
73 75 0
74 73 0
75 73 0
76 73 0
77 83 0
78 88 0
79 70 0
80 61 0
81 98 0
82 142 0
83 134 0
84 90 0
85 66 0
86 66 0
87 78 0
88 97 0
89 120 0
90 135 0
91 145 0
92 159 0
93 175 0
94 181 0
95 171 0
96 159 0
97 158 0
98 163 0
99 154 0
100 134 0
101 124 0
102 130 0
103 145 0
104 155 0
105 153 0
106 150 0
107 158 0
108 163 0
109 139 0
110 99 0
111 72 0
112 60 0
113 53 0
114 51 0
115 52 0
116 50 0
117 46 0
118 42 0
119 41 0
120 52 0
121 69 0
122 69 0
123 55 0
124 45 0
125 44 0
126 46 0
127 47 0
128 45 0
129 39 0
130 45 0
131 59 0
132 54 0
133 28 0
134 11 0
135 10 0
136 9 0
137 10 0
138 34 0
139 72 0
140 106 0
141 138 0
142 151 0
143 127 0
144 105 0
145 126 0
146 156 0
147 153 0
148 129 0
149 103 0
150 83 0
151 75 0
152 73 0
153 71 0
154 73 0
155 76 0
156 72 0
157 75 0
158 85 0
159 84 0
160 68 0
161 53 0
162 53 0
163 56 0
164 56 0
165 58 0
166 59 0
167 51 0
168 64 0
169 121 0
170 169 0
171 174 0
172 169 0
173 161 0
174 156 0
175 165 0
176 180 0
177 204 0
178 200 0
179 118 0
180 36 0
181 22 0
182 27 0
183 31 0
184 39 0
185 27 0
186 23 0
187 53 0
188 85 0
189 115 0
190 151 0
191 154 0
192 109 0
193 59 0
194 43 0
195 44 0
196 37 0
197 39 0
198 48 0
199 52 0
200 59 0
201 75 0
202 126 0
203 178 0
204 146 0
205 72 0
206 49 0
207 57 0
208 51 0
209 52 0
210 56 0
211 41 0
212 63 0
213 139 0
214 173 0
215 158 0
216 155 0
217 167 0
218 144 0
219 73 0
220 40 0
221 73 0
222 116 0
223 115 0
224 77 0
225 97 0
226 141 0
227 143 0
228 146 0
229 142 0
230 118 0
231 98 0
232 100 0
233 104 0
234 86 0
235 82 0
236 83 0
237 76 0
238 87 0
239 80 0
240 55 0
241 50 0
242 45 0
243 40 0
244 44 0
245 45 0
246 46 0
247 42 0
248 36 0
249 38 0
250 38 0
251 37 0
252 32 0
253 30 0
254 4 0
255 0 0

0 0 0
1 0 0
2 0 0
3 25 0
4 56 0
5 58 0
6 58 0
7 56 0
8 57 0
9 68 0
10 67 0
11 53 0
12 55 0
13 63 0
14 66 0
15 68 0
16 77 0
17 56 0
18 83 0
19 165 0
20 147 0
21 103 0
22 107 0
23 112 0
24 134 0
25 155 0
26 103 0
27 57 0
28 80 0
29 71 0
30 83 0
31 144 0
32 156 0
33 153 0
34 117 0
35 55 0
36 32 0
37 9 0
38 0 0
39 3 0
40 0 0
41 38 0
42 141 0
43 193 0
44 194 0
45 184 0
46 169 0
47 159 0
48 159 0
49 168 0
50 146 0
51 98 0
52 80 0
53 78 0
54 58 0
55 54 0
56 64 0
57 58 0
58 51 0
59 64 0
60 84 0
61 86 0
62 77 0
63 78 0
64 84 0
65 79 0
66 68 0
67 68 0
68 82 0
69 84 0
70 77 0
71 77 0
72 77 0
73 75 0
74 74 0
75 73 0
76 79 0
77 88 0
78 71 0
79 55 0
80 87 0
81 134 0
82 133 0
83 97 0
84 79 0
85 97 0
86 119 0
87 124 0
88 123 0
89 128 0
90 134 0
91 140 0
92 149 0
93 160 0
94 161 0
95 153 0
96 148 0
97 153 0
98 159 0
99 156 0
100 144 0
101 135 0
102 139 0
103 150 0
104 155 0
105 151 0
106 151 0
107 160 0
108 161 0
109 142 0
110 104 0
111 71 0
112 55 0
113 51 0
114 49 0
115 48 0
116 49 0
117 52 0
118 50 0
119 43 0
120 49 0
121 66 0
122 65 0
123 49 0
124 42 0
125 47 0
126 48 0
127 46 0
128 43 0
129 40 0
130 56 0
131 76 0
132 64 0
133 30 0
134 13 0
135 14 0
136 12 0
137 12 0
138 40 0
139 98 0
140 144 0
141 160 0
142 154 0
143 132 0
144 102 0
145 98 0
146 120 0
147 131 0
148 121 0
149 103 0
150 88 0
151 84 0
152 83 0
153 78 0
154 69 0
155 61 0
156 64 0
157 90 0
158 112 0
159 96 0
160 65 0
161 53 0
162 58 0
163 59 0
164 55 0
165 57 0
166 60 0
167 52 0
168 64 0
169 122 0
170 170 0
171 174 0
172 156 0
173 129 0
174 130 0
175 161 0
176 158 0
177 142 0
178 163 0
179 159 0
180 111 0
181 75 0
182 56 0
183 48 0
184 63 0
185 78 0
186 97 0
187 132 0
188 147 0
189 144 0
190 143 0
191 124 0
192 86 0
193 52 0
194 39 0
195 36 0
196 29 0
197 32 0
198 45 0
199 51 0
200 60 0
201 91 0
202 154 0
203 186 0
204 129 0
205 61 0
206 49 0
207 54 0
208 47 0
209 51 0
210 58 0
211 43 0
212 63 0
213 136 0
214 167 0
215 149 0
216 151 0
217 174 0
218 152 0
219 78 0
220 54 0
221 93 0
222 120 0
223 105 0
224 86 0
225 122 0
226 161 0
227 170 0
228 167 0
229 133 0
230 117 0
231 120 0
232 119 0
233 117 0
234 93 0
235 81 0
236 92 0
237 101 0
238 100 0
239 73 0
240 44 0
241 46 0
242 47 0
243 39 0
244 46 0
245 48 0
246 39 0
247 35 0
248 40 0
249 39 0
250 35 0
251 36 0
252 34 0
253 34 0
254 8 0
255 0 0

0 0 0
1 0 0
2 0 0
3 32 0
4 59 0
5 60 0
6 60 0
7 61 0
8 53 0
9 52 0
10 64 0
11 69 0
12 65 0
13 69 0
14 72 0
15 59 0
16 63 0
17 50 0
18 83 0
19 159 0
20 136 0
21 103 0
22 105 0
23 115 0
24 156 0
25 187 0
26 160 0
27 101 0
28 97 0
29 109 0
30 90 0
31 82 0
32 94 0
33 156 0
34 168 0
35 87 0
36 45 0
37 20 0
38 0 0
39 4 0
40 0 0
41 59 0
42 162 0
43 190 0
44 186 0
45 176 0
46 164 0
47 173 0
48 187 0
49 172 0
50 109 0
51 70 0
52 89 0
53 85 0
54 62 0
55 53 0
56 48 0
57 69 0
58 88 0
59 73 0
60 77 0
61 89 0
62 80 0
63 78 0
64 81 0
65 80 0
66 82 0
67 81 0
68 80 0
69 78 0
70 77 0
71 79 0
72 77 0
73 74 0
74 75 0
75 79 0
76 87 0
77 78 0
78 50 0
79 60 0
80 112 0
81 129 0
82 96 0
83 77 0
84 93 0
85 117 0
86 134 0
87 143 0
88 147 0
89 144 0
90 137 0
91 140 0
92 151 0
93 155 0
94 147 0
95 141 0
96 148 0
97 156 0
98 154 0
99 151 0
100 146 0
101 136 0
102 137 0
103 151 0
104 157 0
105 154 0
106 153 0
107 156 0
108 154 0
109 138 0
110 106 0
111 72 0
112 52 0
113 46 0
114 45 0
115 44 0
116 45 0
117 58 0
118 76 0
119 85 0
120 87 0
121 84 0
122 66 0
123 48 0
124 45 0
125 49 0
126 45 0
127 43 0
128 40 0
129 42 0
130 66 0
131 87 0
132 67 0
133 28 0
134 12 0
135 17 0
136 15 0
137 14 0
138 44 0
139 108 0
140 156 0
141 171 0
142 166 0
143 151 0
144 123 0
145 109 0
146 112 0
147 115 0
148 122 0
149 131 0
150 131 0
151 116 0
152 96 0
153 83 0
154 79 0
155 75 0
156 79 0
157 116 0
158 139 0
159 103 0
160 56 0
161 49 0
162 60 0
163 61 0
164 58 0
165 60 0
166 57 0
167 47 0
168 63 0
169 122 0
170 171 0
171 175 0
172 160 0
173 149 0
174 157 0
175 167 0
176 156 0
177 154 0
178 169 0
179 161 0
180 143 0
181 142 0
182 127 0
183 116 0
184 134 0
185 147 0
186 151 0
187 153 0
188 137 0
189 127 0
190 128 0
191 112 0
192 85 0
193 63 0
194 49 0
195 41 0
196 35 0
197 38 0
198 40 0
199 45 0
200 72 0
201 109 0
202 150 0
203 167 0
204 112 0
205 51 0
206 48 0
207 58 0
208 52 0
209 55 0
210 57 0
211 42 0
212 60 0
213 123 0
214 157 0
215 147 0
216 152 0
217 177 0
218 144 0
219 60 0
220 70 0
221 150 0
222 148 0
223 94 0
224 97 0
225 144 0
226 149 0
227 118 0
228 90 0
229 67 0
230 82 0
231 101 0
232 82 0
233 75 0
234 77 0
235 85 0
236 107 0
237 113 0
238 92 0
239 65 0
240 52 0
241 46 0
242 44 0
243 46 0
244 45 0
245 43 0
246 42 0
247 38 0
248 42 0
249 39 0
250 35 0
251 36 0
252 35 0
253 37 0
254 12 0
255 0 0

0 0 0
1 0 0
2 0 0
3 39 0
4 58 0
5 55 0
6 54 0
7 61 0
8 62 0
9 50 0
10 39 0
11 53 0
12 80 0
13 90 0
14 95 0
15 81 0
16 59 0
17 50 0
18 90 0
19 124 0
20 94 0
21 90 0
22 100 0
23 126 0
24 174 0
25 178 0
26 171 0
27 152 0
28 119 0
29 111 0
30 108 0
31 80 0
32 57 0
33 125 0
34 188 0
35 130 0
36 64 0
37 30 0
38 3 0
39 0 0
40 9 0
41 80 0
42 176 0
43 190 0
44 180 0
45 187 0
46 176 0
47 163 0
48 171 0
49 156 0
50 80 0
51 53 0
52 87 0
53 75 0
54 63 0
55 58 0
56 36 0
57 87 0
58 130 0
59 80 0
60 64 0
61 88 0
62 79 0
63 78 0
64 83 0
65 78 0
66 80 0
67 78 0
68 78 0
69 80 0
70 76 0
71 78 0
72 78 0
73 76 0
74 81 0
75 87 0
76 82 0
77 58 0
78 43 0
79 77 0
80 114 0
81 94 0
82 65 0
83 78 0
84 107 0
85 119 0
86 118 0
87 115 0
88 112 0
89 112 0
90 113 0
91 117 0
92 124 0
93 128 0
94 125 0
95 123 0
96 137 0
97 154 0
98 158 0
99 156 0
100 155 0
101 146 0
102 141 0
103 152 0
104 165 0
105 169 0
106 168 0
107 159 0
108 141 0
109 118 0
110 94 0
111 71 0
112 53 0
113 45 0
114 46 0
115 46 0
116 46 0
117 62 0
118 93 0
119 117 0
120 125 0
121 107 0
122 70 0
123 46 0
124 45 0
125 45 0
126 42 0
127 46 0
128 43 0
129 46 0
130 78 0
131 101 0
132 76 0
133 33 0
134 22 0
135 31 0
136 30 0
137 25 0
138 57 0
139 123 0
140 164 0
141 162 0
142 152 0
143 143 0
144 129 0
145 129 0
146 133 0
147 123 0
148 122 0
149 137 0
150 143 0
151 135 0
152 121 0
153 103 0
154 94 0
155 100 0
156 110 0
157 134 0
158 139 0
159 98 0
160 55 0
161 52 0
162 60 0
163 54 0
164 56 0
165 60 0
166 49 0
167 41 0
168 73 0
169 137 0
170 179 0
171 175 0
172 159 0
173 164 0
174 183 0
175 180 0
176 161 0
177 167 0
178 177 0
179 152 0
180 141 0
181 156 0
182 144 0
183 132 0
184 139 0
185 131 0
186 122 0
187 122 0
188 119 0
189 135 0
190 149 0
191 124 0
192 86 0
193 63 0
194 55 0
195 48 0
196 41 0
197 43 0
198 40 0
199 48 0
200 77 0
201 99 0
202 129 0
203 149 0
204 101 0
205 46 0
206 47 0
207 60 0
208 56 0
209 60 0
210 56 0
211 43 0
212 72 0
213 129 0
214 154 0
215 151 0
216 151 0
217 170 0
218 138 0
219 52 0
220 78 0
221 161 0
222 132 0
223 88 0
224 119 0
225 136 0
226 86 0
227 44 0
228 49 0
229 65 0
230 89 0
231 86 0
232 51 0
233 49 0
234 59 0
235 61 0
236 85 0
237 121 0
238 118 0
239 79 0
240 59 0
241 51 0
242 46 0
243 51 0
244 48 0
245 41 0
246 40 0
247 40 0
248 40 0
249 36 0
250 32 0
251 35 0
252 35 0
253 33 0
254 15 0
255 0 0

0 0 0
1 0 0
2 0 0
3 48 0
4 64 0
5 59 0
6 53 0
7 62 0
8 66 0
9 68 0
10 60 0
11 63 0
12 80 0
13 90 0
14 108 0
15 96 0
16 58 0
17 55 0
18 89 0
19 95 0
20 76 0
21 85 0
22 106 0
23 130 0
24 139 0
25 132 0
26 152 0
27 166 0
28 142 0
29 100 0
30 88 0
31 101 0
32 73 0
33 83 0
34 166 0
35 150 0
36 66 0
37 30 0
38 6 0
39 4 0
40 12 0
41 94 0
42 191 0
43 199 0
44 186 0
45 195 0
46 178 0
47 171 0
48 174 0
49 128 0
50 56 0
51 51 0
52 80 0
53 72 0
54 83 0
55 74 0
56 35 0
57 105 0
58 167 0
59 92 0
60 56 0
61 91 0
62 83 0
63 75 0
64 84 0
65 79 0
66 76 0
67 77 0
68 78 0
69 80 0
70 73 0
71 68 0
72 72 0
73 78 0
74 87 0
75 83 0
76 64 0
77 47 0
78 58 0
79 90 0
80 88 0
81 58 0
82 63 0
83 98 0
84 117 0
85 120 0
86 114 0
87 103 0
88 101 0
89 109 0
90 111 0
91 109 0
92 104 0
93 100 0
94 100 0
95 106 0
96 129 0
97 157 0
98 160 0
99 143 0
100 135 0
101 137 0
102 140 0
103 150 0
104 164 0
105 172 0
106 168 0
107 148 0
108 117 0
109 93 0
110 81 0
111 72 0
112 58 0
113 49 0
114 47 0
115 48 0
116 55 0
117 73 0
118 89 0
119 93 0
120 99 0
121 94 0
122 66 0
123 45 0
124 45 0
125 46 0
126 45 0
127 49 0
128 41 0
129 46 0
130 92 0
131 124 0
132 92 0
133 41 0
134 28 0
135 39 0
136 42 0
137 37 0
138 69 0
139 135 0
140 166 0
141 147 0
142 133 0
143 132 0
144 118 0
145 120 0
146 129 0
147 118 0
148 119 0
149 136 0
150 137 0
151 132 0
152 146 0
153 151 0
154 138 0
155 136 0
156 142 0
157 151 0
158 145 0
159 107 0
160 67 0
161 58 0
162 58 0
163 51 0
164 56 0
165 59 0
166 41 0
167 40 0
168 91 0
169 155 0
170 182 0
171 174 0
172 157 0
173 154 0
174 170 0
175 183 0
176 178 0
177 178 0
178 172 0
179 142 0
180 139 0
181 164 0
182 160 0
183 142 0
184 137 0
185 120 0
186 108 0
187 117 0
188 143 0
189 167 0
190 151 0
191 105 0
192 72 0
193 56 0
194 49 0
195 40 0
196 33 0
197 40 0
198 45 0
199 57 0
200 78 0
201 102 0
202 155 0
203 171 0
204 94 0
205 39 0
206 51 0
207 59 0
208 55 0
209 59 0
210 53 0
211 42 0
212 81 0
213 133 0
214 145 0
215 151 0
216 157 0
217 174 0
218 148 0
219 53 0
220 80 0
221 168 0
222 136 0
223 116 0
224 134 0
225 94 0
226 50 0
227 60 0
228 76 0
229 73 0
230 98 0
231 98 0
232 63 0
233 66 0
234 64 0
235 46 0
236 47 0
237 91 0
238 122 0
239 81 0
240 58 0
241 65 0
242 55 0
243 45 0
244 44 0
245 42 0
246 37 0
247 40 0
248 41 0
249 39 0
250 37 0
251 34 0
252 31 0
253 27 0
254 15 0
255 0 0

0 0 0
1 0 0
2 0 0
3 55 0
4 66 0
5 63 0
6 58 0
7 61 0
8 58 0
9 60 0
10 67 0
11 82 0
12 95 0
13 116 0
14 137 0
15 105 0
16 62 0
17 70 0
18 76 0
19 45 0
20 44 0
21 65 0
22 106 0
23 155 0
24 129 0
25 98 0
26 112 0
27 112 0
28 112 0
29 106 0
30 77 0
31 94 0
32 100 0
33 67 0
34 114 0
35 143 0
36 79 0
37 32 0
38 8 0
39 0 0
40 17 0
41 115 0
42 207 0
43 208 0
44 198 0
45 185 0
46 156 0
47 173 0
48 169 0
49 98 0
50 44 0
51 51 0
52 74 0
53 80 0
54 100 0
55 76 0
56 29 0
57 112 0
58 189 0
59 103 0
60 47 0
61 86 0
62 90 0
63 76 0
64 82 0
65 80 0
66 78 0
67 77 0
68 75 0
69 82 0
70 80 0
71 71 0
72 76 0
73 87 0
74 88 0
75 74 0
76 57 0
77 57 0
78 78 0
79 89 0
80 65 0
81 51 0
82 81 0
83 111 0
84 117 0
85 120 0
86 123 0
87 120 0
88 118 0
89 112 0
90 102 0
91 100 0
92 95 0
93 78 0
94 72 0
95 92 0
96 137 0
97 185 0
98 202 0
99 187 0
100 175 0
101 176 0
102 170 0
103 157 0
104 140 0
105 119 0
106 103 0
107 100 0
108 105 0
109 103 0
110 94 0
111 85 0
112 71 0
113 58 0
114 55 0
115 57 0
116 66 0
117 80 0
118 88 0
119 84 0
120 86 0
121 85 0
122 64 0
123 48 0
124 46 0
125 46 0
126 46 0
127 51 0
128 46 0
129 56 0
130 109 0
131 142 0
132 108 0
133 52 0
134 32 0
135 39 0
136 43 0
137 41 0
138 77 0
139 147 0
140 174 0
141 147 0
142 131 0
143 133 0
144 114 0
145 109 0
146 126 0
147 129 0
148 130 0
149 140 0
150 142 0
151 142 0
152 158 0
153 169 0
154 166 0
155 166 0
156 176 0
157 187 0
158 175 0
159 125 0
160 74 0
161 59 0
162 58 0
163 54 0
164 59 0
165 55 0
166 39 0
167 56 0
168 116 0
169 164 0
170 173 0
171 171 0
172 173 0
173 169 0
174 169 0
175 176 0
176 176 0
177 176 0
178 173 0
179 144 0
180 128 0
181 149 0
182 164 0
183 159 0
184 153 0
185 151 0
186 145 0
187 147 0
188 166 0
189 167 0
190 119 0
191 72 0
192 58 0
193 51 0
194 44 0
195 37 0
196 29 0
197 30 0
198 38 0
199 57 0
200 85 0
201 125 0
202 181 0
203 170 0
204 79 0
205 38 0
206 51 0
207 53 0
208 55 0
209 60 0
210 51 0
211 42 0
212 85 0
213 143 0
214 148 0
215 148 0
216 161 0
217 174 0
218 137 0
219 47 0
220 83 0
221 161 0
222 126 0
223 121 0
224 121 0
225 70 0
226 51 0
227 59 0
228 65 0
229 63 0
230 78 0
231 83 0
232 66 0
233 63 0
234 49 0
235 56 0
236 61 0
237 43 0
238 55 0
239 62 0
240 73 0
241 78 0
242 56 0
243 44 0
244 43 0
245 45 0
246 43 0
247 44 0
248 42 0
249 35 0
250 36 0
251 35 0
252 31 0
253 27 0
254 18 0
255 0 0

0 0 0
1 0 0
2 0 0
3 70 0
4 71 0
5 65 0
6 68 0
7 66 0
8 60 0
9 66 0
10 66 0
11 71 0
12 85 0
13 118 0
14 166 0
15 142 0
16 81 0
17 85 0
18 83 0
19 56 0
20 66 0
21 55 0
22 76 0
23 150 0
24 137 0
25 90 0
26 90 0
27 88 0
28 85 0
29 88 0
30 63 0
31 64 0
32 103 0
33 85 0
34 94 0
35 151 0
36 116 0
37 47 0
38 14 0
39 0 0
40 28 0
41 125 0
42 186 0
43 185 0
44 181 0
45 174 0
46 162 0
47 169 0
48 152 0
49 92 0
50 45 0
51 46 0
52 69 0
53 84 0
54 109 0
55 92 0
56 42 0
57 109 0
58 199 0
59 128 0
60 49 0
61 76 0
62 92 0
63 78 0
64 78 0
65 78 0
66 78 0
67 76 0
68 76 0
69 82 0
70 78 0
71 74 0
72 87 0
73 93 0
74 80 0
75 65 0
76 61 0
77 67 0
78 73 0
79 66 0
80 55 0
81 67 0
82 98 0
83 120 0
84 125 0
85 124 0
86 122 0
87 122 0
88 120 0
89 105 0
90 89 0
91 84 0
92 78 0
93 68 0
94 81 0
95 117 0
96 147 0
97 172 0
98 194 0
99 199 0
100 181 0
101 149 0
102 115 0
103 88 0
104 75 0
105 69 0
106 62 0
107 62 0
108 76 0
109 93 0
110 101 0
111 98 0
112 84 0
113 69 0
114 69 0
115 73 0
116 73 0
117 81 0
118 105 0
119 124 0
120 121 0
121 92 0
122 57 0
123 44 0
124 46 0
125 44 0
126 44 0
127 49 0
128 46 0
129 60 0
130 111 0
131 144 0
132 117 0
133 67 0
134 47 0
135 48 0
136 43 0
137 39 0
138 83 0
139 157 0
140 176 0
141 145 0
142 143 0
143 169 0
144 160 0
145 137 0
146 130 0
147 129 0
148 124 0
149 126 0
150 134 0
151 143 0
152 154 0
153 164 0
154 175 0
155 190 0
156 202 0
157 196 0
158 155 0
159 95 0
160 58 0
161 56 0
162 56 0
163 53 0
164 51 0
165 39 0
166 39 0
167 85 0
168 147 0
169 170 0
170 163 0
171 165 0
172 174 0
173 174 0
174 171 0
175 171 0
176 169 0
177 169 0
178 170 0
179 165 0
180 161 0
181 167 0
182 171 0
183 161 0
184 157 0
185 169 0
186 178 0
187 169 0
188 158 0
189 140 0
190 99 0
191 62 0
192 48 0
193 37 0
194 33 0
195 38 0
196 36 0
197 36 0
198 50 0
199 70 0
200 95 0
201 146 0
202 193 0
203 149 0
204 61 0
205 39 0
206 47 0
207 46 0
208 59 0
209 66 0
210 51 0
211 45 0
212 90 0
213 149 0
214 161 0
215 150 0
216 156 0
217 170 0
218 120 0
219 47 0
220 101 0
221 154 0
222 117 0
223 112 0
224 83 0
225 42 0
226 57 0
227 67 0
228 66 0
229 62 0
230 61 0
231 76 0
232 83 0
233 61 0
234 32 0
235 52 0
236 96 0
237 78 0
238 36 0
239 55 0
240 89 0
241 68 0
242 45 0
243 44 0
244 39 0
245 41 0
246 44 0
247 41 0
248 39 0
249 34 0
250 36 0
251 34 0
252 32 0
253 28 0
254 22 0
255 0 0

0 0 0
1 0 0
2 8 0
3 76 0
4 79 0
5 76 0
6 73 0
7 63 0
8 57 0
9 59 0
10 61 0
11 65 0
12 63 0
13 69 0
14 131 0
15 147 0
16 91 0
17 73 0
18 103 0
19 117 0
20 97 0
21 54 0
22 39 0
23 79 0
24 90 0
25 69 0
26 69 0
27 75 0
28 78 0
29 85 0
30 76 0
31 59 0
32 86 0
33 91 0
34 92 0
35 152 0
36 141 0
37 71 0
38 23 0
39 1 0
40 46 0
41 122 0
42 160 0
43 172 0
44 172 0
45 186 0
46 208 0
47 203 0
48 155 0
49 86 0
50 53 0
51 62 0
52 68 0
53 73 0
54 101 0
55 95 0
56 42 0
57 90 0
58 199 0
59 159 0
60 58 0
61 65 0
62 90 0
63 80 0
64 79 0
65 81 0
66 77 0
67 77 0
68 80 0
69 78 0
70 70 0
71 78 0
72 96 0
73 86 0
74 61 0
75 54 0
76 59 0
77 57 0
78 51 0
79 54 0
80 74 0
81 99 0
82 114 0
83 127 0
84 133 0
85 127 0
86 117 0
87 109 0
88 100 0
89 88 0
90 76 0
91 71 0
92 69 0
93 73 0
94 99 0
95 140 0
96 158 0
97 144 0
98 122 0
99 100 0
100 81 0
101 68 0
102 58 0
103 45 0
104 41 0
105 55 0
106 67 0
107 58 0
108 44 0
109 60 0
110 95 0
111 113 0
112 108 0
113 99 0
114 92 0
115 84 0
116 76 0
117 74 0
118 90 0
119 115 0
120 122 0
121 92 0
122 55 0
123 46 0
124 49 0
125 46 0
126 45 0
127 45 0
128 38 0
129 68 0
130 132 0
131 153 0
132 108 0
133 62 0
134 54 0
135 56 0
136 46 0
137 36 0
138 71 0
139 137 0
140 163 0
141 145 0
142 146 0
143 167 0
144 156 0
145 131 0
146 129 0
147 137 0
148 136 0
149 132 0
150 131 0
151 134 0
152 156 0
153 181 0
154 181 0
155 161 0
156 140 0
157 116 0
158 87 0
159 65 0
160 60 0
161 59 0
162 53 0
163 51 0
164 47 0
165 39 0
166 59 0
167 117 0
168 166 0
169 171 0
170 161 0
171 161 0
172 164 0
173 166 0
174 168 0
175 168 0
176 169 0
177 172 0
178 170 0
179 171 0
180 179 0
181 181 0
182 174 0
183 169 0
184 172 0
185 180 0
186 179 0
187 155 0
188 124 0
189 107 0
190 93 0
191 70 0
192 53 0
193 49 0
194 48 0
195 48 0
196 52 0
197 53 0
198 59 0
199 75 0
200 97 0
201 148 0
202 183 0
203 124 0
204 46 0
205 38 0
206 44 0
207 55 0
208 79 0
209 78 0
210 50 0
211 50 0
212 105 0
213 147 0
214 152 0
215 154 0
216 159 0
217 166 0
218 112 0
219 44 0
220 105 0
221 154 0
222 128 0
223 119 0
224 80 0
225 51 0
226 62 0
227 62 0
228 56 0
229 51 0
230 50 0
231 63 0
232 72 0
233 51 0
234 48 0
235 64 0
236 93 0
237 128 0
238 111 0
239 97 0
240 86 0
241 51 0
242 42 0
243 44 0
244 38 0
245 39 0
246 39 0
247 36 0
248 36 0
249 31 0
250 34 0
251 33 0
252 30 0
253 29 0
254 26 0
255 0 0

0 0 0
1 0 0
2 19 0
3 80 0
4 76 0
5 73 0
6 67 0
7 68 0
8 73 0
9 60 0
10 59 0
11 67 0
12 67 0
13 57 0
14 71 0
15 100 0
16 90 0
17 72 0
18 120 0
19 124 0
20 67 0
21 63 0
22 65 0
23 58 0
24 65 0
25 63 0
26 60 0
27 61 0
28 62 0
29 69 0
30 74 0
31 60 0
32 67 0
33 79 0
34 77 0
35 117 0
36 133 0
37 85 0
38 30 0
39 9 0
40 68 0
41 156 0
42 191 0
43 188 0
44 175 0
45 169 0
46 192 0
47 211 0
48 167 0
49 89 0
50 56 0
51 55 0
52 51 0
53 63 0
54 91 0
55 79 0
56 34 0
57 83 0
58 198 0
59 180 0
60 67 0
61 52 0
62 90 0
63 84 0
64 78 0
65 83 0
66 79 0
67 80 0
68 83 0
69 76 0
70 75 0
71 91 0
72 95 0
73 71 0
74 52 0
75 51 0
76 48 0
77 45 0
78 58 0
79 88 0
80 118 0
81 128 0
82 124 0
83 131 0
84 142 0
85 138 0
86 124 0
87 110 0
88 98 0
89 83 0
90 69 0
91 68 0
92 72 0
93 73 0
94 93 0
95 139 0
96 166 0
97 149 0
98 110 0
99 74 0
100 52 0
101 51 0
102 61 0
103 58 0
104 44 0
105 41 0
106 64 0
107 79 0
108 66 0
109 56 0
110 73 0
111 97 0
112 108 0
113 114 0
114 106 0
115 97 0
116 100 0
117 91 0
118 74 0
119 81 0
120 101 0
121 86 0
122 56 0
123 46 0
124 49 0
125 49 0
126 49 0
127 41 0
128 31 0
129 77 0
130 148 0
131 159 0
132 111 0
133 75 0
134 66 0
135 58 0
136 51 0
137 34 0
138 36 0
139 83 0
140 139 0
141 145 0
142 112 0
143 78 0
144 65 0
145 93 0
146 140 0
147 159 0
148 150 0
149 147 0
150 149 0
151 152 0
152 157 0
153 145 0
154 110 0
155 80 0
156 74 0
157 76 0
158 73 0
159 75 0
160 75 0
161 64 0
162 54 0
163 52 0
164 51 0
165 63 0
166 104 0
167 152 0
168 171 0
169 166 0
170 163 0
171 165 0
172 165 0
173 166 0
174 166 0
175 162 0
176 163 0
177 164 0
178 161 0
179 166 0
180 171 0
181 157 0
182 150 0
183 170 0
184 175 0
185 156 0
186 149 0
187 147 0
188 138 0
189 122 0
190 101 0
191 73 0
192 42 0
193 33 0
194 45 0
195 44 0
196 43 0
197 50 0
198 53 0
199 77 0
200 120 0
201 166 0
202 175 0
203 103 0
204 37 0
205 31 0
206 34 0
207 63 0
208 95 0
209 76 0
210 45 0
211 56 0
212 120 0
213 159 0
214 146 0
215 147 0
216 162 0
217 169 0
218 107 0
219 45 0
220 113 0
221 155 0
222 117 0
223 92 0
224 66 0
225 60 0
226 62 0
227 53 0
228 51 0
229 51 0
230 52 0
231 54 0
232 56 0
233 47 0
234 59 0
235 66 0
236 76 0
237 126 0
238 136 0
239 102 0
240 58 0
241 39 0
242 48 0
243 45 0
244 43 0
245 40 0
246 39 0
247 39 0
248 38 0
249 34 0
250 35 0
251 37 0
252 32 0
253 29 0
254 28 0
255 1 0

0 0 0
1 0 0
2 30 0
3 72 0
4 66 0
5 71 0
6 64 0
7 70 0
8 81 0
9 73 0
10 66 0
11 61 0
12 64 0
13 61 0
14 52 0
15 79 0
16 88 0
17 72 0
18 116 0
19 126 0
20 77 0
21 100 0
22 105 0
23 63 0
24 63 0
25 66 0
26 63 0
27 64 0
28 60 0
29 58 0
30 64 0
31 61 0
32 61 0
33 76 0
34 71 0
35 77 0
36 103 0
37 93 0
38 42 0
39 4 0
40 75 0
41 183 0
42 205 0
43 193 0
44 187 0
45 169 0
46 154 0
47 151 0
48 127 0
49 77 0
50 49 0
51 56 0
52 55 0
53 64 0
54 90 0
55 75 0
56 34 0
57 78 0
58 195 0
59 207 0
60 93 0
61 42 0
62 78 0
63 85 0
64 74 0
65 78 0
66 77 0
67 79 0
68 80 0
69 75 0
70 85 0
71 95 0
72 78 0
73 56 0
74 53 0
75 49 0
76 44 0
77 65 0
78 105 0
79 138 0
80 149 0
81 142 0
82 133 0
83 135 0
84 142 0
85 142 0
86 132 0
87 122 0
88 115 0
89 103 0
90 88 0
91 74 0
92 65 0
93 72 0
94 110 0
95 154 0
96 156 0
97 124 0
98 92 0
99 72 0
100 59 0
101 52 0
102 58 0
103 67 0
104 61 0
105 44 0
106 43 0
107 55 0
108 60 0
109 67 0
110 82 0
111 87 0
112 77 0
113 73 0
114 72 0
115 82 0
116 101 0
117 93 0
118 67 0
119 67 0
120 86 0
121 76 0
122 52 0
123 43 0
124 45 0
125 49 0
126 51 0
127 41 0
128 35 0
129 69 0
130 110 0
131 117 0
132 104 0
133 94 0
134 75 0
135 55 0
136 51 0
137 51 0
138 62 0
139 104 0
140 153 0
141 151 0
142 96 0
143 44 0
144 53 0
145 118 0
146 161 0
147 154 0
148 137 0
149 135 0
150 132 0
151 120 0
152 96 0
153 68 0
154 54 0
155 57 0
156 71 0
157 89 0
158 106 0
159 107 0
160 92 0
161 72 0
162 61 0
163 56 0
164 62 0
165 93 0
166 142 0
167 169 0
168 163 0
169 156 0
170 164 0
171 171 0
172 169 0
173 166 0
174 164 0
175 162 0
176 162 0
177 161 0
178 160 0
179 166 0
180 161 0
181 133 0
182 129 0
183 159 0
184 159 0
185 139 0
186 151 0
187 174 0
188 185 0
189 178 0
190 163 0
191 143 0
192 97 0
193 44 0
194 32 0
195 39 0
196 47 0
197 66 0
198 91 0
199 122 0
200 156 0
201 178 0
202 161 0
203 86 0
204 30 0
205 27 0
206 36 0
207 70 0
208 94 0
209 66 0
210 44 0
211 58 0
212 118 0
213 169 0
214 155 0
215 137 0
216 158 0
217 173 0
218 111 0
219 58 0
220 123 0
221 147 0
222 90 0
223 65 0
224 51 0
225 47 0
226 46 0
227 46 0
228 50 0
229 52 0
230 51 0
231 48 0
232 47 0
233 50 0
234 71 0
235 70 0
236 77 0
237 115 0
238 110 0
239 73 0
240 43 0
241 42 0
242 45 0
243 42 0
244 41 0
245 38 0
246 39 0
247 39 0
248 35 0
249 31 0
250 29 0
251 23 0
252 27 0
253 29 0
254 26 0
255 4 0

0 0 0
1 0 0
2 37 0
3 54 0
4 56 0
5 56 0
6 46 0
7 46 0
8 62 0
9 77 0
10 76 0
11 58 0
12 59 0
13 64 0
14 62 0
15 79 0
16 81 0
17 60 0
18 97 0
19 122 0
20 86 0
21 115 0
22 114 0
23 63 0
24 65 0
25 67 0
26 59 0
27 58 0
28 59 0
29 58 0
30 58 0
31 59 0
32 58 0
33 70 0
34 63 0
35 53 0
36 84 0
37 104 0
38 55 0
39 15 0
40 91 0
41 186 0
42 195 0
43 186 0
44 190 0
45 181 0
46 151 0
47 109 0
48 81 0
49 68 0
50 68 0
51 70 0
52 58 0
53 66 0
54 94 0
55 87 0
56 47 0
57 70 0
58 178 0
59 225 0
60 134 0
61 55 0
62 70 0
63 90 0
64 81 0
65 78 0
66 81 0
67 78 0
68 74 0
69 81 0
70 95 0
71 88 0
72 61 0
73 48 0
74 46 0
75 48 0
76 70 0
77 109 0
78 142 0
79 159 0
80 156 0
81 147 0
82 147 0
83 148 0
84 136 0
85 122 0
86 116 0
87 109 0
88 93 0
89 81 0
90 72 0
91 60 0
92 62 0
93 95 0
94 142 0
95 163 0
96 142 0
97 100 0
98 63 0
99 44 0
100 51 0
101 60 0
102 60 0
103 61 0
104 70 0
105 68 0
106 53 0
107 40 0
108 42 0
109 70 0
110 104 0
111 110 0
112 87 0
113 63 0
114 49 0
115 48 0
116 48 0
117 37 0
118 31 0
119 47 0
120 64 0
121 59 0
122 50 0
123 46 0
124 46 0
125 49 0
126 48 0
127 39 0
128 40 0
129 63 0
130 74 0
131 65 0
132 60 0
133 62 0
134 53 0
135 50 0
136 68 0
137 92 0
138 117 0
139 141 0
140 159 0
141 157 0
142 140 0
143 122 0
144 122 0
145 132 0
146 122 0
147 100 0
148 91 0
149 93 0
150 86 0
151 73 0
152 59 0
153 52 0
154 55 0
155 56 0
156 58 0
157 79 0
158 110 0
159 117 0
160 99 0
161 83 0
162 77 0
163 78 0
164 93 0
165 129 0
166 161 0
167 166 0
168 158 0
169 158 0
170 169 0
171 174 0
172 171 0
173 169 0
174 169 0
175 168 0
176 167 0
177 166 0
178 166 0
179 167 0
180 164 0
181 150 0
182 147 0
183 150 0
184 144 0
185 150 0
186 175 0
187 181 0
188 171 0
189 169 0
190 169 0
191 169 0
192 163 0
193 137 0
194 100 0
195 83 0
196 92 0
197 107 0
198 122 0
199 151 0
200 166 0
201 165 0
202 144 0
203 82 0
204 32 0
205 30 0
206 41 0
207 71 0
208 85 0
209 61 0
210 46 0
211 50 0
212 99 0
213 161 0
214 158 0
215 141 0
216 163 0
217 169 0
218 100 0
219 51 0
220 106 0
221 132 0
222 88 0
223 56 0
224 49 0
225 54 0
226 53 0
227 51 0
228 50 0
229 51 0
230 49 0
231 48 0
232 52 0
233 46 0
234 63 0
235 68 0
236 76 0
237 98 0
238 80 0
239 56 0
240 40 0
241 43 0
242 44 0
243 43 0
244 41 0
245 36 0
246 37 0
247 35 0
248 31 0
249 27 0
250 32 0
251 26 0
252 29 0
253 31 0
254 27 0
255 9 0

0 0 0
1 0 0
2 46 0
3 47 0
4 38 0
5 31 0
6 23 0
7 29 0
8 39 0
9 52 0
10 71 0
11 71 0
12 71 0
13 67 0
14 67 0
15 76 0
16 75 0
17 65 0
18 117 0
19 120 0
20 73 0
21 109 0
22 102 0
23 66 0
24 68 0
25 68 0
26 64 0
27 59 0
28 63 0
29 63 0
30 58 0
31 59 0
32 62 0
33 68 0
34 58 0
35 44 0
36 71 0
37 107 0
38 62 0
39 27 0
40 111 0
41 194 0
42 198 0
43 188 0
44 184 0
45 193 0
46 203 0
47 152 0
48 74 0
49 50 0
50 60 0
51 60 0
52 56 0
53 58 0
54 78 0
55 90 0
56 63 0
57 69 0
58 161 0
59 228 0
60 171 0
61 76 0
62 57 0
63 83 0
64 83 0
65 77 0
66 85 0
67 79 0
68 76 0
69 94 0
70 96 0
71 70 0
72 49 0
73 40 0
74 40 0
75 68 0
76 117 0
77 145 0
78 152 0
79 158 0
80 154 0
81 143 0
82 146 0
83 144 0
84 117 0
85 95 0
86 97 0
87 99 0
88 87 0
89 76 0
90 64 0
91 56 0
92 72 0
93 105 0
94 139 0
95 155 0
96 132 0
97 81 0
98 37 0
99 25 0
100 35 0
101 50 0
102 57 0
103 66 0
104 80 0
105 84 0
106 66 0
107 45 0
108 35 0
109 39 0
110 67 0
111 114 0
112 139 0
113 117 0
114 73 0
115 41 0
116 29 0
117 31 0
118 47 0
119 70 0
120 77 0
121 64 0
122 53 0
123 48 0
124 48 0
125 51 0
126 46 0
127 35 0
128 38 0
129 61 0
130 66 0
131 52 0
132 46 0
133 47 0
134 36 0
135 40 0
136 78 0
137 112 0
138 116 0
139 112 0
140 126 0
141 149 0
142 163 0
143 149 0
144 115 0
145 86 0
146 71 0
147 64 0
148 65 0
149 68 0
150 62 0
151 53 0
152 48 0
153 51 0
154 54 0
155 57 0
156 62 0
157 78 0
158 100 0
159 102 0
160 90 0
161 87 0
162 94 0
163 104 0
164 126 0
165 156 0
166 170 0
167 166 0
168 163 0
169 171 0
170 178 0
171 176 0
172 176 0
173 179 0
174 178 0
175 169 0
176 164 0
177 166 0
178 165 0
179 164 0
180 169 0
181 173 0
182 166 0
183 145 0
184 135 0
185 157 0
186 177 0
187 153 0
188 111 0
189 90 0
190 76 0
191 62 0
192 92 0
193 152 0
194 162 0
195 125 0
196 116 0
197 129 0
198 135 0
199 147 0
200 148 0
201 148 0
202 141 0
203 79 0
204 41 0
205 69 0
206 80 0
207 81 0
208 84 0
209 61 0
210 42 0
211 54 0
212 107 0
213 153 0
214 148 0
215 146 0
216 160 0
217 154 0
218 95 0
219 43 0
220 71 0
221 98 0
222 85 0
223 56 0
224 38 0
225 47 0
226 48 0
227 49 0
228 50 0
229 50 0
230 46 0
231 56 0
232 75 0
233 52 0
234 55 0
235 61 0
236 69 0
237 106 0
238 81 0
239 49 0
240 48 0
241 44 0
242 42 0
243 43 0
244 41 0
245 39 0
246 37 0
247 34 0
248 29 0
249 29 0
250 36 0
251 36 0
252 32 0
253 30 0
254 32 0
255 15 0

0 0 0
1 0 0
2 55 0
3 38 0
4 25 0
5 16 0
6 17 0
7 31 0
8 30 0
9 37 0
10 53 0
11 60 0
12 70 0
13 71 0
14 73 0
15 76 0
16 69 0
17 80 0
18 115 0
19 82 0
20 68 0
21 93 0
22 76 0
23 73 0
24 68 0
25 64 0
26 68 0
27 65 0
28 66 0
29 63 0
30 62 0
31 61 0
32 60 0
33 64 0
34 67 0
35 46 0
36 57 0
37 112 0
38 74 0
39 28 0
40 117 0
41 202 0
42 195 0
43 176 0
44 166 0
45 177 0
46 205 0
47 169 0
48 81 0
49 54 0
50 68 0
51 65 0
52 62 0
53 55 0
54 65 0
55 86 0
56 66 0
57 75 0
58 164 0
59 230 0
60 191 0
61 94 0
62 49 0
63 74 0
64 86 0
65 78 0
66 80 0
67 74 0
68 79 0
69 94 0
70 79 0
71 56 0
72 46 0
73 39 0
74 55 0
75 103 0
76 145 0
77 158 0
78 157 0
79 155 0
80 153 0
81 149 0
82 144 0
83 130 0
84 107 0
85 89 0
86 85 0
87 84 0
88 81 0
89 75 0
90 64 0
91 63 0
92 78 0
93 101 0
94 134 0
95 151 0
96 121 0
97 66 0
98 39 0
99 41 0
100 49 0
101 73 0
102 95 0
103 94 0
104 76 0
105 64 0
106 65 0
107 75 0
108 73 0
109 37 0
110 24 0
111 87 0
112 156 0
113 144 0
114 90 0
115 65 0
116 70 0
117 82 0
118 97 0
119 110 0
120 106 0
121 81 0
122 56 0
123 44 0
124 44 0
125 47 0
126 42 0
127 34 0
128 41 0
129 61 0
130 56 0
131 45 0
132 63 0
133 81 0
134 56 0
135 34 0
136 66 0
137 112 0
138 115 0
139 100 0
140 112 0
141 141 0
142 153 0
143 131 0
144 92 0
145 71 0
146 71 0
147 69 0
148 65 0
149 61 0
150 49 0
151 36 0
152 34 0
153 34 0
154 28 0
155 27 0
156 38 0
157 63 0
158 98 0
159 115 0
160 111 0
161 109 0
162 120 0
163 134 0
164 148 0
165 164 0
166 169 0
167 167 0
168 171 0
169 182 0
170 187 0
171 184 0
172 183 0
173 185 0
174 181 0
175 171 0
176 164 0
177 164 0
178 166 0
179 169 0
180 167 0
181 164 0
182 157 0
183 144 0
184 143 0
185 164 0
186 156 0
187 96 0
188 41 0
189 23 0
190 20 0
191 11 0
192 15 0
193 69 0
194 133 0
195 144 0
196 127 0
197 122 0
198 139 0
199 151 0
200 128 0
201 132 0
202 154 0
203 94 0
204 56 0
205 111 0
206 127 0
207 93 0
208 79 0
209 62 0
210 40 0
211 58 0
212 128 0
213 169 0
214 157 0
215 154 0
216 166 0
217 164 0
218 107 0
219 41 0
220 55 0
221 79 0
222 71 0
223 60 0
224 52 0
225 56 0
226 52 0
227 53 0
228 53 0
229 51 0
230 47 0
231 52 0
232 72 0
233 53 0
234 48 0
235 58 0
236 68 0
237 103 0
238 80 0
239 43 0
240 51 0
241 53 0
242 44 0
243 44 0
244 40 0
245 39 0
246 38 0
247 34 0
248 28 0
249 34 0
250 39 0
251 34 0
252 31 0
253 26 0
254 30 0
255 19 0

0 1 0
1 1 0
2 58 0
3 37 0
4 21 0
5 21 0
6 36 0
7 49 0
8 44 0
9 41 0
10 33 0
11 32 0
12 62 0
13 76 0
14 73 0
15 71 0
16 66 0
17 87 0
18 90 0
19 73 0
20 86 0
21 74 0
22 65 0
23 80 0
24 73 0
25 67 0
26 66 0
27 66 0
28 63 0
29 62 0
30 63 0
31 58 0
32 58 0
33 61 0
34 72 0
35 52 0
36 54 0
37 122 0
38 92 0
39 28 0
40 117 0
41 200 0
42 180 0
43 177 0
44 190 0
45 180 0
46 180 0
47 151 0
48 74 0
49 50 0
50 74 0
51 71 0
52 58 0
53 50 0
54 56 0
55 78 0
56 66 0
57 71 0
58 156 0
59 229 0
60 209 0
61 122 0
62 53 0
63 58 0
64 90 0
65 86 0
66 73 0
67 79 0
68 90 0
69 83 0
70 60 0
71 49 0
72 44 0
73 46 0
74 84 0
75 130 0
76 154 0
77 166 0
78 166 0
79 152 0
80 144 0
81 143 0
82 129 0
83 116 0
84 110 0
85 103 0
86 98 0
87 92 0
88 84 0
89 76 0
90 70 0
91 71 0
92 81 0
93 95 0
94 107 0
95 103 0
96 74 0
97 51 0
98 49 0
99 54 0
100 64 0
101 92 0
102 108 0
103 92 0
104 78 0
105 87 0
106 107 0
107 121 0
108 118 0
109 73 0
110 36 0
111 69 0
112 125 0
113 129 0
114 107 0
115 106 0
116 107 0
117 103 0
118 109 0
119 121 0
120 112 0
121 81 0
122 54 0
123 42 0
124 45 0
125 46 0
126 39 0
127 33 0
128 44 0
129 58 0
130 48 0
131 40 0
132 70 0
133 105 0
134 91 0
135 54 0
136 49 0
137 76 0
138 103 0
139 125 0
140 151 0
141 163 0
142 148 0
143 116 0
144 86 0
145 70 0
146 64 0
147 59 0
148 50 0
149 37 0
150 28 0
151 31 0
152 41 0
153 43 0
154 39 0
155 47 0
156 68 0
157 100 0
158 132 0
159 147 0
160 142 0
161 138 0
162 147 0
163 156 0
164 165 0
165 174 0
166 180 0
167 186 0
168 191 0
169 191 0
170 183 0
171 174 0
172 164 0
173 159 0
174 159 0
175 164 0
176 169 0
177 169 0
178 171 0
179 176 0
180 169 0
181 153 0
182 146 0
183 148 0
184 166 0
185 182 0
186 138 0
187 57 0
188 22 0
189 24 0
190 26 0
191 26 0
192 13 0
193 10 0
194 48 0
195 102 0
196 123 0
197 117 0
198 129 0
199 137 0
200 115 0
201 133 0
202 166 0
203 114 0
204 74 0
205 123 0
206 139 0
207 91 0
208 66 0
209 61 0
210 43 0
211 57 0
212 117 0
213 149 0
214 149 0
215 158 0
216 169 0
217 166 0
218 97 0
219 43 0
220 88 0
221 100 0
222 63 0
223 55 0
224 55 0
225 56 0
226 53 0
227 53 0
228 49 0
229 47 0
230 51 0
231 49 0
232 56 0
233 53 0
234 46 0
235 49 0
236 76 0
237 94 0
238 66 0
239 43 0
240 49 0
241 49 0
242 41 0
243 40 0
244 40 0
245 32 0
246 23 0
247 24 0
248 29 0
249 40 0
250 41 0
251 30 0
252 36 0
253 34 0
254 29 0
255 23 0

0 12 0
1 12 0
2 62 0
3 33 0
4 23 0
5 49 0
6 86 0
7 106 0
8 106 0
9 90 0
10 59 0
11 19 0
12 40 0
13 72 0
14 70 0
15 67 0
16 63 0
17 70 0
18 66 0
19 79 0
20 80 0
21 63 0
22 66 0
23 71 0
24 71 0
25 66 0
26 63 0
27 63 0
28 63 0
29 64 0
30 61 0
31 59 0
32 62 0
33 57 0
34 68 0
35 59 0
36 52 0
37 119 0
38 106 0
39 36 0
40 120 0
41 205 0
42 183 0
43 190 0
44 206 0
45 181 0
46 176 0
47 160 0
48 83 0
49 39 0
50 65 0
51 76 0
52 65 0
53 55 0
54 53 0
55 76 0
56 68 0
57 58 0
58 129 0
59 212 0
60 225 0
61 168 0
62 77 0
63 48 0
64 85 0
65 90 0
66 71 0
67 88 0
68 98 0
69 71 0
70 51 0
71 46 0
72 45 0
73 66 0
74 110 0
75 142 0
76 155 0
77 162 0
78 158 0
79 144 0
80 141 0
81 141 0
82 124 0
83 108 0
84 104 0
85 97 0
86 92 0
87 89 0
88 85 0
89 81 0
90 76 0
91 73 0
92 81 0
93 94 0
94 90 0
95 71 0
96 60 0
97 63 0
98 60 0
99 44 0
100 41 0
101 64 0
102 83 0
103 86 0
104 100 0
105 126 0
106 145 0
107 150 0
108 148 0
109 129 0
110 105 0
111 107 0
112 121 0
113 127 0
114 129 0
115 128 0
116 111 0
117 98 0
118 106 0
119 113 0
120 95 0
121 69 0
122 53 0
123 45 0
124 49 0
125 53 0
126 46 0
127 37 0
128 45 0
129 58 0
130 56 0
131 52 0
132 71 0
133 98 0
134 100 0
135 83 0
136 57 0
137 41 0
138 58 0
139 107 0
140 146 0
141 144 0
142 112 0
143 84 0
144 70 0
145 55 0
146 38 0
147 29 0
148 23 0
149 29 0
150 51 0
151 80 0
152 102 0
153 113 0
154 122 0
155 137 0
156 155 0
157 165 0
158 165 0
159 163 0
160 162 0
161 162 0
162 160 0
163 161 0
164 173 0
165 191 0
166 196 0
167 180 0
168 161 0
169 150 0
170 143 0
171 136 0
172 127 0
173 121 0
174 126 0
175 146 0
176 167 0
177 174 0
178 171 0
179 174 0
180 170 0
181 155 0
182 156 0
183 179 0
184 193 0
185 166 0
186 91 0
187 29 0
188 25 0
189 36 0
190 27 0
191 23 0
192 28 0
193 21 0
194 22 0
195 57 0
196 104 0
197 129 0
198 139 0
199 135 0
200 122 0
201 150 0
202 176 0
203 121 0
204 84 0
205 135 0
206 144 0
207 80 0
208 51 0
209 56 0
210 41 0
211 58 0
212 123 0
213 145 0
214 138 0
215 148 0
216 161 0
217 147 0
218 69 0
219 50 0
220 129 0
221 112 0
222 52 0
223 53 0
224 49 0
225 50 0
226 54 0
227 54 0
228 52 0
229 50 0
230 53 0
231 48 0
232 50 0
233 54 0
234 51 0
235 41 0
236 67 0
237 88 0
238 56 0
239 45 0
240 47 0
241 41 0
242 41 0
243 41 0
244 35 0
245 22 0
246 12 0
247 13 0
248 19 0
249 30 0
250 39 0
251 29 0
252 36 0
253 39 0
254 29 0
255 26 0

0 27 0
1 29 0
2 66 0
3 30 0
4 34 0
5 91 0
6 175 0
7 194 0
8 167 0
9 138 0
10 102 0
11 25 0
12 22 0
13 69 0
14 76 0
15 64 0
16 61 0
17 64 0
18 76 0
19 87 0
20 69 0
21 69 0
22 70 0
23 69 0
24 72 0
25 65 0
26 65 0
27 66 0
28 66 0
29 63 0
30 61 0
31 63 0
32 62 0
33 53 0
34 69 0
35 71 0
36 44 0
37 102 0
38 116 0
39 44 0
40 114 0
41 207 0
42 192 0
43 193 0
44 197 0
45 175 0
46 185 0
47 174 0
48 90 0
49 41 0
50 66 0
51 72 0
52 63 0
53 61 0
54 51 0
55 68 0
56 68 0
57 53 0
58 114 0
59 196 0
60 223 0
61 196 0
62 105 0
63 45 0
64 74 0
65 88 0
66 78 0
67 95 0
68 93 0
69 60 0
70 43 0
71 44 0
72 61 0
73 101 0
74 139 0
75 152 0
76 151 0
77 145 0
78 144 0
79 144 0
80 143 0
81 132 0
82 110 0
83 91 0
84 83 0
85 78 0
86 74 0
87 76 0
88 80 0
89 80 0
90 76 0
91 70 0
92 74 0
93 83 0
94 83 0
95 72 0
96 68 0
97 66 0
98 56 0
99 36 0
100 29 0
101 47 0
102 80 0
103 109 0
104 123 0
105 129 0
106 142 0
107 159 0
108 162 0
109 152 0
110 142 0
111 142 0
112 145 0
113 146 0
114 143 0
115 132 0
116 110 0
117 100 0
118 105 0
119 98 0
120 74 0
121 59 0
122 54 0
123 45 0
124 50 0
125 59 0
126 53 0
127 41 0
128 53 0
129 78 0
130 85 0
131 78 0
132 80 0
133 90 0
134 93 0
135 95 0
136 83 0
137 58 0
138 56 0
139 84 0
140 105 0
141 95 0
142 75 0
143 65 0
144 58 0
145 42 0
146 31 0
147 26 0
148 35 0
149 71 0
150 119 0
151 151 0
152 159 0
153 164 0
154 167 0
155 170 0
156 174 0
157 174 0
158 170 0
159 170 0
160 171 0
161 169 0
162 170 0
163 184 0
164 199 0
165 191 0
166 159 0
167 122 0
168 99 0
169 91 0
170 91 0
171 93 0
172 95 0
173 90 0
174 89 0
175 111 0
176 148 0
177 169 0
178 171 0
179 173 0
180 167 0
181 161 0
182 186 0
183 214 0
184 182 0
185 97 0
186 34 0
187 22 0
188 32 0
189 33 0
190 25 0
191 24 0
192 31 0
193 32 0
194 27 0
195 40 0
196 78 0
197 114 0
198 136 0
199 147 0
200 144 0
201 160 0
202 176 0
203 122 0
204 76 0
205 112 0
206 120 0
207 65 0
208 48 0
209 58 0
210 43 0
211 61 0
212 129 0
213 164 0
214 155 0
215 147 0
216 164 0
217 153 0
218 63 0
219 58 0
220 139 0
221 95 0
222 39 0
223 56 0
224 52 0
225 52 0
226 53 0
227 52 0
228 53 0
229 48 0
230 51 0
231 49 0
232 51 0
233 53 0
234 52 0
235 45 0
236 58 0
237 76 0
238 49 0
239 44 0
240 48 0
241 41 0
242 43 0
243 32 0
244 14 0
245 12 0
246 13 0
247 12 0
248 9 0
249 12 0
250 31 0
251 30 0
252 30 0
253 34 0
254 28 0
255 27 0

0 39 0
1 42 0
2 70 0
3 36 0
4 37 0
5 129 0
6 214 0
7 223 0
8 216 0
9 201 0
10 159 0
11 49 0
12 3 0
13 58 0
14 78 0
15 61 0
16 58 0
17 64 0
18 89 0
19 85 0
20 65 0
21 73 0
22 73 0
23 74 0
24 73 0
25 67 0
26 68 0
27 68 0
28 66 0
29 63 0
30 65 0
31 66 0
32 66 0
33 55 0
34 62 0
35 70 0
36 48 0
37 103 0
38 127 0
39 49 0
40 95 0
41 194 0
42 190 0
43 187 0
44 189 0
45 184 0
46 204 0
47 169 0
48 75 0
49 40 0
50 66 0
51 66 0
52 56 0
53 61 0
54 52 0
55 59 0
56 67 0
57 57 0
58 110 0
59 195 0
60 222 0
61 206 0
62 135 0
63 53 0
64 56 0
65 89 0
66 95 0
67 94 0
68 76 0
69 48 0
70 38 0
71 50 0
72 87 0
73 129 0
74 146 0
75 149 0
76 152 0
77 149 0
78 151 0
79 157 0
80 145 0
81 120 0
82 95 0
83 77 0
84 73 0
85 75 0
86 73 0
87 72 0
88 77 0
89 78 0
90 72 0
91 66 0
92 70 0
93 84 0
94 92 0
95 87 0
96 75 0
97 56 0
98 35 0
99 31 0
100 41 0
101 58 0
102 89 0
103 126 0
104 139 0
105 123 0
106 117 0
107 137 0
108 150 0
109 143 0
110 139 0
111 147 0
112 154 0
113 156 0
114 155 0
115 146 0
116 122 0
117 98 0
118 91 0
119 86 0
120 73 0
121 62 0
122 55 0
123 44 0
124 49 0
125 61 0
126 55 0
127 41 0
128 56 0
129 90 0
130 97 0
131 79 0
132 73 0
133 84 0
134 90 0
135 98 0
136 93 0
137 76 0
138 70 0
139 85 0
140 93 0
141 82 0
142 69 0
143 60 0
144 54 0
145 58 0
146 77 0
147 95 0
148 108 0
149 132 0
150 161 0
151 173 0
152 170 0
153 165 0
154 163 0
155 171 0
156 175 0
157 168 0
158 160 0
159 164 0
160 166 0
161 169 0
162 191 0
163 207 0
164 181 0
165 126 0
166 85 0
167 70 0
168 67 0
169 66 0
170 64 0
171 68 0
172 75 0
173 73 0
174 73 0
175 95 0
176 132 0
177 157 0
178 170 0
179 170 0
180 162 0
181 172 0
182 197 0
183 179 0
184 105 0
185 39 0
186 23 0
187 29 0
188 30 0
189 28 0
190 31 0
191 32 0
192 29 0
193 32 0
194 30 0
195 29 0
196 53 0
197 83 0
198 111 0
199 138 0
200 149 0
201 167 0
202 175 0
203 126 0
204 76 0
205 77 0
206 81 0
207 62 0
208 54 0
209 56 0
210 45 0
211 67 0
212 129 0
213 158 0
214 151 0
215 146 0
216 171 0
217 164 0
218 72 0
219 71 0
220 134 0
221 74 0
222 36 0
223 57 0
224 51 0
225 56 0
226 56 0
227 51 0
228 53 0
229 48 0
230 48 0
231 49 0
232 51 0
233 51 0
234 53 0
235 47 0
236 51 0
237 74 0
238 58 0
239 44 0
240 47 0
241 44 0
242 41 0
243 17 0
244 0 0
245 9 0
246 20 0
247 19 0
248 13 0
249 3 0
250 17 0
251 33 0
252 34 0
253 28 0
254 24 0
255 26 0

0 49 0
1 55 0
2 88 0
3 52 0
4 46 0
5 165 0
6 214 0
7 215 0
8 227 0
9 229 0
10 220 0
11 112 0
12 0 0
13 37 0
14 71 0
15 61 0
16 59 0
17 69 0
18 88 0
19 77 0
20 68 0
21 76 0
22 74 0
23 72 0
24 69 0
25 67 0
26 69 0
27 71 0
28 67 0
29 63 0
30 65 0
31 63 0
32 68 0
33 62 0
34 59 0
35 65 0
36 45 0
37 94 0
38 129 0
39 51 0
40 86 0
41 191 0
42 190 0
43 184 0
44 187 0
45 186 0
46 211 0
47 176 0
48 77 0
49 35 0
50 60 0
51 69 0
52 59 0
53 60 0
54 54 0
55 58 0
56 66 0
57 52 0
58 94 0
59 183 0
60 218 0
61 212 0
62 166 0
63 67 0
64 36 0
65 95 0
66 114 0
67 78 0
68 56 0
69 44 0
70 41 0
71 71 0
72 123 0
73 150 0
74 144 0
75 144 0
76 153 0
77 150 0
78 143 0
79 141 0
80 126 0
81 104 0
82 83 0
83 67 0
84 65 0
85 68 0
86 66 0
87 66 0
88 71 0
89 67 0
90 53 0
91 54 0
92 76 0
93 86 0
94 65 0
95 48 0
96 58 0
97 61 0
98 33 0
99 15 0
100 34 0
101 69 0
102 104 0
103 140 0
104 160 0
105 147 0
106 125 0
107 123 0
108 135 0
109 142 0
110 148 0
111 156 0
112 150 0
113 143 0
114 153 0
115 162 0
116 145 0
117 110 0
118 93 0
119 95 0
120 90 0
121 73 0
122 59 0
123 46 0
124 47 0
125 58 0
126 56 0
127 46 0
128 57 0
129 85 0
130 83 0
131 61 0
132 58 0
133 77 0
134 85 0
135 93 0
136 91 0
137 77 0
138 69 0
139 83 0
140 96 0
141 90 0
142 73 0
143 65 0
144 75 0
145 102 0
146 138 0
147 161 0
148 166 0
149 164 0
150 169 0
151 173 0
152 174 0
153 164 0
154 163 0
155 178 0
156 174 0
157 142 0
158 123 0
159 139 0
160 164 0
161 189 0
162 201 0
163 170 0
164 106 0
165 61 0
166 53 0
167 56 0
168 59 0
169 57 0
170 54 0
171 56 0
172 63 0
173 66 0
174 75 0
175 99 0
176 125 0
177 145 0
178 159 0
179 162 0
180 169 0
181 186 0
182 168 0
183 92 0
184 28 0
185 21 0
186 29 0
187 26 0
188 22 0
189 26 0
190 37 0
191 39 0
192 32 0
193 31 0
194 26 0
195 22 0
196 31 0
197 52 0
198 96 0
199 142 0
200 160 0
201 176 0
202 166 0
203 107 0
204 71 0
205 74 0
206 75 0
207 71 0
208 65 0
209 52 0
210 41 0
211 70 0
212 126 0
213 146 0
214 139 0
215 139 0
216 160 0
217 144 0
218 63 0
219 83 0
220 132 0
221 66 0
222 43 0
223 60 0
224 47 0
225 53 0
226 52 0
227 48 0
228 53 0
229 54 0
230 50 0
231 48 0
232 52 0
233 53 0
234 56 0
235 49 0
236 44 0
237 62 0
238 62 0
239 42 0
240 42 0
241 40 0
242 27 0
243 8 0
244 12 0
245 29 0
246 39 0
247 36 0
248 24 0
249 7 0
250 11 0
251 32 0
252 33 0
253 29 0
254 25 0
255 29 0

0 67 0
1 76 0
2 100 0
3 73 0
4 43 0
5 149 0
6 224 0
7 214 0
8 219 0
9 218 0
10 230 0
11 156 0
12 20 0
13 24 0
14 66 0
15 62 0
16 56 0
17 68 0
18 85 0
19 77 0
20 73 0
21 77 0
22 73 0
23 70 0
24 70 0
25 68 0
26 68 0
27 70 0
28 69 0
29 66 0
30 68 0
31 63 0
32 66 0
33 63 0
34 61 0
35 68 0
36 40 0
37 85 0
38 138 0
39 66 0
40 86 0
41 194 0
42 199 0
43 185 0
44 181 0
45 171 0
46 206 0
47 201 0
48 108 0
49 41 0
50 55 0
51 71 0
52 60 0
53 60 0
54 56 0
55 61 0
56 64 0
57 44 0
58 84 0
59 163 0
60 185 0
61 201 0
62 200 0
63 105 0
64 32 0
65 63 0
66 83 0
67 55 0
68 43 0
69 43 0
70 57 0
71 108 0
72 151 0
73 150 0
74 144 0
75 151 0
76 149 0
77 138 0
78 132 0
79 122 0
80 102 0
81 85 0
82 77 0
83 68 0
84 67 0
85 68 0
86 68 0
87 69 0
88 64 0
89 55 0
90 58 0
91 82 0
92 101 0
93 90 0
94 55 0
95 49 0
96 88 0
97 117 0
98 97 0
99 68 0
100 73 0
101 102 0
102 118 0
103 120 0
104 126 0
105 132 0
106 137 0
107 136 0
108 131 0
109 132 0
110 142 0
111 149 0
112 139 0
113 120 0
114 119 0
115 138 0
116 149 0
117 139 0
118 126 0
119 113 0
120 93 0
121 69 0
122 56 0
123 49 0
124 46 0
125 52 0
126 56 0
127 53 0
128 61 0
129 83 0
130 83 0
131 62 0
132 58 0
133 72 0
134 78 0
135 86 0
136 93 0
137 87 0
138 73 0
139 76 0
140 88 0
141 93 0
142 94 0
143 105 0
144 128 0
145 151 0
146 166 0
147 166 0
148 159 0
149 157 0
150 163 0
151 174 0
152 179 0
153 167 0
154 168 0
155 181 0
156 161 0
157 108 0
158 84 0
159 122 0
160 180 0
161 198 0
162 161 0
163 102 0
164 58 0
165 47 0
166 48 0
167 44 0
168 44 0
169 51 0
170 56 0
171 58 0
172 62 0
173 62 0
174 65 0
175 85 0
176 114 0
177 136 0
178 147 0
179 159 0
180 178 0
181 177 0
182 122 0
183 44 0
184 17 0
185 33 0
186 37 0
187 29 0
188 26 0
189 25 0
190 31 0
191 33 0
192 31 0
193 29 0
194 26 0
195 28 0
196 33 0
197 37 0
198 76 0
199 139 0
200 170 0
201 179 0
202 154 0
203 89 0
204 62 0
205 69 0
206 61 0
207 61 0
208 70 0
209 54 0
210 37 0
211 73 0
212 132 0
213 151 0
214 145 0
215 146 0
216 164 0
217 137 0
218 60 0
219 86 0
220 120 0
221 52 0
222 41 0
223 59 0
224 48 0
225 51 0
226 45 0
227 42 0
228 47 0
229 49 0
230 48 0
231 45 0
232 48 0
233 51 0
234 55 0
235 51 0
236 43 0
237 53 0
238 60 0
239 42 0
240 42 0
241 39 0
242 12 0
243 4 0
244 29 0
245 56 0
246 59 0
247 57 0
248 42 0
249 11 0
250 11 0
251 31 0
252 29 0
253 29 0
254 23 0
255 28 0

0 74 0
1 80 0
2 94 0
3 103 0
4 41 0
5 96 0
6 213 0
7 219 0
8 220 0
9 216 0
10 224 0
11 193 0
12 54 0
13 12 0
14 62 0
15 63 0
16 59 0
17 66 0
18 80 0
19 72 0
20 66 0
21 76 0
22 73 0
23 72 0
24 70 0
25 67 0
26 65 0
27 63 0
28 67 0
29 66 0
30 64 0
31 63 0
32 68 0
33 63 0
34 59 0
35 68 0
36 46 0
37 83 0
38 137 0
39 71 0
40 79 0
41 190 0
42 208 0
43 195 0
44 196 0
45 170 0
46 182 0
47 193 0
48 122 0
49 47 0
50 53 0
51 76 0
52 65 0
53 58 0
54 56 0
55 56 0
56 61 0
57 51 0
58 92 0
59 181 0
60 206 0
61 208 0
62 221 0
63 152 0
64 52 0
65 34 0
66 50 0
67 47 0
68 41 0
69 46 0
70 83 0
71 139 0
72 156 0
73 139 0
74 139 0
75 143 0
76 130 0
77 128 0
78 136 0
79 125 0
80 97 0
81 79 0
82 77 0
83 78 0
84 76 0
85 69 0
86 64 0
87 59 0
88 46 0
89 49 0
90 83 0
91 117 0
92 123 0
93 122 0
94 120 0
95 113 0
96 120 0
97 141 0
98 148 0
99 134 0
100 124 0
101 123 0
102 120 0
103 115 0
104 121 0
105 137 0
106 156 0
107 160 0
108 144 0
109 129 0
110 127 0
111 129 0
112 126 0
113 111 0
114 90 0
115 86 0
116 106 0
117 133 0
118 149 0
119 137 0
120 99 0
121 63 0
122 49 0
123 43 0
124 44 0
125 55 0
126 63 0
127 60 0
128 56 0
129 71 0
130 85 0
131 81 0
132 68 0
133 68 0
134 76 0
135 86 0
136 89 0
137 80 0
138 68 0
139 64 0
140 74 0
141 93 0
142 115 0
143 140 0
144 165 0
145 181 0
146 170 0
147 144 0
148 132 0
149 139 0
150 149 0
151 161 0
152 172 0
153 173 0
154 176 0
155 173 0
156 137 0
157 72 0
158 46 0
159 107 0
160 180 0
161 170 0
162 104 0
163 59 0
164 48 0
165 53 0
166 55 0
167 47 0
168 42 0
169 46 0
170 51 0
171 53 0
172 52 0
173 48 0
174 49 0
175 66 0
176 94 0
177 117 0
178 133 0
179 159 0
180 181 0
181 154 0
182 78 0
183 22 0
184 24 0
185 38 0
186 32 0
187 29 0
188 31 0
189 27 0
190 26 0
191 28 0
192 31 0
193 31 0
194 22 0
195 22 0
196 26 0
197 28 0
198 66 0
199 127 0
200 163 0
201 178 0
202 153 0
203 90 0
204 61 0
205 63 0
206 54 0
207 56 0
208 70 0
209 59 0
210 42 0
211 79 0
212 136 0
213 149 0
214 142 0
215 151 0
216 174 0
217 127 0
218 51 0
219 86 0
220 106 0
221 43 0
222 43 0
223 56 0
224 44 0
225 49 0
226 49 0
227 50 0
228 50 0
229 46 0
230 48 0
231 47 0
232 45 0
233 48 0
234 52 0
235 46 0
236 40 0
237 57 0
238 65 0
239 42 0
240 48 0
241 37 0
242 2 0
243 21 0
244 65 0
245 83 0
246 73 0
247 65 0
248 62 0
249 22 0
250 13 0
251 31 0
252 28 0
253 28 0
254 21 0
255 22 0

0 74 0
1 76 0
2 88 0
3 138 0
4 82 0
5 59 0
6 178 0
7 218 0
8 216 0
9 213 0
10 218 0
11 208 0
12 69 0
13 11 0
14 53 0
15 66 0
16 71 0
17 72 0
18 81 0
19 75 0
20 72 0
21 77 0
22 74 0
23 72 0
24 71 0
25 70 0
26 66 0
27 67 0
28 72 0
29 66 0
30 63 0
31 66 0
32 67 0
33 63 0
34 59 0
35 65 0
36 42 0
37 66 0
38 123 0
39 71 0
40 75 0
41 189 0
42 208 0
43 191 0
44 205 0
45 179 0
46 177 0
47 199 0
48 142 0
49 55 0
50 48 0
51 79 0
52 73 0
53 61 0
54 57 0
55 57 0
56 61 0
57 51 0
58 82 0
59 176 0
60 214 0
61 195 0
62 209 0
63 178 0
64 77 0
65 30 0
66 45 0
67 48 0
68 44 0
69 61 0
70 108 0
71 155 0
72 161 0
73 143 0
74 133 0
75 126 0
76 118 0
77 125 0
78 129 0
79 109 0
80 85 0
81 75 0
82 79 0
83 84 0
84 79 0
85 69 0
86 64 0
87 59 0
88 49 0
89 61 0
90 105 0
91 138 0
92 136 0
93 123 0
94 111 0
95 92 0
96 85 0
97 98 0
98 107 0
99 95 0
100 85 0
101 83 0
102 85 0
103 95 0
104 110 0
105 128 0
106 147 0
107 161 0
108 160 0
109 149 0
110 142 0
111 134 0
112 124 0
113 115 0
114 95 0
115 68 0
116 63 0
117 89 0
118 131 0
119 150 0
120 122 0
121 76 0
122 48 0
123 36 0
124 37 0
125 55 0
126 72 0
127 70 0
128 52 0
129 47 0
130 73 0
131 97 0
132 90 0
133 78 0
134 88 0
135 99 0
136 83 0
137 54 0
138 45 0
139 54 0
140 77 0
141 95 0
142 98 0
143 103 0
144 127 0
145 160 0
146 162 0
147 132 0
148 113 0
149 120 0
150 128 0
151 138 0
152 156 0
153 174 0
154 178 0
155 161 0
156 119 0
157 52 0
158 33 0
159 99 0
160 155 0
161 126 0
162 68 0
163 46 0
164 50 0
165 53 0
166 51 0
167 54 0
168 53 0
169 47 0
170 49 0
171 54 0
172 55 0
173 51 0
174 50 0
175 66 0
176 90 0
177 105 0
178 124 0
179 160 0
180 175 0
181 120 0
182 40 0
183 12 0
184 26 0
185 31 0
186 29 0
187 31 0
188 29 0
189 29 0
190 28 0
191 20 0
192 26 0
193 35 0
194 27 0
195 19 0
196 11 0
197 12 0
198 67 0
199 137 0
200 175 0
201 188 0
202 154 0
203 82 0
204 52 0
205 61 0
206 63 0
207 64 0
208 66 0
209 54 0
210 43 0
211 69 0
212 117 0
213 142 0
214 143 0
215 154 0
216 174 0
217 117 0
218 52 0
219 101 0
220 104 0
221 42 0
222 48 0
223 52 0
224 44 0
225 51 0
226 50 0
227 50 0
228 47 0
229 47 0
230 46 0
231 49 0
232 46 0
233 47 0
234 51 0
235 49 0
236 46 0
237 58 0
238 61 0
239 42 0
240 44 0
241 18 0
242 7 0
243 54 0
244 92 0
245 95 0
246 85 0
247 73 0
248 64 0
249 30 0
250 19 0
251 33 0
252 28 0
253 33 0
254 26 0
255 26 0

0 71 0
1 82 0
2 72 0
3 126 0
4 125 0
5 46 0
6 98 0
7 198 0
8 227 0
9 213 0
10 213 0
11 205 0
12 90 0
13 24 0
14 52 0
15 82 0
16 76 0
17 66 0
18 74 0
19 77 0
20 73 0
21 72 0
22 74 0
23 69 0
24 73 0
25 74 0
26 71 0
27 69 0
28 70 0
29 66 0
30 70 0
31 68 0
32 63 0
33 66 0
34 61 0
35 68 0
36 48 0
37 60 0
38 127 0
39 89 0
40 77 0
41 189 0
42 215 0
43 184 0
44 198 0
45 191 0
46 184 0
47 206 0
48 171 0
49 76 0
50 44 0
51 73 0
52 78 0
53 67 0
54 58 0
55 55 0
56 62 0
57 46 0
58 61 0
59 154 0
60 207 0
61 192 0
62 208 0
63 207 0
64 113 0
65 31 0
66 34 0
67 56 0
68 63 0
69 87 0
70 133 0
71 161 0
72 153 0
73 136 0
74 125 0
75 120 0
76 126 0
77 137 0
78 126 0
79 95 0
80 78 0
81 76 0
82 80 0
83 81 0
84 75 0
85 67 0
86 66 0
87 60 0
88 44 0
89 50 0
90 92 0
91 120 0
92 101 0
93 68 0
94 58 0
95 56 0
96 57 0
97 60 0
98 57 0
99 51 0
100 50 0
101 52 0
102 53 0
103 53 0
104 58 0
105 79 0
106 114 0
107 149 0
108 165 0
109 163 0
110 158 0
111 154 0
112 143 0
113 132 0
114 117 0
115 84 0
116 55 0
117 57 0
118 85 0
119 110 0
120 98 0
121 65 0
122 46 0
123 40 0
124 36 0
125 46 0
126 66 0
127 71 0
128 53 0
129 36 0
130 54 0
131 85 0
132 90 0
133 80 0
134 91 0
135 110 0
136 98 0
137 58 0
138 40 0
139 61 0
140 110 0
141 127 0
142 94 0
143 62 0
144 73 0
145 117 0
146 142 0
147 123 0
148 100 0
149 100 0
150 105 0
151 114 0
152 134 0
153 160 0
154 171 0
155 161 0
156 120 0
157 66 0
158 66 0
159 117 0
160 135 0
161 93 0
162 50 0
163 46 0
164 57 0
165 52 0
166 45 0
167 48 0
168 44 0
169 42 0
170 46 0
171 51 0
172 58 0
173 61 0
174 59 0
175 69 0
176 91 0
177 105 0
178 130 0
179 169 0
180 158 0
181 81 0
182 20 0
183 22 0
184 36 0
185 30 0
186 27 0
187 27 0
188 20 0
189 25 0
190 34 0
191 27 0
192 23 0
193 27 0
194 26 0
195 22 0
196 15 0
197 19 0
198 71 0
199 143 0
200 183 0
201 184 0
202 131 0
203 61 0
204 52 0
205 72 0
206 71 0
207 62 0
208 55 0
209 47 0
210 49 0
211 74 0
212 115 0
213 146 0
214 151 0
215 156 0
216 172 0
217 118 0
218 60 0
219 110 0
220 99 0
221 34 0
222 44 0
223 46 0
224 46 0
225 50 0
226 46 0
227 52 0
228 49 0
229 52 0
230 49 0
231 48 0
232 49 0
233 49 0
234 50 0
235 46 0
236 44 0
237 49 0
238 53 0
239 49 0
240 43 0
241 6 0
242 31 0
243 100 0
244 104 0
245 98 0
246 97 0
247 89 0
248 73 0
249 36 0
250 25 0
251 32 0
252 27 0
253 37 0
254 31 0
255 22 0

0 71 0
1 84 0
2 68 0
3 97 0
4 149 0
5 95 0
6 68 0
7 141 0
8 202 0
9 197 0
10 184 0
11 183 0
12 92 0
13 28 0
14 62 0
15 92 0
16 94 0
17 82 0
18 69 0
19 74 0
20 78 0
21 76 0
22 75 0
23 74 0
24 76 0
25 72 0
26 71 0
27 70 0
28 71 0
29 67 0
30 69 0
31 68 0
32 65 0
33 70 0
34 61 0
35 69 0
36 55 0
37 58 0
38 129 0
39 105 0
40 74 0
41 173 0
42 216 0
43 187 0
44 198 0
45 197 0
46 179 0
47 198 0
48 184 0
49 94 0
50 46 0
51 72 0
52 78 0
53 69 0
54 68 0
55 60 0
56 62 0
57 51 0
58 57 0
59 142 0
60 205 0
61 188 0
62 196 0
63 221 0
64 160 0
65 59 0
66 30 0
67 56 0
68 79 0
69 108 0
70 147 0
71 158 0
72 141 0
73 131 0
74 129 0
75 125 0
76 133 0
77 144 0
78 129 0
79 96 0
80 80 0
81 84 0
82 81 0
83 71 0
84 61 0
85 59 0
86 57 0
87 49 0
88 44 0
89 54 0
90 74 0
91 75 0
92 58 0
93 49 0
94 53 0
95 57 0
96 56 0
97 54 0
98 51 0
99 50 0
100 50 0
101 49 0
102 49 0
103 46 0
104 39 0
105 50 0
106 93 0
107 142 0
108 166 0
109 164 0
110 158 0
111 164 0
112 166 0
113 159 0
114 145 0
115 112 0
116 74 0
117 56 0
118 61 0
119 68 0
120 58 0
121 39 0
122 36 0
123 44 0
124 46 0
125 47 0
126 56 0
127 63 0
128 55 0
129 39 0
130 41 0
131 56 0
132 64 0
133 59 0
134 64 0
135 90 0
136 108 0
137 95 0
138 73 0
139 83 0
140 138 0
141 172 0
142 143 0
143 97 0
144 83 0
145 102 0
146 118 0
147 107 0
148 88 0
149 79 0
150 83 0
151 94 0
152 112 0
153 138 0
154 165 0
155 169 0
156 128 0
157 93 0
158 112 0
159 142 0
160 124 0
161 70 0
162 40 0
163 49 0
164 56 0
165 50 0
166 51 0
167 52 0
168 47 0
169 50 0
170 54 0
171 52 0
172 52 0
173 57 0
174 59 0
175 70 0
176 86 0
177 101 0
178 137 0
179 175 0
180 149 0
181 67 0
182 24 0
183 35 0
184 41 0
185 31 0
186 29 0
187 29 0
188 26 0
189 29 0
190 36 0
191 34 0
192 26 0
193 22 0
194 23 0
195 26 0
196 24 0
197 31 0
198 72 0
199 132 0
200 181 0
201 182 0
202 119 0
203 60 0
204 58 0
205 74 0
206 77 0
207 72 0
208 58 0
209 45 0
210 50 0
211 89 0
212 131 0
213 142 0
214 141 0
215 152 0
216 164 0
217 110 0
218 57 0
219 95 0
220 83 0
221 38 0
222 54 0
223 47 0
224 45 0
225 54 0
226 45 0
227 44 0
228 43 0
229 48 0
230 47 0
231 47 0
232 47 0
233 47 0
234 47 0
235 45 0
236 43 0
237 41 0
238 44 0
239 44 0
240 33 0
241 0 0
242 46 0
243 113 0
244 103 0
245 102 0
246 99 0
247 86 0
248 77 0
249 46 0
250 25 0
251 30 0
252 26 0
253 33 0
254 31 0
255 28 0

0 79 0
1 78 0
2 87 0
3 77 0
4 103 0
5 107 0
6 78 0
7 76 0
8 133 0
9 144 0
10 121 0
11 133 0
12 78 0
13 46 0
14 66 0
15 85 0
16 115 0
17 98 0
18 68 0
19 66 0
20 73 0
21 80 0
22 77 0
23 77 0
24 78 0
25 71 0
26 73 0
27 75 0
28 76 0
29 69 0
30 68 0
31 68 0
32 63 0
33 69 0
34 63 0
35 70 0
36 56 0
37 50 0
38 125 0
39 110 0
40 62 0
41 150 0
42 207 0
43 177 0
44 179 0
45 187 0
46 179 0
47 201 0
48 199 0
49 111 0
50 48 0
51 67 0
52 75 0
53 72 0
54 84 0
55 76 0
56 59 0
57 47 0
58 58 0
59 140 0
60 215 0
61 199 0
62 185 0
63 210 0
64 187 0
65 97 0
66 29 0
67 44 0
68 99 0
69 135 0
70 150 0
71 152 0
72 142 0
73 136 0
74 140 0
75 142 0
76 146 0
77 151 0
78 131 0
79 102 0
80 95 0
81 100 0
82 87 0
83 69 0
84 63 0
85 56 0
86 45 0
87 56 0
88 86 0
89 98 0
90 76 0
91 47 0
92 38 0
93 45 0
94 48 0
95 44 0
96 45 0
97 46 0
98 44 0
99 44 0
100 44 0
101 43 0
102 46 0
103 51 0
104 41 0
105 41 0
106 81 0
107 138 0
108 166 0
109 166 0
110 159 0
111 161 0
112 164 0
113 164 0
114 166 0
115 154 0
116 122 0
117 88 0
118 76 0
119 83 0
120 86 0
121 68 0
122 47 0
123 49 0
124 57 0
125 55 0
126 52 0
127 59 0
128 65 0
129 56 0
130 47 0
131 51 0
132 61 0
133 58 0
134 51 0
135 62 0
136 92 0
137 107 0
138 93 0
139 81 0
140 117 0
141 168 0
142 171 0
143 139 0
144 111 0
145 102 0
146 98 0
147 86 0
148 73 0
149 63 0
150 63 0
151 73 0
152 90 0
153 114 0
154 149 0
155 161 0
156 139 0
157 132 0
158 154 0
159 157 0
160 109 0
161 55 0
162 42 0
163 52 0
164 47 0
165 40 0
166 46 0
167 47 0
168 46 0
169 49 0
170 54 0
171 53 0
172 54 0
173 58 0
174 59 0
175 67 0
176 77 0
177 94 0
178 137 0
179 176 0
180 141 0
181 56 0
182 22 0
183 37 0
184 40 0
185 29 0
186 31 0
187 34 0
188 32 0
189 34 0
190 34 0
191 31 0
192 30 0
193 24 0
194 28 0
195 34 0
196 20 0
197 26 0
198 80 0
199 149 0
200 196 0
201 181 0
202 104 0
203 51 0
204 49 0
205 57 0
206 70 0
207 73 0
208 59 0
209 40 0
210 38 0
211 90 0
212 144 0
213 147 0
214 135 0
215 144 0
216 153 0
217 97 0
218 54 0
219 91 0
220 74 0
221 40 0
222 53 0
223 45 0
224 45 0
225 49 0
226 44 0
227 46 0
228 48 0
229 51 0
230 44 0
231 47 0
232 47 0
233 47 0
234 47 0
235 47 0
236 47 0
237 44 0
238 44 0
239 44 0
240 30 0
241 5 0
242 55 0
243 110 0
244 104 0
245 104 0
246 94 0
247 89 0
248 79 0
249 51 0
250 28 0
251 30 0
252 31 0
253 26 0
254 34 0
255 40 0

0 94 0
1 80 0
2 91 0
3 87 0
4 78 0
5 89 0
6 95 0
7 85 0
8 95 0
9 103 0
10 94 0
11 105 0
12 81 0
13 78 0
14 79 0
15 87 0
16 109 0
17 90 0
18 83 0
19 74 0
20 56 0
21 76 0
22 89 0
23 78 0
24 78 0
25 73 0
26 68 0
27 67 0
28 73 0
29 74 0
30 74 0
31 70 0
32 64 0
33 70 0
34 58 0
35 66 0
36 61 0
37 50 0
38 110 0
39 103 0
40 64 0
41 155 0
42 223 0
43 191 0
44 180 0
45 187 0
46 173 0
47 193 0
48 207 0
49 126 0
50 52 0
51 61 0
52 68 0
53 71 0
54 85 0
55 73 0
56 59 0
57 46 0
58 49 0
59 125 0
60 208 0
61 209 0
62 185 0
63 204 0
64 204 0
65 123 0
66 37 0
67 61 0
68 141 0
69 161 0
70 152 0
71 164 0
72 167 0
73 158 0
74 159 0
75 161 0
76 156 0
77 149 0
78 131 0
79 115 0
80 117 0
81 105 0
82 77 0
83 61 0
84 59 0
85 48 0
86 40 0
87 61 0
88 98 0
89 112 0
90 87 0
91 54 0
92 42 0
93 45 0
94 49 0
95 47 0
96 44 0
97 44 0
98 43 0
99 48 0
100 46 0
101 41 0
102 43 0
103 49 0
104 38 0
105 36 0
106 81 0
107 143 0
108 167 0
109 166 0
110 161 0
111 156 0
112 151 0
113 152 0
114 162 0
115 173 0
116 161 0
117 130 0
118 104 0
119 100 0
120 113 0
121 107 0
122 80 0
123 71 0
124 77 0
125 67 0
126 50 0
127 53 0
128 69 0
129 68 0
130 56 0
131 53 0
132 63 0
133 65 0
134 60 0
135 59 0
136 68 0
137 73 0
138 67 0
139 59 0
140 76 0
141 111 0
142 131 0
143 131 0
144 121 0
145 102 0
146 82 0
147 69 0
148 62 0
149 55 0
150 51 0
151 55 0
152 68 0
153 86 0
154 110 0
155 122 0
156 133 0
157 154 0
158 171 0
159 149 0
160 85 0
161 43 0
162 44 0
163 50 0
164 41 0
165 41 0
166 48 0
167 49 0
168 48 0
169 51 0
170 51 0
171 49 0
172 54 0
173 57 0
174 60 0
175 67 0
176 76 0
177 90 0
178 134 0
179 172 0
180 129 0
181 41 0
182 14 0
183 36 0
184 38 0
185 28 0
186 33 0
187 33 0
188 28 0
189 31 0
190 31 0
191 31 0
192 34 0
193 29 0
194 26 0
195 26 0
196 20 0
197 39 0
198 105 0
199 179 0
200 206 0
201 161 0
202 78 0
203 38 0
204 44 0
205 57 0
206 69 0
207 65 0
208 55 0
209 44 0
210 42 0
211 92 0
212 148 0
213 153 0
214 142 0
215 150 0
216 159 0
217 102 0
218 56 0
219 90 0
220 70 0
221 35 0
222 49 0
223 44 0
224 46 0
225 44 0
226 42 0
227 52 0
228 52 0
229 56 0
230 51 0
231 48 0
232 42 0
233 46 0
234 46 0
235 41 0
236 45 0
237 45 0
238 52 0
239 53 0
240 34 0
241 14 0
242 56 0
243 101 0
244 100 0
245 93 0
246 94 0
247 85 0
248 59 0
249 35 0
250 34 0
251 29 0
252 36 0
253 28 0
254 38 0
255 46 0

0 117 0
1 98 0
2 88 0
3 105 0
4 91 0
5 76 0
6 78 0
7 92 0
8 98 0
9 83 0
10 61 0
11 71 0
12 85 0
13 87 0
14 79 0
15 90 0
16 95 0
17 78 0
18 95 0
19 114 0
20 75 0
21 63 0
22 86 0
23 81 0
24 80 0
25 74 0
26 70 0
27 69 0
28 70 0
29 70 0
30 71 0
31 70 0
32 66 0
33 74 0
34 62 0
35 67 0
36 63 0
37 51 0
38 111 0
39 106 0
40 65 0
41 148 0
42 217 0
43 201 0
44 201 0
45 207 0
46 188 0
47 195 0
48 201 0
49 122 0
50 46 0
51 57 0
52 69 0
53 66 0
54 76 0
55 68 0
56 56 0
57 49 0
58 53 0
59 118 0
60 198 0
61 210 0
62 189 0
63 199 0
64 217 0
65 164 0
66 75 0
67 71 0
68 136 0
69 155 0
70 144 0
71 164 0
72 176 0
73 166 0
74 161 0
75 159 0
76 153 0
77 140 0
78 120 0
79 106 0
80 107 0
81 94 0
82 72 0
83 64 0
84 61 0
85 53 0
86 56 0
87 69 0
88 80 0
89 103 0
90 123 0
91 110 0
92 70 0
93 46 0
94 41 0
95 47 0
96 48 0
97 44 0
98 44 0
99 48 0
100 44 0
101 39 0
102 45 0
103 51 0
104 40 0
105 40 0
106 90 0
107 152 0
108 171 0
109 162 0
110 153 0
111 144 0
112 139 0
113 142 0
114 147 0
115 152 0
116 156 0
117 149 0
118 129 0
119 112 0
120 116 0
121 121 0
122 106 0
123 86 0
124 83 0
125 77 0
126 61 0
127 50 0
128 54 0
129 52 0
130 42 0
131 38 0
132 43 0
133 46 0
134 53 0
135 56 0
136 50 0
137 46 0
138 63 0
139 85 0
140 80 0
141 63 0
142 70 0
143 103 0
144 122 0
145 101 0
146 69 0
147 58 0
148 56 0
149 54 0
150 49 0
151 46 0
152 50 0
153 62 0
154 79 0
155 102 0
156 134 0
157 164 0
158 176 0
159 138 0
160 73 0
161 36 0
162 38 0
163 42 0
164 44 0
165 50 0
166 51 0
167 46 0
168 47 0
169 52 0
170 50 0
171 49 0
172 53 0
173 56 0
174 61 0
175 71 0
176 76 0
177 88 0
178 139 0
179 169 0
180 112 0
181 34 0
182 19 0
183 33 0
184 27 0
185 24 0
186 31 0
187 30 0
188 29 0
189 29 0
190 27 0
191 29 0
192 34 0
193 30 0
194 26 0
195 26 0
196 24 0
197 45 0
198 110 0
199 183 0
200 196 0
201 139 0
202 85 0
203 65 0
204 58 0
205 65 0
206 71 0
207 59 0
208 57 0
209 48 0
210 42 0
211 96 0
212 148 0
213 151 0
214 148 0
215 157 0
216 156 0
217 97 0
218 53 0
219 81 0
220 66 0
221 39 0
222 46 0
223 41 0
224 46 0
225 46 0
226 41 0
227 47 0
228 46 0
229 49 0
230 58 0
231 63 0
232 46 0
233 36 0
234 41 0
235 41 0
236 45 0
237 41 0
238 49 0
239 66 0
240 46 0
241 19 0
242 44 0
243 86 0
244 95 0
245 90 0
246 90 0
247 61 0
248 34 0
249 30 0
250 34 0
251 31 0
252 30 0
253 23 0
254 43 0
255 49 0

0 115 0
1 110 0
2 87 0
3 89 0
4 85 0
5 77 0
6 73 0
7 83 0
8 116 0
9 137 0
10 83 0
11 71 0
12 98 0
13 85 0
14 86 0
15 87 0
16 86 0
17 84 0
18 93 0
19 156 0
20 143 0
21 79 0
22 80 0
23 85 0
24 85 0
25 78 0
26 77 0
27 76 0
28 72 0
29 68 0
30 64 0
31 67 0
32 66 0
33 70 0
34 62 0
35 72 0
36 64 0
37 46 0
38 114 0
39 118 0
40 79 0
41 163 0
42 223 0
43 201 0
44 203 0
45 208 0
46 192 0
47 198 0
48 206 0
49 134 0
50 51 0
51 53 0
52 67 0
53 62 0
54 84 0
55 85 0
56 54 0
57 42 0
58 60 0
59 124 0
60 197 0
61 208 0
62 189 0
63 194 0
64 213 0
65 200 0
66 132 0
67 83 0
68 103 0
69 137 0
70 149 0
71 163 0
72 169 0
73 158 0
74 154 0
75 156 0
76 154 0
77 136 0
78 107 0
79 92 0
80 93 0
81 88 0
82 72 0
83 64 0
84 58 0
85 51 0
86 51 0
87 50 0
88 39 0
89 46 0
90 86 0
91 110 0
92 87 0
93 53 0
94 43 0
95 49 0
96 57 0
97 56 0
98 51 0
99 49 0
100 44 0
101 45 0
102 52 0
103 52 0
104 41 0
105 50 0
106 105 0
107 160 0
108 166 0
109 146 0
110 134 0
111 124 0
112 122 0
113 127 0
114 132 0
115 131 0
116 142 0
117 152 0
118 144 0
119 120 0
120 114 0
121 121 0
122 108 0
123 78 0
124 65 0
125 67 0
126 68 0
127 58 0
128 53 0
129 54 0
130 57 0
131 58 0
132 59 0
133 58 0
134 60 0
135 59 0
136 54 0
137 53 0
138 84 0
139 114 0
140 94 0
141 53 0
142 50 0
143 87 0
144 109 0
145 86 0
146 57 0
147 50 0
148 51 0
149 52 0
150 49 0
151 47 0
152 44 0
153 51 0
154 69 0
155 98 0
156 128 0
157 161 0
158 177 0
159 143 0
160 81 0
161 45 0
162 42 0
163 45 0
164 48 0
165 43 0
166 34 0
167 31 0
168 40 0
169 49 0
170 48 0
171 48 0
172 54 0
173 56 0
174 59 0
175 69 0
176 68 0
177 87 0
178 142 0
179 158 0
180 94 0
181 30 0
182 29 0
183 39 0
184 27 0
185 19 0
186 21 0
187 24 0
188 29 0
189 29 0
190 21 0
191 23 0
192 28 0
193 22 0
194 24 0
195 31 0
196 23 0
197 33 0
198 112 0
199 204 0
200 188 0
201 100 0
202 76 0
203 90 0
204 73 0
205 66 0
206 69 0
207 61 0
208 63 0
209 46 0
210 40 0
211 103 0
212 155 0
213 149 0
214 134 0
215 143 0
216 148 0
217 85 0
218 51 0
219 85 0
220 62 0
221 38 0
222 49 0
223 42 0
224 45 0
225 45 0
226 43 0
227 44 0
228 42 0
229 43 0
230 47 0
231 54 0
232 44 0
233 36 0
234 40 0
235 44 0
236 48 0
237 44 0
238 47 0
239 67 0
240 63 0
241 34 0
242 36 0
243 54 0
244 60 0
245 60 0
246 61 0
247 41 0
248 37 0
249 35 0
250 32 0
251 30 0
252 31 0
253 33 0
254 56 0
255 44 0

0 90 0
1 120 0
2 98 0
3 71 0
4 62 0
5 48 0
6 61 0
7 69 0
8 92 0
9 164 0
10 140 0
11 112 0
12 103 0
13 84 0
14 86 0
15 77 0
16 82 0
17 84 0
18 75 0
19 138 0
20 167 0
21 100 0
22 72 0
23 80 0
24 82 0
25 80 0
26 81 0
27 78 0
28 77 0
29 72 0
30 68 0
31 68 0
32 67 0
33 73 0
34 64 0
35 73 0
36 68 0
37 54 0
38 116 0
39 114 0
40 78 0
41 155 0
42 204 0
43 189 0
44 195 0
45 190 0
46 179 0
47 197 0
48 211 0
49 148 0
50 60 0
51 55 0
52 64 0
53 55 0
54 90 0
55 106 0
56 64 0
57 38 0
58 57 0
59 120 0
60 191 0
61 207 0
62 189 0
63 189 0
64 203 0
65 205 0
66 170 0
67 112 0
68 97 0
69 130 0
70 163 0
71 175 0
72 170 0
73 159 0
74 158 0
75 163 0
76 158 0
77 138 0
78 107 0
79 86 0
80 81 0
81 76 0
82 60 0
83 52 0
84 51 0
85 49 0
86 49 0
87 49 0
88 44 0
89 41 0
90 61 0
91 92 0
92 95 0
93 69 0
94 50 0
95 53 0
96 61 0
97 63 0
98 59 0
99 59 0
100 57 0
101 56 0
102 56 0
103 48 0
104 44 0
105 65 0
106 121 0
107 159 0
108 147 0
109 121 0
110 114 0
111 106 0
112 103 0
113 107 0
114 115 0
115 117 0
116 136 0
117 154 0
118 146 0
119 120 0
120 110 0
121 112 0
122 98 0
123 66 0
124 47 0
125 45 0
126 49 0
127 46 0
128 46 0
129 50 0
130 56 0
131 60 0
132 61 0
133 58 0
134 57 0
135 54 0
136 49 0
137 49 0
138 71 0
139 92 0
140 83 0
141 60 0
142 60 0
143 81 0
144 89 0
145 69 0
146 52 0
147 46 0
148 46 0
149 48 0
150 49 0
151 49 0
152 47 0
153 49 0
154 60 0
155 77 0
156 95 0
157 134 0
158 170 0
159 156 0
160 100 0
161 57 0
162 52 0
163 77 0
164 93 0
165 78 0
166 56 0
167 45 0
168 49 0
169 54 0
170 51 0
171 51 0
172 56 0
173 56 0
174 61 0
175 69 0
176 69 0
177 87 0
178 130 0
179 146 0
180 88 0
181 27 0
182 24 0
183 41 0
184 36 0
185 25 0
186 25 0
187 26 0
188 29 0
189 29 0
190 23 0
191 30 0
192 37 0
193 30 0
194 33 0
195 38 0
196 23 0
197 45 0
198 147 0
199 218 0
200 152 0
201 52 0
202 56 0
203 89 0
204 70 0
205 62 0
206 69 0
207 61 0
208 61 0
209 47 0
210 51 0
211 122 0
212 166 0
213 148 0
214 135 0
215 148 0
216 148 0
217 81 0
218 50 0
219 89 0
220 61 0
221 34 0
222 50 0
223 43 0
224 46 0
225 45 0
226 39 0
227 41 0
228 43 0
229 47 0
230 41 0
231 39 0
232 47 0
233 66 0
234 64 0
235 50 0
236 42 0
237 40 0
238 42 0
239 49 0
240 65 0
241 52 0
242 37 0
243 32 0
244 25 0
245 33 0
246 39 0
247 34 0
248 44 0
249 34 0
250 31 0
251 32 0
252 32 0
253 35 0
254 47 0
255 36 0

0 94 0
1 116 0
2 96 0
3 54 0
4 38 0
5 8 0
6 27 0
7 63 0
8 93 0
9 136 0
10 142 0
11 118 0
12 97 0
13 83 0
14 79 0
15 80 0
16 77 0
17 77 0
18 73 0
19 96 0
20 140 0
21 113 0
22 74 0
23 76 0
24 78 0
25 76 0
26 78 0
27 79 0
28 78 0
29 73 0
30 72 0
31 73 0
32 70 0
33 73 0
34 67 0
35 74 0
36 65 0
37 52 0
38 110 0
39 111 0
40 78 0
41 156 0
42 207 0
43 195 0
44 202 0
45 195 0
46 185 0
47 195 0
48 195 0
49 135 0
50 56 0
51 57 0
52 76 0
53 60 0
54 93 0
55 120 0
56 73 0
57 51 0
58 80 0
59 128 0
60 184 0
61 205 0
62 194 0
63 189 0
64 193 0
65 203 0
66 196 0
67 150 0
68 112 0
69 126 0
70 160 0
71 177 0
72 179 0
73 171 0
74 164 0
75 163 0
76 155 0
77 136 0
78 111 0
79 87 0
80 76 0
81 66 0
82 54 0
83 51 0
84 57 0
85 51 0
86 39 0
87 58 0
88 104 0
89 134 0
90 131 0
91 116 0
92 84 0
93 48 0
94 33 0
95 41 0
96 46 0
97 45 0
98 49 0
99 54 0
100 53 0
101 51 0
102 54 0
103 44 0
104 44 0
105 74 0
106 126 0
107 150 0
108 125 0
109 96 0
110 93 0
111 87 0
112 84 0
113 88 0
114 98 0
115 103 0
116 128 0
117 152 0
118 147 0
119 121 0
120 109 0
121 102 0
122 82 0
123 56 0
124 45 0
125 44 0
126 47 0
127 46 0
128 49 0
129 50 0
130 51 0
131 52 0
132 51 0
133 49 0
134 51 0
135 52 0
136 50 0
137 51 0
138 65 0
139 75 0
140 69 0
141 63 0
142 70 0
143 80 0
144 74 0
145 59 0
146 50 0
147 44 0
148 44 0
149 45 0
150 47 0
151 50 0
152 49 0
153 48 0
154 52 0
155 61 0
156 72 0
157 107 0
158 155 0
159 167 0
160 126 0
161 65 0
162 42 0
163 68 0
164 89 0
165 83 0
166 72 0
167 62 0
168 58 0
169 54 0
170 51 0
171 51 0
172 54 0
173 55 0
174 59 0
175 66 0
176 71 0
177 88 0
178 132 0
179 152 0
180 95 0
181 23 0
182 14 0
183 34 0
184 30 0
185 23 0
186 25 0
187 29 0
188 34 0
189 32 0
190 29 0
191 36 0
192 38 0
193 29 0
194 30 0
195 28 0
196 19 0
197 74 0
198 181 0
199 202 0
200 110 0
201 41 0
202 56 0
203 69 0
204 51 0
205 58 0
206 68 0
207 62 0
208 59 0
209 39 0
210 52 0
211 129 0
212 161 0
213 145 0
214 144 0
215 155 0
216 153 0
217 90 0
218 56 0
219 85 0
220 60 0
221 36 0
222 46 0
223 39 0
224 46 0
225 45 0
226 40 0
227 41 0
228 44 0
229 43 0
230 36 0
231 41 0
232 53 0
233 71 0
234 66 0
235 48 0
236 39 0
237 36 0
238 40 0
239 36 0
240 55 0
241 77 0
242 72 0
243 61 0
244 41 0
245 53 0
246 66 0
247 39 0
248 34 0
249 29 0
250 30 0
251 33 0
252 30 0
253 22 0
254 30 0
255 30 0

0 97 0
1 103 0
2 83 0
3 39 0
4 30 0
5 19 0
6 18 0
7 47 0
8 72 0
9 97 0
10 114 0
11 98 0
12 89 0
13 82 0
14 82 0
15 80 0
16 77 0
17 84 0
18 77 0
19 71 0
20 119 0
21 125 0
22 80 0
23 74 0
24 80 0
25 76 0
26 78 0
27 79 0
28 78 0
29 77 0
30 75 0
31 71 0
32 67 0
33 73 0
34 69 0
35 73 0
36 68 0
37 56 0
38 116 0
39 120 0
40 80 0
41 157 0
42 221 0
43 200 0
44 201 0
45 209 0
46 197 0
47 201 0
48 213 0
49 159 0
50 63 0
51 54 0
52 74 0
53 58 0
54 94 0
55 131 0
56 91 0
57 68 0
58 87 0
59 113 0
60 169 0
61 208 0
62 195 0
63 189 0
64 195 0
65 198 0
66 205 0
67 181 0
68 141 0
69 135 0
70 159 0
71 171 0
72 174 0
73 176 0
74 178 0
75 180 0
76 167 0
77 133 0
78 98 0
79 79 0
80 70 0
81 61 0
82 50 0
83 49 0
84 49 0
85 39 0
86 30 0
87 70 0
88 148 0
89 188 0
90 161 0
91 117 0
92 80 0
93 42 0
94 29 0
95 37 0
96 42 0
97 39 0
98 42 0
99 46 0
100 46 0
101 49 0
102 57 0
103 48 0
104 49 0
105 84 0
106 127 0
107 132 0
108 100 0
109 73 0
110 73 0
111 69 0
112 65 0
113 70 0
114 81 0
115 88 0
116 117 0
117 153 0
118 155 0
119 127 0
120 107 0
121 89 0
122 69 0
123 51 0
124 47 0
125 51 0
126 54 0
127 53 0
128 53 0
129 56 0
130 56 0
131 54 0
132 51 0
133 49 0
134 53 0
135 54 0
136 52 0
137 52 0
138 57 0
139 58 0
140 56 0
141 65 0
142 82 0
143 85 0
144 69 0
145 55 0
146 47 0
147 45 0
148 46 0
149 46 0
150 46 0
151 48 0
152 46 0
153 44 0
154 47 0
155 56 0
156 63 0
157 86 0
158 131 0
159 168 0
160 150 0
161 80 0
162 35 0
163 47 0
164 60 0
165 55 0
166 52 0
167 54 0
168 53 0
169 49 0
170 49 0
171 52 0
172 53 0
173 54 0
174 62 0
175 68 0
176 67 0
177 86 0
178 139 0
179 151 0
180 83 0
181 17 0
182 19 0
183 38 0
184 33 0
185 25 0
186 24 0
187 28 0
188 36 0
189 41 0
190 35 0
191 33 0
192 28 0
193 21 0
194 31 0
195 23 0
196 18 0
197 105 0
198 206 0
199 172 0
200 69 0
201 40 0
202 62 0
203 56 0
204 44 0
205 68 0
206 82 0
207 67 0
208 59 0
209 46 0
210 61 0
211 130 0
212 156 0
213 143 0
214 146 0
215 153 0
216 147 0
217 88 0
218 61 0
219 88 0
220 54 0
221 33 0
222 48 0
223 44 0
224 46 0
225 43 0
226 44 0
227 44 0
228 41 0
229 40 0
230 39 0
231 48 0
232 49 0
233 46 0
234 44 0
235 44 0
236 43 0
237 39 0
238 39 0
239 39 0
240 41 0
241 67 0
242 88 0
243 76 0
244 78 0
245 83 0
246 58 0
247 32 0
248 35 0
249 32 0
250 24 0
251 24 0
252 23 0
253 23 0
254 42 0
255 34 0

0 92 0
1 99 0
2 77 0
3 29 0
4 22 0
5 24 0
6 19 0
7 17 0
8 11 0
9 34 0
10 73 0
11 88 0
12 80 0
13 85 0
14 84 0
15 79 0
16 83 0
17 78 0
18 75 0
19 71 0
20 102 0
21 123 0
22 93 0
23 74 0
24 78 0
25 75 0
26 78 0
27 80 0
28 80 0
29 77 0
30 75 0
31 74 0
32 70 0
33 73 0
34 67 0
35 73 0
36 65 0
37 58 0
38 117 0
39 108 0
40 72 0
41 161 0
42 214 0
43 187 0
44 194 0
45 200 0
46 190 0
47 206 0
48 220 0
49 157 0
50 57 0
51 49 0
52 72 0
53 57 0
54 92 0
55 128 0
56 97 0
57 73 0
58 60 0
59 68 0
60 145 0
61 213 0
62 204 0
63 189 0
64 198 0
65 197 0
66 198 0
67 194 0
68 169 0
69 156 0
70 164 0
71 168 0
72 160 0
73 160 0
74 172 0
75 183 0
76 167 0
77 122 0
78 80 0
79 66 0
80 66 0
81 61 0
82 52 0
83 49 0
84 51 0
85 45 0
86 42 0
87 65 0
88 99 0
89 102 0
90 83 0
91 75 0
92 76 0
93 59 0
94 41 0
95 41 0
96 49 0
97 49 0
98 47 0
99 46 0
100 51 0
101 58 0
102 61 0
103 51 0
104 58 0
105 93 0
106 117 0
107 105 0
108 75 0
109 58 0
110 61 0
111 56 0
112 51 0
113 55 0
114 64 0
115 72 0
116 97 0
117 138 0
118 153 0
119 130 0
120 103 0
121 76 0
122 59 0
123 53 0
124 54 0
125 59 0
126 62 0
127 59 0
128 58 0
129 58 0
130 59 0
131 56 0
132 53 0
133 53 0
134 56 0
135 57 0
136 54 0
137 56 0
138 60 0
139 58 0
140 57 0
141 63 0
142 70 0
143 66 0
144 56 0
145 51 0
146 46 0
147 44 0
148 46 0
149 46 0
150 45 0
151 46 0
152 47 0
153 45 0
154 44 0
155 51 0
156 54 0
157 65 0
158 99 0
159 154 0
160 160 0
161 96 0
162 41 0
163 44 0
164 56 0
165 54 0
166 49 0
167 53 0
168 55 0
169 51 0
170 51 0
171 54 0
172 54 0
173 56 0
174 66 0
175 71 0
176 66 0
177 94 0
178 151 0
179 161 0
180 96 0
181 30 0
182 20 0
183 35 0
184 37 0
185 33 0
186 31 0
187 29 0
188 34 0
189 39 0
190 35 0
191 33 0
192 26 0
193 23 0
194 26 0
195 21 0
196 53 0
197 156 0
198 203 0
199 121 0
200 43 0
201 46 0
202 63 0
203 53 0
204 47 0
205 74 0
206 85 0
207 63 0
208 57 0
209 49 0
210 65 0
211 123 0
212 139 0
213 133 0
214 145 0
215 149 0
216 137 0
217 79 0
218 56 0
219 87 0
220 56 0
221 35 0
222 48 0
223 40 0
224 41 0
225 38 0
226 41 0
227 44 0
228 39 0
229 38 0
230 43 0
231 47 0
232 41 0
233 41 0
234 40 0
235 40 0
236 37 0
237 40 0
238 41 0
239 45 0
240 49 0
241 51 0
242 62 0
243 52 0
244 64 0
245 80 0
246 57 0
247 36 0
248 36 0
249 28 0
250 25 0
251 31 0
252 23 0
253 39 0
254 54 0
255 34 0

0 100 0
1 105 0
2 70 0
3 39 0
4 35 0
5 33 0
6 46 0
7 31 0
8 15 0
9 7 0
10 36 0
11 86 0
12 90 0
13 83 0
14 80 0
15 83 0
16 81 0
17 80 0
18 84 0
19 77 0
20 83 0
21 110 0
22 100 0
23 74 0
24 78 0
25 78 0
26 79 0
27 77 0
28 74 0
29 76 0
30 78 0
31 76 0
32 71 0
33 74 0
34 66 0
35 73 0
36 66 0
37 61 0
38 113 0
39 104 0
40 85 0
41 172 0
42 220 0
43 206 0
44 211 0
45 202 0
46 180 0
47 191 0
48 215 0
49 167 0
50 69 0
51 45 0
52 70 0
53 68 0
54 88 0
55 104 0
56 71 0
57 54 0
58 53 0
59 58 0
60 129 0
61 203 0
62 203 0
63 188 0
64 197 0
65 198 0
66 196 0
67 195 0
68 176 0
69 154 0
70 163 0
71 181 0
72 179 0
73 169 0
74 175 0
75 176 0
76 143 0
77 95 0
78 67 0
79 63 0
80 64 0
81 56 0
82 49 0
83 49 0
84 52 0
85 48 0
86 39 0
87 41 0
88 46 0
89 38 0
90 38 0
91 61 0
92 80 0
93 71 0
94 51 0
95 42 0
96 46 0
97 49 0
98 45 0
99 44 0
100 54 0
101 64 0
102 62 0
103 53 0
104 65 0
105 93 0
106 100 0
107 79 0
108 57 0
109 49 0
110 52 0
111 48 0
112 44 0
113 49 0
114 55 0
115 61 0
116 76 0
117 112 0
118 137 0
119 126 0
120 98 0
121 65 0
122 48 0
123 46 0
124 46 0
125 43 0
126 38 0
127 32 0
128 26 0
129 24 0
130 25 0
131 26 0
132 24 0
133 26 0
134 28 0
135 26 0
136 23 0
137 26 0
138 36 0
139 45 0
140 51 0
141 58 0
142 58 0
143 52 0
144 49 0
145 49 0
146 47 0
147 45 0
148 47 0
149 48 0
150 45 0
151 46 0
152 48 0
153 46 0
154 44 0
155 50 0
156 55 0
157 54 0
158 71 0
159 127 0
160 156 0
161 116 0
162 60 0
163 43 0
164 52 0
165 58 0
166 49 0
167 50 0
168 56 0
169 54 0
170 54 0
171 58 0
172 58 0
173 58 0
174 66 0
175 67 0
176 66 0
177 95 0
178 153 0
179 176 0
180 127 0
181 58 0
182 31 0
183 31 0
184 26 0
185 27 0
186 29 0
187 24 0
188 24 0
189 28 0
190 31 0
191 31 0
192 23 0
193 19 0
194 18 0
195 21 0
196 81 0
197 184 0
198 184 0
199 87 0
200 40 0
201 56 0
202 63 0
203 48 0
204 44 0
205 74 0
206 82 0
207 59 0
208 49 0
209 41 0
210 69 0
211 140 0
212 156 0
213 141 0
214 139 0
215 144 0
216 145 0
217 86 0
218 58 0
219 85 0
220 52 0
221 33 0
222 50 0
223 41 0
224 39 0
225 40 0
226 41 0
227 44 0
228 43 0
229 36 0
230 39 0
231 41 0
232 36 0
233 41 0
234 40 0
235 38 0
236 36 0
237 41 0
238 46 0
239 43 0
240 42 0
241 41 0
242 35 0
243 29 0
244 33 0
245 46 0
246 49 0
247 44 0
248 35 0
249 31 0
250 29 0
251 33 0
252 31 0
253 50 0
254 43 0
255 28 0

0 99 0
1 93 0
2 72 0
3 55 0
4 68 0
5 77 0
6 96 0
7 67 0
8 39 0
9 17 0
10 17 0
11 64 0
12 90 0
13 82 0
14 83 0
15 85 0
16 82 0
17 83 0
18 80 0
19 81 0
20 83 0
21 94 0
22 93 0
23 77 0
24 80 0
25 78 0
26 77 0
27 71 0
28 69 0
29 73 0
30 77 0
31 75 0
32 69 0
33 73 0
34 68 0
35 75 0
36 64 0
37 64 0
38 117 0
39 97 0
40 83 0
41 169 0
42 207 0
43 197 0
44 219 0
45 223 0
46 192 0
47 182 0
48 208 0
49 179 0
50 82 0
51 49 0
52 69 0
53 68 0
54 80 0
55 87 0
56 61 0
57 49 0
58 47 0
59 49 0
60 111 0
61 198 0
62 213 0
63 191 0
64 195 0
65 199 0
66 200 0
67 207 0
68 189 0
69 155 0
70 153 0
71 176 0
72 182 0
73 172 0
74 187 0
75 196 0
76 149 0
77 81 0
78 58 0
79 66 0
80 63 0
81 50 0
82 46 0
83 49 0
84 49 0
85 48 0
86 48 0
87 43 0
88 36 0
89 39 0
90 55 0
91 76 0
92 81 0
93 66 0
94 53 0
95 48 0
96 48 0
97 47 0
98 45 0
99 49 0
100 62 0
101 68 0
102 61 0
103 57 0
104 70 0
105 87 0
106 81 0
107 59 0
108 46 0
109 44 0
110 47 0
111 44 0
112 42 0
113 46 0
114 49 0
115 51 0
116 56 0
117 83 0
118 116 0
119 120 0
120 98 0
121 65 0
122 38 0
123 29 0
124 23 0
125 19 0
126 21 0
127 24 0
128 21 0
129 16 0
130 14 0
131 15 0
132 15 0
133 15 0
134 14 0
135 15 0
136 16 0
137 19 0
138 19 0
139 19 0
140 19 0
141 24 0
142 33 0
143 39 0
144 45 0
145 48 0
146 46 0
147 43 0
148 46 0
149 46 0
150 44 0
151 44 0
152 47 0
153 46 0
154 44 0
155 48 0
156 55 0
157 47 0
158 51 0
159 97 0
160 141 0
161 133 0
162 82 0
163 41 0
164 46 0
165 60 0
166 53 0
167 50 0
168 53 0
169 56 0
170 54 0
171 58 0
172 60 0
173 59 0
174 61 0
175 63 0
176 68 0
177 93 0
178 157 0
179 188 0
180 133 0
181 65 0
182 54 0
183 58 0
184 45 0
185 34 0
186 29 0
187 30 0
188 31 0
189 29 0
190 25 0
191 21 0
192 21 0
193 33 0
194 26 0
195 20 0
196 103 0
197 199 0
198 156 0
199 54 0
200 38 0
201 59 0
202 60 0
203 49 0
204 46 0
205 78 0
206 84 0
207 59 0
208 57 0
209 46 0
210 67 0
211 137 0
212 152 0
213 137 0
214 138 0
215 142 0
216 144 0
217 85 0
218 54 0
219 83 0
220 54 0
221 33 0
222 46 0
223 42 0
224 42 0
225 41 0
226 39 0
227 39 0
228 40 0
229 41 0
230 44 0
231 43 0
232 37 0
233 42 0
234 37 0
235 34 0
236 40 0
237 44 0
238 44 0
239 42 0
240 38 0
241 36 0
242 36 0
243 37 0
244 34 0
245 28 0
246 27 0
247 29 0
248 26 0
249 22 0
250 17 0
251 22 0
252 22 0
253 47 0
254 31 0
255 22 0

0 95 0
1 95 0
2 61 0
3 48 0
4 108 0
5 164 0
6 179 0
7 149 0
8 82 0
9 29 0
10 7 0
11 44 0
12 89 0
13 89 0
14 85 0
15 88 0
16 84 0
17 87 0
18 83 0
19 84 0
20 82 0
21 80 0
22 81 0
23 80 0
24 83 0
25 79 0
26 80 0
27 75 0
28 76 0
29 77 0
30 80 0
31 79 0
32 74 0
33 74 0
34 66 0
35 78 0
36 65 0
37 70 0
38 125 0
39 96 0
40 100 0
41 199 0
42 215 0
43 187 0
44 201 0
45 205 0
46 194 0
47 199 0
48 214 0
49 174 0
50 83 0
51 49 0
52 67 0
53 67 0
54 75 0
55 87 0
56 79 0
57 75 0
58 56 0
59 27 0
60 69 0
61 171 0
62 223 0
63 205 0
64 190 0
65 192 0
66 188 0
67 189 0
68 192 0
69 171 0
70 158 0
71 171 0
72 164 0
73 133 0
74 139 0
75 168 0
76 143 0
77 79 0
78 53 0
79 66 0
80 62 0
81 49 0
82 49 0
83 50 0
84 46 0
85 46 0
86 48 0
87 35 0
88 30 0
89 54 0
90 83 0
91 86 0
92 68 0
93 51 0
94 48 0
95 51 0
96 50 0
97 46 0
98 50 0
99 60 0
100 70 0
101 68 0
102 57 0
103 56 0
104 69 0
105 77 0
106 67 0
107 49 0
108 44 0
109 46 0
110 48 0
111 45 0
112 41 0
113 43 0
114 44 0
115 43 0
116 44 0
117 64 0
118 101 0
119 114 0
120 96 0
121 68 0
122 44 0
123 36 0
124 32 0
125 35 0
126 53 0
127 66 0
128 63 0
129 51 0
130 45 0
131 49 0
132 54 0
133 54 0
134 51 0
135 51 0
136 55 0
137 57 0
138 46 0
139 32 0
140 24 0
141 24 0
142 30 0
143 37 0
144 44 0
145 47 0
146 44 0
147 42 0
148 45 0
149 47 0
150 45 0
151 43 0
152 46 0
153 47 0
154 47 0
155 49 0
156 54 0
157 47 0
158 45 0
159 72 0
160 115 0
161 132 0
162 95 0
163 46 0
164 41 0
165 59 0
166 58 0
167 51 0
168 53 0
169 60 0
170 55 0
171 54 0
172 58 0
173 61 0
174 61 0
175 66 0
176 69 0
177 100 0
178 176 0
179 220 0
180 172 0
181 86 0
182 46 0
183 47 0
184 51 0
185 41 0
186 31 0
187 29 0
188 32 0
189 34 0
190 29 0
191 22 0
192 38 0
193 54 0
194 31 0
195 31 0
196 128 0
197 199 0
198 126 0
199 42 0
200 47 0
201 61 0
202 55 0
203 46 0
204 52 0
205 87 0
206 85 0
207 55 0
208 51 0
209 41 0
210 67 0
211 135 0
212 146 0
213 136 0
214 140 0
215 142 0
216 143 0
217 87 0
218 55 0
219 83 0
220 56 0
221 34 0
222 46 0
223 39 0
224 39 0
225 42 0
226 44 0
227 40 0
228 36 0
229 40 0
230 44 0
231 42 0
232 33 0
233 36 0
234 38 0
235 36 0
236 34 0
237 34 0
238 37 0
239 35 0
240 33 0
241 34 0
242 35 0
243 38 0
244 33 0
245 28 0
246 26 0
247 22 0
248 13 0
249 4 0
250 4 0
251 13 0
252 17 0
253 26 0
254 25 0
255 19 0

0 81 0
1 98 0
2 73 0
3 34 0
4 107 0
5 216 0
6 228 0
7 222 0
8 159 0
9 55 0
10 9 0
11 28 0
12 77 0
13 90 0
14 81 0
15 83 0
16 80 0
17 88 0
18 87 0
19 87 0
20 82 0
21 82 0
22 86 0
23 84 0
24 82 0
25 77 0
26 76 0
27 77 0
28 79 0
29 71 0
30 73 0
31 75 0
32 72 0
33 70 0
34 67 0
35 81 0
36 60 0
37 79 0
38 135 0
39 90 0
40 97 0
41 197 0
42 218 0
43 198 0
44 193 0
45 193 0
46 201 0
47 206 0
48 220 0
49 192 0
50 103 0
51 55 0
52 64 0
53 69 0
54 66 0
55 73 0
56 103 0
57 127 0
58 92 0
59 31 0
60 49 0
61 144 0
62 217 0
63 216 0
64 192 0
65 187 0
66 188 0
67 191 0
68 195 0
69 182 0
70 164 0
71 174 0
72 176 0
73 134 0
74 104 0
75 116 0
76 115 0
77 82 0
78 62 0
79 63 0
80 58 0
81 46 0
82 48 0
83 48 0
84 44 0
85 43 0
86 44 0
87 38 0
88 46 0
89 74 0
90 89 0
91 73 0
92 54 0
93 47 0
94 49 0
95 50 0
96 49 0
97 49 0
98 56 0
99 68 0
100 73 0
101 66 0
102 55 0
103 54 0
104 62 0
105 62 0
106 53 0
107 43 0
108 43 0
109 46 0
110 48 0
111 46 0
112 43 0
113 44 0
114 45 0
115 39 0
116 37 0
117 54 0
118 95 0
119 113 0
120 94 0
121 71 0
122 55 0
123 51 0
124 46 0
125 46 0
126 63 0
127 80 0
128 80 0
129 76 0
130 75 0
131 80 0
132 82 0
133 81 0
134 79 0
135 79 0
136 81 0
137 78 0
138 67 0
139 57 0
140 54 0
141 53 0
142 49 0
143 42 0
144 41 0
145 44 0
146 44 0
147 42 0
148 45 0
149 47 0
150 46 0
151 44 0
152 48 0
153 49 0
154 48 0
155 47 0
156 52 0
157 49 0
158 46 0
159 56 0
160 89 0
161 126 0
162 114 0
163 68 0
164 43 0
165 49 0
166 58 0
167 54 0
168 52 0
169 60 0
170 58 0
171 54 0
172 56 0
173 60 0
174 58 0
175 66 0
176 85 0
177 123 0
178 181 0
179 231 0
180 213 0
181 120 0
182 36 0
183 20 0
184 30 0
185 31 0
186 32 0
187 35 0
188 37 0
189 38 0
190 36 0
191 41 0
192 54 0
193 50 0
194 24 0
195 59 0
196 167 0
197 193 0
198 97 0
199 36 0
200 52 0
201 62 0
202 53 0
203 44 0
204 56 0
205 92 0
206 83 0
207 51 0
208 51 0
209 45 0
210 77 0
211 149 0
212 156 0
213 137 0
214 139 0
215 147 0
216 143 0
217 81 0
218 47 0
219 74 0
220 52 0
221 31 0
222 41 0
223 38 0
224 39 0
225 39 0
226 40 0
227 39 0
228 38 0
229 42 0
230 37 0
231 36 0
232 36 0
233 36 0
234 37 0
235 38 0
236 35 0
237 31 0
238 36 0
239 33 0
240 31 0
241 31 0
242 28 0
243 30 0
244 27 0
245 29 0
246 26 0
247 11 0
248 2 0
249 2 0
250 5 0
251 5 0
252 17 0
253 22 0
254 22 0
255 26 0

0 66 0
1 90 0
2 81 0
3 39 0
4 68 0
5 194 0
6 238 0
7 241 0
8 233 0
9 123 0
10 16 0
11 17 0
12 61 0
13 90 0
14 80 0
15 83 0
16 82 0
17 88 0
18 88 0
19 85 0
20 82 0
21 85 0
22 86 0
23 85 0
24 85 0
25 82 0
26 80 0
27 78 0
28 79 0
29 73 0
30 76 0
31 76 0
32 76 0
33 72 0
34 66 0
35 76 0
36 55 0
37 85 0
38 133 0
39 85 0
40 106 0
41 204 0
42 216 0
43 198 0
44 204 0
45 215 0
46 214 0
47 202 0
48 213 0
49 188 0
50 96 0
51 48 0
52 67 0
53 73 0
54 60 0
55 62 0
56 107 0
57 146 0
58 107 0
59 38 0
60 29 0
61 103 0
62 196 0
63 228 0
64 205 0
65 191 0
66 195 0
67 198 0
68 201 0
69 186 0
70 160 0
71 165 0
72 190 0
73 176 0
74 137 0
75 111 0
76 93 0
77 71 0
78 63 0
79 64 0
80 56 0
81 45 0
82 46 0
83 48 0
84 43 0
85 41 0
86 43 0
87 47 0
88 56 0
89 67 0
90 62 0
91 48 0
92 45 0
93 51 0
94 51 0
95 49 0
96 53 0
97 59 0
98 63 0
99 70 0
100 70 0
101 63 0
102 53 0
103 50 0
104 53 0
105 51 0
106 48 0
107 44 0
108 44 0
109 44 0
110 46 0
111 44 0
112 42 0
113 44 0
114 46 0
115 38 0
116 34 0
117 49 0
118 92 0
119 115 0
120 99 0
121 80 0
122 70 0
123 64 0
124 51 0
125 39 0
126 46 0
127 63 0
128 69 0
129 80 0
130 92 0
131 98 0
132 95 0
133 92 0
134 90 0
135 88 0
136 80 0
137 64 0
138 51 0
139 49 0
140 60 0
141 75 0
142 72 0
143 58 0
144 46 0
145 42 0
146 44 0
147 42 0
148 43 0
149 44 0
150 44 0
151 43 0
152 45 0
153 46 0
154 46 0
155 45 0
156 48 0
157 49 0
158 49 0
159 45 0
160 67 0
161 113 0
162 136 0
163 113 0
164 66 0
165 40 0
166 51 0
167 58 0
168 53 0
169 55 0
170 59 0
171 58 0
172 57 0
173 57 0
174 56 0
175 68 0
176 98 0
177 136 0
178 174 0
179 195 0
180 154 0
181 78 0
182 34 0
183 31 0
184 34 0
185 30 0
186 31 0
187 39 0
188 40 0
189 35 0
190 29 0
191 30 0
192 40 0
193 29 0
194 31 0
195 119 0
196 209 0
197 161 0
198 57 0
199 40 0
200 61 0
201 60 0
202 58 0
203 46 0
204 55 0
205 92 0
206 80 0
207 57 0
208 60 0
209 45 0
210 74 0
211 145 0
212 154 0
213 142 0
214 143 0
215 147 0
216 149 0
217 90 0
218 52 0
219 75 0
220 49 0
221 31 0
222 44 0
223 39 0
224 42 0
225 41 0
226 38 0
227 36 0
228 38 0
229 44 0
230 35 0
231 32 0
232 37 0
233 37 0
234 36 0
235 35 0
236 31 0
237 31 0
238 34 0
239 29 0
240 31 0
241 36 0
242 31 0
243 34 0
244 33 0
245 29 0
246 17 0
247 4 0
248 0 0
249 3 0
250 2 0
251 6 0
252 13 0
253 17 0
254 22 0
255 29 0

0 87 0
1 89 0
2 86 0
3 67 0
4 22 0
5 132 0
6 254 0
7 231 0
8 248 0
9 160 0
10 29 0
11 12 0
12 58 0
13 89 0
14 83 0
15 83 0
16 87 0
17 90 0
18 85 0
19 83 0
20 82 0
21 84 0
22 89 0
23 87 0
24 81 0
25 82 0
26 81 0
27 79 0
28 81 0
29 80 0
30 79 0
31 74 0
32 81 0
33 73 0
34 66 0
35 74 0
36 56 0
37 93 0
38 125 0
39 78 0
40 120 0
41 210 0
42 211 0
43 201 0
44 210 0
45 213 0
46 205 0
47 193 0
48 213 0
49 199 0
50 111 0
51 58 0
52 73 0
53 78 0
54 58 0
55 63 0
56 99 0
57 116 0
58 92 0
59 61 0
60 37 0
61 49 0
62 134 0
63 220 0
64 226 0
65 190 0
66 181 0
67 191 0
68 197 0
69 191 0
70 171 0
71 167 0
72 183 0
73 183 0
74 158 0
75 125 0
76 87 0
77 61 0
78 60 0
79 66 0
80 56 0
81 47 0
82 48 0
83 48 0
84 42 0
85 41 0
86 45 0
87 49 0
88 51 0
89 50 0
90 43 0
91 39 0
92 46 0
93 53 0
94 51 0
95 51 0
96 58 0
97 64 0
98 66 0
99 69 0
100 66 0
101 57 0
102 51 0
103 50 0
104 49 0
105 46 0
106 44 0
107 45 0
108 44 0
109 43 0
110 46 0
111 44 0
112 40 0
113 40 0
114 46 0
115 38 0
116 34 0
117 49 0
118 88 0
119 110 0
120 96 0
121 85 0
122 90 0
123 88 0
124 65 0
125 41 0
126 40 0
127 56 0
128 61 0
129 68 0
130 80 0
131 90 0
132 91 0
133 91 0
134 87 0
135 80 0
136 65 0
137 44 0
138 37 0
139 41 0
140 68 0
141 104 0
142 113 0
143 96 0
144 61 0
145 41 0
146 42 0
147 44 0
148 46 0
149 45 0
150 46 0
151 45 0
152 44 0
153 44 0
154 46 0
155 46 0
156 47 0
157 51 0
158 53 0
159 43 0
160 46 0
161 83 0
162 137 0
163 159 0
164 110 0
165 49 0
166 39 0
167 51 0
168 59 0
169 56 0
170 56 0
171 59 0
172 58 0
173 57 0
174 65 0
175 84 0
176 109 0
177 151 0
178 188 0
179 164 0
180 89 0
181 31 0
182 22 0
183 36 0
184 41 0
185 33 0
186 29 0
187 28 0
188 29 0
189 28 0
190 26 0
191 35 0
192 42 0
193 33 0
194 55 0
195 139 0
196 186 0
197 113 0
198 39 0
199 55 0
200 73 0
201 60 0
202 57 0
203 51 0
204 56 0
205 83 0
206 74 0
207 56 0
208 59 0
209 48 0
210 79 0
211 146 0
212 147 0
213 138 0
214 146 0
215 144 0
216 140 0
217 87 0
218 52 0
219 78 0
220 56 0
221 34 0
222 45 0
223 38 0
224 40 0
225 40 0
226 34 0
227 36 0
228 39 0
229 41 0
230 34 0
231 32 0
232 34 0
233 34 0
234 33 0
235 33 0
236 31 0
237 32 0
238 36 0
239 33 0
240 31 0
241 36 0
242 28 0
243 24 0
244 31 0
245 20 0
246 4 0
247 2 0
248 8 0
249 12 0
250 5 0
251 4 0
252 12 0
253 15 0
254 18 0
255 19 0

0 133 0
1 87 0
2 80 0
3 88 0
4 39 0
5 72 0
6 203 0
7 225 0
8 244 0
9 197 0
10 29 0
11 1 0
12 43 0
13 87 0
14 88 0
15 92 0
16 91 0
17 86 0
18 86 0
19 82 0
20 78 0
21 80 0
22 93 0
23 95 0
24 83 0
25 83 0
26 82 0
27 75 0
28 75 0
29 78 0
30 74 0
31 74 0
32 81 0
33 72 0
34 74 0
35 76 0
36 60 0
37 100 0
38 119 0
39 87 0
40 150 0
41 223 0
42 212 0
43 211 0
44 214 0
45 204 0
46 202 0
47 197 0
48 211 0
49 193 0
50 103 0
51 58 0
52 83 0
53 79 0
54 57 0
55 66 0
56 83 0
57 82 0
58 76 0
59 78 0
60 64 0
61 45 0
62 81 0
63 167 0
64 221 0
65 215 0
66 192 0
67 189 0
68 196 0
69 194 0
70 182 0
71 174 0
72 171 0
73 164 0
74 152 0
75 129 0
76 92 0
77 58 0
78 57 0
79 66 0
80 57 0
81 46 0
82 48 0
83 48 0
84 45 0
85 46 0
86 49 0
87 51 0
88 53 0
89 51 0
90 46 0
91 44 0
92 46 0
93 49 0
94 49 0
95 52 0
96 58 0
97 64 0
98 66 0
99 68 0
100 63 0
101 54 0
102 50 0
103 50 0
104 46 0
105 40 0
106 40 0
107 42 0
108 41 0
109 41 0
110 45 0
111 44 0
112 40 0
113 40 0
114 46 0
115 39 0
116 35 0
117 49 0
118 83 0
119 102 0
120 90 0
121 83 0
122 101 0
123 106 0
124 81 0
125 52 0
126 44 0
127 56 0
128 56 0
129 49 0
130 51 0
131 61 0
132 68 0
133 73 0
134 72 0
135 66 0
136 51 0
137 37 0
138 39 0
139 48 0
140 77 0
141 110 0
142 124 0
143 109 0
144 64 0
145 35 0
146 37 0
147 46 0
148 49 0
149 44 0
150 44 0
151 45 0
152 47 0
153 47 0
154 51 0
155 50 0
156 46 0
157 46 0
158 51 0
159 45 0
160 41 0
161 59 0
162 121 0
163 177 0
164 160 0
165 101 0
166 56 0
167 43 0
168 53 0
169 54 0
170 50 0
171 51 0
172 56 0
173 65 0
174 81 0
175 106 0
176 139 0
177 174 0
178 183 0
179 144 0
180 80 0
181 33 0
182 26 0
183 31 0
184 29 0
185 31 0
186 29 0
187 22 0
188 25 0
189 34 0
190 37 0
191 42 0
192 46 0
193 33 0
194 53 0
195 133 0
196 162 0
197 87 0
198 32 0
199 57 0
200 70 0
201 55 0
202 58 0
203 52 0
204 53 0
205 76 0
206 68 0
207 60 0
208 63 0
209 44 0
210 78 0
211 147 0
212 148 0
213 138 0
214 143 0
215 140 0
216 143 0
217 91 0
218 47 0
219 76 0
220 57 0
221 28 0
222 43 0
223 41 0
224 38 0
225 39 0
226 36 0
227 36 0
228 38 0
229 36 0
230 31 0
231 34 0
232 34 0
233 32 0
234 30 0
235 31 0
236 35 0
237 30 0
238 28 0
239 32 0
240 29 0
241 29 0
242 30 0
243 26 0
244 27 0
245 14 0
246 2 0
247 4 0
248 12 0
249 28 0
250 16 0
251 3 0
252 4 0
253 22 0
254 21 0
255 18 0

0 145 0
1 75 0
2 78 0
3 89 0
4 71 0
5 38 0
6 136 0
7 203 0
8 219 0
9 179 0
10 47 0
11 1 0
12 38 0
13 82 0
14 92 0
15 98 0
16 92 0
17 88 0
18 83 0
19 83 0
20 84 0
21 79 0
22 89 0
23 99 0
24 82 0
25 76 0
26 83 0
27 80 0
28 77 0
29 76 0
30 75 0
31 72 0
32 77 0
33 74 0
34 75 0
35 65 0
36 58 0
37 101 0
38 103 0
39 80 0
40 156 0
41 220 0
42 208 0
43 213 0
44 223 0
45 220 0
46 212 0
47 203 0
48 216 0
49 186 0
50 98 0
51 62 0
52 83 0
53 76 0
54 56 0
55 63 0
56 70 0
57 63 0
58 62 0
59 73 0
60 73 0
61 48 0
62 42 0
63 109 0
64 198 0
65 223 0
66 198 0
67 188 0
68 196 0
69 194 0
70 182 0
71 177 0
72 174 0
73 166 0
74 169 0
75 159 0
76 109 0
77 55 0
78 45 0
79 60 0
80 61 0
81 50 0
82 48 0
83 51 0
84 47 0
85 46 0
86 49 0
87 51 0
88 51 0
89 48 0
90 44 0
91 44 0
92 47 0
93 49 0
94 51 0
95 54 0
96 59 0
97 65 0
98 67 0
99 67 0
100 61 0
101 51 0
102 45 0
103 46 0
104 43 0
105 41 0
106 42 0
107 44 0
108 41 0
109 40 0
110 44 0
111 44 0
112 41 0
113 41 0
114 47 0
115 39 0
116 32 0
117 44 0
118 76 0
119 103 0
120 98 0
121 86 0
122 94 0
123 96 0
124 79 0
125 55 0
126 45 0
127 53 0
128 53 0
129 45 0
130 42 0
131 49 0
132 53 0
133 59 0
134 62 0
135 60 0
136 45 0
137 36 0
138 46 0
139 66 0
140 91 0
141 103 0
142 109 0
143 95 0
144 62 0
145 39 0
146 35 0
147 42 0
148 46 0
149 41 0
150 41 0
151 43 0
152 45 0
153 45 0
154 50 0
155 52 0
156 48 0
157 46 0
158 49 0
159 49 0
160 43 0
161 46 0
162 94 0
163 156 0
164 183 0
165 171 0
166 120 0
167 75 0
168 63 0
169 54 0
170 51 0
171 56 0
172 71 0
173 87 0
174 112 0
175 141 0
176 166 0
177 180 0
178 175 0
179 126 0
180 57 0
181 28 0
182 34 0
183 31 0
184 24 0
185 29 0
186 33 0
187 30 0
188 33 0
189 33 0
190 26 0
191 33 0
192 36 0
193 27 0
194 63 0
195 145 0
196 154 0
197 74 0
198 32 0
199 58 0
200 66 0
201 56 0
202 59 0
203 51 0
204 52 0
205 72 0
206 66 0
207 57 0
208 61 0
209 46 0
210 76 0
211 148 0
212 156 0
213 144 0
214 144 0
215 131 0
216 132 0
217 93 0
218 49 0
219 71 0
220 61 0
221 31 0
222 40 0
223 37 0
224 34 0
225 37 0
226 40 0
227 40 0
228 36 0
229 38 0
230 34 0
231 33 0
232 34 0
233 36 0
234 35 0
235 34 0
236 34 0
237 33 0
238 27 0
239 31 0
240 35 0
241 30 0
242 31 0
243 29 0
244 21 0
245 9 0
246 6 0
247 6 0
248 22 0
249 52 0
250 27 0
251 4 0
252 2 0
253 13 0
254 22 0
255 9 0

0 126 0
1 72 0
2 70 0
3 88 0
4 87 0
5 53 0
6 65 0
7 145 0
8 186 0
9 175 0
10 45 0
11 0 0
12 33 0
13 82 0
14 94 0
15 87 0
16 87 0
17 82 0
18 79 0
19 83 0
20 87 0
21 85 0
22 83 0
23 93 0
24 91 0
25 81 0
26 80 0
27 81 0
28 76 0
29 78 0
30 79 0
31 73 0
32 74 0
33 70 0
34 74 0
35 67 0
36 68 0
37 109 0
38 95 0
39 85 0
40 178 0
41 230 0
42 203 0
43 207 0
44 221 0
45 215 0
46 205 0
47 202 0
48 200 0
49 149 0
50 74 0
51 63 0
52 88 0
53 76 0
54 56 0
55 61 0
56 67 0
57 65 0
58 62 0
59 66 0
60 72 0
61 62 0
62 39 0
63 58 0
64 140 0
65 210 0
66 211 0
67 192 0
68 194 0
69 193 0
70 181 0
71 181 0
72 181 0
73 171 0
74 170 0
75 179 0
76 141 0
77 66 0
78 34 0
79 54 0
80 65 0
81 56 0
82 48 0
83 48 0
84 47 0
85 47 0
86 50 0
87 50 0
88 46 0
89 43 0
90 43 0
91 45 0
92 48 0
93 50 0
94 53 0
95 58 0
96 64 0
97 68 0
98 68 0
99 64 0
100 58 0
101 50 0
102 44 0
103 43 0
104 42 0
105 43 0
106 44 0
107 44 0
108 41 0
109 40 0
110 43 0
111 44 0
112 41 0
113 41 0
114 45 0
115 41 0
116 31 0
117 39 0
118 68 0
119 106 0
120 113 0
121 94 0
122 82 0
123 74 0
124 68 0
125 53 0
126 44 0
127 47 0
128 50 0
129 49 0
130 49 0
131 51 0
132 51 0
133 55 0
134 58 0
135 58 0
136 44 0
137 39 0
138 53 0
139 81 0
140 101 0
141 98 0
142 96 0
143 85 0
144 64 0
145 45 0
146 36 0
147 41 0
148 46 0
149 43 0
150 43 0
151 46 0
152 45 0
153 44 0
154 48 0
155 51 0
156 47 0
157 45 0
158 49 0
159 51 0
160 45 0
161 44 0
162 73 0
163 119 0
164 169 0
165 197 0
166 176 0
167 143 0
168 120 0
169 101 0
170 96 0
171 102 0
172 112 0
173 129 0
174 149 0
175 166 0
176 175 0
177 186 0
178 170 0
179 108 0
180 47 0
181 34 0
182 45 0
183 42 0
184 33 0
185 32 0
186 30 0
187 27 0
188 35 0
189 34 0
190 26 0
191 29 0
192 29 0
193 19 0
194 62 0
195 152 0
196 151 0
197 65 0
198 48 0
199 90 0
200 79 0
201 52 0
202 58 0
203 51 0
204 51 0
205 73 0
206 65 0
207 62 0
208 72 0
209 49 0
210 66 0
211 138 0
212 155 0
213 137 0
214 131 0
215 131 0
216 144 0
217 104 0
218 51 0
219 72 0
220 65 0
221 31 0
222 40 0
223 38 0
224 36 0
225 37 0
226 33 0
227 37 0
228 35 0
229 37 0
230 36 0
231 34 0
232 30 0
233 30 0
234 31 0
235 29 0
236 27 0
237 28 0
238 34 0
239 30 0
240 30 0
241 27 0
242 26 0
243 28 0
244 19 0
245 7 0
246 8 0
247 19 0
248 46 0
249 65 0
250 42 0
251 9 0
252 7 0
253 14 0
254 21 0
255 14 0

0 117 0
1 79 0
2 55 0
3 78 0
4 82 0
5 78 0
6 61 0
7 86 0
8 127 0
9 122 0
10 37 0
11 7 0
12 38 0
13 81 0
14 89 0
15 81 0
16 85 0
17 85 0
18 85 0
19 80 0
20 80 0
21 85 0
22 78 0
23 93 0
24 108 0
25 93 0
26 78 0
27 79 0
28 75 0
29 79 0
30 80 0
31 74 0
32 70 0
33 67 0
34 78 0
35 62 0
36 75 0
37 129 0
38 98 0
39 94 0
40 197 0
41 234 0
42 209 0
43 213 0
44 209 0
45 201 0
46 198 0
47 193 0
48 181 0
49 124 0
50 58 0
51 63 0
52 96 0
53 85 0
54 61 0
55 63 0
56 70 0
57 67 0
58 67 0
59 67 0
60 67 0
61 61 0
62 42 0
63 47 0
64 113 0
65 192 0
66 214 0
67 197 0
68 188 0
69 188 0
70 183 0
71 183 0
72 183 0
73 168 0
74 161 0
75 167 0
76 149 0
77 86 0
78 34 0
79 41 0
80 67 0
81 65 0
82 54 0
83 51 0
84 53 0
85 55 0
86 53 0
87 49 0
88 44 0
89 44 0
90 44 0
91 48 0
92 53 0
93 55 0
94 56 0
95 62 0
96 68 0
97 70 0
98 66 0
99 58 0
100 53 0
101 49 0
102 45 0
103 42 0
104 41 0
105 41 0
106 42 0
107 42 0
108 39 0
109 40 0
110 43 0
111 44 0
112 40 0
113 39 0
114 41 0
115 41 0
116 33 0
117 39 0
118 62 0
119 99 0
120 113 0
121 97 0
122 82 0
123 72 0
124 69 0
125 59 0
126 48 0
127 47 0
128 52 0
129 56 0
130 57 0
131 54 0
132 51 0
133 52 0
134 57 0
135 57 0
136 48 0
137 44 0
138 51 0
139 61 0
140 71 0
141 75 0
142 89 0
143 88 0
144 68 0
145 44 0
146 33 0
147 42 0
148 47 0
149 45 0
150 44 0
151 47 0
152 48 0
153 47 0
154 48 0
155 49 0
156 45 0
157 44 0
158 49 0
159 53 0
160 46 0
161 44 0
162 59 0
163 94 0
164 147 0
165 178 0
166 180 0
167 179 0
168 171 0
169 166 0
170 163 0
171 162 0
172 161 0
173 164 0
174 169 0
175 173 0
176 181 0
177 191 0
178 171 0
179 115 0
180 51 0
181 26 0
182 41 0
183 45 0
184 33 0
185 34 0
186 34 0
187 29 0
188 31 0
189 29 0
190 21 0
191 31 0
192 30 0
193 21 0
194 80 0
195 168 0
196 144 0
197 52 0
198 54 0
199 107 0
200 90 0
201 53 0
202 53 0
203 52 0
204 54 0
205 71 0
206 69 0
207 68 0
208 74 0
209 49 0
210 61 0
211 134 0
212 157 0
213 137 0
214 134 0
215 137 0
216 149 0
217 112 0
218 50 0
219 66 0
220 68 0
221 31 0
222 39 0
223 44 0
224 38 0
225 36 0
226 28 0
227 32 0
228 36 0
229 36 0
230 30 0
231 30 0
232 27 0
233 28 0
234 30 0
235 26 0
236 28 0
237 27 0
238 29 0
239 30 0
240 29 0
241 27 0
242 27 0
243 29 0
244 20 0
245 5 0
246 9 0
247 40 0
248 66 0
249 63 0
250 39 0
251 14 0
252 8 0
253 14 0
254 15 0
255 8 0

0 95 0
1 100 0
2 43 0
3 82 0
4 78 0
5 81 0
6 72 0
7 65 0
8 83 0
9 81 0
10 33 0
11 14 0
12 43 0
13 76 0
14 81 0
15 80 0
16 83 0
17 83 0
18 86 0
19 87 0
20 88 0
21 88 0
22 78 0
23 84 0
24 95 0
25 81 0
26 76 0
27 85 0
28 79 0
29 77 0
30 75 0
31 76 0
32 73 0
33 71 0
34 78 0
35 56 0
36 96 0
37 151 0
38 96 0
39 107 0
40 207 0
41 228 0
42 213 0
43 213 0
44 201 0
45 209 0
46 211 0
47 197 0
48 185 0
49 124 0
50 53 0
51 63 0
52 98 0
53 85 0
54 65 0
55 66 0
56 68 0
57 62 0
58 63 0
59 66 0
60 66 0
61 66 0
62 53 0
63 36 0
64 78 0
65 170 0
66 218 0
67 200 0
68 184 0
69 190 0
70 190 0
71 183 0
72 180 0
73 172 0
74 166 0
75 175 0
76 165 0
77 110 0
78 53 0
79 32 0
80 50 0
81 65 0
82 60 0
83 56 0
84 62 0
85 62 0
86 53 0
87 46 0
88 44 0
89 47 0
90 50 0
91 54 0
92 58 0
93 61 0
94 61 0
95 66 0
96 71 0
97 68 0
98 61 0
99 53 0
100 49 0
101 48 0
102 46 0
103 44 0
104 41 0
105 41 0
106 42 0
107 41 0
108 40 0
109 40 0
110 42 0
111 43 0
112 39 0
113 38 0
114 39 0
115 41 0
116 34 0
117 37 0
118 53 0
119 86 0
120 107 0
121 97 0
122 77 0
123 56 0
124 49 0
125 47 0
126 44 0
127 45 0
128 49 0
129 56 0
130 58 0
131 54 0
132 51 0
133 51 0
134 53 0
135 51 0
136 46 0
137 43 0
138 41 0
139 38 0
140 49 0
141 73 0
142 112 0
143 114 0
144 80 0
145 41 0
146 27 0
147 42 0
148 47 0
149 44 0
150 40 0
151 44 0
152 47 0
153 51 0
154 52 0
155 52 0
156 46 0
157 43 0
158 46 0
159 52 0
160 49 0
161 44 0
162 47 0
163 84 0
164 136 0
165 164 0
166 174 0
167 176 0
168 179 0
169 183 0
170 184 0
171 181 0
172 175 0
173 172 0
174 173 0
175 176 0
176 183 0
177 190 0
178 188 0
179 132 0
180 45 0
181 8 0
182 23 0
183 29 0
184 27 0
185 31 0
186 38 0
187 37 0
188 38 0
189 34 0
190 26 0
191 27 0
192 24 0
193 34 0
194 100 0
195 170 0
196 128 0
197 41 0
198 51 0
199 96 0
200 74 0
201 50 0
202 63 0
203 58 0
204 51 0
205 63 0
206 65 0
207 71 0
208 76 0
209 47 0
210 59 0
211 134 0
212 165 0
213 151 0
214 146 0
215 143 0
216 149 0
217 121 0
218 60 0
219 63 0
220 66 0
221 28 0
222 34 0
223 44 0
224 37 0
225 35 0
226 34 0
227 39 0
228 34 0
229 30 0
230 31 0
231 32 0
232 34 0
233 33 0
234 30 0
235 26 0
236 32 0
237 34 0
238 29 0
239 26 0
240 26 0
241 25 0
242 27 0
243 26 0
244 20 0
245 3 0
246 15 0
247 60 0
248 68 0
249 55 0
250 46 0
251 14 0
252 10 0
253 14 0
254 13 0
255 12 0

0 62 0
1 131 0
2 53 0
3 68 0
4 80 0
5 73 0
6 81 0
7 73 0
8 69 0
9 62 0
10 46 0
11 39 0
12 55 0
13 74 0
14 79 0
15 78 0
16 80 0
17 79 0
18 83 0
19 85 0
20 83 0
21 85 0
22 84 0
23 89 0
24 92 0
25 78 0
26 79 0
27 83 0
28 75 0
29 77 0
30 76 0
31 80 0
32 72 0
33 72 0
34 75 0
35 57 0
36 120 0
37 156 0
38 80 0
39 118 0
40 220 0
41 223 0
42 214 0
43 213 0
44 203 0
45 216 0
46 216 0
47 215 0
48 200 0
49 113 0
50 44 0
51 63 0
52 93 0
53 79 0
54 65 0
55 72 0
56 72 0
57 62 0
58 63 0
59 77 0
60 84 0
61 76 0
62 56 0
63 42 0
64 70 0
65 146 0
66 210 0
67 209 0
68 188 0
69 191 0
70 194 0
71 184 0
72 178 0
73 177 0
74 173 0
75 175 0
76 183 0
77 154 0
78 83 0
79 33 0
80 31 0
81 47 0
82 60 0
83 61 0
84 63 0
85 63 0
86 55 0
87 48 0
88 47 0
89 51 0
90 55 0
91 58 0
92 63 0
93 67 0
94 67 0
95 67 0
96 66 0
97 59 0
98 52 0
99 49 0
100 48 0
101 48 0
102 46 0
103 43 0
104 41 0
105 42 0
106 44 0
107 43 0
108 41 0
109 39 0
110 40 0
111 40 0
112 39 0
113 38 0
114 40 0
115 41 0
116 35 0
117 33 0
118 45 0
119 75 0
120 110 0
121 112 0
122 92 0
123 56 0
124 36 0
125 36 0
126 39 0
127 45 0
128 48 0
129 54 0
130 58 0
131 56 0
132 54 0
133 55 0
134 55 0
135 48 0
136 41 0
137 42 0
138 44 0
139 49 0
140 63 0
141 95 0
142 134 0
143 129 0
144 92 0
145 44 0
146 28 0
147 41 0
148 47 0
149 44 0
150 39 0
151 40 0
152 46 0
153 50 0
154 53 0
155 54 0
156 50 0
157 45 0
158 45 0
159 49 0
160 50 0
161 42 0
162 41 0
163 73 0
164 118 0
165 157 0
166 180 0
167 177 0
168 174 0
169 174 0
170 174 0
171 174 0
172 175 0
173 177 0
174 178 0
175 177 0
176 178 0
177 191 0
178 193 0
179 142 0
180 67 0
181 24 0
182 18 0
183 27 0
184 28 0
185 28 0
186 34 0
187 34 0
188 32 0
189 30 0
190 34 0
191 42 0
192 31 0
193 42 0
194 125 0
195 175 0
196 108 0
197 37 0
198 66 0
199 103 0
200 73 0
201 50 0
202 60 0
203 57 0
204 53 0
205 65 0
206 67 0
207 70 0
208 72 0
209 45 0
210 54 0
211 126 0
212 157 0
213 148 0
214 148 0
215 137 0
216 136 0
217 116 0
218 61 0
219 61 0
220 67 0
221 32 0
222 32 0
223 41 0
224 37 0
225 39 0
226 37 0
227 39 0
228 36 0
229 30 0
230 34 0
231 36 0
232 31 0
233 29 0
234 29 0
235 27 0
236 27 0
237 26 0
238 26 0
239 24 0
240 25 0
241 22 0
242 30 0
243 29 0
244 12 0
245 0 0
246 17 0
247 65 0
248 59 0
249 54 0
250 39 0
251 14 0
252 11 0
253 17 0
254 10 0
255 3 0

0 24 0
1 134 0
2 62 0
3 53 0
4 80 0
5 69 0
6 76 0
7 71 0
8 74 0
9 76 0
10 71 0
11 62 0
12 66 0
13 77 0
14 82 0
15 79 0
16 82 0
17 81 0
18 85 0
19 81 0
20 81 0
21 83 0
22 79 0
23 85 0
24 88 0
25 79 0
26 82 0
27 82 0
28 76 0
29 74 0
30 73 0
31 80 0
32 72 0
33 77 0
34 69 0
35 61 0
36 144 0
37 152 0
38 79 0
39 145 0
40 231 0
41 223 0
42 217 0
43 222 0
44 218 0
45 217 0
46 216 0
47 226 0
48 193 0
49 93 0
50 41 0
51 67 0
52 80 0
53 68 0
54 65 0
55 77 0
56 86 0
57 76 0
58 73 0
59 88 0
60 88 0
61 68 0
62 53 0
63 39 0
64 60 0
65 141 0
66 214 0
67 216 0
68 191 0
69 189 0
70 196 0
71 189 0
72 182 0
73 181 0
74 175 0
75 168 0
76 170 0
77 170 0
78 131 0
79 61 0
80 19 0
81 25 0
82 45 0
83 59 0
84 64 0
85 66 0
86 63 0
87 55 0
88 52 0
89 53 0
90 58 0
91 64 0
92 68 0
93 70 0
94 67 0
95 61 0
96 57 0
97 52 0
98 49 0
99 48 0
100 48 0
101 46 0
102 43 0
103 41 0
104 41 0
105 42 0
106 44 0
107 43 0
108 41 0
109 39 0
110 41 0
111 41 0
112 40 0
113 38 0
114 39 0
115 41 0
116 37 0
117 32 0
118 42 0
119 68 0
120 112 0
121 127 0
122 112 0
123 74 0
124 46 0
125 42 0
126 43 0
127 48 0
128 49 0
129 53 0
130 54 0
131 51 0
132 51 0
133 53 0
134 53 0
135 46 0
136 38 0
137 40 0
138 42 0
139 48 0
140 57 0
141 88 0
142 123 0
143 124 0
144 96 0
145 51 0
146 32 0
147 36 0
148 44 0
149 45 0
150 41 0
151 41 0
152 44 0
153 48 0
154 51 0
155 52 0
156 52 0
157 49 0
158 46 0
159 49 0
160 53 0
161 46 0
162 42 0
163 57 0
164 95 0
165 149 0
166 177 0
167 176 0
168 174 0
169 175 0
170 180 0
171 181 0
172 179 0
173 178 0
174 179 0
175 176 0
176 176 0
177 191 0
178 194 0
179 168 0
180 106 0
181 48 0
182 35 0
183 43 0
184 39 0
185 31 0
186 28 0
187 28 0
188 24 0
189 27 0
190 40 0
191 37 0
192 24 0
193 66 0
194 154 0
195 171 0
196 86 0
197 34 0
198 76 0
199 103 0
200 67 0
201 50 0
202 62 0
203 56 0
204 53 0
205 68 0
206 71 0
207 70 0
208 70 0
209 42 0
210 49 0
211 125 0
212 161 0
213 139 0
214 134 0
215 136 0
216 143 0
217 131 0
218 70 0
219 56 0
220 69 0
221 38 0
222 31 0
223 38 0
224 34 0
225 37 0
226 34 0
227 31 0
228 31 0
229 32 0
230 32 0
231 29 0
232 28 0
233 26 0
234 27 0
235 27 0
236 25 0
237 19 0
238 23 0
239 27 0
240 28 0
241 24 0
242 19 0
243 26 0
244 10 0
245 4 0
246 27 0
247 63 0
248 49 0
249 56 0
250 30 0
251 6 0
252 14 0
253 12 0
254 13 0
255 9 0

0 19 0
1 112 0
2 77 0
3 43 0
4 79 0
5 67 0
6 75 0
7 76 0
8 72 0
9 77 0
10 78 0
11 78 0
12 73 0
13 79 0
14 80 0
15 78 0
16 78 0
17 82 0
18 87 0
19 80 0
20 84 0
21 80 0
22 78 0
23 85 0
24 87 0
25 76 0
26 76 0
27 78 0
28 77 0
29 75 0
30 76 0
31 80 0
32 69 0
33 76 0
34 62 0
35 66 0
36 149 0
37 129 0
38 81 0
39 174 0
40 233 0
41 212 0
42 211 0
43 210 0
44 209 0
45 217 0
46 222 0
47 230 0
48 181 0
49 84 0
50 46 0
51 68 0
52 78 0
53 62 0
54 62 0
55 92 0
56 111 0
57 89 0
58 69 0
59 81 0
60 81 0
61 61 0
62 50 0
63 47 0
64 53 0
65 114 0
66 197 0
67 222 0
68 198 0
69 188 0
70 196 0
71 192 0
72 181 0
73 181 0
74 181 0
75 170 0
76 162 0
77 164 0
78 155 0
79 115 0
80 51 0
81 14 0
82 20 0
83 41 0
84 60 0
85 70 0
86 69 0
87 62 0
88 58 0
89 61 0
90 65 0
91 69 0
92 71 0
93 71 0
94 66 0
95 56 0
96 51 0
97 50 0
98 49 0
99 47 0
100 45 0
101 43 0
102 41 0
103 41 0
104 41 0
105 42 0
106 42 0
107 42 0
108 41 0
109 41 0
110 41 0
111 40 0
112 38 0
113 36 0
114 39 0
115 41 0
116 39 0
117 33 0
118 43 0
119 65 0
120 104 0
121 116 0
122 100 0
123 65 0
124 41 0
125 41 0
126 46 0
127 51 0
128 52 0
129 54 0
130 55 0
131 53 0
132 53 0
133 54 0
134 53 0
135 46 0
136 42 0
137 46 0
138 48 0
139 56 0
140 66 0
141 99 0
142 128 0
143 127 0
144 99 0
145 56 0
146 39 0
147 36 0
148 43 0
149 46 0
150 44 0
151 41 0
152 43 0
153 46 0
154 50 0
155 52 0
156 54 0
157 51 0
158 46 0
159 46 0
160 52 0
161 50 0
162 44 0
163 43 0
164 80 0
165 137 0
166 167 0
167 180 0
168 176 0
169 178 0
170 187 0
171 186 0
172 174 0
173 167 0
174 174 0
175 181 0
176 186 0
177 195 0
178 213 0
179 196 0
180 127 0
181 62 0
182 41 0
183 43 0
184 47 0
185 38 0
186 34 0
187 40 0
188 41 0
189 46 0
190 54 0
191 46 0
192 33 0
193 89 0
194 179 0
195 163 0
196 65 0
197 37 0
198 84 0
199 98 0
200 67 0
201 56 0
202 65 0
203 59 0
204 54 0
205 62 0
206 68 0
207 72 0
208 72 0
209 43 0
210 42 0
211 117 0
212 159 0
213 139 0
214 137 0
215 140 0
216 142 0
217 134 0
218 76 0
219 51 0
220 68 0
221 43 0
222 33 0
223 41 0
224 30 0
225 34 0
226 35 0
227 30 0
228 29 0
229 29 0
230 31 0
231 30 0
232 32 0
233 29 0
234 27 0
235 27 0
236 28 0
237 26 0
238 23 0
239 26 0
240 22 0
241 22 0
242 22 0
243 21 0
244 8 0
245 0 0
246 26 0
247 65 0
248 57 0
249 51 0
250 14 0
251 7 0
252 17 0
253 12 0
254 8 0
255 11 0

0 4 0
1 92 0
2 96 0
3 48 0
4 74 0
5 68 0
6 70 0
7 68 0
8 76 0
9 84 0
10 81 0
11 80 0
12 76 0
13 70 0
14 69 0
15 76 0
16 81 0
17 83 0
18 81 0
19 82 0
20 82 0
21 79 0
22 80 0
23 85 0
24 84 0
25 71 0
26 74 0
27 79 0
28 81 0
29 77 0
30 76 0
31 73 0
32 69 0
33 79 0
34 56 0
35 88 0
36 165 0
37 115 0
38 100 0
39 201 0
40 231 0
41 214 0
42 212 0
43 199 0
44 208 0
45 223 0
46 225 0
47 225 0
48 164 0
49 71 0
50 46 0
51 72 0
52 75 0
53 61 0
54 64 0
55 104 0
56 128 0
57 88 0
58 52 0
59 73 0
60 93 0
61 77 0
62 60 0
63 41 0
64 39 0
65 94 0
66 180 0
67 220 0
68 207 0
69 190 0
70 192 0
71 193 0
72 186 0
73 181 0
74 186 0
75 184 0
76 174 0
77 167 0
78 169 0
79 158 0
80 117 0
81 58 0
82 16 0
83 14 0
84 35 0
85 59 0
86 70 0
87 69 0
88 70 0
89 73 0
90 74 0
91 73 0
92 71 0
93 65 0
94 57 0
95 46 0
96 42 0
97 45 0
98 47 0
99 45 0
100 43 0
101 41 0
102 41 0
103 41 0
104 41 0
105 42 0
106 41 0
107 41 0
108 41 0
109 40 0
110 39 0
111 37 0
112 36 0
113 37 0
114 39 0
115 38 0
116 35 0
117 30 0
118 43 0
119 64 0
120 98 0
121 108 0
122 92 0
123 62 0
124 41 0
125 41 0
126 45 0
127 51 0
128 51 0
129 54 0
130 55 0
131 55 0
132 54 0
133 51 0
134 47 0
135 44 0
136 43 0
137 43 0
138 44 0
139 55 0
140 71 0
141 102 0
142 115 0
143 109 0
144 83 0
145 55 0
146 45 0
147 41 0
148 45 0
149 47 0
150 44 0
151 41 0
152 40 0
153 44 0
154 50 0
155 52 0
156 53 0
157 50 0
158 46 0
159 44 0
160 51 0
161 55 0
162 46 0
163 40 0
164 68 0
165 111 0
166 158 0
167 182 0
168 177 0
169 175 0
170 180 0
171 180 0
172 171 0
173 167 0
174 177 0
175 190 0
176 193 0
177 194 0
178 207 0
179 205 0
180 176 0
181 120 0
182 60 0
183 41 0
184 48 0
185 44 0
186 36 0
187 36 0
188 45 0
189 50 0
190 49 0
191 33 0
192 52 0
193 137 0
194 199 0
195 144 0
196 50 0
197 47 0
198 96 0
199 95 0
200 60 0
201 57 0
202 63 0
203 55 0
204 53 0
205 65 0
206 69 0
207 70 0
208 69 0
209 46 0
210 43 0
211 109 0
212 161 0
213 150 0
214 144 0
215 145 0
216 142 0
217 139 0
218 88 0
219 52 0
220 69 0
221 47 0
222 27 0
223 39 0
224 31 0
225 30 0
226 34 0
227 29 0
228 32 0
229 34 0
230 33 0
231 30 0
232 33 0
233 31 0
234 30 0
235 29 0
236 24 0
237 26 0
238 24 0
239 25 0
240 24 0
241 22 0
242 24 0
243 22 0
244 9 0
245 0 0
246 26 0
247 56 0
248 49 0
249 40 0
250 15 0
251 12 0
252 12 0
253 10 0
254 7 0
255 10 0

0 5 0
1 50 0
2 98 0
3 44 0
4 72 0
5 69 0
6 67 0
7 73 0
8 77 0
9 79 0
10 73 0
11 73 0
12 76 0
13 75 0
14 78 0
15 81 0
16 80 0
17 78 0
18 82 0
19 83 0
20 81 0
21 81 0
22 79 0
23 89 0
24 85 0
25 69 0
26 72 0
27 78 0
28 80 0
29 76 0
30 74 0
31 70 0
32 76 0
33 75 0
34 54 0
35 112 0
36 163 0
37 97 0
38 124 0
39 228 0
40 234 0
41 220 0
42 222 0
43 213 0
44 217 0
45 217 0
46 217 0
47 219 0
48 156 0
49 68 0
50 46 0
51 66 0
52 72 0
53 60 0
54 68 0
55 111 0
56 127 0
57 78 0
58 40 0
59 65 0
60 96 0
61 95 0
62 80 0
63 58 0
64 33 0
65 60 0
66 147 0
67 215 0
68 218 0
69 196 0
70 190 0
71 195 0
72 191 0
73 184 0
74 187 0
75 193 0
76 188 0
77 176 0
78 172 0
79 176 0
80 169 0
81 131 0
82 70 0
83 21 0
84 13 0
85 30 0
86 53 0
87 61 0
88 61 0
89 64 0
90 67 0
91 66 0
92 62 0
93 52 0
94 44 0
95 39 0
96 40 0
97 44 0
98 44 0
99 43 0
100 41 0
101 41 0
102 41 0
103 41 0
104 42 0
105 42 0
106 41 0
107 40 0
108 40 0
109 39 0
110 38 0
111 37 0
112 38 0
113 39 0
114 39 0
115 37 0
116 34 0
117 33 0
118 45 0
119 61 0
120 85 0
121 94 0
122 83 0
123 63 0
124 44 0
125 43 0
126 45 0
127 49 0
128 50 0
129 52 0
130 55 0
131 57 0
132 56 0
133 53 0
134 50 0
135 49 0
136 48 0
137 44 0
138 47 0
139 61 0
140 83 0
141 103 0
142 98 0
143 81 0
144 57 0
145 49 0
146 45 0
147 43 0
148 42 0
149 44 0
150 45 0
151 43 0
152 41 0
153 43 0
154 47 0
155 50 0
156 51 0
157 49 0
158 46 0
159 45 0
160 50 0
161 57 0
162 51 0
163 44 0
164 50 0
165 88 0
166 149 0
167 178 0
168 177 0
169 170 0
170 167 0
171 173 0
172 176 0
173 180 0
174 183 0
175 182 0
176 181 0
177 187 0
178 194 0
179 192 0
180 180 0
181 150 0
182 112 0
183 76 0
184 54 0
185 48 0
186 41 0
187 31 0
188 32 0
189 40 0
190 46 0
191 56 0
192 98 0
193 177 0
194 205 0
195 123 0
196 40 0
197 48 0
198 90 0
199 85 0
200 60 0
201 59 0
202 63 0
203 55 0
204 56 0
205 70 0
206 72 0
207 67 0
208 68 0
209 47 0
210 37 0
211 92 0
212 149 0
213 154 0
214 149 0
215 141 0
216 136 0
217 140 0
218 92 0
219 44 0
220 61 0
221 54 0
222 28 0
223 33 0
224 35 0
225 34 0
226 34 0
227 30 0
228 30 0
229 30 0
230 32 0
231 28 0
232 26 0
233 26 0
234 26 0
235 27 0
236 25 0
237 26 0
238 22 0
239 24 0
240 29 0
241 22 0
242 23 0
243 22 0
244 12 0
245 0 0
246 18 0
247 52 0
248 45 0
249 25 0
250 12 0
251 13 0
252 9 0
253 4 0
254 9 0
255 11 0

0 5 0
1 29 0
2 81 0
3 48 0
4 64 0
5 72 0
6 72 0
7 68 0
8 69 0
9 80 0
10 74 0
11 72 0
12 73 0
13 75 0
14 76 0
15 75 0
16 80 0
17 81 0
18 78 0
19 78 0
20 83 0
21 80 0
22 79 0
23 93 0
24 84 0
25 68 0
26 73 0
27 80 0
28 80 0
29 78 0
30 78 0
31 73 0
32 79 0
33 69 0
34 67 0
35 136 0
36 144 0
37 83 0
38 147 0
39 229 0
40 222 0
41 224 0
42 220 0
43 207 0
44 219 0
45 218 0
46 221 0
47 218 0
48 146 0
49 63 0
50 50 0
51 67 0
52 66 0
53 59 0
54 71 0
55 110 0
56 120 0
57 76 0
58 43 0
59 53 0
60 68 0
61 83 0
62 105 0
63 93 0
64 47 0
65 39 0
66 105 0
67 185 0
68 223 0
69 211 0
70 194 0
71 194 0
72 196 0
73 190 0
74 187 0
75 191 0
76 194 0
77 189 0
78 179 0
79 176 0
80 180 0
81 175 0
82 146 0
83 83 0
84 26 0
85 14 0
86 25 0
87 40 0
88 46 0
89 48 0
90 50 0
91 46 0
92 39 0
93 34 0
94 42 0
95 53 0
96 57 0
97 54 0
98 45 0
99 41 0
100 39 0
101 39 0
102 39 0
103 41 0
104 42 0
105 43 0
106 42 0
107 41 0
108 41 0
109 39 0
110 38 0
111 37 0
112 39 0
113 39 0
114 38 0
115 36 0
116 35 0
117 36 0
118 44 0
119 53 0
120 65 0
121 69 0
122 63 0
123 51 0
124 42 0
125 44 0
126 49 0
127 52 0
128 51 0
129 52 0
130 55 0
131 58 0
132 57 0
133 53 0
134 52 0
135 51 0
136 51 0
137 46 0
138 47 0
139 57 0
140 77 0
141 88 0
142 78 0
143 58 0
144 41 0
145 40 0
146 41 0
147 41 0
148 39 0
149 40 0
150 43 0
151 43 0
152 41 0
153 42 0
154 45 0
155 48 0
156 48 0
157 48 0
158 47 0
159 46 0
160 45 0
161 51 0
162 51 0
163 46 0
164 40 0
165 74 0
166 127 0
167 168 0
168 187 0
169 176 0
170 170 0
171 173 0
172 183 0
173 187 0
174 183 0
175 173 0
176 171 0
177 179 0
178 188 0
179 190 0
180 185 0
181 180 0
182 154 0
183 102 0
184 63 0
185 57 0
186 58 0
187 50 0
188 44 0
189 52 0
190 59 0
191 76 0
192 137 0
193 207 0
194 192 0
195 98 0
196 36 0
197 55 0
198 86 0
199 73 0
200 55 0
201 60 0
202 65 0
203 58 0
204 58 0
205 70 0
206 69 0
207 62 0
208 68 0
209 59 0
210 42 0
211 88 0
212 150 0
213 152 0
214 142 0
215 142 0
216 141 0
217 145 0
218 103 0
219 50 0
220 60 0
221 56 0
222 30 0
223 34 0
224 36 0
225 34 0
226 31 0
227 29 0
228 33 0
229 29 0
230 27 0
231 28 0
232 29 0
233 30 0
234 26 0
235 22 0
236 22 0
237 23 0
238 21 0
239 23 0
240 26 0
241 20 0
242 22 0
243 18 0
244 9 0
245 3 0
246 12 0
247 36 0
248 29 0
249 17 0
250 14 0
251 11 0
252 10 0
253 10 0
254 7 0
255 7 0

0 7 0
1 11 0
2 88 0
3 56 0
4 56 0
5 71 0
6 66 0
7 67 0
8 70 0
9 75 0
10 76 0
11 78 0
12 80 0
13 79 0
14 78 0
15 80 0
16 83 0
17 81 0
18 80 0
19 77 0
20 78 0
21 78 0
22 79 0
23 96 0
24 94 0
25 73 0
26 73 0
27 80 0
28 76 0
29 75 0
30 75 0
31 79 0
32 83 0
33 56 0
34 82 0
35 157 0
36 125 0
37 86 0
38 182 0
39 240 0
40 218 0
41 216 0
42 208 0
43 206 0
44 224 0
45 228 0
46 232 0
47 212 0
48 126 0
49 57 0
50 58 0
51 71 0
52 67 0
53 58 0
54 72 0
55 102 0
56 102 0
57 67 0
58 48 0
59 49 0
60 48 0
61 60 0
62 93 0
63 101 0
64 63 0
65 29 0
66 66 0
67 156 0
68 220 0
69 223 0
70 198 0
71 189 0
72 194 0
73 194 0
74 191 0
75 190 0
76 193 0
77 194 0
78 188 0
79 174 0
80 170 0
81 180 0
82 178 0
83 150 0
84 96 0
85 37 0
86 13 0
87 12 0
88 17 0
89 24 0
90 24 0
91 17 0
92 24 0
93 42 0
94 69 0
95 86 0
96 79 0
97 64 0
98 46 0
99 41 0
100 41 0
101 40 0
102 39 0
103 39 0
104 39 0
105 41 0
106 41 0
107 40 0
108 39 0
109 37 0
110 36 0
111 36 0
112 37 0
113 37 0
114 36 0
115 34 0
116 35 0
117 36 0
118 39 0
119 42 0
120 47 0
121 49 0
122 46 0
123 39 0
124 37 0
125 43 0
126 50 0
127 53 0
128 51 0
129 50 0
130 52 0
131 54 0
132 52 0
133 48 0
134 46 0
135 45 0
136 45 0
137 41 0
138 41 0
139 46 0
140 56 0
141 61 0
142 57 0
143 46 0
144 37 0
145 38 0
146 39 0
147 40 0
148 39 0
149 41 0
150 44 0
151 43 0
152 41 0
153 40 0
154 43 0
155 46 0
156 46 0
157 47 0
158 48 0
159 46 0
160 43 0
161 45 0
162 50 0
163 47 0
164 41 0
165 59 0
166 100 0
167 159 0
168 190 0
169 185 0
170 179 0
171 179 0
172 186 0
173 188 0
174 183 0
175 180 0
176 183 0
177 186 0
178 186 0
179 189 0
180 200 0
181 199 0
182 164 0
183 118 0
184 87 0
185 71 0
186 69 0
187 61 0
188 51 0
189 60 0
190 79 0
191 105 0
192 149 0
193 205 0
194 191 0
195 95 0
196 34 0
197 56 0
198 87 0
199 77 0
200 57 0
201 58 0
202 61 0
203 56 0
204 56 0
205 65 0
206 66 0
207 57 0
208 59 0
209 53 0
210 47 0
211 97 0
212 161 0
213 164 0
214 147 0
215 147 0
216 144 0
217 149 0
218 114 0
219 55 0
220 62 0
221 62 0
222 27 0
223 30 0
224 36 0
225 31 0
226 32 0
227 26 0
228 27 0
229 31 0
230 29 0
231 25 0
232 26 0
233 26 0
234 26 0
235 22 0
236 22 0
237 24 0
238 20 0
239 24 0
240 27 0
241 20 0
242 21 0
243 25 0
244 14 0
245 6 0
246 10 0
247 24 0
248 16 0
249 8 0
250 11 0
251 7 0
252 2 0
253 4 0
254 7 0
255 8 0

0 5 0
1 5 0
2 83 0
3 50 0
4 52 0
5 68 0
6 66 0
7 71 0
8 68 0
9 72 0
10 76 0
11 76 0
12 76 0
13 73 0
14 77 0
15 81 0
16 80 0
17 77 0
18 78 0
19 76 0
20 80 0
21 79 0
22 78 0
23 95 0
24 89 0
25 70 0
26 78 0
27 83 0
28 75 0
29 75 0
30 72 0
31 79 0
32 76 0
33 58 0
34 113 0
35 156 0
36 90 0
37 93 0
38 206 0
39 232 0
40 210 0
41 226 0
42 221 0
43 209 0
44 216 0
45 224 0
46 225 0
47 183 0
48 93 0
49 47 0
50 64 0
51 78 0
52 68 0
53 63 0
54 75 0
55 94 0
56 88 0
57 59 0
58 49 0
59 56 0
60 51 0
61 45 0
62 66 0
63 90 0
64 75 0
65 41 0
66 48 0
67 110 0
68 188 0
69 220 0
70 208 0
71 190 0
72 192 0
73 197 0
74 193 0
75 188 0
76 188 0
77 191 0
78 192 0
79 183 0
80 171 0
81 167 0
82 179 0
83 182 0
84 156 0
85 113 0
86 60 0
87 31 0
88 26 0
89 26 0
90 34 0
91 40 0
92 63 0
93 97 0
94 112 0
95 109 0
96 79 0
97 56 0
98 41 0
99 39 0
100 42 0
101 41 0
102 38 0
103 37 0
104 37 0
105 38 0
106 38 0
107 37 0
108 36 0
109 36 0
110 36 0
111 37 0
112 38 0
113 37 0
114 35 0
115 34 0
116 35 0
117 36 0
118 34 0
119 34 0
120 37 0
121 42 0
122 44 0
123 42 0
124 41 0
125 44 0
126 49 0
127 53 0
128 51 0
129 51 0
130 53 0
131 54 0
132 54 0
133 52 0
134 50 0
135 48 0
136 47 0
137 45 0
138 46 0
139 49 0
140 51 0
141 50 0
142 46 0
143 39 0
144 37 0
145 37 0
146 38 0
147 38 0
148 39 0
149 41 0
150 44 0
151 44 0
152 41 0
153 40 0
154 43 0
155 46 0
156 46 0
157 46 0
158 46 0
159 46 0
160 45 0
161 47 0
162 53 0
163 51 0
164 45 0
165 43 0
166 81 0
167 145 0
168 183 0
169 194 0
170 181 0
171 177 0
172 183 0
173 187 0
174 184 0
175 187 0
176 191 0
177 190 0
178 185 0
179 193 0
180 201 0
181 189 0
182 161 0
183 122 0
184 93 0
185 77 0
186 71 0
187 70 0
188 70 0
189 78 0
190 96 0
191 123 0
192 173 0
193 214 0
194 189 0
195 100 0
196 36 0
197 52 0
198 87 0
199 77 0
200 59 0
201 61 0
202 63 0
203 57 0
204 55 0
205 63 0
206 66 0
207 59 0
208 57 0
209 52 0
210 48 0
211 92 0
212 152 0
213 161 0
214 149 0
215 146 0
216 134 0
217 134 0
218 113 0
219 58 0
220 53 0
221 63 0
222 36 0
223 31 0
224 37 0
225 30 0
226 34 0
227 31 0
228 26 0
229 29 0
230 28 0
231 27 0
232 26 0
233 22 0
234 24 0
235 25 0
236 21 0
237 27 0
238 22 0
239 20 0
240 23 0
241 23 0
242 20 0
243 18 0
244 13 0
245 4 0
246 7 0
247 17 0
248 13 0
249 10 0
250 9 0
251 8 0
252 10 0
253 7 0
254 4 0
255 4 0

0 8 0
1 17 0
2 73 0
3 52 0
4 42 0
5 65 0
6 67 0
7 67 0
8 67 0
9 69 0
10 72 0
11 69 0
12 71 0
13 70 0
14 73 0
15 75 0
16 74 0
17 77 0
18 78 0
19 77 0
20 81 0
21 78 0
22 74 0
23 91 0
24 93 0
25 76 0
26 80 0
27 81 0
28 77 0
29 80 0
30 73 0
31 77 0
32 68 0
33 66 0
34 127 0
35 132 0
36 84 0
37 139 0
38 225 0
39 216 0
40 207 0
41 228 0
42 223 0
43 212 0
44 211 0
45 221 0
46 228 0
47 174 0
48 84 0
49 55 0
50 76 0
51 79 0
52 71 0
53 70 0
54 78 0
55 91 0
56 82 0
57 57 0
58 50 0
59 58 0
60 58 0
61 51 0
62 61 0
63 83 0
64 90 0
65 63 0
66 36 0
67 68 0
68 151 0
69 211 0
70 213 0
71 191 0
72 188 0
73 190 0
74 191 0
75 189 0
76 189 0
77 190 0
78 191 0
79 191 0
80 182 0
81 169 0
82 166 0
83 174 0
84 179 0
85 169 0
86 147 0
87 123 0
88 108 0
89 100 0
90 104 0
91 120 0
92 137 0
93 151 0
94 131 0
95 100 0
96 61 0
97 41 0
98 41 0
99 41 0
100 41 0
101 39 0
102 37 0
103 37 0
104 38 0
105 38 0
106 37 0
107 36 0
108 35 0
109 35 0
110 36 0
111 38 0
112 39 0
113 36 0
114 34 0
115 33 0
116 35 0
117 36 0
118 33 0
119 32 0
120 34 0
121 42 0
122 50 0
123 53 0
124 55 0
125 55 0
126 56 0
127 58 0
128 58 0
129 60 0
130 61 0
131 63 0
132 65 0
133 66 0
134 65 0
135 61 0
136 58 0
137 55 0
138 55 0
139 57 0
140 56 0
141 51 0
142 43 0
143 36 0
144 35 0
145 36 0
146 37 0
147 36 0
148 36 0
149 38 0
150 41 0
151 41 0
152 40 0
153 40 0
154 43 0
155 46 0
156 46 0
157 45 0
158 44 0
159 44 0
160 44 0
161 46 0
162 52 0
163 53 0
164 46 0
165 37 0
166 66 0
167 116 0
168 173 0
169 195 0
170 180 0
171 174 0
172 178 0
173 187 0
174 188 0
175 187 0
176 185 0
177 176 0
178 173 0
179 186 0
180 196 0
181 170 0
182 118 0
183 82 0
184 74 0
185 65 0
186 64 0
187 77 0
188 90 0
189 96 0
190 106 0
191 134 0
192 173 0
193 217 0
194 203 0
195 112 0
196 41 0
197 59 0
198 98 0
199 86 0
200 58 0
201 60 0
202 66 0
203 57 0
204 53 0
205 62 0
206 67 0
207 61 0
208 56 0
209 57 0
210 58 0
211 86 0
212 134 0
213 144 0
214 135 0
215 139 0
216 133 0
217 140 0
218 132 0
219 75 0
220 53 0
221 67 0
222 43 0
223 29 0
224 36 0
225 31 0
226 32 0
227 34 0
228 28 0
229 29 0
230 25 0
231 24 0
232 31 0
233 26 0
234 22 0
235 26 0
236 22 0
237 20 0
238 25 0
239 22 0
240 19 0
241 18 0
242 20 0
243 19 0
244 12 0
245 12 0
246 12 0
247 14 0
248 19 0
249 16 0
250 14 0
251 7 0
252 10 0
253 7 0
254 6 0
255 2 0

0 7 0
1 7 0
2 57 0
3 55 0
4 41 0
5 65 0
6 57 0
7 63 0
8 63 0
9 66 0
10 68 0
11 71 0
12 67 0
13 71 0
14 75 0
15 73 0
16 75 0
17 74 0
18 72 0
19 71 0
20 78 0
21 79 0
22 75 0
23 98 0
24 98 0
25 70 0
26 73 0
27 75 0
28 76 0
29 78 0
30 72 0
31 76 0
32 59 0
33 74 0
34 134 0
35 112 0
36 90 0
37 174 0
38 237 0
39 216 0
40 210 0
41 221 0
42 218 0
43 211 0
44 206 0
45 228 0
46 233 0
47 159 0
48 73 0
49 60 0
50 80 0
51 79 0
52 73 0
53 71 0
54 73 0
55 78 0
56 71 0
57 56 0
58 51 0
59 58 0
60 60 0
61 52 0
62 51 0
63 68 0
64 74 0
65 49 0
66 24 0
67 49 0
68 134 0
69 200 0
70 213 0
71 196 0
72 186 0
73 193 0
74 192 0
75 190 0
76 188 0
77 187 0
78 187 0
79 188 0
80 187 0
81 178 0
82 168 0
83 167 0
84 172 0
85 179 0
86 181 0
87 177 0
88 169 0
89 165 0
90 165 0
91 174 0
92 169 0
93 153 0
94 112 0
95 72 0
96 50 0
97 39 0
98 44 0
99 44 0
100 41 0
101 38 0
102 38 0
103 39 0
104 38 0
105 38 0
106 38 0
107 37 0
108 34 0
109 34 0
110 35 0
111 36 0
112 36 0
113 34 0
114 32 0
115 31 0
116 32 0
117 33 0
118 31 0
119 31 0
120 32 0
121 37 0
122 43 0
123 46 0
124 46 0
125 45 0
126 45 0
127 46 0
128 47 0
129 47 0
130 46 0
131 46 0
132 47 0
133 48 0
134 49 0
135 47 0
136 46 0
137 44 0
138 44 0
139 46 0
140 46 0
141 45 0
142 41 0
143 37 0
144 36 0
145 36 0
146 37 0
147 36 0
148 35 0
149 36 0
150 38 0
151 40 0
152 39 0
153 39 0
154 40 0
155 43 0
156 45 0
157 45 0
158 46 0
159 45 0
160 44 0
161 43 0
162 47 0
163 51 0
164 46 0
165 41 0
166 49 0
167 91 0
168 151 0
169 175 0
170 179 0
171 172 0
172 176 0
173 182 0
174 186 0
175 184 0
176 180 0
177 168 0
178 164 0
179 171 0
180 168 0
181 130 0
182 82 0
183 48 0
184 37 0
185 42 0
186 46 0
187 61 0
188 84 0
189 98 0
190 110 0
191 133 0
192 181 0
193 223 0
194 209 0
195 131 0
196 57 0
197 66 0
198 106 0
199 92 0
200 58 0
201 56 0
202 65 0
203 59 0
204 53 0
205 62 0
206 69 0
207 61 0
208 56 0
209 59 0
210 61 0
211 80 0
212 124 0
213 143 0
214 137 0
215 146 0
216 145 0
217 147 0
218 144 0
219 88 0
220 51 0
221 69 0
222 53 0
223 28 0
224 35 0
225 32 0
226 28 0
227 32 0
228 28 0
229 24 0
230 26 0
231 26 0
232 24 0
233 24 0
234 23 0
235 24 0
236 22 0
237 22 0
238 23 0
239 22 0
240 20 0
241 20 0
242 17 0
243 17 0
244 17 0
245 16 0
246 16 0
247 14 0
248 12 0
249 14 0
250 7 0
251 10 0
252 4 0
253 5 0
254 4 0
255 6 0

0 4 0
1 0 0
2 53 0
3 51 0
4 36 0
5 53 0
6 53 0
7 53 0
8 54 0
9 61 0
10 63 0
11 65 0
12 63 0
13 68 0
14 67 0
15 69 0
16 69 0
17 71 0
18 73 0
19 73 0
20 76 0
21 77 0
22 71 0
23 99 0
24 97 0
25 62 0
26 68 0
27 76 0
28 75 0
29 70 0
30 70 0
31 74 0
32 59 0
33 107 0
34 151 0
35 98 0
36 102 0
37 193 0
38 226 0
39 212 0
40 219 0
41 223 0
42 219 0
43 212 0
44 211 0
45 232 0
46 218 0
47 134 0
48 64 0
49 68 0
50 85 0
51 76 0
52 67 0
53 66 0
54 70 0
55 79 0
56 78 0
57 62 0
58 50 0
59 54 0
60 61 0
61 57 0
62 52 0
63 58 0
64 67 0
65 55 0
66 31 0
67 49 0
68 127 0
69 201 0
70 215 0
71 195 0
72 190 0
73 192 0
74 192 0
75 188 0
76 186 0
77 186 0
78 185 0
79 187 0
80 187 0
81 181 0
82 172 0
83 167 0
84 169 0
85 172 0
86 174 0
87 173 0
88 170 0
89 169 0
90 171 0
91 173 0
92 158 0
93 129 0
94 95 0
95 57 0
96 44 0
97 39 0
98 44 0
99 44 0
100 42 0
101 39 0
102 38 0
103 37 0
104 37 0
105 38 0
106 39 0
107 38 0
108 36 0
109 34 0
110 34 0
111 34 0
112 35 0
113 34 0
114 33 0
115 32 0
116 31 0
117 31 0
118 31 0
119 31 0
120 33 0
121 36 0
122 39 0
123 40 0
124 39 0
125 37 0
126 37 0
127 39 0
128 40 0
129 41 0
130 41 0
131 41 0
132 41 0
133 42 0
134 43 0
135 44 0
136 45 0
137 45 0
138 45 0
139 47 0
140 50 0
141 53 0
142 52 0
143 48 0
144 41 0
145 36 0
146 36 0
147 36 0
148 36 0
149 36 0
150 38 0
151 39 0
152 39 0
153 39 0
154 39 0
155 40 0
156 41 0
157 42 0
158 44 0
159 45 0
160 45 0
161 44 0
162 44 0
163 49 0
164 48 0
165 44 0
166 41 0
167 74 0
168 118 0
169 163 0
170 185 0
171 181 0
172 183 0
173 183 0
174 185 0
175 184 0
176 181 0
177 179 0
178 177 0
179 167 0
180 146 0
181 107 0
182 63 0
183 42 0
184 41 0
185 36 0
186 31 0
187 39 0
188 59 0
189 83 0
190 110 0
191 137 0
192 172 0
193 224 0
194 230 0
195 153 0
196 69 0
197 60 0
198 90 0
199 86 0
200 62 0
201 61 0
202 66 0
203 60 0
204 56 0
205 66 0
206 73 0
207 62 0
208 54 0
209 64 0
210 61 0
211 74 0
212 134 0
213 164 0
214 142 0
215 135 0
216 141 0
217 140 0
218 137 0
219 90 0
220 45 0
221 59 0
222 56 0
223 30 0
224 34 0
225 34 0
226 27 0
227 29 0
228 28 0
229 25 0
230 26 0
231 24 0
232 20 0
233 20 0
234 23 0
235 25 0
236 19 0
237 13 0
238 17 0
239 16 0
240 13 0
241 15 0
242 16 0
243 18 0
244 17 0
245 16 0
246 10 0
247 12 0
248 8 0
249 9 0
250 12 0
251 9 0
252 4 0
253 2 0
254 2 0
255 5 0

0 4 0
1 2 0
2 38 0
3 46 0
4 32 0
5 46 0
6 45 0
7 44 0
8 47 0
9 50 0
10 55 0
11 56 0
12 52 0
13 53 0
14 56 0
15 67 0
16 67 0
17 63 0
18 65 0
19 66 0
20 70 0
21 69 0
22 67 0
23 99 0
24 88 0
25 57 0
26 65 0
27 71 0
28 66 0
29 61 0
30 72 0
31 64 0
32 66 0
33 138 0
34 147 0
35 88 0
36 131 0
37 208 0
38 219 0
39 212 0
40 219 0
41 217 0
42 214 0
43 211 0
44 218 0
45 235 0
46 206 0
47 117 0
48 63 0
49 77 0
50 91 0
51 81 0
52 70 0
53 62 0
54 65 0
55 80 0
56 82 0
57 61 0
58 44 0
59 53 0
60 61 0
61 49 0
62 42 0
63 88 0
64 134 0
65 110 0
66 53 0
67 56 0
68 133 0
69 200 0
70 216 0
71 200 0
72 188 0
73 193 0
74 193 0
75 191 0
76 189 0
77 188 0
78 186 0
79 184 0
80 185 0
81 181 0
82 174 0
83 167 0
84 166 0
85 169 0
86 171 0
87 168 0
88 164 0
89 166 0
90 171 0
91 167 0
92 150 0
93 109 0
94 78 0
95 50 0
96 39 0
97 41 0
98 43 0
99 42 0
100 41 0
101 38 0
102 37 0
103 36 0
104 36 0
105 37 0
106 39 0
107 39 0
108 37 0
109 35 0
110 34 0
111 34 0
112 34 0
113 32 0
114 32 0
115 32 0
116 32 0
117 32 0
118 31 0
119 31 0
120 33 0
121 36 0
122 39 0
123 39 0
124 39 0
125 39 0
126 39 0
127 40 0
128 41 0
129 41 0
130 41 0
131 39 0
132 39 0
133 39 0
134 39 0
135 41 0
136 42 0
137 43 0
138 43 0
139 44 0
140 49 0
141 56 0
142 59 0
143 56 0
144 46 0
145 37 0
146 35 0
147 35 0
148 36 0
149 36 0
150 36 0
151 37 0
152 39 0
153 40 0
154 39 0
155 39 0
156 39 0
157 39 0
158 40 0
159 42 0
160 43 0
161 44 0
162 44 0
163 49 0
164 52 0
165 46 0
166 44 0
167 56 0
168 96 0
169 155 0
170 184 0
171 193 0
172 183 0
173 182 0
174 184 0
175 186 0
176 185 0
177 189 0
178 193 0
179 181 0
180 146 0
181 91 0
182 54 0
183 39 0
184 34 0
185 32 0
186 30 0
187 31 0
188 42 0
189 63 0
190 95 0
191 136 0
192 186 0
193 230 0
194 234 0
195 168 0
196 77 0
197 51 0
198 69 0
199 73 0
200 62 0
201 64 0
202 68 0
203 61 0
204 58 0
205 66 0
206 73 0
207 65 0
208 58 0
209 67 0
210 69 0
211 72 0
212 127 0
213 175 0
214 153 0
215 132 0
216 131 0
217 129 0
218 139 0
219 115 0
220 59 0
221 50 0
222 54 0
223 30 0
224 28 0
225 30 0
226 25 0
227 29 0
228 30 0
229 23 0
230 22 0
231 22 0
232 20 0
233 21 0
234 24 0
235 21 0
236 20 0
237 18 0
238 14 0
239 16 0
240 14 0
241 14 0
242 9 0
243 13 0
244 14 0
245 9 0
246 7 0
247 8 0
248 7 0
249 2 0
250 8 0
251 6 0
252 2 0
253 2 0
254 5 0
255 0 0

0 0 0
1 0 0
2 4 0
3 10 0
4 7 0
5 13 0
6 15 0
7 17 0
8 21 0
9 24 0
10 31 0
11 34 0
12 40 0
13 44 0
14 46 0
15 53 0
16 55 0
17 52 0
18 53 0
19 53 0
20 56 0
21 54 0
22 56 0
23 87 0
24 82 0
25 55 0
26 56 0
27 62 0
28 57 0
29 60 0
30 66 0
31 51 0
32 80 0
33 141 0
34 107 0
35 86 0
36 164 0
37 206 0
38 199 0
39 207 0
40 215 0
41 206 0
42 197 0
43 198 0
44 218 0
45 221 0
46 162 0
47 80 0
48 54 0
49 80 0
50 94 0
51 84 0
52 69 0
53 58 0
54 62 0
55 81 0
56 85 0
57 59 0
58 44 0
59 61 0
60 64 0
61 41 0
62 51 0
63 107 0
64 146 0
65 112 0
66 48 0
67 52 0
68 132 0
69 209 0
70 221 0
71 197 0
72 191 0
73 193 0
74 194 0
75 192 0
76 190 0
77 188 0
78 183 0
79 182 0
80 185 0
81 185 0
82 176 0
83 166 0
84 163 0
85 165 0
86 169 0
87 168 0
88 166 0
89 165 0
90 168 0
91 154 0
92 132 0
93 95 0
94 59 0
95 46 0
96 38 0
97 40 0
98 40 0
99 39 0
100 39 0
101 38 0
102 36 0
103 36 0
104 36 0
105 37 0
106 37 0
107 36 0
108 34 0
109 34 0
110 34 0
111 34 0
112 34 0
113 33 0
114 32 0
115 33 0
116 33 0
117 33 0
118 32 0
119 32 0
120 34 0
121 35 0
122 38 0
123 39 0
124 41 0
125 42 0
126 43 0
127 45 0
128 46 0
129 46 0
130 45 0
131 44 0
132 42 0
133 42 0
134 43 0
135 44 0
136 46 0
137 47 0
138 46 0
139 47 0
140 51 0
141 58 0
142 61 0
143 59 0
144 47 0
145 38 0
146 33 0
147 34 0
148 36 0
149 35 0
150 34 0
151 35 0
152 38 0
153 39 0
154 39 0
155 39 0
156 40 0
157 41 0
158 41 0
159 42 0
160 43 0
161 43 0
162 43 0
163 46 0
164 50 0
165 48 0
166 44 0
167 45 0
168 85 0
169 134 0
170 179 0
171 193 0
172 182 0
173 179 0
174 183 0
175 188 0
176 188 0
177 189 0
178 197 0
179 196 0
180 157 0
181 104 0
182 63 0
183 49 0
184 51 0
185 46 0
186 40 0
187 37 0
188 40 0
189 56 0
190 95 0
191 138 0
192 190 0
193 245 0
194 241 0
195 157 0
196 65 0
197 46 0
198 72 0
199 75 0
200 63 0
201 65 0
202 68 0
203 61 0
204 55 0
205 61 0
206 69 0
207 64 0
208 58 0
209 61 0
210 52 0
211 51 0
212 107 0
213 164 0
214 158 0
215 144 0
216 144 0
217 128 0
218 125 0
219 116 0
220 66 0
221 41 0
222 47 0
223 32 0
224 24 0
225 29 0
226 26 0
227 25 0
228 25 0
229 20 0
230 21 0
231 20 0
232 18 0
233 20 0
234 17 0
235 17 0
236 16 0
237 15 0
238 14 0
239 16 0
240 11 0
241 12 0
242 14 0
243 9 0
244 7 0
245 7 0
246 5 0
247 4 0
248 3 0
249 1 0
250 1 0
251 1 0
252 0 0
253 0 0
254 0 0
255 0 0

0 0 0
1 0 0
2 0 0
3 0 0
4 0 0
5 0 0
6 0 0
7 0 0
8 0 0
9 0 0
10 0 0
11 0 0
12 0 0
13 0 0
14 2 0
15 5 0
16 9 0
17 12 0
18 17 0
19 22 0
20 28 0
21 30 0
22 34 0
23 62 0
24 66 0
25 45 0
26 46 0
27 51 0
28 46 0
29 51 0
30 49 0
31 51 0
32 99 0
33 120 0
34 69 0
35 88 0
36 160 0
37 173 0
38 170 0
39 184 0
40 191 0
41 189 0
42 183 0
43 190 0
44 210 0
45 193 0
46 120 0
47 56 0
48 53 0
49 80 0
50 86 0
51 75 0
52 62 0
53 51 0
54 61 0
55 88 0
56 88 0
57 57 0
58 46 0
59 66 0
60 72 0
61 56 0
62 58 0
63 97 0
64 115 0
65 71 0
66 24 0
67 45 0
68 122 0
69 181 0
70 205 0
71 202 0
72 193 0
73 191 0
74 191 0
75 189 0
76 189 0
77 187 0
78 185 0
79 183 0
80 183 0
81 183 0
82 178 0
83 171 0
84 164 0
85 162 0
86 163 0
87 165 0
88 166 0
89 165 0
90 159 0
91 145 0
92 109 0
93 79 0
94 49 0
95 39 0
96 39 0
97 38 0
98 37 0
99 37 0
100 38 0
101 38 0
102 37 0
103 36 0
104 37 0
105 37 0
106 36 0
107 34 0
108 33 0
109 33 0
110 33 0
111 33 0
112 32 0
113 31 0
114 31 0
115 31 0
116 31 0
117 32 0
118 32 0
119 33 0
120 33 0
121 33 0
122 33 0
123 33 0
124 34 0
125 35 0
126 36 0
127 37 0
128 38 0
129 39 0
130 39 0
131 40 0
132 40 0
133 40 0
134 40 0
135 40 0
136 41 0
137 42 0
138 41 0
139 43 0
140 46 0
141 56 0
142 61 0
143 61 0
144 49 0
145 39 0
146 31 0
147 33 0
148 35 0
149 36 0
150 35 0
151 36 0
152 38 0
153 39 0
154 39 0
155 39 0
156 41 0
157 43 0
158 43 0
159 43 0
160 42 0
161 42 0
162 44 0
163 46 0
164 50 0
165 50 0
166 42 0
167 47 0
168 68 0
169 114 0
170 166 0
171 188 0
172 191 0
173 183 0
174 186 0
175 188 0
176 189 0
177 189 0
178 201 0
179 203 0
180 179 0
181 120 0
182 65 0
183 48 0
184 49 0
185 54 0
186 49 0
187 44 0
188 40 0
189 60 0
190 104 0
191 157 0
192 207 0
193 245 0
194 246 0
195 164 0
196 67 0
197 47 0
198 82 0
199 86 0
200 60 0
201 56 0
202 66 0
203 62 0
204 53 0
205 58 0
206 70 0
207 64 0
208 54 0
209 57 0
210 51 0
211 44 0
212 89 0
213 144 0
214 135 0
215 124 0
216 135 0
217 120 0
218 106 0
219 103 0
220 65 0
221 30 0
222 29 0
223 25 0
224 18 0
225 22 0
226 24 0
227 21 0
228 18 0
229 14 0
230 14 0
231 13 0
232 13 0
233 14 0
234 10 0
235 8 0
236 7 0
237 5 0
238 2 0
239 2 0
240 1 0
241 0 0
242 0 0
243 0 0
244 0 0
245 0 0
246 0 0
247 0 0
248 0 0
249 0 0
250 0 0
251 0 0
252 0 0
253 0 0
254 0 0
255 0 0

0 0 0
1 0 0
2 0 0
3 0 0
4 0 0
5 0 0
6 0 0
7 0 0
8 0 0
9 0 0
10 0 0
11 0 0
12 0 0
13 0 0
14 0 0
15 0 0
16 0 0
17 0 0
18 0 0
19 0 0
20 0 0
21 0 0
22 0 0
23 0 0
24 2 0
25 6 0
26 12 0
27 17 0
28 23 0
29 31 0
30 31 0
31 44 0
32 96 0
33 89 0
34 53 0
35 100 0
36 152 0
37 152 0
38 150 0
39 158 0
40 168 0
41 174 0
42 171 0
43 177 0
44 189 0
45 154 0
46 81 0
47 39 0
48 50 0
49 74 0
50 76 0
51 66 0
52 51 0
53 43 0
54 61 0
55 85 0
56 78 0
57 50 0
58 41 0
59 58 0
60 64 0
61 57 0
62 66 0
63 92 0
64 97 0
65 66 0
66 31 0
67 30 0
68 80 0
69 164 0
70 210 0
71 206 0
72 194 0
73 188 0
74 188 0
75 189 0
76 188 0
77 186 0
78 185 0
79 182 0
80 180 0
81 179 0
82 179 0
83 175 0
84 168 0
85 162 0
86 162 0
87 167 0
88 168 0
89 167 0
90 147 0
91 124 0
92 89 0
93 58 0
94 44 0
95 36 0
96 40 0
97 39 0
98 37 0
99 37 0
100 37 0
101 37 0
102 36 0
103 35 0
104 36 0
105 37 0
106 36 0
107 35 0
108 33 0
109 33 0
110 32 0
111 31 0
112 30 0
113 29 0
114 29 0
115 29 0
116 29 0
117 30 0
118 31 0
119 32 0
120 31 0
121 29 0
122 26 0
123 24 0
124 21 0
125 21 0
126 21 0
127 21 0
128 21 0
129 21 0
130 22 0
131 24 0
132 24 0
133 24 0
134 23 0
135 22 0
136 23 0
137 24 0
138 24 0
139 26 0
140 29 0
141 42 0
142 52 0
143 57 0
144 50 0
145 40 0
146 31 0
147 33 0
148 35 0
149 37 0
150 35 0
151 34 0
152 36 0
153 37 0
154 38 0
155 39 0
156 40 0
157 42 0
158 43 0
159 42 0
160 42 0
161 42 0
162 43 0
163 46 0
164 49 0
165 51 0
166 46 0
167 44 0
168 54 0
169 98 0
170 144 0
171 188 0
172 196 0
173 189 0
174 186 0
175 191 0
176 192 0
177 193 0
178 196 0
179 210 0
180 204 0
181 166 0
182 113 0
183 61 0
184 43 0
185 44 0
186 56 0
187 67 0
188 77 0
189 101 0
190 144 0
191 183 0
192 217 0
193 247 0
194 232 0
195 154 0
196 68 0
197 49 0
198 80 0
199 83 0
200 60 0
201 52 0
202 60 0
203 56 0
204 49 0
205 55 0
206 65 0
207 60 0
208 47 0
209 51 0
210 53 0
211 46 0
212 76 0
213 123 0
214 120 0
215 104 0
216 112 0
217 103 0
218 86 0
219 88 0
220 66 0
221 33 0
222 27 0
223 30 0
224 25 0
225 19 0
226 15 0
227 12 0
228 9 0
229 6 0
230 4 0
231 1 0
232 0 0
233 0 0
234 0 0
235 0 0
236 0 0
237 0 0
238 0 0
239 0 0
240 0 0
241 0 0
242 0 0
243 0 0
244 0 0
245 0 0
246 0 0
247 0 0
248 0 0
249 0 0
250 0 0
251 0 0
252 0 0
253 0 0
254 0 0
255 0 0

0 0 0
1 0 0
2 0 0
3 0 0
4 0 0
5 0 0
6 0 0
7 0 0
8 0 0
9 0 0
10 0 0
11 0 0
12 0 0
13 0 0
14 0 0
15 0 0
16 0 0
17 0 0
18 0 0
19 0 0
20 0 0
21 0 0
22 0 0
23 0 0
24 0 0
25 0 0
26 0 0
27 0 0
28 0 0
29 0 0
30 0 0
31 0 0
32 0 0
33 6 0
34 14 0
35 37 0
36 61 0
37 76 0
38 95 0
39 117 0
40 142 0
41 147 0
42 144 0
43 157 0
44 158 0
45 108 0
46 49 0
47 31 0
48 50 0
49 68 0
50 67 0
51 54 0
52 40 0
53 38 0
54 56 0
55 76 0
56 70 0
57 45 0
58 39 0
59 49 0
60 55 0
61 46 0
62 51 0
63 78 0
64 107 0
65 102 0
66 58 0
67 30 0
68 73 0
69 148 0
70 196 0
71 206 0
72 188 0
73 181 0
74 183 0
75 183 0
76 179 0
77 179 0
78 181 0
79 179 0
80 179 0
81 178 0
82 178 0
83 174 0
84 167 0
85 162 0
86 161 0
87 164 0
88 162 0
89 151 0
90 133 0
91 96 0
92 70 0
93 44 0
94 39 0
95 39 0
96 40 0
97 38 0
98 37 0
99 36 0
100 38 0
101 37 0
102 35 0
103 35 0
104 36 0
105 38 0
106 37 0
107 36 0
108 34 0
109 33 0
110 32 0
111 31 0
112 30 0
113 29 0
114 29 0
115 28 0
116 27 0
117 28 0
118 30 0
119 32 0
120 31 0
121 29 0
122 24 0
123 21 0
124 18 0
125 17 0
126 17 0
127 17 0
128 17 0
129 16 0
130 15 0
131 15 0
132 15 0
133 14 0
134 14 0
135 14 0
136 16 0
137 17 0
138 16 0
139 16 0
140 18 0
141 31 0
142 43 0
143 52 0
144 49 0
145 41 0
146 32 0
147 31 0
148 34 0
149 35 0
150 35 0
151 33 0
152 34 0
153 35 0
154 36 0
155 37 0
156 39 0
157 41 0
158 44 0
159 44 0
160 43 0
161 43 0
162 42 0
163 44 0
164 46 0
165 47 0
166 47 0
167 40 0
168 53 0
169 76 0
170 129 0
171 178 0
172 195 0
173 192 0
174 183 0
175 187 0
176 191 0
177 188 0
178 184 0
179 192 0
180 204 0
181 210 0
182 182 0
183 144 0
184 112 0
185 97 0
186 107 0
187 120 0
188 132 0
189 151 0
190 177 0
191 197 0
192 212 0
193 237 0
194 227 0
195 145 0
196 56 0
197 40 0
198 70 0
199 73 0
200 56 0
201 53 0
202 56 0
203 49 0
204 43 0
205 48 0
206 57 0
207 53 0
208 44 0
209 44 0
210 45 0
211 41 0
212 61 0
213 102 0
214 105 0
215 88 0
216 80 0
217 66 0
218 48 0
219 37 0
220 23 0
221 9 0
222 3 0
223 0 0
224 0 0
225 0 0
226 0 0
227 0 0
228 0 0
229 0 0
230 0 0
231 0 0
232 0 0
233 0 0
234 0 0
235 0 0
236 0 0
237 0 0
238 0 0
239 0 0
240 0 0
241 0 0
242 0 0
243 0 0
244 0 0
245 0 0
246 0 0
247 0 0
248 0 0
249 0 0
250 0 0
251 0 0
252 0 0
253 0 0
254 0 0
255 0 0

0 0 0
1 0 0
2 0 0
3 0 0
4 0 0
5 0 0
6 0 0
7 0 0
8 0 0
9 0 0
10 0 0
11 0 0
12 0 0
13 0 0
14 0 0
15 0 0
16 0 0
17 0 0
18 0 0
19 0 0
20 0 0
21 0 0
22 0 0
23 0 0
24 0 0
25 0 0
26 0 0
27 0 0
28 0 0
29 0 0
30 0 0
31 0 0
32 0 0
33 0 0
34 0 0
35 0 0
36 0 0
37 0 0
38 0 0
39 0 0
40 4 0
41 19 0
42 34 0
43 57 0
44 68 0
45 49 0
46 29 0
47 35 0
48 53 0
49 60 0
50 55 0
51 46 0
52 36 0
53 32 0
54 48 0
55 68 0
56 61 0
57 38 0
58 31 0
59 42 0
60 47 0
61 40 0
62 39 0
63 67 0
64 105 0
65 105 0
66 58 0
67 24 0
68 50 0
69 130 0
70 195 0
71 198 0
72 180 0
73 171 0
74 171 0
75 171 0
76 172 0
77 176 0
78 178 0
79 177 0
80 174 0
81 173 0
82 172 0
83 169 0
84 163 0
85 160 0
86 159 0
87 154 0
88 151 0
89 130 0
90 108 0
91 77 0
92 52 0
93 40 0
94 35 0
95 39 0
96 37 0
97 35 0
98 34 0
99 35 0
100 36 0
101 35 0
102 34 0
103 34 0
104 36 0
105 36 0
106 36 0
107 34 0
108 33 0
109 33 0
110 32 0
111 31 0
112 30 0
113 29 0
114 29 0
115 27 0
116 26 0
117 26 0
118 31 0
119 35 0
120 38 0
121 36 0
122 33 0
123 31 0
124 30 0
125 31 0
126 31 0
127 31 0
128 30 0
129 29 0
130 28 0
131 28 0
132 28 0
133 28 0
134 27 0
135 28 0
136 29 0
137 29 0
138 26 0
139 24 0
140 24 0
141 33 0
142 45 0
143 53 0
144 51 0
145 41 0
146 32 0
147 29 0
148 31 0
149 34 0
150 34 0
151 34 0
152 34 0
153 36 0
154 36 0
155 36 0
156 38 0
157 41 0
158 44 0
159 45 0
160 44 0
161 43 0
162 43 0
163 44 0
164 46 0
165 46 0
166 46 0
167 42 0
168 43 0
169 66 0
170 115 0
171 157 0
172 192 0
173 191 0
174 185 0
175 183 0
176 190 0
177 188 0
178 181 0
179 179 0
180 184 0
181 191 0
182 186 0
183 167 0
184 146 0
185 142 0
186 148 0
187 147 0
188 141 0
189 147 0
190 162 0
191 175 0
192 191 0
193 213 0
194 206 0
195 137 0
196 57 0
197 39 0
198 62 0
199 63 0
200 43 0
201 42 0
202 47 0
203 40 0
204 35 0
205 41 0
206 49 0
207 48 0
208 43 0
209 39 0
210 32 0
211 25 0
212 27 0
213 27 0
214 16 0
215 2 0
216 0 0
217 0 0
218 0 0
219 0 0
220 0 0
221 0 0
222 0 0
223 0 0
224 0 0
225 0 0
226 0 0
227 0 0
228 0 0
229 0 0
230 0 0
231 0 0
232 0 0
233 0 0
234 0 0
235 0 0
236 0 0
237 0 0
238 0 0
239 0 0
240 0 0
241 0 0
242 0 0
243 0 0
244 0 0
245 0 0
246 0 0
247 0 0
248 0 0
249 0 0
250 0 0
251 0 0
252 0 0
253 0 0
254 0 0
255 0 0

0 0 0
1 0 0
2 0 0
3 0 0
4 0 0
5 0 0
6 0 0
7 0 0
8 0 0
9 0 0
10 0 0
11 0 0
12 0 0
13 0 0
14 0 0
15 0 0
16 0 0
17 0 0
18 0 0
19 0 0
20 0 0
21 0 0
22 0 0
23 0 0
24 0 0
25 0 0
26 0 0
27 0 0
28 0 0
29 0 0
30 0 0
31 0 0
32 0 0
33 0 0
34 0 0
35 0 0
36 0 0
37 0 0
38 0 0
39 0 0
40 0 0
41 0 0
42 0 0
43 0 0
44 0 0
45 0 0
46 0 0
47 1 0
48 9 0
49 17 0
50 22 0
51 26 0
52 31 0
53 39 0
54 53 0
55 61 0
56 49 0
57 29 0
58 24 0
59 35 0
60 39 0
61 35 0
62 36 0
63 58 0
64 81 0
65 74 0
66 38 0
67 10 0
68 45 0
69 123 0
70 171 0
71 185 0
72 174 0
73 164 0
74 164 0
75 164 0
76 165 0
77 169 0
78 170 0
79 168 0
80 166 0
81 165 0
82 164 0
83 162 0
84 160 0
85 158 0
86 156 0
87 148 0
88 130 0
89 112 0
90 80 0
91 61 0
92 41 0
93 37 0
94 36 0
95 38 0
96 36 0
97 34 0
98 34 0
99 34 0
100 34 0
101 34 0
102 33 0
103 34 0
104 34 0
105 33 0
106 31 0
107 31 0
108 32 0
109 32 0
110 31 0
111 29 0
112 28 0
113 29 0
114 29 0
115 26 0
116 25 0
117 25 0
118 32 0
119 39 0
120 44 0
121 43 0
122 39 0
123 36 0
124 35 0
125 36 0
126 38 0
127 39 0
128 39 0
129 38 0
130 38 0
131 38 0
132 38 0
133 37 0
134 37 0
135 37 0
136 37 0
137 38 0
138 34 0
139 32 0
140 32 0
141 39 0
142 50 0
143 56 0
144 53 0
145 41 0
146 32 0
147 27 0
148 31 0
149 33 0
150 34 0
151 34 0
152 34 0
153 36 0
154 36 0
155 35 0
156 36 0
157 39 0
158 41 0
159 41 0
160 40 0
161 41 0
162 44 0
163 45 0
164 46 0
165 47 0
166 46 0
167 44 0
168 40 0
169 60 0
170 90 0
171 146 0
172 179 0
173 189 0
174 182 0
175 180 0
176 183 0
177 185 0
178 179 0
179 173 0
180 171 0
181 166 0
182 151 0
183 131 0
184 122 0
185 128 0
186 137 0
187 137 0
188 130 0
189 132 0
190 143 0
191 154 0
192 172 0
193 194 0
194 173 0
195 100 0
196 44 0
197 43 0
198 59 0
199 49 0
200 32 0
201 35 0
202 40 0
203 31 0
204 23 0
205 21 0
206 16 0
207 9 0
208 1 0
209 0 0
210 0 0
211 0 0
212 0 0
213 0 0
214 0 0
215 0 0
216 0 0
217 0 0
218 0 0
219 0 0
220 0 0
221 0 0
222 0 0
223 0 0
224 0 0
225 0 0
226 0 0
227 0 0
228 0 0
229 0 0
230 0 0
231 0 0
232 0 0
233 0 0
234 0 0
235 0 0
236 0 0
237 0 0
238 0 0
239 0 0
240 0 0
241 0 0
242 0 0
243 0 0
244 0 0
245 0 0
246 0 0
247 0 0
248 0 0
249 0 0
250 0 0
251 0 0
252 0 0
253 0 0
254 0 0
255 0 0

0 0 0
1 0 0
2 0 0
3 0 0
4 0 0
5 0 0
6 0 0
7 0 0
8 0 0
9 0 0
10 0 0
11 0 0
12 0 0
13 0 0
14 0 0
15 0 0
16 0 0
17 0 0
18 0 0
19 0 0
20 0 0
21 0 0
22 0 0
23 0 0
24 0 0
25 0 0
26 0 0
27 0 0
28 0 0
29 0 0
30 0 0
31 0 0
32 0 0
33 0 0
34 0 0
35 0 0
36 0 0
37 0 0
38 0 0
39 0 0
40 0 0
41 0 0
42 0 0
43 0 0
44 0 0
45 0 0
46 0 0
47 0 0
48 0 0
49 0 0
50 0 0
51 0 0
52 0 0
53 0 0
54 4 0
55 14 0
56 23 0
57 28 0
58 29 0
59 29 0
60 34 0
61 29 0
62 29 0
63 44 0
64 66 0
65 66 0
66 36 0
67 15 0
68 36 0
69 91 0
70 146 0
71 166 0
72 159 0
73 151 0
74 148 0
75 147 0
76 151 0
77 155 0
78 159 0
79 158 0
80 156 0
81 155 0
82 155 0
83 156 0
84 153 0
85 150 0
86 140 0
87 131 0
88 109 0
89 87 0
90 62 0
91 43 0
92 36 0
93 34 0
94 37 0
95 37 0
96 36 0
97 34 0
98 32 0
99 32 0
100 32 0
101 31 0
102 32 0
103 33 0
104 33 0
105 31 0
106 29 0
107 29 0
108 31 0
109 30 0
110 29 0
111 27 0
112 27 0
113 28 0
114 28 0
115 24 0
116 23 0
117 24 0
118 36 0
119 47 0
120 57 0
121 56 0
122 49 0
123 39 0
124 34 0
125 34 0
126 37 0
127 41 0
128 42 0
129 43 0
130 42 0
131 42 0
132 42 0
133 41 0
134 41 0
135 43 0
136 42 0
137 41 0
138 36 0
139 32 0
140 34 0
141 41 0
142 54 0
143 60 0
144 57 0
145 43 0
146 33 0
147 26 0
148 29 0
149 32 0
150 33 0
151 33 0
152 32 0
153 33 0
154 34 0
155 33 0
156 34 0
157 36 0
158 39 0
159 40 0
160 40 0
161 40 0
162 41 0
163 41 0
164 42 0
165 45 0
166 46 0
167 42 0
168 40 0
169 43 0
170 78 0
171 122 0
172 161 0
173 180 0
174 174 0
175 169 0
176 171 0
177 172 0
178 166 0
179 156 0
180 151 0
181 144 0
182 133 0
183 114 0
184 104 0
185 110 0
186 121 0
187 121 0
188 115 0
189 120 0
190 132 0
191 142 0
192 154 0
193 166 0
194 144 0
195 76 0
196 27 0
197 29 0
198 29 0
199 17 0
200 8 0
201 3 0
202 0 0
203 0 0
204 0 0
205 0 0
206 0 0
207 0 0
208 0 0
209 0 0
210 0 0
211 0 0
212 0 0
213 0 0
214 0 0
215 0 0
216 0 0
217 0 0
218 0 0
219 0 0
220 0 0
221 0 0
222 0 0
223 0 0
224 0 0
225 0 0
226 0 0
227 0 0
228 0 0
229 0 0
230 0 0
231 0 0
232 0 0
233 0 0
234 0 0
235 0 0
236 0 0
237 0 0
238 0 0
239 0 0
240 0 0
241 0 0
242 0 0
243 0 0
244 0 0
245 0 0
246 0 0
247 0 0
248 0 0
249 0 0
250 0 0
251 0 0
252 0 0
253 0 0
254 0 0
255 0 0

0 0 0
1 0 0
2 0 0
3 0 0
4 0 0
5 0 0
6 0 0
7 0 0
8 0 0
9 0 0
10 0 0
11 0 0
12 0 0
13 0 0
14 0 0
15 0 0
16 0 0
17 0 0
18 0 0
19 0 0
20 0 0
21 0 0
22 0 0
23 0 0
24 0 0
25 0 0
26 0 0
27 0 0
28 0 0
29 0 0
30 0 0
31 0 0
32 0 0
33 0 0
34 0 0
35 0 0
36 0 0
37 0 0
38 0 0
39 0 0
40 0 0
41 0 0
42 0 0
43 0 0
44 0 0
45 0 0
46 0 0
47 0 0
48 0 0
49 0 0
50 0 0
51 0 0
52 0 0
53 0 0
54 0 0
55 0 0
56 0 0
57 0 0
58 0 0
59 0 0
60 0 0
61 6 0
62 11 0
63 20 0
64 36 0
65 43 0
66 29 0
67 14 0
68 26 0
69 78 0
70 125 0
71 137 0
72 131 0
73 129 0
74 130 0
75 134 0
76 134 0
77 138 0
78 144 0
79 146 0
80 143 0
81 141 0
82 142 0
83 144 0
84 143 0
85 134 0
86 124 0
87 103 0
88 86 0
89 62 0
90 50 0
91 36 0
92 33 0
93 33 0
94 34 0
95 33 0
96 30 0
97 29 0
98 29 0
99 29 0
100 29 0
101 29 0
102 29 0
103 30 0
104 30 0
105 30 0
106 29 0
107 29 0
108 30 0
109 28 0
110 27 0
111 26 0
112 27 0
113 29 0
114 27 0
115 23 0
116 21 0
117 24 0
118 37 0
119 50 0
120 61 0
121 61 0
122 53 0
123 39 0
124 32 0
125 30 0
126 33 0
127 39 0
128 41 0
129 43 0
130 42 0
131 41 0
132 41 0
133 40 0
134 40 0
135 40 0
136 40 0
137 39 0
138 37 0
139 34 0
140 40 0
141 49 0
142 65 0
143 73 0
144 68 0
145 52 0
146 33 0
147 23 0
148 24 0
149 29 0
150 30 0
151 30 0
152 29 0
153 29 0
154 31 0
155 31 0
156 32 0
157 34 0
158 36 0
159 38 0
160 39 0
161 38 0
162 38 0
163 38 0
164 39 0
165 42 0
166 44 0
167 41 0
168 35 0
169 37 0
170 61 0
171 102 0
172 146 0
173 158 0
174 161 0
175 152 0
176 148 0
177 145 0
178 141 0
179 137 0
180 132 0
181 125 0
182 110 0
183 98 0
184 93 0
185 96 0
186 103 0
187 107 0
188 106 0
189 101 0
190 85 0
191 72 0
192 59 0
193 40 0
194 16 0
195 0 0
196 0 0
197 0 0
198 0 0
199 0 0
200 0 0
201 0 0
202 0 0
203 0 0
204 0 0
205 0 0
206 0 0
207 0 0
208 0 0
209 0 0
210 0 0
211 0 0
212 0 0
213 0 0
214 0 0
215 0 0
216 0 0
217 0 0
218 0 0
219 0 0
220 0 0
221 0 0
222 0 0
223 0 0
224 0 0
225 0 0
226 0 0
227 0 0
228 0 0
229 0 0
230 0 0
231 0 0
232 0 0
233 0 0
234 0 0
235 0 0
236 0 0
237 0 0
238 0 0
239 0 0
240 0 0
241 0 0
242 0 0
243 0 0
244 0 0
245 0 0
246 0 0
247 0 0
248 0 0
249 0 0
250 0 0
251 0 0
252 0 0
253 0 0
254 0 0
255 0 0

0 0 0
1 0 0
2 0 0
3 0 0
4 0 0
5 0 0
6 0 0
7 0 0
8 0 0
9 0 0
10 0 0
11 0 0
12 0 0
13 0 0
14 0 0
15 0 0
16 0 0
17 0 0
18 0 0
19 0 0
20 0 0
21 0 0
22 0 0
23 0 0
24 0 0
25 0 0
26 0 0
27 0 0
28 0 0
29 0 0
30 0 0
31 0 0
32 0 0
33 0 0
34 0 0
35 0 0
36 0 0
37 0 0
38 0 0
39 0 0
40 0 0
41 0 0
42 0 0
43 0 0
44 0 0
45 0 0
46 0 0
47 0 0
48 0 0
49 0 0
50 0 0
51 0 0
52 0 0
53 0 0
54 0 0
55 0 0
56 0 0
57 0 0
58 0 0
59 0 0
60 0 0
61 6 0
62 12 0
63 22 0
64 31 0
65 37 0
66 29 0
67 16 0
68 29 0
69 65 0
70 97 0
71 105 0
72 105 0
73 105 0
74 112 0
75 114 0
76 115 0
77 118 0
78 123 0
79 125 0
80 124 0
81 123 0
82 128 0
83 132 0
84 132 0
85 120 0
86 103 0
87 81 0
88 62 0
89 49 0
90 36 0
91 32 0
92 27 0
93 28 0
94 27 0
95 26 0
96 25 0
97 25 0
98 25 0
99 26 0
100 25 0
101 26 0
102 26 0
103 27 0
104 27 0
105 28 0
106 28 0
107 29 0
108 28 0
109 26 0
110 24 0
111 23 0
112 24 0
113 26 0
114 24 0
115 20 0
116 18 0
117 21 0
118 31 0
119 44 0
120 55 0
121 56 0
122 51 0
123 39 0
124 32 0
125 28 0
126 31 0
127 36 0
128 38 0
129 39 0
130 37 0
131 37 0
132 37 0
133 36 0
134 34 0
135 32 0
136 33 0
137 36 0
138 38 0
139 35 0
140 37 0
141 40 0
142 52 0
143 62 0
144 62 0
145 52 0
146 34 0
147 24 0
148 21 0
149 25 0
150 27 0
151 27 0
152 25 0
153 24 0
154 26 0
155 27 0
156 27 0
157 29 0
158 30 0
159 33 0
160 34 0
161 35 0
162 36 0
163 35 0
164 36 0
165 39 0
166 41 0
167 40 0
168 32 0
169 34 0
170 48 0
171 85 0
172 116 0
173 140 0
174 139 0
175 133 0
176 122 0
177 115 0
178 114 0
179 115 0
180 116 0
181 108 0
182 95 0
183 80 0
184 74 0
185 78 0
186 84 0
187 87 0
188 88 0
189 84 0
190 74 0
191 63 0
192 54 0
193 37 0
194 15 0
195 0 0
196 0 0
197 0 0
198 0 0
199 0 0
200 0 0
201 0 0
202 0 0
203 0 0
204 0 0
205 0 0
206 0 0
207 0 0
208 0 0
209 0 0
210 0 0
211 0 0
212 0 0
213 0 0
214 0 0
215 0 0
216 0 0
217 0 0
218 0 0
219 0 0
220 0 0
221 0 0
222 0 0
223 0 0
224 0 0
225 0 0
226 0 0
227 0 0
228 0 0
229 0 0
230 0 0
231 0 0
232 0 0
233 0 0
234 0 0
235 0 0
236 0 0
237 0 0
238 0 0
239 0 0
240 0 0
241 0 0
242 0 0
243 0 0
244 0 0
245 0 0
246 0 0
247 0 0
248 0 0
249 0 0
250 0 0
251 0 0
252 0 0
253 0 0
254 0 0
255 0 0

